model,specification,outcome,event,horizon,n,origin_start,origin_end,beta,primary_covariance,maximum_leverage,hc3_se,hc3_p,hc3_90_low,hc3_90_high,hc3_95_low,hc3_95_high,hc1_se,hc1_p,hc1_90_low,hc1_90_high,hc1_95_low,hc1_95_high
single,baseline,lwti,gpr_ai,0,432,1990-04-01,2026-03-01,0.0939921507596,HC3,0.460035984751,0.0472547784987,0.0466956059382,0.0162649569552,0.171719344564,0.00137448680473,0.186609814715,0.0435089937937,0.0307500371484,0.022426224513,0.165558077006,0.00871608992031,0.179268211599
single,baseline,lwti,gpr_ai,1,432,1990-04-01,2026-03-01,0.0418906389315,HC3,0.460035984751,0.0792886260794,0.597269620579,-0.0885275452512,0.172308823114,-0.113512212568,0.197293490431,0.0732240265244,0.567261876894,-0.0785521666771,0.16233344454,-0.101625815859,0.185407093722
single,baseline,lwti,gpr_ai,2,432,1990-04-01,2026-03-01,-0.026408829847,HC3,0.460035984751,0.0990046407994,0.789666772019,-0.189256972351,0.136439312657,-0.220454360116,0.167636700422,0.0909190208647,0.771460216372,-0.175957311075,0.123139651381,-0.204606836252,0.151789176557
single,baseline,lwti,gpr_ai,3,432,1990-04-01,2026-03-01,-0.0486490865658,HC3,0.460035984751,0.0924300429887,0.598656071134,-0.200682978015,0.103384804883,-0.229808641913,0.132510468782,0.086356658959,0.573196082547,-0.190693150266,0.0933949771344,-0.217905027951,0.120606854819
single,baseline,lwti,gpr_ai,4,432,1990-04-01,2026-03-01,-0.0523889744943,HC3,0.460035984751,0.0810656903456,0.518115289713,-0.185730169281,0.0809522202921,-0.211274807954,0.106496858965,0.0757906638271,0.48941940601,-0.177053522779,0.0722755737909,-0.20093594596,0.0961579969713
single,baseline,lwti,gpr_ai,5,432,1990-04-01,2026-03-01,-0.0480918568215,HC3,0.460035984751,0.076477576697,0.529456399812,-0.173886276232,0.0777025625891,-0.197985152773,0.10180143913,0.0715703485747,0.501614094818,-0.165814604257,0.0696308906138,-0.188367162389,0.0921834487459
single,baseline,lwti,gpr_ai,6,431,1990-04-01,2026-02-01,-0.128468353359,HC3,0.460847648692,0.0593479998128,0.0304135877231,-0.226087126103,-0.0308495806147,-0.244788295547,-0.0121484111715,0.0578259503259,0.0263077507187,-0.223583577485,-0.0333531292336,-0.24180513337,-0.0151315733485
single,baseline,lwti,gpr_ai,7,430,1990-04-01,2026-01-01,-0.133093322209,HC3,0.462592531282,0.0626425420079,0.0336160346257,-0.236131134633,-0.0300555097862,-0.255870448445,-0.0103161959738,0.0612199451366,0.0297037104037,-0.233791171009,-0.0323954734097,-0.253082209813,-0.0131044346062
single,baseline,lwti,gpr_ai,8,429,1990-04-01,2025-12-01,-0.155103859192,HC3,0.462985499918,0.069257833619,0.0251225184618,-0.269022858015,-0.0411848603691,-0.290846718733,-0.0193609996516,0.0672985980491,0.0211827311245,-0.265800202282,-0.0444075161024,-0.287006687578,-0.023201030806
single,baseline,lwti,gpr_ai,9,428,1990-04-01,2025-11-01,-0.122010874015,HC3,0.463184023264,0.0680492923876,0.0729764657637,-0.23394199941,-0.0100797486199,-0.255385036268,0.011363288238,0.0661607477185,0.0651601132481,-0.230835619862,-0.0131861281685,-0.251683556734,0.00766180870337
single,baseline,lwti,gpr_ai,10,427,1990-04-01,2025-10-01,-0.0958911389241,HC3,0.46321166303,0.0711373984322,0.177667760693,-0.212901746747,0.0211194688991,-0.235317877805,0.043535599957,0.0690862286161,0.165139453432,-0.209527872636,0.0177455947874,-0.231297658839,0.0395153809911
single,baseline,lwti,gpr_ai,11,426,1990-04-01,2025-09-01,-0.0807687523679,HC3,0.463266511424,0.0735275131843,0.271993464184,-0.20171074911,0.0401732443741,-0.224880030082,0.0633425253462,0.0710491349819,0.255621340032,-0.197634179735,0.0360966749989,-0.220022498065,0.0584849933294
single,baseline,lwti,gpr_ai,12,425,1990-04-01,2025-08-01,-0.123285659662,HC3,0.463466958653,0.0731995507016,0.0921351680317,-0.243688206124,-0.00288311319893,-0.266754142721,0.020182823398,0.0706279470561,0.0808865998552,-0.239458294541,-0.00711302478235,-0.261713892194,0.0151425728702
single,baseline,lwti,gpr_ai,13,424,1990-04-01,2025-07-01,-0.0992421402001,HC3,0.464101857785,0.0775270235301,0.20051088773,-0.22676274604,0.0282784656402,-0.251192314148,0.0527080337475,0.0744762568439,0.182684795317,-0.221744681392,0.0232604009914,-0.245212921318,0.0467286409174
single,baseline,lwti,gpr_ai,14,423,1990-04-01,2025-06-01,-0.0665846660482,HC3,0.464383020076,0.0830214302753,0.422542653546,-0.203142766751,0.0699734346549,-0.229303679333,0.0961343472365,0.079640611108,0.403118771234,-0.197581814082,0.0644124819854,-0.222677395527,0.0895080634302
single,baseline,lwti,gpr_ai,15,422,1990-04-01,2025-05-01,-0.0604399121599,HC3,0.464595374809,0.0802140053214,0.451159552484,-0.192380209745,0.0715003854253,-0.217656473645,0.0967766493257,0.0777044228676,0.436676213396,-0.188252313944,0.0673724896241,-0.21273778242,0.0918579581002
single,baseline,lwti,gpr_ai,16,421,1990-04-01,2025-04-01,-0.0734220544113,HC3,0.464684235243,0.0831981923813,0.377508756078,-0.210270902905,0.0634267940829,-0.236487515057,0.0896434062349,0.080408760584,0.361184619325,-0.205682695897,0.058838587074,-0.231020329197,0.0841762203749
single,baseline,lwti,gpr_ai,17,420,1990-04-01,2025-03-01,-0.0591689060678,HC3,0.465085778049,0.0867382596103,0.495141174826,-0.201840646983,0.0835028348477,-0.229172770986,0.11083495885,0.083564740035,0.478907580328,-0.1966206718,0.078282859664,-0.222952786914,0.104614974778
single,baseline,lwti,gpr_ai,18,419,1990-04-01,2025-02-01,-0.0654799616261,HC3,0.465334959245,0.0886750000056,0.460255372711,-0.211337357005,0.0803774337529,-0.239279767966,0.108319844714,0.0856543280409,0.444588616403,-0.206368793768,0.0754088705161,-0.233359359706,0.102399436454
single,baseline,lwti,gpr_ai,19,418,1990-04-01,2025-01-01,-0.052673839589,HC3,0.465656126524,0.0896024917532,0.556625377108,-0.200056823133,0.0947091439551,-0.22829149635,0.122943817172,0.0867589734958,0.543765682513,-0.195379651814,0.0900319726361,-0.222718302976,0.117370623798
single,baseline,lwti,gpr_ai,20,417,1990-04-01,2024-12-01,-0.0303194722675,HC3,0.465665208241,0.0850560562196,0.721492665302,-0.170224234835,0.1095852903,-0.197026279125,0.13638733459,0.0820803149544,0.711838642048,-0.165329576022,0.104690631487,-0.191193933418,0.130554988883
single,baseline,lwti,gpr_ai,21,416,1990-04-01,2024-11-01,-0.0564275483855,HC3,0.465772367145,0.083051838822,0.496868211261,-0.193035666697,0.0801805699258,-0.219206161326,0.106351064555,0.0800626847877,0.48093962059,-0.188118945842,0.075263849071,-0.213347527075,0.100492430304
single,baseline,lwti,gpr_ai,22,415,1990-04-01,2024-10-01,-0.0677168580388,HC3,0.465820893098,0.0861040014351,0.431601410573,-0.209345337094,0.0739116210167,-0.236477599776,0.101043883699,0.082914861355,0.414097886768,-0.204099668467,0.0686659523892,-0.230227000078,0.0947932840002
single,baseline,lwti,gpr_ai,23,414,1990-04-01,2024-09-01,-0.0898818067416,HC3,0.466551643093,0.0875851347173,0.304786874993,-0.233946533248,0.0541829197651,-0.261545516369,0.0817819028853,0.0838780191079,0.28390979712,-0.227848870693,0.0480852572096,-0.254279703288,0.0745160898045
single,baseline,lwti,gpr_ai,24,413,1990-04-01,2024-08-01,-0.104040511776,HC3,0.466631993326,0.0898198798977,0.246731889813,-0.251781066999,0.0437000434456,-0.280084241472,0.0720032179188,0.0863643115094,0.228330647389,-0.246097162802,0.038016139249,-0.273311451884,0.0652304283316
single,baseline,lwti,gpr_ai,25,412,1990-04-01,2024-07-01,-0.0495653951497,HC3,0.466644417428,0.0935159113432,0.596097383403,-0.2033853811,0.104254590801,-0.232853213364,0.133722423064,0.0900610868672,0.58207723449,-0.19770270053,0.098571910231,-0.226081881818,0.126951091519
single,baseline,lwti,gpr_ai,26,411,1990-04-01,2024-06-01,-0.0568513619991,HC3,0.466981753911,0.0929661792827,0.540850512362,-0.209767119176,0.0960643951779,-0.239061725174,0.125359001175,0.089557124641,0.52555522686,-0.204159723284,0.090456999286,-0.232380100855,0.118677376856
single,baseline,lwti,gpr_ai,27,410,1990-04-01,2024-05-01,-0.0592811751136,HC3,0.466993541865,0.0939022801121,0.527839752615,-0.213736681135,0.0951743309077,-0.243326262199,0.124763911972,0.0902037278567,0.511057420466,-0.207653104043,0.0890907538159,-0.236077232984,0.117514882757
single,baseline,lwti,gpr_ai,28,409,1990-04-01,2024-04-01,-0.070606380079,HC3,0.467240046537,0.0961753024558,0.462861873864,-0.228800675147,0.0875879149886,-0.259106509095,0.117893748937,0.0920009863006,0.442812568729,-0.221934536079,0.0807217759206,-0.25092499977,0.109712239612
single,baseline,lwti,gpr_ai,29,408,1990-04-01,2024-03-01,-0.0560163336405,HC3,0.467436004682,0.0961697966042,0.560247956969,-0.214201572388,0.102168905107,-0.244505671385,0.132473004104,0.0918013880358,0.54173563095,-0.20701617971,0.0949835124295,-0.235943747921,0.123911080641
single,baseline,lwti,gpr_ai,30,407,1990-04-01,2024-02-01,-0.0916996168871,HC3,0.467608927347,0.100327627321,0.360715978831,-0.25672387857,0.0733246447959,-0.288338153091,0.104938919317,0.0951344105733,0.335098390599,-0.248181797166,0.0647825633923,-0.278159635301,0.094760401527
single,baseline,lwti,gpr_ai,31,406,1990-04-01,2024-01-01,-0.0743606720061,HC3,0.469754847933,0.102314974792,0.467359571324,-0.242653829384,0.0939324853719,-0.274894337677,0.126172993665,0.0973103220654,0.444771800534,-0.234421908195,0.0857005641831,-0.265085398578,0.116364054566
single,baseline,lwti,gpr_ai,32,405,1990-04-01,2023-12-01,-0.0946778015584,HC3,0.469774578734,0.106035797272,0.371918615683,-0.269091167287,0.0797355641707,-0.302504145283,0.113148542166,0.0997572435545,0.342578922041,-0.258763865434,0.069408262317,-0.290198406122,0.100842803006
single,baseline,lwti,gpr_ai,33,404,1990-04-01,2023-11-01,-0.0840089217428,HC3,0.470589536654,0.102868553881,0.414121152938,-0.253212635694,0.085194792208,-0.285627582492,0.117609739006,0.0975226871091,0.389001522247,-0.244419467344,0.0764016238587,-0.275149876152,0.107132032667
single,baseline,lwti,gpr_ai,34,403,1990-04-01,2023-10-01,-0.0586200002481,HC3,0.471268085107,0.110182181043,0.594706635348,-0.239853560363,0.122613559867,-0.274573106831,0.157333106335,0.103362322744,0.570625032911,-0.228635891703,0.111395891207,-0.261206430184,0.143966429688
single,baseline,lwti,gpr_ai,35,402,1990-04-01,2023-09-01,-0.0678584672666,HC3,0.471295718348,0.130325938622,0.602587797619,-0.282225560094,0.146508625561,-0.323292613216,0.187575678683,0.120080288074,0.571999538064,-0.26537296463,0.129656030097,-0.303211507145,0.167494572611
single,baseline,lwti,gpr_ai,36,401,1990-04-01,2023-08-01,-0.0718711462866,HC3,0.471542573641,0.138774594445,0.604529128939,-0.300135041288,0.156392748715,-0.343864353368,0.200122060795,0.127310563778,0.57239074395,-0.281278388866,0.137536096293,-0.321395266143,0.17765297357
single,baseline,lwti,gpr_ai,37,400,1990-04-01,2023-07-01,-0.0468415676489,HC3,0.47236326591,0.149945845695,0.754744225691,-0.293480535787,0.199797400489,-0.340730024843,0.247046889545,0.136293566889,0.731085879897,-0.271024535477,0.177341400179,-0.313972050076,0.220288914779
single,baseline,lwti,gpr_ai,38,399,1990-04-01,2023-06-01,-0.0826191558506,HC3,0.472446617953,0.145601117764,0.570418743513,-0.322111682493,0.156873370792,-0.367992102777,0.202753791076,0.133340114709,0.535513162202,-0.301944127147,0.136705815446,-0.343960978374,0.178722666673
single,baseline,lwti,gpr_ai,39,398,1990-04-01,2023-05-01,-0.060353546905,HC3,0.472534360366,0.134034151144,0.652505065499,-0.28082010655,0.160113012739,-0.323055655846,0.202348562035,0.124305089054,0.627302165998,-0.264817223483,0.144110129673,-0.303987044545,0.183279950735
single,baseline,lwti,gpr_ai,40,397,1990-04-01,2023-04-01,-0.0714183823746,HC3,0.473149123647,0.142010927737,0.615029200235,-0.30500557193,0.162168807181,-0.349754686151,0.206917921402,0.130801539863,0.585062039884,-0.286567769629,0.14373100488,-0.327784689629,0.184947924879
single,baseline,lwti,gpr_ai,41,396,1990-04-01,2023-03-01,-0.0550431306213,HC3,0.473150386423,0.136993196819,0.687835175639,-0.280376887277,0.170290626035,-0.323544862514,0.213458601272,0.125497674662,0.660952260268,-0.261468435962,0.15138217472,-0.301014053102,0.190927791859
single,baseline,lwti,gpr_ai,42,395,1990-04-01,2023-02-01,-0.0377795975581,HC3,0.473299693952,0.141489945206,0.789459462981,-0.270509847107,0.194950651991,-0.315094794336,0.23953559922,0.128093876329,0.768042161879,-0.248475274628,0.172916079511,-0.288838981802,0.213279786686
single,baseline,lwti,gpr_ai,43,394,1990-04-01,2023-01-01,-0.0615469964076,HC3,0.473769624931,0.148539791727,0.678620099685,-0.305873211576,0.18277921876,-0.352679638463,0.229585645648,0.133654963422,0.645163354087,-0.281389847753,0.158295854937,-0.32350591107,0.200411918255
single,baseline,lwti,gpr_ai,44,393,1990-04-01,2022-12-01,-0.0458509071577,HC3,0.473838640391,0.147334920084,0.755647138244,-0.288195284835,0.19649347052,-0.334622044188,0.242920229873,0.133098707036,0.730479320345,-0.264778798169,0.173076983853,-0.306719579337,0.215017765022
single,baseline,lwti,gpr_ai,45,392,1990-04-01,2022-11-01,-0.0415059814953,HC3,0.474103205798,0.1555009135,0.789532353415,-0.29728222306,0.214270260069,-0.346282171518,0.263270208528,0.139776522387,0.766508270015,-0.271417901305,0.188405938315,-0.315462931257,0.232450968267
single,baseline,lwti,gpr_ai,46,391,1990-04-01,2022-10-01,-0.0333922836688,HC3,0.474259224825,0.150891819553,0.824859242125,-0.281587240338,0.214802673,-0.329134815554,0.262350248217,0.135635379633,0.805533960289,-0.256492629801,0.189708062463,-0.299232742779,0.232448175441
single,baseline,lwti,gpr_ai,47,390,1990-04-01,2022-09-01,-0.0555734865146,HC3,0.4743529626,0.150718196415,0.712333110417,-0.303482858535,0.192335885506,-0.350975723303,0.239828750273,0.135315252193,0.68129516932,-0.278147269866,0.167000296837,-0.320786507372,0.209639534343
single,baseline,lwti,gpr_ai,48,389,1990-04-01,2022-08-01,-0.0213215991914,HC3,0.474550188517,0.140183086534,0.879109461046,-0.251902257514,0.209259059131,-0.296075400039,0.253432201657,0.12656520241,0.866218766574,-0.229502831422,0.186859633039,-0.269384837611,0.226741639229
single,baseline,lwti,military_conflict,0,432,1990-04-01,2026-03-01,0.065124540943,HC3,0.449878958082,0.0255318862199,0.0107502487247,0.0231283252913,0.107120756595,0.0150829634947,0.115166118391,0.0228823975034,0.00442646756841,0.0274863464162,0.10276273547,0.0202758659564,0.10997321593
single,baseline,lwti,military_conflict,1,432,1990-04-01,2026-03-01,0.0473526791375,HC3,0.449878958082,0.0407235137015,0.244916861552,-0.0196315400766,0.114336898352,-0.0324639410414,0.127169299316,0.0365102226,0.194641360981,-0.0127012929269,0.107406651202,-0.024206042226,0.118911400501
single,baseline,lwti,military_conflict,2,432,1990-04-01,2026-03-01,0.0155723003004,HC3,0.449878958082,0.0507065908479,0.758762660715,-0.067832619566,0.0989772201669,-0.0838107915402,0.114955392141,0.0455835987151,0.732636367042,-0.0594060473756,0.0905506479765,-0.0737699114669,0.104914512068
single,baseline,lwti,military_conflict,3,432,1990-04-01,2026-03-01,-0.00030824478444,HC3,0.449878958082,0.0463131075184,0.994689582456,-0.0764865276615,0.0758700380926,-0.0910802675326,0.0904637779637,0.0430656742589,0.99428914887,-0.0711449752863,0.0705284857174,-0.0847154153018,0.0840989257329
single,baseline,lwti,military_conflict,4,432,1990-04-01,2026-03-01,-0.00668024763771,HC3,0.449878958082,0.0400928845331,0.867669620876,-0.0726271741769,0.0592666789015,-0.0852608573589,0.0719003620835,0.0374505991191,0.85842854404,-0.0682810014303,0.0549205061549,-0.0800820731106,0.0667215778352
single,baseline,lwti,military_conflict,5,432,1990-04-01,2026-03-01,0.00230098233755,HC3,0.449878958082,0.0384630535991,0.95229646038,-0.0609651108785,0.0655670755536,-0.073085217452,0.0776871821271,0.0358945192475,0.94888741518,-0.0567402478343,0.0613422125094,-0.0680509826299,0.072652947305
single,baseline,lwti,military_conflict,6,431,1990-04-01,2026-02-01,-0.0471543597054,HC3,0.45046774543,0.0360937384125,0.191402442391,-0.106523276243,0.0122145568327,-0.117896787061,0.0235880676506,0.0341687438098,0.16757318949,-0.103356941889,0.00904822247847,-0.114123866969,0.0198151475587
single,baseline,lwti,military_conflict,7,430,1990-04-01,2026-01-01,-0.0430706134081,HC3,0.452732516768,0.0353173381922,0.222642452559,-0.101162465228,0.0150212384115,-0.112291324295,0.0261500974783,0.0329228685294,0.190796039633,-0.0972239131184,0.0110826863022,-0.107598249994,0.0214570231773
single,baseline,lwti,military_conflict,8,429,1990-04-01,2025-12-01,-0.0427894599761,HC3,0.452946980516,0.0394953311001,0.27862846383,-0.107753498584,0.0221745786315,-0.12019888649,0.0346199665375,0.0364028995742,0.239818336253,-0.102666901372,0.01708798142,-0.114137832074,0.0285589121221
single,baseline,lwti,military_conflict,9,428,1990-04-01,2025-11-01,-0.0239959805324,HC3,0.453343211059,0.0410796110723,0.559130439893,-0.0915659277984,0.0435739667336,-0.104510538733,0.0565185776682,0.0379541406219,0.527232565114,-0.0864249863921,0.0384330253274,-0.0983847292155,0.0503927681507
single,baseline,lwti,military_conflict,10,427,1990-04-01,2025-10-01,-0.00636447364324,HC3,0.453344705919,0.0456641330015,0.88915321916,-0.0814752884324,0.0687463411459,-0.0958645297114,0.083135582425,0.0420060206628,0.879570766877,-0.0754582290843,0.0627292817978,-0.0886947612762,0.0759658139897
single,baseline,lwti,military_conflict,11,426,1990-04-01,2025-09-01,0.010337233002,HC3,0.453394626426,0.0503931720801,0.837469292873,-0.0725521588675,0.0932266248716,-0.0884315693417,0.109106035346,0.0461574998085,0.822791810668,-0.0655850979689,0.086259563973,-0.080129804239,0.100804270243
single,baseline,lwti,military_conflict,12,425,1990-04-01,2025-08-01,-0.00153839171121,HC3,0.453576784831,0.0484596934426,0.974674770567,-0.0812474942312,0.0781707108087,-0.0965176455605,0.0934408621381,0.0446481964612,0.972513645322,-0.0749781395972,0.0719013561748,-0.0890472487497,0.0859704653273
single,baseline,lwti,military_conflict,13,424,1990-04-01,2025-07-01,-0.00519790642702,HC3,0.453791283475,0.0541333819234,0.923504408104,-0.0942393960229,0.0838435831689,-0.111297385358,0.100901572504,0.0494503559842,0.916285643968,-0.0865365038216,0.0761406909676,-0.102118823179,0.0917230103246
single,baseline,lwti,military_conflict,14,423,1990-04-01,2025-06-01,0.0209008138072,HC3,0.453997520524,0.0575724687921,0.716578835146,-0.073797470298,0.115599097912,-0.0919391515264,0.133740779141,0.0526224556565,0.691231550517,-0.0656554232385,0.107457050853,-0.0822373040576,0.124038931672
single,baseline,lwti,military_conflict,15,422,1990-04-01,2025-05-01,0.0178376210336,HC3,0.454313850015,0.0523022812486,0.733066977285,-0.068191975976,0.103867218043,-0.0846729665229,0.12034820859,0.0485938889321,0.713562779174,-0.0620922134241,0.0977674554912,-0.0774046511421,0.113079893209
single,baseline,lwti,military_conflict,16,421,1990-04-01,2025-04-01,-0.0049637516902,HC3,0.454638906516,0.0530351700312,0.925432005736,-0.092198843472,0.0822713400916,-0.108910774865,0.0989832714849,0.049822135807,0.920638517173,-0.0869138724749,0.0769863690945,-0.102613343505,0.0926858401245
single,baseline,lwti,military_conflict,17,420,1990-04-01,2025-03-01,0.0102798925685,HC3,0.454878897574,0.0542901006905,0.849817614666,-0.0790193764598,0.0995791615967,-0.0961267495019,0.116686534639,0.0510988451481,0.840560478172,-0.0737702282065,0.0943300133434,-0.0898720035735,0.11043178871
single,baseline,lwti,military_conflict,18,419,1990-04-01,2025-02-01,0.00186956874838,HC3,0.455002405347,0.0575724933346,0.974094609687,-0.0928287557256,0.0965678932224,-0.110970444688,0.114709582184,0.0540340384958,0.972398834076,-0.0870085154503,0.0907476529471,-0.104035200643,0.107774338139
single,baseline,lwti,military_conflict,19,418,1990-04-01,2025-01-01,0.0120770629934,HC3,0.455488260733,0.0581544170744,0.835484828133,-0.0835784408546,0.107732566841,-0.101903500014,0.126057626001,0.0541190254627,0.823412977298,-0.0769408123261,0.101094938313,-0.093994277792,0.118148403779
single,baseline,lwti,military_conflict,20,417,1990-04-01,2024-12-01,0.0351417038751,HC3,0.455505240966,0.0579797764893,0.544446503222,-0.0602265417731,0.130509949523,-0.0784965698756,0.148779977626,0.053312253746,0.509788228112,-0.0525491500599,0.12283255781,-0.0693483934017,0.139631801152
single,baseline,lwti,military_conflict,21,416,1990-04-01,2024-11-01,0.0275239358089,HC3,0.455561802055,0.058978644602,0.640731486497,-0.0694873016774,0.124535173295,-0.088072083468,0.143119955086,0.0544339315472,0.61310987747,-0.0620119139257,0.117059785544,-0.0791646095605,0.134212481178
single,baseline,lwti,military_conflict,22,415,1990-04-01,2024-10-01,0.0174347157956,HC3,0.455622162928,0.0609192369922,0.774729593212,-0.0827685121221,0.117637943713,-0.101964794675,0.136834226266,0.0563982133145,0.757218106104,-0.0753320899283,0.11020152152,-0.0931037510932,0.127973182684
single,baseline,lwti,military_conflict,23,414,1990-04-01,2024-09-01,0.00833351203494,HC3,0.456544101374,0.0617462759216,0.892640495809,-0.0932300738655,0.109897097935,-0.112686964951,0.129353989021,0.0573882656605,0.884542842351,-0.0860617848812,0.102728808951,-0.104145421795,0.120812445865
single,baseline,lwti,military_conflict,24,413,1990-04-01,2024-08-01,0.00589755499183,HC3,0.456655305241,0.0630980691638,0.925532970972,-0.0978895329259,0.10968464291,-0.117772388063,0.129567498047,0.0587054910337,0.919979119088,-0.090664384857,0.102459494841,-0.109163093129,0.120958203113
single,baseline,lwti,military_conflict,25,412,1990-04-01,2024-07-01,0.0277269569479,HC3,0.45666344802,0.0637534337964,0.663628313015,-0.0771381098627,0.132592023758,-0.0972274771838,0.15268139108,0.0592656359519,0.639897543285,-0.0697563393013,0.125210253197,-0.0884315550388,0.143885468935
single,baseline,lwti,military_conflict,26,411,1990-04-01,2024-06-01,0.0131240666597,HC3,0.457211087386,0.0641226720689,0.837828993632,-0.0923483430626,0.118596476382,-0.112554061188,0.138802194507,0.0598135535538,0.82632579922,-0.0852604738441,0.111508607164,-0.104108344093,0.130356477413
single,baseline,lwti,military_conflict,27,410,1990-04-01,2024-05-01,0.00492571627977,HC3,0.457300071958,0.0651002554863,0.939686777626,-0.102154675072,0.112006107632,-0.122668439858,0.132519872417,0.0608249921887,0.935456440481,-0.095122492731,0.104973925291,-0.11428907777,0.124140510329
single,baseline,lwti,military_conflict,28,409,1990-04-01,2024-04-01,-0.00426775842002,HC3,0.457483929975,0.065628620814,0.94815097309,-0.112217233398,0.103681716558,-0.132897491571,0.12436197473,0.0611895216119,0.944395385334,-0.104915564975,0.0963800481347,-0.124197017011,0.115661500171
single,baseline,lwti,military_conflict,29,408,1990-04-01,2024-03-01,0.00799319891409,HC3,0.457526915009,0.0687701811101,0.907469791551,-0.105123682911,0.121110080739,-0.126793879272,0.1427802771,0.0634502113687,0.899750983725,-0.0963731113866,0.112359509215,-0.11636693018,0.132353328008
single,baseline,lwti,military_conflict,30,407,1990-04-01,2024-02-01,-0.00777190186023,HC3,0.457629163219,0.0669935289971,0.907644822757,-0.117966451013,0.102422647293,-0.139076805892,0.123533002171,0.0616833742025,0.899734533365,-0.10923202364,0.0936882199194,-0.128669093742,0.113125290022
single,baseline,lwti,military_conflict,31,406,1990-04-01,2024-01-01,0.000996532934105,HC3,0.460144734817,0.067080872793,0.98814730691,-0.109341683979,0.111334749847,-0.130479561792,0.13247262766,0.0616187975352,0.987096736468,-0.10035736968,0.102350435548,-0.119774091006,0.121767156874
single,baseline,lwti,military_conflict,32,405,1990-04-01,2023-12-01,-0.0205873655805,HC3,0.460154228269,0.0664937154832,0.756854733355,-0.129959794663,0.0887850635016,-0.150912653126,0.109737921965,0.0609342218729,0.735467092061,-0.120815241434,0.0796405102726,-0.140016245877,0.0988415147164
single,baseline,lwti,military_conflict,33,404,1990-04-01,2023-11-01,-0.0181954279841,HC3,0.46052008268,0.0680811452456,0.789268291261,-0.130178946668,0.0937880907,-0.151632020692,0.115241164723,0.0626178131177,0.771373243953,-0.121192565003,0.0848017090343,-0.140924086485,0.104533230517
single,baseline,lwti,military_conflict,34,403,1990-04-01,2023-10-01,0.000681888901103,HC3,0.461856726062,0.0778388304926,0.993010407991,-0.127351593752,0.128715371554,-0.151879415463,0.153243193265,0.070280404326,0.992258722818,-0.114919089058,0.11628286686,-0.137065172397,0.138428950199
single,baseline,lwti,military_conflict,35,402,1990-04-01,2023-09-01,0.0025300902924,HC3,0.461920657418,0.0899241433332,0.97755381821,-0.14538196302,0.150442143605,-0.173717991981,0.178778172566,0.0804427892884,0.974909035119,-0.129786523431,0.134846704015,-0.155134879529,0.160195060114
single,baseline,lwti,military_conflict,36,401,1990-04-01,2023-08-01,-0.00231802104475,HC3,0.462234063506,0.0948200294404,0.980496430881,-0.158283090377,0.153647048288,-0.188161863761,0.183525821671,0.0846922034131,0.978164668782,-0.141624299003,0.136988256914,-0.168311689506,0.163675647416
single,baseline,lwti,military_conflict,37,400,1990-04-01,2023-07-01,0.00227346586108,HC3,0.463181631303,0.0992509094716,0.981725057208,-0.160979752562,0.165526684284,-0.192254742136,0.196801673858,0.0881733310344,0.979429581298,-0.142758757491,0.147305689213,-0.170543087363,0.175090019085
single,baseline,lwti,military_conflict,38,399,1990-04-01,2023-06-01,-0.022985925748,HC3,0.463255157772,0.094086263483,0.806993120315,-0.177744057484,0.131772205988,-0.207391613615,0.161419762119,0.0840432425755,0.784467987845,-0.161224758119,0.115252906623,-0.18770765434,0.141735802844
single,baseline,lwti,military_conflict,39,398,1990-04-01,2023-05-01,-0.00388617700505,HC3,0.463339424945,0.0909398091061,0.965913968918,-0.153468851847,0.145696497837,-0.182124927614,0.174352573604,0.0814050500584,0.961924434895,-0.137785568846,0.130013214836,-0.163437143279,0.155664789269
single,baseline,lwti,military_conflict,40,397,1990-04-01,2023-04-01,-1.50769987786e-05,HC3,0.464320151479,0.0922223785729,0.999869557642,-0.151707390881,0.151677236883,-0.18076761757,0.180737463573,0.0821317098156,0.999853531547,-0.135109717777,0.135079563779,-0.160990270226,0.160960116228
single,baseline,lwti,military_conflict,41,396,1990-04-01,2023-03-01,0.0141266543752,HC3,0.464360518713,0.0917347704521,0.877614035548,-0.136763615521,0.165016924271,-0.165670191841,0.193923500591,0.0814577495141,0.862318879297,-0.119859420356,0.148112729107,-0.145527600934,0.173780909684
single,baseline,lwti,military_conflict,42,395,1990-04-01,2023-02-01,0.0266964258508,HC3,0.464582121843,0.0961436547793,0.781263957259,-0.131445813421,0.184838665123,-0.161741674859,0.21513452656,0.0846867895676,0.75258156794,-0.112600947124,0.165993798826,-0.139286631668,0.19267948337
single,baseline,lwti,military_conflict,43,394,1990-04-01,2023-01-01,0.00926314148589,HC3,0.465103799537,0.100715909099,0.926719513785,-0.156399786887,0.174926069859,-0.188136413018,0.20666269599,0.0881322765208,0.916292504801,-0.135701553201,0.154227836173,-0.16347294637,0.181999229342
single,baseline,lwti,military_conflict,44,393,1990-04-01,2022-12-01,0.0212971289441,HC3,0.465225119863,0.107858410614,0.843471881229,-0.156114168952,0.19870842684,-0.19010147129,0.232695729178,0.0939619240474,0.820690456613,-0.133256482621,0.175850740509,-0.162864858107,0.205459115995
single,baseline,lwti,military_conflict,45,392,1990-04-01,2022-11-01,0.0524517704135,HC3,0.465360237978,0.108678669391,0.629357270301,-0.126308733107,0.231212273934,-0.160554507481,0.265458048308,0.0946123215769,0.579314532387,-0.103171649887,0.208075190714,-0.132984972371,0.237888513198
single,baseline,lwti,military_conflict,46,391,1990-04-01,2022-10-01,0.0575927899112,HC3,0.465611716207,0.106565342191,0.588889640724,-0.1176915997,0.232877179522,-0.151271442784,0.266457022607,0.0929177259452,0.535372579371,-0.0952432686179,0.21042884844,-0.124522606467,0.239708186289
single,baseline,lwti,military_conflict,47,390,1990-04-01,2022-09-01,0.0395620561419,HC3,0.465648583271,0.091460823968,0.665336344001,-0.110877611886,0.19000172417,-0.139697864832,0.218821977115,0.0813728660896,0.626837841659,-0.094284397781,0.173408510065,-0.119925830712,0.199049942996
single,baseline,lwti,military_conflict,48,389,1990-04-01,2022-08-01,0.0465391798434,HC3,0.465778689843,0.0839305395243,0.57923918645,-0.0915142725052,0.184592632192,-0.117961654827,0.211040014514,0.074865700584,0.534181549334,-0.0766039392965,0.169682298983,-0.100194896979,0.193273256665
single,baseline,lwti,diplomatic_tension,0,432,1990-04-01,2026-03-01,-0.0121237005105,HC3,0.463880136689,0.0311944506794,0.697535613684,-0.0634340058513,0.0391866048304,-0.0732637003596,0.0490162993387,0.02973108111,0.683436179668,-0.0610269771075,0.0367795760866,-0.0703955487076,0.0461481476866
single,baseline,lwti,diplomatic_tension,1,432,1990-04-01,2026-03-01,-0.0273772974067,HC3,0.463880136689,0.0495933264867,0.580923746412,-0.108951060351,0.0541964655376,-0.124578431194,0.0698238363808,0.0476262296596,0.565401847037,-0.105715474,0.0509608791869,-0.120722992259,0.0659683974455
single,baseline,lwti,diplomatic_tension,2,432,1990-04-01,2026-03-01,-0.0433949340563,HC3,0.463880136689,0.0606318229719,0.474169089837,-0.14312540798,0.0563355398677,-0.162231123398,0.0754412552856,0.0576991734003,0.451997325619,-0.138301628696,0.0515117605833,-0.156483235859,0.069693367746
single,baseline,lwti,diplomatic_tension,3,432,1990-04-01,2026-03-01,-0.0373765749857,HC3,0.463880136689,0.0651152323201,0.565963315602,-0.144481601037,0.0697284510657,-0.165000085178,0.0902469352066,0.0627581488795,0.551465671902,-0.140604543791,0.0658513938196,-0.160380286526,0.0856271365546
single,baseline,lwti,diplomatic_tension,4,432,1990-04-01,2026-03-01,0.0124033190398,HC3,0.463880136689,0.0658214391527,0.850532614631,-0.0958633138817,0.120669951961,-0.11660433111,0.14141096919,0.0638178059253,0.845897807856,-0.0925676305005,0.11737426858,-0.112677282146,0.137483920226
single,baseline,lwti,diplomatic_tension,5,432,1990-04-01,2026-03-01,-0.00729442083791,HC3,0.463880136689,0.0638682515479,0.909070979535,-0.112348346043,0.0977595043677,-0.132473893627,0.117885051951,0.0621831741868,0.90661806235,-0.109576640434,0.0949877987587,-0.129171202688,0.114582361013
single,baseline,lwti,diplomatic_tension,6,431,1990-04-01,2026-02-01,-0.0133168452654,HC3,0.466014538209,0.0661959375692,0.840563185636,-0.122199473266,0.0955657827347,-0.143058498824,0.116424808293,0.0646521870499,0.836809098115,-0.119660229625,0.0930265390939,-0.140032803405,0.113399112874
single,baseline,lwti,diplomatic_tension,7,430,1990-04-01,2026-01-01,-0.0277074228923,HC3,0.469205951609,0.0785841635013,0.724401248527,-0.156966869248,0.101552023464,-0.18172955311,0.126314707325,0.0766019625299,0.717571416693,-0.153706438791,0.0982915930066,-0.177844510596,0.122429664811
single,baseline,lwti,diplomatic_tension,8,429,1990-04-01,2025-12-01,-0.132620793905,HC3,0.469487900042,0.089663015949,0.139112913636,-0.280103330892,0.0148617430825,-0.30835707591,0.0431154881007,0.0870089680687,0.127453807775,-0.27573781061,0.0104962228005,-0.303155237651,0.0379136498421
single,baseline,lwti,diplomatic_tension,9,428,1990-04-01,2025-11-01,-0.144622850903,HC3,0.469759461806,0.0731984390855,0.0481814968874,-0.26502356892,-0.024222132886,-0.288089155235,-0.00115654657087,0.0713797741325,0.0427541210945,-0.262032131276,-0.0272135705302,-0.284524637427,-0.00472106437869
single,baseline,lwti,diplomatic_tension,10,427,1990-04-01,2025-10-01,-0.171001894531,HC3,0.469759633248,0.0744478554697,0.021622470628,-0.293457719619,-0.048546069443,-0.316917009978,-0.0250867790842,0.0727629489684,0.0187671981581,-0.290686295049,-0.0513174940127,-0.313614653918,-0.0283891351441
single,baseline,lwti,diplomatic_tension,11,426,1990-04-01,2025-09-01,-0.1865169966,HC3,0.469790345322,0.0734777832913,0.0111356328832,-0.307377194947,-0.0656567982526,-0.330530805514,-0.0425031876848,0.0719128879689,0.00949625873261,-0.3048031712,-0.0682308219995,-0.327463667043,-0.0455703261564
single,baseline,lwti,diplomatic_tension,12,425,1990-04-01,2025-08-01,-0.19529046305,HC3,0.469850701769,0.0753288673089,0.00952798040225,-0.319195423658,-0.0713855024432,-0.342932329972,-0.0476485961288,0.0737635977691,0.00810850097444,-0.316620784378,-0.073960141723,-0.339864458048,-0.0507164680529
single,baseline,lwti,diplomatic_tension,13,424,1990-04-01,2025-07-01,-0.177120522154,HC3,0.470069874727,0.079672149504,0.0262079013217,-0.308169546232,-0.0460714980748,-0.333275065752,-0.0209659785548,0.0777756205857,0.0227667046531,-0.305050033762,-0.0491910105448,-0.329557937377,-0.0246831069304
single,baseline,lwti,diplomatic_tension,14,423,1990-04-01,2025-06-01,-0.169393156874,HC3,0.470309235408,0.0813972837112,0.03742782351,-0.30327977421,-0.0355065395373,-0.328928901387,-0.0098574123603,0.0792582536449,0.032579248661,-0.299761382847,-0.0390249309001,-0.324736479495,-0.0140498342522
single,baseline,lwti,diplomatic_tension,15,422,1990-04-01,2025-05-01,-0.192231337587,HC3,0.470556142144,0.083398609125,0.0211682230752,-0.329409842289,-0.055052832885,-0.355689607833,-0.0287730673412,0.0810300734364,0.0176755492956,-0.325513947771,-0.0589487274029,-0.351047363187,-0.033415311987
single,baseline,lwti,diplomatic_tension,16,421,1990-04-01,2025-04-01,-0.204706988964,HC3,0.470570650137,0.0965502711708,0.0339882185309,-0.363518052682,-0.0458959252456,-0.393942043156,-0.0154719347717,0.0935662191791,0.0286819817882,-0.358609723941,-0.050804253987,-0.388093408725,-0.0213205692033
single,baseline,lwti,diplomatic_tension,17,420,1990-04-01,2025-03-01,-0.209690000428,HC3,0.471207477573,0.104067038664,0.0439097665686,-0.380865046421,-0.0385149544352,-0.413657648188,-0.00572235266854,0.10128592864,0.0384263456756,-0.376290527512,-0.0430894733449,-0.408206772704,-0.0111732281523
single,baseline,lwti,diplomatic_tension,18,419,1990-04-01,2025-02-01,-0.242301221524,HC3,0.471217913577,0.11030149153,0.0280406251339,-0.423731029925,-0.060871413123,-0.458488172364,-0.0261142706845,0.107260919135,0.0238840777913,-0.418729733394,-0.0658727096546,-0.452528759978,-0.0320736830706
single,baseline,lwti,diplomatic_tension,19,418,1990-04-01,2025-01-01,-0.212648257914,HC3,0.472531598284,0.106725554368,0.0463186995329,-0.388196173105,-0.0371003427237,-0.421826500706,-0.00347001512288,0.10348321038,0.0398880960314,-0.382862991837,-0.0424335239918,-0.415471623265,-0.00982489256441
single,baseline,lwti,diplomatic_tension,20,417,1990-04-01,2024-12-01,-0.156728709051,HC3,0.472581503039,0.118110105202,0.184518206898,-0.351002543973,0.0375451258713,-0.388220261458,0.0747628433565,0.113160691119,0.166049354927,-0.342861482265,0.0294040641639,-0.378519588109,0.0650621700073
single,baseline,lwti,diplomatic_tension,21,416,1990-04-01,2024-11-01,-0.208757445969,HC3,0.472652459129,0.101626307326,0.0399594939095,-0.375917846167,-0.041597045771,-0.407941348209,-0.00957354372919,0.0984564417745,0.0339805375577,-0.370703881319,-0.0468110106196,-0.401728525893,-0.0157863660451
single,baseline,lwti,diplomatic_tension,22,415,1990-04-01,2024-10-01,-0.251093173764,HC3,0.472652970106,0.0939205991438,0.00750727310961,-0.405578811911,-0.0966075356166,-0.435174165492,-0.0670121820355,0.0913371225644,0.00597625647773,-0.401329371089,-0.100856976438,-0.430110644442,-0.0720757030861
single,baseline,lwti,diplomatic_tension,23,414,1990-04-01,2024-09-01,-0.305664570955,HC3,0.473293854022,0.10417569787,0.00334488938371,-0.477018345438,-0.134310796473,-0.509845186846,-0.101483955065,0.101451777164,0.00258759870731,-0.472537894585,-0.138791247326,-0.504506400365,-0.106822741545
single,baseline,lwti,diplomatic_tension,24,413,1990-04-01,2024-08-01,-0.306418676153,HC3,0.473294105029,0.0969542323432,0.0015752746551,-0.465894196871,-0.146943155434,-0.496445479694,-0.116391872611,0.0948173756318,0.00123068149843,-0.462379380359,-0.150457971946,-0.4922573175,-0.120580034806
single,baseline,lwti,diplomatic_tension,25,412,1990-04-01,2024-07-01,-0.327804477111,HC3,0.473364290637,0.102164250917,0.001333817282,-0.495849715777,-0.159759238445,-0.528042729416,-0.127566224806,0.0998707244634,0.00102968391945,-0.492077200471,-0.163531753751,-0.523547500169,-0.132061454053
single,baseline,lwti,diplomatic_tension,26,411,1990-04-01,2024-06-01,-0.297383945226,HC3,0.473631724806,0.0960587570326,0.00196246564032,-0.455386540132,-0.13938135032,-0.48565564941,-0.109112241042,0.0938568224881,0.00153235594182,-0.45176468011,-0.143003210342,-0.481339937006,-0.113427953446
single,baseline,lwti,diplomatic_tension,27,410,1990-04-01,2024-05-01,-0.262812279768,HC3,0.473922031191,0.0924774811536,0.00448447554903,-0.414924200055,-0.110700359481,-0.44406481221,-0.0815597473258,0.0904746236903,0.00367467169971,-0.411629792692,-0.113994766844,-0.440139283716,-0.08548527582
single,baseline,lwti,diplomatic_tension,28,409,1990-04-01,2024-04-01,-0.236236141693,HC3,0.474343962713,0.09282553999,0.0109294115968,-0.38892056782,-0.0835517155669,-0.418170856919,-0.0543014264673,0.0911925791233,0.00958312311388,-0.386234586215,-0.0862376971712,-0.414970312432,-0.0575019709542
single,baseline,lwti,diplomatic_tension,29,408,1990-04-01,2024-03-01,-0.211904514039,HC3,0.474555469274,0.0929403627691,0.0226073777516,-0.36477780683,-0.0590312212475,-0.394064277776,-0.0297447503009,0.0912981739059,0.0202859852799,-0.362076646522,-0.0617323815554,-0.390845646748,-0.0329633813287
single,baseline,lwti,diplomatic_tension,30,407,1990-04-01,2024-02-01,-0.20559837783,HC3,0.474556317916,0.0953360522047,0.0310395868393,-0.362412229078,-0.0487845265819,-0.392453606579,-0.0187431490806,0.0935938383709,0.0280412733036,-0.359546542335,-0.0516502133254,-0.389038930212,-0.0221578254483
single,baseline,lwti,diplomatic_tension,31,406,1990-04-01,2024-01-01,-0.148876741204,HC3,0.477472511331,0.0973531042054,0.126203735595,-0.309008347751,0.0112548653432,-0.33968531923,0.0419318368217,0.0954714819033,0.118905422157,-0.305913354483,0.00815987207508,-0.335997407285,0.0382439248771
single,baseline,lwti,diplomatic_tension,32,405,1990-04-01,2023-12-01,-0.120991871679,HC3,0.477644690391,0.0994577818528,0.223788845714,-0.284585364889,0.0426016215298,-0.315925542093,0.0739417987345,0.0977095798381,0.215612055337,-0.281709828464,0.0397260851053,-0.312499129107,0.0705153857479
single,baseline,lwti,diplomatic_tension,33,404,1990-04-01,2023-11-01,-0.123881959979,HC3,0.477699037775,0.0979228265996,0.205836244073,-0.284950676473,0.0371867565146,-0.315807173379,0.0680432534205,0.0960679726209,0.197215964973,-0.281899713178,0.0341357932203,-0.312171726384,0.0644078064257
single,baseline,lwti,diplomatic_tension,34,403,1990-04-01,2023-10-01,-0.153409176037,HC3,0.478745571575,0.0998392853618,0.124400790544,-0.317630186677,0.0108118346022,-0.349090579589,0.0422722275139,0.0978553022751,0.116947776756,-0.314366824901,0.00754847282614,-0.345202044193,0.038383692118
single,baseline,lwti,diplomatic_tension,35,402,1990-04-01,2023-09-01,-0.213633138386,HC3,0.478751041482,0.10356437553,0.0391311342822,-0.3839813771,-0.0432848996725,-0.416615584507,-0.0106506922657,0.101572073183,0.0354424805036,-0.380704331359,-0.0465619454137,-0.412710743661,-0.0145555331119
single,baseline,lwti,diplomatic_tension,36,401,1990-04-01,2023-08-01,-0.160158995623,HC3,0.478817711351,0.0972459754789,0.09956888085,-0.320114391095,-0.00020360014977,-0.350757605203,0.0304396139574,0.0953789858378,0.093115926417,-0.317043466413,-0.00327452483228,-0.347098372747,0.0267803815015
single,baseline,lwti,diplomatic_tension,37,400,1990-04-01,2023-07-01,-0.0938944379615,HC3,0.479986504954,0.103085015951,0.362377219039,-0.263454200333,0.0756653244101,-0.295937356572,0.108148480649,0.100776010173,0.351484254855,-0.259656223805,0.071867347882,-0.291411788407,0.103622912484
single,baseline,lwti,diplomatic_tension,38,399,1990-04-01,2023-06-01,-0.142535683981,HC3,0.480397678027,0.103114154243,0.166876663529,-0.312143374577,0.0270720066152,-0.344635712593,0.0595643446311,0.100602886117,0.156537005861,-0.308012706092,0.0229413381302,-0.339713717511,0.054642349549
single,baseline,lwti,diplomatic_tension,39,398,1990-04-01,2023-05-01,-0.18132980831,HC3,0.480398104378,0.11029346818,0.100162444148,-0.362746419475,8.68028548782e-05,-0.397501033673,0.0348414170528,0.10755318865,0.0918045170223,-0.358239060751,-0.00442055586889,-0.392130184486,0.0294705678664
single,baseline,lwti,diplomatic_tension,40,397,1990-04-01,2023-04-01,-0.204207507052,HC3,0.481099268008,0.117225215653,0.0815066808273,-0.397025828189,-0.0113891859147,-0.433964707812,0.0255496937081,0.114341876517,0.0741092905846,-0.392283157353,-0.0161318567502,-0.42831346695,0.0198984528465
single,baseline,lwti,diplomatic_tension,41,396,1990-04-01,2023-03-01,-0.190620342,HC3,0.481190054881,0.117059404021,0.103438634111,-0.383165927274,0.00192524327273,-0.420052557934,0.038811873933,0.114159911049,0.0949656628925,-0.378396685741,-0.00284399825968,-0.414369656134,0.0331289721331
single,baseline,lwti,diplomatic_tension,42,395,1990-04-01,2023-02-01,-0.164304887151,HC3,0.481389766577,0.111700806887,0.141308064777,-0.348036364492,0.01942659019,-0.383234445693,0.054624671391,0.108650906336,0.130476000482,-0.34301972451,0.0144099502078,-0.377256750457,0.0486469761557
single,baseline,lwti,diplomatic_tension,43,394,1990-04-01,2023-01-01,-0.164999015463,HC3,0.481746347787,0.113734959839,0.146854330451,-0.352076376665,0.0220783457385,-0.38791544053,0.0579174096036,0.110291417329,0.134646436769,-0.346412253279,0.0164142223518,-0.381166221232,0.0511681903052
single,baseline,lwti,diplomatic_tension,44,393,1990-04-01,2022-12-01,-0.144921440294,HC3,0.48196849871,0.11416201797,0.204285400744,-0.332701249612,0.042858369023,-0.368674883917,0.0788320033284,0.110919453521,0.191366726069,-0.327367705718,0.0375248251295,-0.362319574381,0.0724766937921
single,baseline,lwti,diplomatic_tension,45,392,1990-04-01,2022-11-01,-0.17339678756,HC3,0.482022472108,0.11044641938,0.116423728555,-0.355064981062,0.0082714059409,-0.389867791767,0.0430742166462,0.10721809567,0.105827703632,-0.349754861097,0.00296128597646,-0.383540393564,0.0367468184429
single,baseline,lwti,diplomatic_tension,46,391,1990-04-01,2022-10-01,-0.165656367516,HC3,0.482828746664,0.113397851593,0.144058750528,-0.352179234997,0.0208664999643,-0.387912072562,0.0565993375295,0.110022002361,0.132152984579,-0.346626457144,0.0153137221116,-0.381295529651,0.0499827946182
single,baseline,lwti,diplomatic_tension,47,390,1990-04-01,2022-09-01,-0.216184781725,HC3,0.48298904434,0.108565421558,0.0464494762921,-0.394759009136,-0.0376105543142,-0.428969097945,-0.0034004655053,0.105881880142,0.0411759117172,-0.390344976305,-0.0420245871456,-0.423709453419,-0.00866011003197
single,baseline,lwti,diplomatic_tension,48,389,1990-04-01,2022-08-01,-0.226655004576,HC3,0.483170684948,0.103810974449,0.0290105316751,-0.397408862415,-0.0559011467365,-0.430120775695,-0.0231892334563,0.101527255514,0.0255849222318,-0.393652479043,-0.0596575301084,-0.425644768833,-0.0276652403183
single,baseline,lwti,terrorism,0,432,1990-04-01,2026-03-01,0.00237936740224,HC3,0.453478537906,0.0302406158072,0.937286213497,-0.0473620191895,0.052120753994,-0.0568911504502,0.0616498852547,0.0208781167456,0.909265810924,-0.0319620786507,0.0367208134552,-0.0385409894842,0.0432997242887
single,baseline,lwti,terrorism,1,432,1990-04-01,2026-03-01,-0.0168053603155,HC3,0.453478537906,0.0504724498699,0.739163678622,-0.0998251525451,0.0662144319142,-0.115729544272,0.082118823641,0.0345854909949,0.627032528164,-0.0736934306183,0.0400827099873,-0.084591677053,0.0509809564221
single,baseline,lwti,terrorism,2,432,1990-04-01,2026-03-01,-0.0500015892042,HC3,0.453478537906,0.0574653495562,0.384236357539,-0.144523677846,0.0445204994374,-0.162631604693,0.062628426285,0.0408592712118,0.2210460337,-0.117209109652,0.0172059312431,-0.130084289214,0.0300811108055
single,baseline,lwti,terrorism,3,432,1990-04-01,2026-03-01,-0.0517419506697,HC3,0.453478537906,0.0543694576873,0.341262792808,-0.141171750342,0.0376878490026,-0.158304129596,0.0548202282564,0.03994927267,0.195254242996,-0.117452656715,0.0139687553756,-0.130041086312,0.0265571849721
single,baseline,lwti,terrorism,4,432,1990-04-01,2026-03-01,-0.0452478133257,HC3,0.453478537906,0.0576147836237,0.432247950185,-0.140015699135,0.0495200724838,-0.158170714205,0.0676750875539,0.0404092406021,0.262824887955,-0.111715099292,0.021219472641,-0.124448469548,0.033952842897
single,baseline,lwti,terrorism,5,432,1990-04-01,2026-03-01,-0.02395266988,HC3,0.453478537906,0.0569288226363,0.673939342482,-0.117592250271,0.0696869105114,-0.135531111929,0.0876257721695,0.0408918309719,0.558038928152,-0.0912137463667,0.0433084066068,-0.104099185847,0.0561938460868
single,baseline,lwti,terrorism,6,431,1990-04-01,2026-02-01,-0.00117040672817,HC3,0.454138976937,0.0403481313234,0.97685844474,-0.0675371768762,0.0651963634198,-0.0802512909655,0.0779104775092,0.0328530348086,0.971580952433,-0.0552088401895,0.0528680267331,-0.0655611717359,0.0632203582795
single,baseline,lwti,terrorism,7,430,1990-04-01,2026-01-01,0.00274429984313,HC3,0.456375887256,0.0327409939419,0.933200767017,-0.0511098427922,0.0565984424785,-0.0614268691011,0.0669154687873,0.0292240139539,0.925184110592,-0.045324925503,0.0508135251893,-0.0545337149902,0.0600223146765
single,baseline,lwti,terrorism,8,429,1990-04-01,2025-12-01,0.0170656830001,HC3,0.456666788009,0.0413280013631,0.679655925666,-0.0509128299366,0.0850441959368,-0.0639357112245,0.0980670772247,0.0345560661617,0.621408649435,-0.0397739877592,0.0739053537594,-0.0506629621243,0.0847943281245
single,baseline,lwti,terrorism,9,428,1990-04-01,2025-11-01,0.0231035716817,HC3,0.45706107197,0.0509002514454,0.649901545263,-0.060619891521,0.106827034884,-0.0766590879553,0.122866231319,0.0395808537648,0.559418302298,-0.0420011391913,0.0882082825546,-0.0544734761748,0.100680619538
single,baseline,lwti,terrorism,10,427,1990-04-01,2025-10-01,0.0445169079402,HC3,0.457062170311,0.0556262298926,0.423544957145,-0.0469800980523,0.136013913933,-0.0645084992451,0.153542315125,0.0434282919884,0.305331586446,-0.0269162756493,0.11595009153,-0.0406009802672,0.129634796148
single,baseline,lwti,terrorism,11,426,1990-04-01,2025-09-01,0.0372232739384,HC3,0.457062203958,0.0402259247968,0.354781106299,-0.0289424843611,0.103389032238,-0.0416180899081,0.116064637785,0.0373891443573,0.319462191916,-0.0242763957663,0.0987229436431,-0.0360581024146,0.110504650291
single,baseline,lwti,terrorism,12,425,1990-04-01,2025-08-01,0.0125683892981,HC3,0.457118391951,0.0453350549345,0.781600930764,-0.062001140239,0.0871379188353,-0.0762866856107,0.101423464207,0.0422650073912,0.766183249213,-0.0569513614025,0.0820881399987,-0.070269502995,0.0954062815913
single,baseline,lwti,terrorism,13,424,1990-04-01,2025-07-01,0.0344554651834,HC3,0.457328319508,0.0598764311334,0.564991819948,-0.0640324997353,0.132943430102,-0.0829001833609,0.151811113728,0.0472934269269,0.46627905617,-0.0433352996282,0.112246229995,-0.0582379482987,0.127148878666
single,baseline,lwti,terrorism,14,423,1990-04-01,2025-06-01,0.0436062793107,HC3,0.457345377165,0.0579795181223,0.451992129824,-0.0517615413616,0.138974099983,-0.0700314880499,0.157244046671,0.0449690879429,0.332198769917,-0.0303612880928,0.117573846714,-0.0445315134749,0.131744072096
single,baseline,lwti,terrorism,15,422,1990-04-01,2025-05-01,0.0696057882332,HC3,0.457840298009,0.0512987151944,0.174821897712,-0.0147730895123,0.153984665979,-0.0309378460011,0.170149422468,0.0414700641972,0.0932575950275,0.00139360272858,0.137817973738,-0.0116740440298,0.150885620496
single,baseline,lwti,terrorism,16,421,1990-04-01,2025-04-01,0.0671712618242,HC3,0.458572340049,0.0409619172077,0.101037060326,-0.000205096261676,0.13454761991,-0.0131126206405,0.147455144289,0.0372231647107,0.0711442870354,0.00594460434329,0.128397919305,-0.00578480039926,0.140127324048
single,baseline,lwti,terrorism,17,420,1990-04-01,2025-03-01,0.0809545167762,HC3,0.458623923173,0.0463108353895,0.0804521509289,0.0047799712186,0.157129062334,-0.00981305268121,0.171722086234,0.040496107587,0.0456008794218,0.0143443473343,0.147564686218,0.00158360439165,0.160325429161
single,baseline,lwti,terrorism,18,419,1990-04-01,2025-02-01,0.0803411077416,HC3,0.458765317388,0.0674529114428,0.23362628915,-0.0306090582935,0.191291273777,-0.0518641693387,0.212546384822,0.0520471500059,0.122680016237,-0.00526883571806,0.165951051201,-0.0216694317679,0.182351647251
single,baseline,lwti,terrorism,19,418,1990-04-01,2025-01-01,0.0685865954849,HC3,0.459345186628,0.0803630236895,0.393404472483,-0.0635988155036,0.200772006473,-0.0889220366353,0.226095227605,0.0589594614806,0.244714313712,-0.0283930885747,0.165566279544,-0.0469718255651,0.184145016535
single,baseline,lwti,terrorism,20,417,1990-04-01,2024-12-01,0.0718820095218,HC3,0.459453079621,0.0729494784395,0.324443827752,-0.0481092046736,0.191873223717,-0.0710963409106,0.214860359954,0.0551596198689,0.192518909772,-0.0188474912808,0.162611510324,-0.0362288588221,0.179992877866
single,baseline,lwti,terrorism,21,416,1990-04-01,2024-11-01,0.0808953624893,HC3,0.459460647136,0.0780229198288,0.299821911054,-0.0474409201765,0.209231645155,-0.0720267503438,0.233817475322,0.0583284429707,0.165474114344,-0.0150463884856,0.176837113464,-0.0334262850076,0.195217009986
single,baseline,lwti,terrorism,22,415,1990-04-01,2024-10-01,0.094200514683,HC3,0.459460681854,0.0797817198277,0.237710773673,-0.0370287365401,0.225429765906,-0.062168782804,0.25056981217,0.0601186953729,0.117136003212,-0.00468593944867,0.193086968815,-0.0236299630454,0.212030992411
single,baseline,lwti,terrorism,23,414,1990-04-01,2024-09-01,0.116093420338,HC3,0.460494839435,0.104658716137,0.267319301111,-0.0560548484916,0.288241689168,-0.0890338939583,0.321220734635,0.0735898969806,0.11466378365,-0.00495118861715,0.237138029294,-0.0281401273696,0.260326968046
single,baseline,lwti,terrorism,24,413,1990-04-01,2024-08-01,0.103781654007,HC3,0.460596459802,0.102162498685,0.309701382594,-0.0642607024937,0.271824010507,-0.0964531639865,0.304016472,0.07090016208,0.143256324859,-0.0128387347419,0.220402042755,-0.035180110168,0.242743418182
single,baseline,lwti,terrorism,25,412,1990-04-01,2024-07-01,0.126610442029,HC3,0.460685012231,0.107458928478,0.238708231333,-0.0501437662258,0.303364650284,-0.0840051876044,0.337226071662,0.0739469785641,0.0868637404878,0.00497848613573,0.248242397922,-0.0183229727222,0.27154385678
single,baseline,lwti,terrorism,26,411,1990-04-01,2024-06-01,0.131648086691,HC3,0.461546228841,0.106327606367,0.215665464896,-0.043245262287,0.306541435669,-0.0767501923509,0.340046365733,0.0730605580163,0.0715605647296,0.0114741628511,0.251822010531,-0.011547975711,0.274844149094
single,baseline,lwti,terrorism,27,410,1990-04-01,2024-05-01,0.125902593276,HC3,0.461882004486,0.0892363730041,0.158277424773,-0.020878178516,0.272683365068,-0.0489974839232,0.300802670475,0.0647903717375,0.0519883763632,0.019331915332,0.23247327122,-0.0010842018745,0.252889388426
single,baseline,lwti,terrorism,28,409,1990-04-01,2024-04-01,0.121939866558,HC3,0.46238823318,0.0796520450305,0.125792399888,-0.00907608860453,0.252955821721,-0.0341752729968,0.278055006113,0.0613214450678,0.0467525038305,0.0210750652283,0.222804667888,0.00175204274514,0.242127690371
single,baseline,lwti,terrorism,29,408,1990-04-01,2024-03-01,0.0916262563741,HC3,0.462390713245,0.0625898860821,0.143217247343,-0.0113249447586,0.194577457507,-0.0310476661434,0.214300178892,0.0538273841557,0.0887134159916,0.00308808831622,0.180164424432,-0.0138734779532,0.197125990701
single,baseline,lwti,terrorism,30,407,1990-04-01,2024-02-01,0.111293287203,HC3,0.462390729387,0.0683682642594,0.103556670033,-0.00116250023267,0.223749074638,-0.0227060484311,0.245292622837,0.0549101266367,0.0426801827835,0.0209741662479,0.201612408157,0.00367141660819,0.218915157797
single,baseline,lwti,terrorism,31,406,1990-04-01,2024-01-01,0.0990142950612,HC3,0.465767561548,0.0545702593541,0.0696104810758,0.00925420603896,0.188774384083,-0.0079414478998,0.205970038022,0.0486366337825,0.0417707811669,0.0190141515813,0.179014438541,0.00368824451819,0.194340345604
single,baseline,lwti,terrorism,32,405,1990-04-01,2023-12-01,0.14037706841,HC3,0.465877479584,0.0722490259213,0.0520208225568,0.0215379960798,0.259216140741,-0.00122842031364,0.281982557134,0.056614335072,0.0131554840684,0.0472547740296,0.233499362791,0.0294150106604,0.25133912616
single,baseline,lwti,terrorism,33,404,1990-04-01,2023-11-01,0.128359349284,HC3,0.466081170627,0.0645861730189,0.0468767349738,0.0221245483426,0.234594150225,0.00177277626729,0.2549459223,0.0550773758079,0.0197782783977,0.0377651279231,0.218953570644,0.0204096763372,0.23630902223
single,baseline,lwti,terrorism,34,403,1990-04-01,2023-10-01,0.113971492506,HC3,0.466152702785,0.0522243744803,0.0290842355733,0.0280700407265,0.199872944285,0.0116135994091,0.216329385602,0.0498286703841,0.0221802210755,0.0320106232983,0.195932361713,0.0163090931554,0.211633891856
single,baseline,lwti,terrorism,35,402,1990-04-01,2023-09-01,0.132791901486,HC3,0.46625487179,0.0538928547376,0.0137396769995,0.0441460439045,0.221437759068,0.0271638471767,0.238419955796,0.0490545725387,0.00678893646277,0.0521043099277,0.213479493045,0.0366467060337,0.228937096939
single,baseline,lwti,terrorism,36,401,1990-04-01,2023-08-01,0.111986253827,HC3,0.467034489414,0.0584500013679,0.0553736954917,0.0158445570816,0.208127950572,-0.0025736437505,0.226546151404,0.0509598113702,0.0279818610701,0.0281648232657,0.195807684388,0.0121068588822,0.211865648771
single,baseline,lwti,terrorism,37,400,1990-04-01,2023-07-01,0.143016035869,HC3,0.468666008997,0.065902649022,0.0299984699121,0.0346158245997,0.251416247139,0.0138492173003,0.272182854438,0.0552183133824,0.00959728812916,0.0521899928281,0.23384207891,0.0347901303528,0.251241941386
single,baseline,lwti,terrorism,38,399,1990-04-01,2023-06-01,0.153496028611,HC3,0.469036139019,0.0600289190814,0.0105568688535,0.0547572433377,0.252234813884,0.0358415091803,0.271150548041,0.0514676297821,0.0028601676892,0.068839311093,0.238152746128,0.0526213278682,0.254370729353
single,baseline,lwti,terrorism,39,398,1990-04-01,2023-05-01,0.120877762656,HC3,0.469398350342,0.0479103988195,0.0116359599742,0.0420721693889,0.199683355923,0.0269751064847,0.214780418827,0.0445873045515,0.00670734575348,0.0475381730483,0.194217352263,0.0334882515671,0.208267273745
single,baseline,lwti,terrorism,40,397,1990-04-01,2023-04-01,0.136129329118,HC3,0.470703851935,0.0519575834932,0.00879274823962,0.0506667094617,0.221591948775,0.0342943367478,0.237964321489,0.0465662591812,0.00346290482531,0.0595346488104,0.212724009426,0.0448611382282,0.227397520008
single,baseline,lwti,terrorism,41,396,1990-04-01,2023-03-01,0.119785692069,HC3,0.470927648746,0.0497876598343,0.0161312953375,0.0378922792132,0.201679104925,0.0222036719193,0.217367712219,0.044654981337,0.00730804894858,0.0463347840554,0.193236600083,0.0322635369182,0.20730784722
single,baseline,lwti,terrorism,42,395,1990-04-01,2023-02-01,0.142696009901,HC3,0.470945630218,0.0549543327733,0.00941435686317,0.0523041763217,0.233087843479,0.0349874968704,0.250404522931,0.0472600534685,0.00253293503344,0.064960139543,0.220431880258,0.0500680071949,0.235324012606
single,baseline,lwti,terrorism,43,394,1990-04-01,2023-01-01,0.147137671785,HC3,0.471731413976,0.0591843895576,0.0129155587434,0.0497880139625,0.244487329608,0.0311383998054,0.263136943765,0.0519108287636,0.00459073442038,0.0617519568154,0.232523386755,0.045394317001,0.24888102657
single,baseline,lwti,terrorism,44,393,1990-04-01,2022-12-01,0.145453677814,HC3,0.472033603746,0.0545998693704,0.0077219135852,0.0556448846492,0.235262470979,0.0384399002876,0.252467455341,0.0514639540433,0.00470859844063,0.0608030063488,0.23010434928,0.0445861813873,0.246321174241
single,baseline,lwti,terrorism,45,392,1990-04-01,2022-11-01,0.139662436574,HC3,0.472047961424,0.0724103029623,0.0537600794558,0.0205580871179,0.25876678603,-0.00225914934161,0.28158402249,0.0609120596483,0.0218564336807,0.0394710143365,0.239853858812,0.0202769934393,0.259047879709
single,baseline,lwti,terrorism,46,391,1990-04-01,2022-10-01,0.121724493252,HC3,0.4728624697,0.0904379432234,0.178320269907,-0.0270326856726,0.270481672177,-0.0555306183013,0.298979604806,0.0711129700916,0.0869508735751,0.00475406647396,0.238694920031,-0.0176543669608,0.261103353466
single,baseline,lwti,terrorism,47,390,1990-04-01,2022-09-01,0.153138332847,HC3,0.472862491556,0.0848113134398,0.0709752669853,0.0136361363286,0.292640529365,-0.013088786977,0.31936545267,0.066830668719,0.021938094779,0.0432116650126,0.263065000681,0.0221526290947,0.284124036598
single,baseline,lwti,terrorism,48,389,1990-04-01,2022-08-01,0.164451201818,HC3,0.472875087418,0.0768839273711,0.0324393752275,0.0379883950272,0.290914008609,0.0137614731805,0.315140930455,0.0622121750923,0.00820798064948,0.0621212799767,0.266781123659,0.042517579237,0.286384824399
single,baseline,lwti,civil_war,0,432,1990-04-01,2026-03-01,0.00949948209046,HC3,0.449032414853,0.0170977619747,0.578485709677,-0.0186238337063,0.0376227978873,-0.0240115155962,0.0430104797771,0.0162819140281,0.559598700749,-0.0172818832523,0.0362808474332,-0.0224124830039,0.0414114471849
single,baseline,lwti,civil_war,1,432,1990-04-01,2026-03-01,0.0281154857027,HC3,0.449032414853,0.0269287445855,0.296453153222,-0.0161783574981,0.0724093289035,-0.0246638838338,0.0808948552393,0.0257371648453,0.274653792387,-0.0142183832406,0.070449354646,-0.0223284304583,0.0785594018638
single,baseline,lwti,civil_war,2,432,1990-04-01,2026-03-01,0.0461954095758,HC3,0.449032414853,0.0323184350463,0.152894289071,-0.00696368552749,0.099354504679,-0.0171475591516,0.109538378303,0.0305975826559,0.131101311578,-0.00413313523173,0.0965239543833,-0.0137747504438,0.106165569595
single,baseline,lwti,civil_war,3,432,1990-04-01,2026-03-01,0.0568028424529,HC3,0.449032414853,0.0356769953737,0.111352803838,-0.00188059278638,0.115486277692,-0.0131227835563,0.126728468462,0.0341140480686,0.0958954905908,0.000690226757182,0.112915458149,-0.0100594631285,0.123665148034
single,baseline,lwti,civil_war,4,432,1990-04-01,2026-03-01,0.0494523348979,HC3,0.449032414853,0.0413159503806,0.231333515226,-0.0185063559366,0.117411025732,-0.0315254398351,0.130430109631,0.0396268920696,0.212049784808,-0.0157281022476,0.114632772043,-0.0282149463777,0.127119616174
single,baseline,lwti,civil_war,5,432,1990-04-01,2026-03-01,0.0223815329895,HC3,0.449032414853,0.0426019523481,0.599330159885,-0.0476924428455,0.0924555088244,-0.0611167592839,0.105879825263,0.0410226272506,0.585347836884,-0.0450946842308,0.0898577502097,-0.058021338973,0.102784404952
single,baseline,lwti,civil_war,6,431,1990-04-01,2026-02-01,0.0135045998204,HC3,0.450326443266,0.0411324996901,0.742670136885,-0.0541523414804,0.0811615411212,-0.0671136181662,0.094122817807,0.0401064090042,0.736328553167,-0.0524645724942,0.079473772135,-0.0651025173772,0.092111717018
single,baseline,lwti,civil_war,7,430,1990-04-01,2026-01-01,0.00411147185702,HC3,0.452545121706,0.0430506013738,0.92391511795,-0.0667004659551,0.0749234096691,-0.0802661563484,0.0884891000624,0.0419251002831,0.921879033649,-0.064849181404,0.073072125118,-0.0780602147461,0.0862831584602
single,baseline,lwti,civil_war,8,429,1990-04-01,2025-12-01,-0.0373310312911,HC3,0.452823121258,0.0496117022712,0.451771933792,-0.118935019711,0.0442729571288,-0.134568180954,0.0599061183721,0.0480424806915,0.437133917508,-0.116353879904,0.041691817322,-0.131492563174,0.0568305005921
single,baseline,lwti,civil_war,9,428,1990-04-01,2025-11-01,-0.0191634796909,HC3,0.453077706771,0.0553253996478,0.729058949671,-0.110165663964,0.0718387045824,-0.127599270431,0.0892723110492,0.0530233043276,0.717788360177,-0.106379054127,0.0680520947453,-0.123087246514,0.0847602871325
single,baseline,lwti,civil_war,10,427,1990-04-01,2025-10-01,-0.022293939611,HC3,0.453078643644,0.0565837966133,0.693582034194,-0.115366002697,0.070778123475,-0.133196143082,0.0886082638595,0.0537539412007,0.678331837776,-0.110711304758,0.0661234255359,-0.127649728391,0.0830618491694
single,baseline,lwti,civil_war,11,426,1990-04-01,2025-09-01,-0.0259530535733,HC3,0.453098361082,0.059554345494,0.662990740465,-0.12391123476,0.0720051276133,-0.142677425864,0.0907713187179,0.056446540594,0.645673337255,-0.118799350598,0.0668932434517,-0.136586240189,0.0846801330429
single,baseline,lwti,civil_war,12,425,1990-04-01,2025-08-01,-0.0258488189192,HC3,0.453227867444,0.0620975623638,0.67721872681,-0.127990219598,0.0762925817597,-0.14755780468,0.0958601668416,0.0587258380711,0.659820561882,-0.122444226666,0.0707465888278,-0.140949346501,0.0892517086621
single,baseline,lwti,civil_war,13,424,1990-04-01,2025-07-01,-0.0119044107532,HC3,0.453508370735,0.0640017998404,0.852443830325,-0.117178003352,0.0933691818456,-0.137345633386,0.11353681188,0.0606363982908,0.844356184006,-0.111642410407,0.0878335889006,-0.130749567555,0.106940746049
single,baseline,lwti,civil_war,14,423,1990-04-01,2025-06-01,-0.0252274408776,HC3,0.45352826446,0.062989971091,0.688788780849,-0.128836723288,0.0783818415329,-0.148685515603,0.0982306338479,0.0599132317052,0.673706692439,-0.12377593735,0.0733210555951,-0.142655217217,0.092200335462
single,baseline,lwti,civil_war,15,422,1990-04-01,2025-05-01,-0.0315039492056,HC3,0.453890702469,0.061405769005,0.607919541867,-0.132507451069,0.069499552658,-0.151857044898,0.0888491464872,0.0587478845824,0.591781122457,-0.128135620237,0.0651277218255,-0.146647687155,0.0836397887439
single,baseline,lwti,civil_war,16,421,1990-04-01,2025-04-01,-0.0538333096823,HC3,0.454100500747,0.0618115647349,0.383794463495,-0.155504286124,0.0478376667594,-0.174981750391,0.0673151310261,0.0594617007527,0.365283033514,-0.15163910383,0.0439724844656,-0.170376101617,0.0627094822526
single,baseline,lwti,civil_war,17,420,1990-04-01,2025-03-01,-0.0411687015361,HC3,0.4542505095,0.0654801369741,0.529532084004,-0.148873942331,0.066536539259,-0.169507411708,0.0871700086358,0.0630964321644,0.514096257344,-0.144953096829,0.0626156937571,-0.164835436131,0.082498033059
single,baseline,lwti,civil_war,18,419,1990-04-01,2025-02-01,-0.0427012428746,HC3,0.454347687972,0.0669107788751,0.523355327868,-0.152759680189,0.0673571944403,-0.173843959647,0.0884414738982,0.0643872206468,0.507206070408,-0.148608796285,0.0632063105356,-0.168897876407,0.0834953906577
single,baseline,lwti,civil_war,19,418,1990-04-01,2025-01-01,-0.0519078420636,HC3,0.454698329161,0.0684599088762,0.448317804143,-0.164514371479,0.0606986873522,-0.186086797846,0.0822711137187,0.0658995322989,0.430883032853,-0.16030292678,0.0564872426526,-0.181068551967,0.0772528678402
single,baseline,lwti,civil_war,20,417,1990-04-01,2024-12-01,-0.0494961427873,HC3,0.454701532815,0.071009123228,0.485778259089,-0.166295756675,0.0673034711009,-0.188671466888,0.0896791813134,0.0686009372633,0.470596861294,-0.162334643257,0.0633423576825,-0.183951509129,0.0849592235544
single,baseline,lwti,civil_war,21,416,1990-04-01,2024-11-01,-0.0578867297033,HC3,0.454703122755,0.0814768703704,0.477413811507,-0.191904255445,0.0761307960382,-0.217578461202,0.101805001796,0.0785260664457,0.461021535388,-0.187050614907,0.0712771555002,-0.211794991785,0.0960215323779
single,baseline,lwti,civil_war,22,415,1990-04-01,2024-10-01,-0.0468167421096,HC3,0.454715502976,0.0814680425917,0.565518634786,-0.180819747447,0.0871862632281,-0.20649117148,0.112857687261,0.0783247675339,0.550022841255,-0.175649520068,0.0820160358486,-0.200330465573,0.106696981354
single,baseline,lwti,civil_war,23,414,1990-04-01,2024-09-01,-0.0368186372166,HC3,0.455681315433,0.0840393572263,0.661305213746,-0.175051078757,0.101413804324,-0.201532750664,0.127895476231,0.0802247099282,0.646274488706,-0.168776542313,0.0951392678799,-0.194056179346,0.120418904913
single,baseline,lwti,civil_war,24,413,1990-04-01,2024-08-01,-0.0466861549448,HC3,0.455754736179,0.0847700304313,0.58181266096,-0.186120446957,0.0927481370669,-0.212832361559,0.119460051669,0.0807601184926,0.56320721977,-0.17952472876,0.0861524188707,-0.204973078577,0.111600768688
single,baseline,lwti,civil_war,25,412,1990-04-01,2024-07-01,-0.049606458326,HC3,0.455766314757,0.087029334528,0.568679742714,-0.192756974876,0.0935440582235,-0.220180819599,0.120967902947,0.0831191952783,0.55063350653,-0.186325368149,0.0871124514967,-0.212517087495,0.113304170843
single,baseline,lwti,civil_war,26,411,1990-04-01,2024-06-01,-0.0708229700318,HC3,0.456512350407,0.0893284743378,0.427872467467,-0.217755235036,0.0761092949728,-0.245903562528,0.104257622464,0.0849463485936,0.404428830496,-0.210547279612,0.0689013395486,-0.237314753893,0.0956688138298
single,baseline,lwti,civil_war,27,410,1990-04-01,2024-05-01,-0.0982767075975,HC3,0.456726793964,0.0914875414188,0.282729180104,-0.248760321921,0.0522069067261,-0.277588993813,0.0810355786174,0.0863300977577,0.254960628575,-0.240277082009,0.0437236668143,-0.267480589984,0.0709271747893
single,baseline,lwti,civil_war,28,409,1990-04-01,2024-04-01,-0.11765753777,HC3,0.457146644281,0.0918194025038,0.200052610002,-0.268687015003,0.0333719394631,-0.297620259759,0.0623051842196,0.0864752469765,0.173642629938,-0.259896661401,0.0245815858611,-0.287145907398,0.0518308318584
single,baseline,lwti,civil_war,29,408,1990-04-01,2024-03-01,-0.0940768614871,HC3,0.457173581499,0.0945448149566,0.319711723833,-0.249589243278,0.0614355203037,-0.279381293727,0.0912275707528,0.0886598934039,0.288645233867,-0.239909408718,0.0517556857434,-0.267847059432,0.0796933364577
single,baseline,lwti,civil_war,30,407,1990-04-01,2024-02-01,-0.0849943284544,HC3,0.457173631028,0.0961446634351,0.376682479645,-0.243138226818,0.0731495699089,-0.273434406093,0.103445749184,0.0902245348441,0.346176657203,-0.233400481833,0.063411824924,-0.261831167271,0.091842510362
single,baseline,lwti,civil_war,31,406,1990-04-01,2024-01-01,-0.0982058773427,HC3,0.460442822553,0.095950162792,0.306067137575,-0.256029850618,0.0596180959322,-0.286264740726,0.0898529860403,0.0900939496257,0.275696167346,-0.246397237151,0.0499854824656,-0.274786773834,0.0783750191487
single,baseline,lwti,civil_war,32,405,1990-04-01,2023-12-01,-0.0995059529016,HC3,0.460544381079,0.0929241395591,0.284245891867,-0.252352560887,0.0533406550835,-0.281633919732,0.0826220139286,0.0877173193027,0.256629543287,-0.243788103703,0.0447761979,-0.271428739555,0.0724168337521
single,baseline,lwti,civil_war,33,404,1990-04-01,2023-11-01,-0.104228898012,HC3,0.4605950852,0.0876809509093,0.234546284958,-0.248451228129,0.0399934321059,-0.276080403924,0.0676226079006,0.0829310083313,0.208820795717,-0.240638267852,0.0321804718287,-0.266770687543,0.0583128915192
single,baseline,lwti,civil_war,34,403,1990-04-01,2023-10-01,-0.105841033949,HC3,0.460862329282,0.0883406015188,0.230877387068,-0.251148392764,0.0394663248661,-0.278985431299,0.0673033634003,0.0830749268499,0.202648156404,-0.242487128687,0.0308050607886,-0.268664898593,0.056982830695
single,baseline,lwti,civil_war,35,402,1990-04-01,2023-09-01,-0.124555621422,HC3,0.461049129929,0.0902078743156,0.167352094835,-0.272934370669,0.0238231278258,-0.301359806202,0.0522485633587,0.0846623659179,0.141235923725,-0.263812821068,0.0147015782245,-0.290490809467,0.0413795666232
single,baseline,lwti,civil_war,36,401,1990-04-01,2023-08-01,-0.103233863581,HC3,0.461462440714,0.0927396155131,0.265640490946,-0.25577695652,0.0493092293577,-0.285000169927,0.0785324427646,0.0867412168616,0.233992858029,-0.245910468742,0.0394427415798,-0.273243524605,0.0667757974427
single,baseline,lwti,civil_war,37,400,1990-04-01,2023-07-01,-0.126229257682,HC3,0.462467315958,0.0950150016749,0.184006632275,-0.282515027802,0.0300565124378,-0.312455238956,0.0599967235919,0.0887599643355,0.154985082957,-0.272226406947,0.0197678915833,-0.300195591049,0.0477370756846
single,baseline,lwti,civil_war,38,399,1990-04-01,2023-06-01,-0.138331116347,HC3,0.462510929389,0.0951343306171,0.145929405313,-0.29481316511,0.0181509324164,-0.32479097805,0.0481287453561,0.0885214213262,0.118126653591,-0.283935897278,0.00727366458459,-0.311829914006,0.0351676813129
single,baseline,lwti,civil_war,39,398,1990-04-01,2023-05-01,-0.134278978859,HC3,0.462554221086,0.0927678323249,0.147764353471,-0.286868484323,0.0183105266055,-0.316100589139,0.0475426314221,0.0858601937593,0.11783497658,-0.275506429974,0.00694847225718,-0.302561866332,0.0340039086153
single,baseline,lwti,civil_war,40,397,1990-04-01,2023-04-01,-0.137763215596,HC3,0.463341223158,0.0920974842973,0.134695030304,-0.289250096675,0.0137236654836,-0.318270967885,0.0427445366935,0.0845761201405,0.103341266196,-0.276878553562,0.00135212237076,-0.303529365023,0.0280029338317
single,baseline,lwti,civil_war,41,396,1990-04-01,2023-03-01,-0.140395043356,HC3,0.463476079256,0.0921797290082,0.127744277714,-0.292017204947,0.0112271182343,-0.321063992317,0.0402739056045,0.0847223005806,0.0974951576301,-0.27975082675,-0.00103925996248,-0.306447701182,0.0256576144692
single,baseline,lwti,civil_war,42,395,1990-04-01,2023-02-01,-0.152520071809,HC3,0.463543845684,0.0879570691107,0.0829130119766,-0.297196575952,-0.00784356766611,-0.324912759452,0.0198726158338,0.081362625922,0.0608516765951,-0.286349682155,-0.0186904614629,-0.311987888304,0.00694774468576
single,baseline,lwti,civil_war,43,394,1990-04-01,2023-01-01,-0.178984955349,HC3,0.464115279097,0.0861781438263,0.0378091096715,-0.320735387785,-0.0372345229119,-0.347891013503,-0.0100788971944,0.079970666087,0.0252124088753,-0.310524995511,-0.0474449151856,-0.335724580699,-0.0222453299983
single,baseline,lwti,civil_war,44,393,1990-04-01,2022-12-01,-0.157892453036,HC3,0.46428476761,0.077328398543,0.0411671025158,-0.285086349846,-0.0306985562264,-0.309453329163,-0.00633157690972,0.0728782396883,0.0302711703548,-0.277766489913,-0.0380184161591,-0.300731178082,-0.0150537279905
single,baseline,lwti,civil_war,45,392,1990-04-01,2022-11-01,-0.16813503108,HC3,0.464448628192,0.0660152978448,0.0108681416927,-0.276720533174,-0.0595495289857,-0.297522637285,-0.0387474248755,0.0631619950559,0.00776859159711,-0.272027267733,-0.0642427944268,-0.291930266581,-0.0443397955787
single,baseline,lwti,civil_war,46,391,1990-04-01,2022-10-01,-0.164668889267,HC3,0.464827941834,0.0567351461089,0.00370298672277,-0.257989900119,-0.0713478784137,-0.275867732298,-0.0534700462354,0.0557529872009,0.00314148032433,-0.256374392477,-0.0729633860558,-0.273942736211,-0.0553950423222
single,baseline,lwti,civil_war,47,390,1990-04-01,2022-09-01,-0.196018960348,HC3,0.464829115878,0.0605054716981,0.00119659793119,-0.295541604921,-0.0964963157749,-0.314607505744,-0.077430414952,0.0590782164263,0.000906785605015,-0.29319397891,-0.0988439417853,-0.311810136814,-0.0802277838815
single,baseline,lwti,civil_war,48,389,1990-04-01,2022-08-01,-0.20798373788,HC3,0.464835639224,0.0607177402545,0.000613850572888,-0.307855533158,-0.108111942603,-0.326988322002,-0.088979153759,0.0595670179615,0.00048015063811,-0.305962763421,-0.11000471234,-0.324732947751,-0.0912345280095
single,baseline,lwti,nuclear_threat,0,432,1990-04-01,2026-03-01,0.0190881634422,HC3,0.451104602011,0.0150749736068,0.20543598245,-0.00570796157112,0.0438842884555,-0.010458241895,0.0486345687794,0.0141040708582,0.175934353474,-0.00411096866367,0.042287295548,-0.00855530747524,0.0467316343596
single,baseline,lwti,nuclear_threat,1,432,1990-04-01,2026-03-01,0.0255623997954,HC3,0.451104602011,0.0247284289285,0.301264655274,-0.0151122462165,0.0662370458072,-0.0229044302987,0.0740292298895,0.0232232582974,0.271016759507,-0.0126364608448,0.0637612604355,-0.0199543500713,0.071079149662
single,baseline,lwti,nuclear_threat,2,432,1990-04-01,2026-03-01,0.0249727805729,HC3,0.451104602011,0.0265892056767,0.347624234873,-0.0187625708221,0.068708131968,-0.0271411049309,0.0770866660768,0.0247596661987,0.313162995282,-0.0157532461762,0.0656988073221,-0.0235552734458,0.0735008345917
single,baseline,lwti,nuclear_threat,3,432,1990-04-01,2026-03-01,0.0214919734582,HC3,0.451104602011,0.0288480190632,0.456267544346,-0.0259587953283,0.0689427422447,-0.0350491049311,0.0780330518475,0.0271569284089,0.428711032831,-0.023177198732,0.0661611456484,-0.0317346281539,0.0747185750703
single,baseline,lwti,nuclear_threat,4,432,1990-04-01,2026-03-01,0.0383488238156,HC3,0.451104602011,0.0291956719421,0.189010960153,-0.00967378306961,0.0863714307008,-0.0188736416953,0.0955712893265,0.0277521815386,0.167023608702,-0.00729945264395,0.0839971002751,-0.0160444524924,0.0927421001236
single,baseline,lwti,nuclear_threat,5,432,1990-04-01,2026-03-01,0.0428044309127,HC3,0.451104602011,0.033420588611,0.20027085169,-0.0121675454789,0.0977764073043,-0.0226987191069,0.108307580932,0.0317267963978,0.17728652823,-0.00938150521372,0.0949903670391,-0.0193789473718,0.104987809197
single,baseline,lwti,nuclear_threat,6,431,1990-04-01,2026-02-01,0.0475476891369,HC3,0.451825299413,0.0400434743309,0.235069213289,-0.0183179648519,0.113413343126,-0.0309360783674,0.126031456641,0.0379779694592,0.210576854959,-0.0149205116723,0.110015889946,-0.0268877632091,0.121983141483
single,baseline,lwti,nuclear_threat,7,430,1990-04-01,2026-01-01,0.0242043934943,HC3,0.454759734978,0.0433991377807,0.577038330742,-0.0471808356908,0.0955896226794,-0.0608563535159,0.109265140505,0.0410079509415,0.555032038386,-0.0432476833456,0.0916564703343,-0.0561697134308,0.104578500419
single,baseline,lwti,nuclear_threat,8,429,1990-04-01,2025-12-01,0.0394582364562,HC3,0.454994388814,0.0433294482539,0.362476478847,-0.0318123636581,0.11072883657,-0.0454659215916,0.124382394504,0.04088998238,0.33455211902,-0.0277997993675,0.10671627228,-0.0406846563371,0.119601129249
single,baseline,lwti,nuclear_threat,9,428,1990-04-01,2025-11-01,0.0322151420306,HC3,0.455262064234,0.0454481213238,0.478427927502,-0.0425403651669,0.106970649228,-0.056861538929,0.12129182299,0.0430655989576,0.454431109431,-0.0386214646117,0.103051748673,-0.052191880899,0.11662216496
single,baseline,lwti,nuclear_threat,10,427,1990-04-01,2025-10-01,0.0370605716247,HC3,0.455282908345,0.0420853995157,0.378532186796,-0.0321637504104,0.10628489366,-0.0454252957011,0.11954643895,0.0402342581021,0.356987885841,-0.0291188937422,0.103240036992,-0.0417971252001,0.115918268449
single,baseline,lwti,nuclear_threat,11,426,1990-04-01,2025-09-01,0.0827561849267,HC3,0.45529951095,0.0436789067108,0.0581389549394,0.0109107768021,0.154601593051,-0.00285289911063,0.168365268964,0.0420597327356,0.0491155724141,0.013574080988,0.151938288865,0.000320623565626,0.165191746288
single,baseline,lwti,nuclear_threat,12,425,1990-04-01,2025-08-01,0.0822149437182,HC3,0.455363025613,0.0438151086026,0.0605995167332,0.010145503418,0.154284384018,-0.00366109112156,0.168090978558,0.0422983805156,0.0519328324296,0.012640299113,0.151789588323,-0.000688358696687,0.165118246133
single,baseline,lwti,nuclear_threat,13,424,1990-04-01,2025-07-01,0.0806726552885,HC3,0.455620459215,0.0425930028964,0.0582203112166,0.0106133999917,0.150731910585,-0.00280809638177,0.164153406959,0.0411363989048,0.0498671790027,0.0130093003502,0.148336010227,4.6794981398e-05,0.161298515596
single,baseline,lwti,nuclear_threat,14,423,1990-04-01,2025-06-01,0.0753685620158,HC3,0.455620990689,0.0428427051887,0.0785448321143,0.00489858299779,0.145838541034,-0.00860159715428,0.159338721186,0.0415001320766,0.0693543975123,0.00710691925061,0.143630204781,-0.00597020220803,0.15670732624
single,baseline,lwti,nuclear_threat,15,422,1990-04-01,2025-05-01,0.0822591856346,HC3,0.455963763283,0.0436666299781,0.0595920705019,0.0104339709384,0.154084400331,-0.00332583644872,0.167844207718,0.042186365062,0.0511880606229,0.0128687900544,0.151649581215,-0.00042457052568,0.164942941795
single,baseline,lwti,nuclear_threat,16,421,1990-04-01,2025-04-01,0.0883085125749,HC3,0.456329466823,0.0466966175711,0.058609455779,0.0114994117966,0.165117613353,-0.00321517606442,0.179832201214,0.0448787090806,0.049100829877,0.0144896051708,0.162127419979,0.000347859104294,0.176269166045
single,baseline,lwti,nuclear_threat,17,420,1990-04-01,2025-03-01,0.0901019745097,HC3,0.456398335591,0.0469997254988,0.05522846971,0.0127943055572,0.167409643462,-0.00201579475126,0.182219743771,0.0451437961434,0.0459460825905,0.0158470376888,0.164356911331,0.00162175994319,0.178582189076
single,baseline,lwti,nuclear_threat,18,419,1990-04-01,2025-02-01,0.118492141152,HC3,0.45645255814,0.047445616033,0.012509689073,0.040451047537,0.196533234767,0.0255004425029,0.211483839801,0.0456051504837,0.00937088710839,0.0434783439711,0.193505938333,0.0291076886943,0.207876593609
single,baseline,lwti,nuclear_threat,19,418,1990-04-01,2025-01-01,0.131425127266,HC3,0.457251670509,0.0478275048142,0.00599785790068,0.0527558825045,0.210094372028,0.0376849403599,0.225165314172,0.0461957680971,0.00444169555772,0.0554398505617,0.207410403971,0.0408830855576,0.221967168975
single,baseline,lwti,nuclear_threat,20,417,1990-04-01,2024-12-01,0.124208787096,HC3,0.457342219977,0.0492651718542,0.011694566911,0.043174790489,0.205242783703,0.0276508245694,0.220766749622,0.0477021867259,0.00921862028887,0.0457456722463,0.202671901945,0.0307142191294,0.217703355062
single,baseline,lwti,nuclear_threat,21,416,1990-04-01,2024-11-01,0.105204019291,HC3,0.457379002473,0.049416811144,0.0332615802096,0.0239205982479,0.186487440333,0.00834884921745,0.202059189364,0.0477224067385,0.0274892387614,0.0267076454798,0.183700393101,0.0116698208275,0.198738217754
single,baseline,lwti,nuclear_threat,22,415,1990-04-01,2024-10-01,0.107191708582,HC3,0.457379891711,0.0494097104482,0.0300488246694,0.025919967145,0.18846345002,0.0103504556173,0.204032961548,0.047617298279,0.0243786613022,0.0288682228026,0.185515194362,0.0138635189145,0.20051989825
single,baseline,lwti,nuclear_threat,23,414,1990-04-01,2024-09-01,0.0932314423889,HC3,0.458611825212,0.0468829148219,0.0467451876848,0.016115909902,0.170346974876,0.00134261784762,0.18512026693,0.0454608629155,0.040285774546,0.018454977138,0.16800790764,0.0041297883684,0.182333096409
single,baseline,lwti,nuclear_threat,24,413,1990-04-01,2024-08-01,0.0810225368937,HC3,0.458616999528,0.0464452989897,0.0810767699164,0.00462681839561,0.157418255392,-0.0100085763773,0.172053650165,0.0450529753858,0.0721162228724,0.00691698692542,0.155128086862,-0.00727967225883,0.169324746046
single,baseline,lwti,nuclear_threat,25,412,1990-04-01,2024-07-01,0.0978616986061,HC3,0.458635490536,0.0509711685423,0.0548651978899,0.0140215871593,0.181701810053,-0.00203995598676,0.197763353199,0.0495341670303,0.0481955263298,0.0163852443082,0.179338152904,0.000776515222477,0.19494688199
single,baseline,lwti,nuclear_threat,26,411,1990-04-01,2024-06-01,0.0795982317949,HC3,0.459264342528,0.0576374217223,0.167273880075,-0.0152068903731,0.174403353963,-0.0333690389425,0.192565502532,0.056185610076,0.156570250999,-0.0128188727211,0.172015336311,-0.0305235404035,0.189720003993
single,baseline,lwti,nuclear_threat,27,410,1990-04-01,2024-05-01,0.057731127033,HC3,0.459585594366,0.0590624058114,0.328341573091,-0.0394178853824,0.154880139448,-0.0580290611976,0.173491315264,0.057704307858,0.317085639134,-0.0371840130379,0.152646267104,-0.0553672381214,0.170829492187
single,baseline,lwti,nuclear_threat,28,409,1990-04-01,2024-04-01,0.057657691979,HC3,0.460022324907,0.0555839696536,0.29959237562,-0.0337698021061,0.149085186064,-0.0512848866598,0.166600270618,0.0542632073739,0.287983388087,-0.03159734148,0.146912725438,-0.0486962401595,0.164011624117
single,baseline,lwti,nuclear_threat,29,408,1990-04-01,2024-03-01,0.0552976083811,HC3,0.460071999052,0.0557076439418,0.320885663183,-0.0363333118055,0.146928528568,-0.0538873674085,0.164482584171,0.0541935598359,0.307551916317,-0.0338428650723,0.144438081835,-0.0509198170912,0.161515033854
single,baseline,lwti,nuclear_threat,30,407,1990-04-01,2024-02-01,0.0698364142247,HC3,0.460073833169,0.0596278075671,0.241516198214,-0.0282426013192,0.167915429769,-0.0470319410839,0.186704769533,0.0574204956441,0.223898082579,-0.0246118962969,0.164284724746,-0.0427056892122,0.182378517662
single,baseline,lwti,nuclear_threat,31,406,1990-04-01,2024-01-01,0.05479007473,HC3,0.463508561659,0.0779383122728,0.482060217635,-0.0734070408904,0.18298719035,-0.0979662103406,0.207546359801,0.0734575457293,0.455743522223,-0.0660368357898,0.17561698525,-0.0891840692922,0.198764218752
single,baseline,lwti,nuclear_threat,32,405,1990-04-01,2023-12-01,-0.00207959873931,HC3,0.46366286939,0.0886631614805,0.981287294831,-0.147917521478,0.143758323999,-0.175856201997,0.171697004518,0.0826007744929,0.979914178011,-0.137945782253,0.133786584774,-0.163974141841,0.159814944362
single,baseline,lwti,nuclear_threat,33,404,1990-04-01,2023-11-01,0.0094158135087,HC3,0.463734201259,0.0711856408441,0.894769748807,-0.107674146021,0.126505773038,-0.130105478762,0.14893710578,0.0678382764251,0.88960981619,-0.102168221515,0.120999848533,-0.123544765058,0.142376392075
single,baseline,lwti,nuclear_threat,34,403,1990-04-01,2023-10-01,0.0215796731188,HC3,0.463889541303,0.0615418903153,0.72585082758,-0.0796477283758,0.122807074613,-0.0990402154398,0.142199561677,0.0594024566573,0.716396377484,-0.0761286731639,0.119288019401,-0.0948470025228,0.13800634876
single,baseline,lwti,nuclear_threat,35,402,1990-04-01,2023-09-01,0.016301590915,HC3,0.464001158017,0.064746719481,0.801215153763,-0.0901972854565,0.122800467287,-0.110599647385,0.143202829215,0.0626840390512,0.794817741515,-0.0868044780702,0.1194076599,-0.106556868031,0.139160049861
single,baseline,lwti,nuclear_threat,36,401,1990-04-01,2023-08-01,0.00216977702369,HC3,0.464458412014,0.0644239973447,0.973132614863,-0.103798268671,0.108137822719,-0.124098937512,0.128438491559,0.0625358833566,0.972321742321,-0.10069259753,0.105032151577,-0.120398302097,0.124737856144
single,baseline,lwti,nuclear_threat,37,400,1990-04-01,2023-07-01,0.00371609915939,HC3,0.465678652563,0.0612779227403,0.951643240366,-0.0970771143121,0.104509312631,-0.116386422459,0.123818620778,0.0592229284202,0.949967458627,-0.0936969494513,0.10112914777,-0.112358707603,0.119790905922
single,baseline,lwti,nuclear_threat,38,399,1990-04-01,2023-06-01,0.00370611989579,HC3,0.465835724134,0.0596908048967,0.950492256863,-0.0944765170343,0.101888756826,-0.11328570791,0.120697947702,0.0575576289674,0.948659911382,-0.09096775487,0.0983799946616,-0.109104759916,0.116516999708
single,baseline,lwti,nuclear_threat,39,398,1990-04-01,2023-05-01,0.0117784357906,HC3,0.465985183482,0.0580577018936,0.839233010784,-0.0837179857416,0.107274857323,-0.102012568946,0.125569440527,0.0561108571764,0.83373505512,-0.0805157111474,0.104072582729,-0.0981968234168,0.121753694998
single,baseline,lwti,nuclear_threat,40,397,1990-04-01,2023-04-01,0.0163521578704,HC3,0.466831643307,0.058514286799,0.779895040109,-0.0798952789995,0.11259959474,-0.0983337368368,0.131038052578,0.0568479469638,0.773616742025,-0.0771543938778,0.109858709619,-0.0950677707738,0.127772086515
single,baseline,lwti,nuclear_threat,41,396,1990-04-01,2023-03-01,0.0107715954213,HC3,0.466896665028,0.0595085815905,0.856360424988,-0.0871113108426,0.108654501685,-0.105863081267,0.12740627211,0.0578952788014,0.852403129581,-0.0844576638986,0.106000854741,-0.102701065904,0.124244256747
single,baseline,lwti,nuclear_threat,42,395,1990-04-01,2023-02-01,0.0122782550981,HC3,0.466927795711,0.0607061446584,0.839715654586,-0.0875744671215,0.112130977318,-0.106703602073,0.131260112269,0.0592374604341,0.835797595643,-0.0851586965483,0.109715206744,-0.103825033888,0.128381544085
single,baseline,lwti,nuclear_threat,43,394,1990-04-01,2023-01-01,-0.00161494580408,HC3,0.46765687287,0.0606245451966,0.978748080626,-0.101333448853,0.0981035572448,-0.120436870968,0.11720697936,0.0592848877134,0.978267969583,-0.0991299083828,0.0959000167747,-0.11781119055,0.114581298942
single,baseline,lwti,nuclear_threat,44,393,1990-04-01,2022-12-01,0.0120781851202,HC3,0.467803903389,0.0568311129347,0.8316953781,-0.0814006771141,0.105557047354,-0.0993087494331,0.123465119673,0.0555052501477,0.827737377489,-0.0792198269002,0.103376197141,-0.0967101061223,0.120866476363
single,baseline,lwti,nuclear_threat,45,392,1990-04-01,2022-11-01,0.00908978662326,HC3,0.46805453468,0.0555865039316,0.870105040386,-0.0823418759781,0.100521449225,-0.0998577591091,0.118037332356,0.0544239353314,0.867355744335,-0.0804296207996,0.0986091940461,-0.0975791665233,0.11575873977
single,baseline,lwti,nuclear_threat,46,391,1990-04-01,2022-10-01,0.0165489074377,HC3,0.468219393505,0.0536105869197,0.757559403918,-0.0716326609001,0.104730475776,-0.0885259121149,0.12162372699,0.052667842515,0.753359462452,-0.0700819843468,0.103179799222,-0.0866781670351,0.119775981911
single,baseline,lwti,nuclear_threat,47,390,1990-04-01,2022-09-01,0.00784722210737,HC3,0.468364960386,0.0521678040326,0.880431130419,-0.0779611795657,0.0936556237804,-0.094399794949,0.110094239164,0.0512725096199,0.878359391285,-0.0764885513038,0.0921829955186,-0.0926450501446,0.108339494359
single,baseline,lwti,nuclear_threat,48,389,1990-04-01,2022-08-01,0.00362429046817,HC3,0.468391153525,0.0518542148811,0.944278151965,-0.0816683029517,0.088916883888,-0.0980081031453,0.105256684082,0.0509867744591,0.943331735763,-0.0802414904274,0.0874900713638,-0.0963079511595,0.103556532096
single,baseline,lwti,coup,0,432,1990-04-01,2026-03-01,0.00704546617482,HC3,0.446390356189,0.0102954242526,0.493766899464,-0.00988899974813,0.0239799320978,-0.0131331945659,0.0272241269155,0.0097903025121,0.471748383498,-0.00905814842116,0.0231490807708,-0.0121431741466,0.0262341064963
single,baseline,lwti,coup,1,432,1990-04-01,2026-03-01,0.00265228752712,HC3,0.446390356189,0.0202031952688,0.895553340647,-0.0305790114868,0.035883586541,-0.0369452475724,0.0422498226266,0.0184964112953,0.885978460893,-0.0277716016776,0.0330761767318,-0.033600012455,0.0389045875092
single,baseline,lwti,coup,2,432,1990-04-01,2026-03-01,0.0101506004691,HC3,0.446390356189,0.0261760143203,0.698176991572,-0.0329051116248,0.053206312563,-0.0411534448575,0.0614546457957,0.0245673666202,0.679479036379,-0.0302591216208,0.050560322559,-0.0380005533015,0.0583017542397
single,baseline,lwti,coup,3,432,1990-04-01,2026-03-01,0.0189138527852,HC3,0.446390356189,0.030205924987,0.531207595098,-0.0307704724851,0.0685981780554,-0.0402886723091,0.0781163778794,0.0279897975199,0.499205122187,-0.0271252671831,0.0649529727534,-0.0359451422884,0.0737728478588
single,baseline,lwti,coup,4,432,1990-04-01,2026-03-01,0.0114349410832,HC3,0.446390356189,0.032416812379,0.724277940865,-0.0418859703326,0.0647558524991,-0.0521008436732,0.0749707258397,0.0294670236686,0.697972438946,-0.0370339996736,0.0599038818401,-0.0463193640389,0.0691892462054
single,baseline,lwti,coup,5,432,1990-04-01,2026-03-01,-0.00229953977361,HC3,0.446390356189,0.0318176533971,0.942385088829,-0.054634922365,0.0500358428178,-0.0646609945046,0.0600619149574,0.02934174621,0.937533001354,-0.0505624174482,0.0459633379009,-0.0598083055887,0.0552092260414
single,baseline,lwti,coup,6,431,1990-04-01,2026-02-01,-0.00210841352338,HC3,0.447470852711,0.0311658939028,0.946063210126,-0.0533717471465,0.0491549200998,-0.0631924431188,0.058975616072,0.0284827653346,0.940991140283,-0.0489583933895,0.0447415663428,-0.0579336077592,0.0537167807125
single,baseline,lwti,coup,7,430,1990-04-01,2026-01-01,-0.00145834385546,HC3,0.449595679779,0.0298295459892,0.961007563244,-0.0505235807661,0.0476068930552,-0.0599231796695,0.0570064919586,0.0280132883993,0.958481679777,-0.047536102882,0.044619415171,-0.0563633802067,0.0534466924958
single,baseline,lwti,coup,8,429,1990-04-01,2025-12-01,-0.00250242609351,HC3,0.450169127789,0.0337964411085,0.940975317694,-0.0580926248289,0.0530877726419,-0.0687422334718,0.0637373812848,0.0319513708891,0.937573639939,-0.0550577543866,0.0500529021995,-0.0651259622929,0.0601211101058
single,baseline,lwti,coup,9,428,1990-04-01,2025-11-01,-0.0121477740112,HC3,0.450479247871,0.0370607102778,0.743077716608,-0.0731072177291,0.0488116697067,-0.0847854313973,0.0604898833748,0.0335908691135,0.717621689947,-0.0673998369051,0.0431042888826,-0.0779846676832,0.0536891196607
single,baseline,lwti,coup,10,427,1990-04-01,2025-10-01,-0.0210141522432,HC3,0.450482450623,0.0394426267368,0.594187467266,-0.0858914998877,0.0438631954012,-0.0983202801029,0.0562919756165,0.0356964775115,0.556069380836,-0.0797296327475,0.037701328261,-0.0909779625408,0.0489496580543
single,baseline,lwti,coup,11,426,1990-04-01,2025-09-01,-0.0370257905245,HC3,0.450487614131,0.0456233659935,0.41704803129,-0.112069549553,0.0380179685037,-0.126445944725,0.0523943636763,0.0409080407297,0.365413411042,-0.10431352969,0.0302619486412,-0.117204077033,0.0431524959838
single,baseline,lwti,coup,12,425,1990-04-01,2025-08-01,-0.0498201197217,HC3,0.450532484933,0.0475781647372,0.295043539611,-0.128079236553,0.02843899711,-0.143071609057,0.0434313696138,0.0420322430014,0.235905416194,-0.118957007071,0.0193167676281,-0.132201802194,0.0325615627505
single,baseline,lwti,coup,13,424,1990-04-01,2025-07-01,-0.0497116479345,HC3,0.450701044175,0.0484695752218,0.305067991077,-0.129437004535,0.0300137086658,-0.144710269715,0.0452869738461,0.0426075874995,0.243318500407,-0.119794892769,0.0203715968997,-0.133220984902,0.0337976890326
single,baseline,lwti,coup,14,423,1990-04-01,2025-06-01,-0.0695350901332,HC3,0.45070855941,0.045340095901,0.125119841131,-0.144112911322,0.0050427310558,-0.158400045155,0.0193298648883,0.0411089344676,0.0907444696865,-0.137153270092,-0.00191691017414,-0.150107121132,0.011036940866
single,baseline,lwti,coup,15,422,1990-04-01,2025-05-01,-0.0539407995104,HC3,0.450989423736,0.0413874817552,0.19246828333,-0.122017148986,0.0141355499651,-0.135058773161,0.0271771741406,0.0394929044979,0.171990692197,-0.118900846713,0.0110192476918,-0.131345469971,0.0234638709504
single,baseline,lwti,coup,16,421,1990-04-01,2025-04-01,-0.0473160058845,HC3,0.451336660906,0.0446046908535,0.288787428002,-0.120684193414,0.026052181645,-0.134739593499,0.04010758173,0.0419613757806,0.259485276397,-0.116336327029,0.0217043152601,-0.129558791156,0.0349267793873
single,baseline,lwti,coup,17,420,1990-04-01,2025-03-01,-0.0697955203338,HC3,0.451461908882,0.0477891727358,0.1441559628,-0.148401714437,0.00881067376968,-0.163460577747,0.0238695370793,0.0435776100026,0.109235864408,-0.141474310201,0.00188326953283,-0.155206066471,0.0156150258036
single,baseline,lwti,coup,18,419,1990-04-01,2025-02-01,-0.0719423684186,HC3,0.451572906244,0.0477246531703,0.131696209612,-0.150442437281,0.00655770044348,-0.165480969807,0.0215962329698,0.0429469418497,0.093905723913,-0.142583801487,-0.00130093535069,-0.15611682769,0.0122320908529
single,baseline,lwti,coup,19,418,1990-04-01,2025-01-01,-0.0811042650295,HC3,0.452122335386,0.0463488185241,0.0801412773176,-0.157341287284,-0.00486724277519,-0.171946280063,0.00973775000376,0.0410875985698,0.0483890896907,-0.14868735056,-0.0135211794992,-0.161634478438,-0.000574051621454
single,baseline,lwti,coup,20,417,1990-04-01,2024-12-01,-0.0829132648827,HC3,0.452132806991,0.0445423524212,0.0626809626588,-0.156178914816,-0.00964761494972,-0.170214671415,0.00438814164957,0.0400927884159,0.0386367902244,-0.148860033323,-0.0169664964422,-0.161493686218,-0.0043328435478
single,baseline,lwti,coup,21,416,1990-04-01,2024-11-01,-0.0784354107089,HC3,0.452136551276,0.0415426009587,0.0590163206592,-0.146766908569,-0.010103912849,-0.159857412412,0.00298659099429,0.0388834184974,0.0436752392076,-0.142392942653,-0.0144778787651,-0.15464551056,-0.00222531085815
single,baseline,lwti,coup,22,415,1990-04-01,2024-10-01,-0.0759798252608,HC3,0.45214091044,0.0378493015629,0.0447038920198,-0.138236386214,-0.0137232643075,-0.150163093164,-0.0017965573575,0.0361429057301,0.03553525389,-0.135429614839,-0.0165300356821,-0.146818618788,-0.00514103173322
single,baseline,lwti,coup,23,414,1990-04-01,2024-09-01,-0.0850102698622,HC3,0.453123394136,0.0375636388593,0.0236295275978,-0.146796957481,-0.023223582243,-0.158633649155,-0.0113868905697,0.0359765837047,0.0181309294739,-0.144186484054,-0.0258340556702,-0.15552307821,-0.0144974615142
single,baseline,lwti,coup,24,413,1990-04-01,2024-08-01,-0.0812390701,HC3,0.453142104892,0.0381975424276,0.0334355360371,-0.144068436303,-0.0184097038973,-0.156104877556,-0.00637326264389,0.0368185885216,0.0273511862423,-0.141800258969,-0.020677881231,-0.153402177564,-0.00907596263611
single,baseline,lwti,coup,25,412,1990-04-01,2024-07-01,-0.101310878644,HC3,0.45317271476,0.0391374290108,0.009636889307,-0.165686220702,-0.0369355365863,-0.178018829953,-0.0246029273357,0.0381569153251,0.00792821120996,-0.16407341921,-0.0385483380784,-0.176097058443,-0.0265246988458
single,baseline,lwti,coup,26,411,1990-04-01,2024-06-01,-0.0763794374014,HC3,0.453838567509,0.0427679913914,0.0741151421031,-0.146726523159,-0.0060323516438,-0.16020316022,0.00744428541688,0.0404709138937,0.0591243656816,-0.142948166905,-0.00981070789723,-0.155700971054,0.00294209625176
single,baseline,lwti,coup,27,410,1990-04-01,2024-05-01,-0.0623173711591,HC3,0.454079269265,0.0548098663971,0.255549321759,-0.152471578695,0.0278368363769,-0.169742735295,0.0451079929767,0.0468938593147,0.18388010882,-0.139450905735,0.0148161634164,-0.154227646512,0.0295929041938
single,baseline,lwti,coup,28,409,1990-04-01,2024-04-01,-0.0856155670733,HC3,0.454499327566,0.0552106292354,0.120971665047,-0.176428970817,0.00519783667075,-0.193826411938,0.0225952777918,0.0486509304262,0.0784429094556,-0.165639226439,-0.00559190770726,-0.180969638523,0.00973850437635
single,baseline,lwti,coup,29,408,1990-04-01,2024-03-01,-0.0852384524412,HC3,0.454527980659,0.060661601001,0.159977640215,-0.185017906864,0.014541001982,-0.204133005648,0.0336561007653,0.0529176173351,0.107228453113,-0.172280187244,0.00180328236215,-0.188955076566,0.0184781716834
single,baseline,lwti,coup,30,407,1990-04-01,2024-02-01,-0.0815811338316,HC3,0.454538205739,0.064932580472,0.208971876117,-0.188385724328,0.0252234566651,-0.20884665298,0.0456843853168,0.056180812008,0.146468968709,-0.173990346228,0.0108280785648,-0.191693501989,0.0285312343263
single,baseline,lwti,coup,31,406,1990-04-01,2024-01-01,-0.0834770045023,HC3,0.45752447426,0.0594635452582,0.160367996796,-0.181285832592,0.0143318235871,-0.200023411601,0.0330694025969,0.0539978131642,0.122120735418,-0.172295503333,0.00534149432822,-0.189310773548,0.0223567645434
single,baseline,lwti,coup,32,405,1990-04-01,2023-12-01,-0.0793551053478,HC3,0.457568408423,0.0492830304354,0.107356106743,-0.160418476707,0.00170826601107,-0.17594807005,0.0172378593546,0.0462575448332,0.0862524581131,-0.155441995741,-0.00326821495493,-0.170018227234,0.0113080165386
single,baseline,lwti,coup,33,404,1990-04-01,2023-11-01,-0.0704834772789,HC3,0.457752721098,0.044003131276,0.109203555046,-0.142862187356,0.00189523279773,-0.156728029787,0.0157610752291,0.0422767798898,0.0954763831525,-0.140022592016,-0.000944362541341,-0.153344443245,0.0123774886874
single,baseline,lwti,coup,34,403,1990-04-01,2023-10-01,-0.0660643507267,HC3,0.458176775609,0.0384799988691,0.0860067503533,-0.129358316432,-0.00277038502183,-0.141483762635,0.00935506118181,0.0374419007455,0.0776562960162,-0.127650796968,-0.00447790448545,-0.139449127701,0.00732042624728
single,baseline,lwti,coup,35,402,1990-04-01,2023-09-01,-0.0704097595124,HC3,0.458493243653,0.0373709764878,0.0595546974563,-0.131879545731,-0.00893997329384,-0.143655527496,0.00283600847065,0.0364479516015,0.0533855288066,-0.130361304899,-0.0104582141257,-0.141846431962,0.00102691293683
single,baseline,lwti,coup,36,401,1990-04-01,2023-08-01,-0.0651988048845,HC3,0.458730868604,0.0440300786398,0.138665540473,-0.13762183943,0.0072242296611,-0.151496173255,0.0210985634859,0.040693197395,0.109110499073,-0.132133158212,0.00173554844281,-0.144956006194,0.0145583964254
single,baseline,lwti,coup,37,400,1990-04-01,2023-07-01,-0.0601001228319,HC3,0.459895055256,0.0492011820373,0.221890005744,-0.141028865556,0.0208286198924,-0.156532667622,0.036332421958,0.0444876795123,0.176715106652,-0.133275843832,0.0130755981686,-0.147294372432,0.027094126768
single,baseline,lwti,coup,38,399,1990-04-01,2023-06-01,-0.0504988415789,HC3,0.460052334231,0.0489201053,0.301944842006,-0.130965254212,0.0299675710546,-0.146380486087,0.045382802929,0.0444034510152,0.255424219297,-0.12353601903,0.0225383358726,-0.137528006358,0.0365303232002
single,baseline,lwti,coup,39,398,1990-04-01,2023-05-01,-0.0339338489494,HC3,0.460335357943,0.0560385644322,0.544817213266,-0.126109084905,0.0582413870061,-0.143767416982,0.0758997190831,0.047580002428,0.475724721213,-0.112195988513,0.0443282906145,-0.127188940093,0.0593212421937
single,baseline,lwti,coup,40,397,1990-04-01,2023-04-01,-0.0361079200889,HC3,0.461369410516,0.0570913153993,0.52708694744,-0.130014777291,0.0577989371131,-0.148004842102,0.0757890019238,0.0495150082551,0.465859863767,-0.117552861006,0.045337020828,-0.133155552963,0.0609397127853
single,baseline,lwti,coup,41,396,1990-04-01,2023-03-01,-0.0496195364898,HC3,0.461426880508,0.0488666366146,0.309911744494,-0.129998000962,0.0307589279827,-0.1453963843,0.0461573113205,0.0442306561686,0.261932233251,-0.122372491711,0.0231334187315,-0.136310029593,0.0370709566132
single,baseline,lwti,coup,42,395,1990-04-01,2023-02-01,-0.0583271853998,HC3,0.461506441016,0.0497955354821,0.24146469813,-0.140233552544,0.023579181744,-0.155924641536,0.0392702707361,0.0457463022455,0.20230421257,-0.133573156568,0.0169187857684,-0.147988290227,0.0313339194273
single,baseline,lwti,coup,43,394,1990-04-01,2023-01-01,-0.0812604069529,HC3,0.462064676847,0.049470329965,0.100463867004,-0.162631858622,0.00011104471649,-0.178220471988,0.0156996580818,0.0454579303664,0.0738412380721,-0.15603204859,-0.00648876531606,-0.170356313283,0.00783549937693
single,baseline,lwti,coup,44,393,1990-04-01,2022-12-01,-0.0890902010905,HC3,0.462356059098,0.0501320569872,0.0755500732966,-0.171550096852,-0.00663030532865,-0.187347227256,0.00916682507523,0.046544408514,0.0556086180791,-0.165648940249,-0.012531461932,-0.18031556546,0.00213516327862
single,baseline,lwti,coup,45,392,1990-04-01,2022-11-01,-0.113181552828,HC3,0.462460298891,0.0499475856216,0.0234509863174,-0.195338020195,-0.0310250854605,-0.211077021761,-0.0152860838946,0.0487661615116,0.0202920549489,-0.193394750463,-0.0329683551927,-0.208761473055,-0.0176016326006
single,baseline,lwti,coup,46,391,1990-04-01,2022-10-01,-0.10935618489,HC3,0.462864945371,0.0458498396897,0.0170747503984,-0.184772459999,-0.0339399097815,-0.199220219379,-0.0194921504015,0.043797702918,0.0125302831683,-0.181396995387,-0.0373153743934,-0.195198105215,-0.0235142645654
single,baseline,lwti,coup,47,390,1990-04-01,2022-09-01,-0.105360331677,HC3,0.462869712661,0.047445864829,0.0263751451263,-0.183401834525,-0.0273188288288,-0.198352517957,-0.0123681453964,0.0446020691642,0.0181653838211,-0.178724206911,-0.0319964564423,-0.192778780874,-0.0179418824788
single,baseline,lwti,coup,48,389,1990-04-01,2022-08-01,-0.10085862917,HC3,0.462909910251,0.046062387951,0.0285525900654,-0.176624515057,-0.0250927432828,-0.191139250596,-0.0105780077442,0.044260746703,0.0226826662536,-0.173661078916,-0.028056179424,-0.187608098637,-0.0141091597033
single,baseline,lwti,sanctions,0,432,1990-04-01,2026-03-01,0.0285640112946,HC3,0.445058510824,0.0240030309785,0.234039769715,-0.0109174612683,0.0680454838574,-0.0184810649431,0.0756090875323,0.0213678259383,0.181295545301,-0.00658293470017,0.0637109572893,-0.0133161579725,0.0704441805616
single,baseline,lwti,sanctions,1,432,1990-04-01,2026-03-01,-0.00245595028238,HC3,0.445058510824,0.043166336773,0.95462880865,-0.0734582558857,0.0685463553209,-0.087060415702,0.0821485151373,0.0341785835972,0.942716180898,-0.0586747174763,0.0537628169116,-0.0694447431755,0.0645328426108
single,baseline,lwti,sanctions,2,432,1990-04-01,2026-03-01,-0.0047268435722,HC3,0.445058510824,0.0539862077923,0.930229174812,-0.0935262532647,0.0840725661203,-0.110537866507,0.101084179363,0.0432146242307,0.91290058284,-0.0758085749754,0.066354887831,-0.0894259506698,0.0799722635254
single,baseline,lwti,sanctions,3,432,1990-04-01,2026-03-01,0.000728124744632,HC3,0.445058510824,0.0482489246571,0.987959577424,-0.0786342939741,0.0800905434634,-0.0938380298761,0.0952942793654,0.04093205728,0.985807484577,-0.0665991181309,0.0680553676202,-0.0794972333372,0.0809534828265
single,baseline,lwti,sanctions,4,432,1990-04-01,2026-03-01,-0.0238644527924,HC3,0.445058510824,0.0484563447946,0.622370254085,-0.103568047277,0.0558391416919,-0.118837143412,0.0711082378276,0.0415299224098,0.56553970991,-0.0921750962951,0.0444461907104,-0.105261604996,0.0575326994115
single,baseline,lwti,sanctions,5,432,1990-04-01,2026-03-01,-0.021161910505,HC3,0.445058510824,0.0456398349361,0.642882808586,-0.0962327585332,0.0539089375231,-0.11061434324,0.0682905222302,0.0411533432036,0.6070975346,-0.0888531363346,0.0465293153245,-0.101820981027,0.0594971600174
single,baseline,lwti,sanctions,6,431,1990-04-01,2026-02-01,-0.0547968656728,HC3,0.446007361305,0.0502256825081,0.275267222604,-0.137410761712,0.0278170303668,-0.153237394488,0.043643663142,0.0452668014715,0.226075209459,-0.129254128254,0.0196603969081,-0.143518166252,0.0339244349067
single,baseline,lwti,sanctions,7,430,1990-04-01,2026-01-01,-0.0517891477782,HC3,0.448548490759,0.0563664936727,0.358203780686,-0.144503779334,0.0409254837779,-0.162265445311,0.0586871497551,0.0508755078342,0.308697752055,-0.135471911362,0.031893615806,-0.151503310828,0.0479250152721
single,baseline,lwti,sanctions,8,429,1990-04-01,2025-12-01,-0.0712317036316,HC3,0.448898957589,0.0588771999286,0.226342170975,-0.168076079479,0.0256126722157,-0.186628895002,0.044165487739,0.0511365917469,0.163629067231,-0.155343912036,0.0128805047732,-0.171457581748,0.0289941744845
single,baseline,lwti,sanctions,9,428,1990-04-01,2025-11-01,-0.0610559486116,HC3,0.449308812679,0.0775251546967,0.430952324965,-0.188573480494,0.0664615832712,-0.213002459713,0.0908905624898,0.0608984531918,0.316060558156,-0.16122499022,0.0391130929966,-0.180414723582,0.0583028263584
single,baseline,lwti,sanctions,10,427,1990-04-01,2025-10-01,-0.095588206034,HC3,0.449309428978,0.16242446752,0.556190921594,-0.362752680541,0.171576268473,-0.413934312582,0.222757900514,0.10799008647,0.376071835253,-0.273216091438,0.0820396793704,-0.307244886202,0.116068474134
single,baseline,lwti,sanctions,11,426,1990-04-01,2025-09-01,-0.124865007914,HC3,0.449311590064,0.195989406174,0.524059186013,-0.447238893503,0.197508877675,-0.508997185366,0.259267169538,0.132390457438,0.34560052194,-0.342627932004,0.0928979161758,-0.384345536389,0.13461552056
single,baseline,lwti,sanctions,12,425,1990-04-01,2025-08-01,-0.140487629632,HC3,0.449477401869,0.198407494369,0.478897922969,-0.466838916359,0.185863657095,-0.529359172858,0.248383913594,0.130447609401,0.281495491347,-0.355054853082,0.0740795938184,-0.396160245927,0.115184986663
single,baseline,lwti,sanctions,13,424,1990-04-01,2025-07-01,-0.0755973951584,HC3,0.449684205662,0.152148841689,0.619284435507,-0.325859969247,0.174665178931,-0.373803645159,0.222608854842,0.103940162614,0.467032093354,-0.246563748619,0.0953689583024,-0.279316370428,0.128121580111
single,baseline,lwti,sanctions,14,423,1990-04-01,2025-06-01,-0.0778348183003,HC3,0.449687979139,0.144133953967,0.589185151349,-0.314914075249,0.159244438649,-0.360332177024,0.204662540424,0.0964447133621,0.419642979245,-0.236472254874,0.0808026182736,-0.266862982989,0.111193346389
single,baseline,lwti,sanctions,15,422,1990-04-01,2025-05-01,-0.134400564736,HC3,0.450221811514,0.156818825799,0.391420811295,-0.392344579127,0.123543449654,-0.441759815401,0.172958685929,0.101196955615,0.184142175062,-0.300854744216,0.0320536147438,-0.332742953087,0.0639418236146
single,baseline,lwti,sanctions,16,421,1990-04-01,2025-04-01,-0.0552992782457,HC3,0.450227004328,0.0780880860001,0.478842569185,-0.183742749725,0.0731441932333,-0.208349114428,0.0977505579362,0.0658406493315,0.400966868913,-0.1635975091,0.0529989526081,-0.184344579654,0.0737460231629
single,baseline,lwti,sanctions,17,420,1990-04-01,2025-03-01,-0.131341920677,HC3,0.450247909785,0.0848207727035,0.121510600897,-0.270859676299,0.00817583494514,-0.297587580317,0.0349037389627,0.0665859995308,0.0485507809111,-0.240866143509,-0.0218176978446,-0.261848081632,-0.000835759722111
single,baseline,lwti,sanctions,18,419,1990-04-01,2025-02-01,-0.105667277602,HC3,0.450323016082,0.0838992706056,0.207866371039,-0.243669297157,0.0323347419518,-0.270106826319,0.0587722711137,0.0648682112789,0.103322935561,-0.212365990198,0.00103143499347,-0.232806635451,0.0214720802457
single,baseline,lwti,sanctions,19,418,1990-04-01,2025-01-01,-0.0959139529445,HC3,0.451014189999,0.073184509092,0.190000628207,-0.216291758161,0.0244638522721,-0.239352954991,0.0475250491021,0.0587150678699,0.102353539098,-0.192491645287,0.00066373939804,-0.210993371319,0.0191654654304
single,baseline,lwti,sanctions,20,417,1990-04-01,2024-12-01,-0.111955055239,HC3,0.451097969705,0.0634432438121,0.0776227788448,-0.216309904929,-0.00760020554902,-0.236301528173,0.0123914176952,0.0533574244287,0.0358866421099,-0.199720208335,-0.0241899021427,-0.216533685427,-0.00737642505093
single,baseline,lwti,sanctions,21,416,1990-04-01,2024-11-01,-0.126772045562,HC3,0.451113615546,0.0679013383225,0.0619010800458,-0.238459808176,-0.0150842829472,-0.259856223176,0.0063121320524,0.0561451701908,0.0239498224246,-0.219122632386,-0.0344214587376,-0.236814557042,-0.0167295340819
single,baseline,lwti,sanctions,22,415,1990-04-01,2024-10-01,-0.132922121092,HC3,0.451118299661,0.0820734406144,0.105328767175,-0.267920917563,0.00207667537919,-0.293783108783,0.0279388665997,0.0655455376851,0.0425668339417,-0.240734936484,-0.0251093057,-0.261389014302,-0.00445522788177
single,baseline,lwti,sanctions,23,414,1990-04-01,2024-09-01,-0.139709824758,HC3,0.452211160608,0.0972425220087,0.150798889449,-0.299659539778,0.020239890262,-0.330301665661,0.050882016145,0.0748315918581,0.0619030009928,-0.262796840036,-0.0166228094797,-0.286377049706,0.00695740018964
single,baseline,lwti,sanctions,24,413,1990-04-01,2024-08-01,-0.150547518188,HC3,0.452227306217,0.107272893602,0.160495539035,-0.326995726303,0.0259006899273,-0.360798526165,0.0597034897898,0.0830368908585,0.0698287843609,-0.287131049287,-0.0139639870882,-0.313296833659,0.0122017972832
single,baseline,lwti,sanctions,25,412,1990-04-01,2024-07-01,-0.166048573504,HC3,0.452245464509,0.108446912621,0.125732135185,-0.34442787106,0.0123307240524,-0.378600616475,0.0465034694677,0.0893813802806,0.0632040249367,-0.31306786104,-0.0190292859672,-0.341232859742,0.00913571273483
single,baseline,lwti,sanctions,26,411,1990-04-01,2024-06-01,-0.146371592601,HC3,0.452929675012,0.0954450412678,0.125135626472,-0.303364714904,0.0106215297033,-0.333440435988,0.0406972507872,0.0757805211705,0.0534187778664,-0.2710194577,-0.021723727501,-0.294898684824,0.00215549962325
single,baseline,lwti,sanctions,27,410,1990-04-01,2024-05-01,-0.157547424079,HC3,0.453152342168,0.0955100476127,0.0990375266853,-0.314647472305,-0.000447375853152,-0.344743677562,0.0296488294034,0.0739453974952,0.0331228230225,-0.279176779346,-0.0359180688129,-0.302477739992,-0.0126171081662
single,baseline,lwti,sanctions,28,409,1990-04-01,2024-04-01,-0.151396768951,HC3,0.453610143654,0.0777791799214,0.0515953324559,-0.279332135146,-0.023461402756,-0.303841160344,0.00104762244194,0.0631584351163,0.0165256385663,-0.255283150025,-0.0475103878774,-0.275185027099,-0.0276085108032
single,baseline,lwti,sanctions,29,408,1990-04-01,2024-03-01,-0.113208044682,HC3,0.453658155885,0.0654531099601,0.0837008217766,-0.220868829995,-0.00554725936852,-0.241493782879,0.0150776935163,0.0574877521574,0.0489238132755,-0.207766982323,-0.0186491070402,-0.225881968462,-0.000534120900899
single,baseline,lwti,sanctions,30,407,1990-04-01,2024-02-01,-0.128262205476,HC3,0.45366813497,0.0701629895331,0.0675404385935,-0.243670053287,-0.012854357665,-0.265779138009,0.00925472705626,0.0605940784749,0.0342815054999,-0.227930595227,-0.028593815725,-0.247024416963,-0.00949999398898
single,baseline,lwti,sanctions,31,406,1990-04-01,2024-01-01,-0.121278861711,HC3,0.456722406736,0.0731130152189,0.0971588792817,-0.241539069971,-0.00101865345126,-0.264577738341,0.0220200149187,0.0635168702474,0.056211018842,-0.22575481611,-0.0168029073124,-0.245769639807,0.00321191638418
single,baseline,lwti,sanctions,32,405,1990-04-01,2023-12-01,-0.156053598126,HC3,0.456772225649,0.0771349158397,0.0430602328924,-0.28292924421,-0.0291779520429,-0.307235255123,-0.00487194113014,0.0671992663261,0.0202193965158,-0.266586555071,-0.0455206411815,-0.287761739913,-0.0243454563398
single,baseline,lwti,sanctions,33,404,1990-04-01,2023-11-01,-0.192618763619,HC3,0.456949250251,0.089183185847,0.0307873577496,-0.339312050323,-0.0459254769157,-0.367414595906,-0.0178229313326,0.0763130587828,0.0116008020984,-0.318142575142,-0.0670949520967,-0.342189610384,-0.043047916855
single,baseline,lwti,sanctions,34,403,1990-04-01,2023-10-01,-0.165459979,HC3,0.457337720747,0.0753561443105,0.0281129546624,-0.289409806282,-0.0415101517175,-0.313155307862,-0.0177646501373,0.0675466720267,0.0143028801504,-0.276564367471,-0.054355590528,-0.297849023448,-0.0330709345517
single,baseline,lwti,sanctions,35,402,1990-04-01,2023-09-01,-0.159083174886,HC3,0.457558508469,0.063434147191,0.01214690379,-0.263423061965,-0.054743287806,-0.28341181877,-0.0347545310013,0.0590005101392,0.00701141335717,-0.25613037798,-0.0620359717911,-0.274722049828,-0.0434442999432
single,baseline,lwti,sanctions,36,401,1990-04-01,2023-08-01,-0.147904540685,HC3,0.457927181768,0.0576765258677,0.0103360255333,-0.242773983449,-0.0530350979221,-0.260948454139,-0.0348606272315,0.0560566929097,0.00832782726283,-0.240109595333,-0.055699486038,-0.257773639881,-0.03803544149
single,baseline,lwti,sanctions,37,400,1990-04-01,2023-07-01,-0.141458416603,HC3,0.459131969689,0.0590776733941,0.0166454037681,-0.238632541957,-0.0442842912492,-0.257248528746,-0.0256683044605,0.0570811020625,0.0132046912994,-0.235348474361,-0.0475683588454,-0.253335320844,-0.0295815123629
single,baseline,lwti,sanctions,38,399,1990-04-01,2023-06-01,-0.158955843153,HC3,0.459256522388,0.0653526057718,0.0150040988062,-0.266451313788,-0.0514603725187,-0.287044596762,-0.0308670895446,0.0590572004577,0.00711192651105,-0.256096293524,-0.0618153927827,-0.274705829078,-0.0432058572283
single,baseline,lwti,sanctions,39,398,1990-04-01,2023-05-01,-0.16488778474,HC3,0.459416636859,0.0640142198798,0.0100008668245,-0.270181806486,-0.0595937629945,-0.290353350203,-0.0394222192774,0.0581618865742,0.00458285557463,-0.260555574822,-0.0692199946583,-0.278882987698,-0.0508925817819
single,baseline,lwti,sanctions,40,397,1990-04-01,2023-04-01,-0.163736366518,HC3,0.460382176433,0.0595092009717,0.00593327599353,-0.261620291573,-0.0658524414623,-0.280372257171,-0.0471004758643,0.0573509772411,0.00430384203161,-0.258070329442,-0.0694024035934,-0.276142216388,-0.0513305166469
single,baseline,lwti,sanctions,41,396,1990-04-01,2023-03-01,-0.151706566902,HC3,0.460461731678,0.052802062683,0.0040644202823,-0.238558231217,-0.0648549025874,-0.25519670807,-0.0482164257339,0.051526088213,0.00323720476928,-0.236459439982,-0.0669536938223,-0.252695844064,-0.0507172897404
single,baseline,lwti,sanctions,42,395,1990-04-01,2023-02-01,-0.137329242657,HC3,0.460521994386,0.0545699240614,0.011850207038,-0.227088780172,-0.0475697051424,-0.244284328457,-0.0303741568578,0.0523369507145,0.00869180023215,-0.223415865864,-0.0512426194509,-0.239907781118,-0.0347507041961
single,baseline,lwti,sanctions,43,394,1990-04-01,2023-01-01,-0.13630840841,HC3,0.461148365025,0.0617177226359,0.0272040024669,-0.237825028335,-0.0347917884857,-0.257272921985,-0.0153438948363,0.0576252922943,0.0180093050381,-0.231093579445,-0.0415232373761,-0.249251905906,-0.023364910915
single,baseline,lwti,sanctions,44,393,1990-04-01,2022-12-01,-0.129538400599,HC3,0.461365179465,0.0617872648731,0.0360358523796,-0.231169407325,-0.0279073938728,-0.250639214453,-0.00843758674418,0.0557133292534,0.0200672481616,-0.221178672291,-0.0378981289067,-0.238734519394,-0.0203422818032
single,baseline,lwti,sanctions,45,392,1990-04-01,2022-11-01,-0.146463410185,HC3,0.461458227486,0.0581737013396,0.011812686898,-0.242150633827,-0.0507761865437,-0.260481769658,-0.0324450507123,0.0528483312922,0.00558172902364,-0.23339117959,-0.059535640781,-0.250044236161,-0.0428825842096
single,baseline,lwti,sanctions,46,391,1990-04-01,2022-10-01,-0.125062611209,HC3,0.461848797616,0.061466175134,0.0418853523083,-0.226165472313,-0.0239597501054,-0.24553410074,-0.00459112167929,0.0576210172181,0.0299739882714,-0.219840750369,-0.0302844720496,-0.237997729709,-0.0121274927094
single,baseline,lwti,sanctions,47,390,1990-04-01,2022-09-01,-0.151505066277,HC3,0.461860852251,0.0852735470162,0.0756184708117,-0.291767569369,-0.0112425631841,-0.318638147262,0.015628014709,0.070483923936,0.031594930141,-0.267440804205,-0.0355693283489,-0.28965101868,-0.0133591138732
single,baseline,lwti,sanctions,48,389,1990-04-01,2022-08-01,-0.11887323928,HC3,0.461879902418,0.105313364934,0.259000190687,-0.292098309557,0.0543518309977,-0.325283641641,0.0875371630808,0.0822973157724,0.148616255278,-0.254240277617,0.0164937990568,-0.280173014218,0.0424265356584
single,baseline,lwti,other,0,432,1990-04-01,2026-03-01,-0.0504647461015,HC3,0.448079392708,0.0327925617615,0.123826679924,-0.104403710252,0.00347421804898,-0.114736986115,0.0138074939119,0.030625762035,0.0993962967711,-0.100839641863,-8.98503400194e-05,-0.110490136689,0.00956064448626
single,baseline,lwti,other,1,432,1990-04-01,2026-03-01,-0.0949908830134,HC3,0.448079392708,0.0585456460196,0.104694241602,-0.191289901211,0.00130813518422,-0.209738240663,0.0197564746367,0.0546698986339,0.0822927149697,-0.184914864066,-0.00506690196027,-0.202141915374,0.0121601493476
single,baseline,lwti,other,2,432,1990-04-01,2026-03-01,-0.0882997828918,HC3,0.448079392708,0.0746956186538,0.23715491264,-0.211163142152,0.0345635763683,-0.234700505256,0.0581009394726,0.0694118970174,0.203332940421,-0.202472193454,0.0258726276708,-0.224344601144,0.0477450353609
single,baseline,lwti,other,3,432,1990-04-01,2026-03-01,-0.12260512156,HC3,0.448079392708,0.0806910161235,0.1286518921,-0.255330032093,0.0101197889732,-0.280756607038,0.0355463639181,0.0771389601624,0.111968774202,-0.249487419962,0.00427717684235,-0.273794705283,0.0285844621631
single,baseline,lwti,other,4,432,1990-04-01,2026-03-01,-0.125681171392,HC3,0.448079392708,0.0794312220379,0.113589291602,-0.256333905055,0.00497156226984,-0.281363505835,0.0300011630499,0.0763564980167,0.0997681388617,-0.251276434096,-8.59086882798e-05,-0.275337157491,0.023974814706
single,baseline,lwti,other,5,432,1990-04-01,2026-03-01,-0.112106402594,HC3,0.448079392708,0.0812141083581,0.167469403128,-0.245691723287,0.0214789180983,-0.271283130013,0.0470703248243,0.0781272802584,0.151309875317,-0.240614342891,0.0164015377028,-0.265233058111,0.0410202529225
single,baseline,lwti,other,6,431,1990-04-01,2026-02-01,-0.109922255622,HC3,0.449092994217,0.0862645094529,0.202576044124,-0.251814746872,0.0319702356293,-0.278997587293,0.0591530760502,0.0827191623068,0.183893885023,-0.24598316976,0.0261386585172,-0.272048834574,0.0522043233312
single,baseline,lwti,other,7,430,1990-04-01,2026-01-01,-0.0885913879875,HC3,0.451514722523,0.0883880534246,0.316198492907,-0.233976798242,0.0567940222671,-0.261828789363,0.0846460133883,0.0842372238901,0.292942116503,-0.227149291227,0.0499665152524,-0.25369331297,0.0765105369947
single,baseline,lwti,other,8,429,1990-04-01,2025-12-01,-0.110356617961,HC3,0.451859039858,0.090839811725,0.224423841387,-0.259774811748,0.0390615758263,-0.288399377304,0.0676861413823,0.0866640950854,0.202882033568,-0.252906369089,0.0321931331666,-0.280215123081,0.0595018871591
single,baseline,lwti,other,9,428,1990-04-01,2025-11-01,-0.0824194521065,HC3,0.452339427479,0.094429459476,0.382763902496,-0.237742091017,0.0729031868037,-0.267497791759,0.102658887546,0.0899531546336,0.359536519662,-0.230379224761,0.0655403205484,-0.258724395484,0.0938854912712
single,baseline,lwti,other,10,427,1990-04-01,2025-10-01,-0.0317146722894,HC3,0.4523417602,0.092740769512,0.73237256571,-0.184259663388,0.120830318809,-0.213483240431,0.150053895853,0.0883068321118,0.719489032684,-0.176966485373,0.113537140794,-0.204792882817,0.141363538238
single,baseline,lwti,other,11,426,1990-04-01,2025-09-01,-0.0312234102781,HC3,0.452344648867,0.0919994277895,0.734318206649,-0.182549002755,0.120102182199,-0.211538975344,0.149092154788,0.0882804684917,0.723575535901,-0.176431859066,0.11398503851,-0.20424994906,0.141803128504
single,baseline,lwti,other,12,425,1990-04-01,2025-08-01,-0.0454398785805,HC3,0.452443977691,0.0951680916052,0.633027703804,-0.201977459227,0.111097702066,-0.231965910604,0.141086153443,0.0916978044789,0.620219389874,-0.196269344861,0.1053895877,-0.225164272821,0.134284515659
single,baseline,lwti,other,13,424,1990-04-01,2025-07-01,0.00669384667869,HC3,0.452789171611,0.100787313069,0.947046975828,-0.159086530774,0.172474224131,-0.190845657036,0.204233350393,0.0972114020752,0.945102126594,-0.153204680606,0.166592373963,-0.183837000275,0.197224693633
single,baseline,lwti,other,14,423,1990-04-01,2025-06-01,0.0443642617954,HC3,0.452791484564,0.102227190118,0.664305054213,-0.123784502643,0.212513026234,-0.155997349076,0.244725872667,0.0988181882713,0.65346892194,-0.118177193591,0.206905717182,-0.149315828234,0.238044351825
single,baseline,lwti,other,15,422,1990-04-01,2025-05-01,0.0661148584389,HC3,0.453083182049,0.102435891524,0.51865071163,-0.102377189265,0.234606906143,-0.134655799673,0.266885516551,0.0992644758764,0.505380724109,-0.0971606747338,0.229390391612,-0.128439939223,0.260669656101
single,baseline,lwti,other,16,421,1990-04-01,2025-04-01,0.0479490899409,HC3,0.453600136273,0.101894903471,0.637944994805,-0.119653111601,0.215551291482,-0.15176125107,0.247659430952,0.0987799154535,0.627383162471,-0.114529412263,0.210427592144,-0.145655986744,0.241554166626
single,baseline,lwti,other,17,420,1990-04-01,2025-03-01,0.0419068472917,HC3,0.453732088566,0.101755795967,0.680458571707,-0.125466542769,0.209280237352,-0.157530848023,0.241344542606,0.0984470477502,0.670341718467,-0.120024136263,0.203837830846,-0.151045820683,0.234859515266
single,baseline,lwti,other,18,419,1990-04-01,2025-02-01,0.0425047849394,HC3,0.45382463552,0.109451530665,0.697761887519,-0.13752696225,0.222536532128,-0.172016273216,0.257025843095,0.10618711534,0.688948865493,-0.132157476862,0.217167046741,-0.165618136748,0.250627706627
single,baseline,lwti,other,19,418,1990-04-01,2025-01-01,0.05561187739,HC3,0.454398983387,0.118173677557,0.637930368126,-0.13876652475,0.24999027953,-0.176004274543,0.287228029323,0.114978398145,0.62861838618,-0.13351075782,0.2447345126,-0.169741641975,0.280965396755
single,baseline,lwti,other,20,417,1990-04-01,2024-12-01,0.0719149677982,HC3,0.454471372795,0.111793232336,0.520038849052,-0.111968535879,0.255798471475,-0.147195741297,0.291025676893,0.108336772857,0.506812310934,-0.106283165968,0.250113101564,-0.140421205203,0.284251140799
single,baseline,lwti,other,21,416,1990-04-01,2024-11-01,0.0957538309863,HC3,0.454486647404,0.106730891995,0.369637825448,-0.0798028638198,0.271310525792,-0.113434873362,0.304942535335,0.102760631667,0.351432478355,-0.0732723667197,0.264780028692,-0.10565330611,0.297160968083
single,baseline,lwti,other,22,415,1990-04-01,2024-10-01,0.0983383058756,HC3,0.454528589602,0.105477414355,0.351173119699,-0.0751566016881,0.271833213439,-0.108393627443,0.305070239194,0.101452402805,0.332393111174,-0.0685360468416,0.265212658593,-0.100504749768,0.297181361519
single,baseline,lwti,other,23,414,1990-04-01,2024-09-01,0.105239645908,HC3,0.455592931331,0.104905914832,0.315773421936,-0.067315228593,0.277794520408,-0.100372168929,0.310851460744,0.101470387253,0.299667637844,-0.0616642885927,0.272143580408,-0.0936386586045,0.30411795042
single,baseline,lwti,other,24,413,1990-04-01,2024-08-01,0.1257604057,HC3,0.455604945741,0.103588329892,0.224732340547,-0.044627234433,0.296148045833,-0.0772689901074,0.328789801508,0.100366740249,0.210202515231,-0.0393281910243,0.290849002425,-0.0709547904342,0.322475601835
single,baseline,lwti,other,25,412,1990-04-01,2024-07-01,0.156872711387,HC3,0.455604973566,0.100653051245,0.119103164212,-0.00868682501689,0.322432247791,-0.040403643987,0.354149066761,0.0976124328357,0.108032948821,-0.00368545279841,0.317430875572,-0.0344441414143,0.348189564188
single,baseline,lwti,other,26,411,1990-04-01,2024-06-01,0.166415089393,HC3,0.456373070825,0.101926686893,0.102533371497,-0.00123939122497,0.334069570012,-0.0333575459795,0.366187724766,0.099256527133,0.0936175804062,0.00315263074005,0.329677548047,-0.0281241290178,0.360954307805
single,baseline,lwti,other,27,410,1990-04-01,2024-05-01,0.179749340056,HC3,0.456539262618,0.102602104468,0.0797898090428,0.0109838963896,0.348514783722,-0.0213470894386,0.38084576955,0.100006802542,0.0722767202443,0.0152527881748,0.344245891937,-0.0162603911355,0.375759071247
single,baseline,lwti,other,28,409,1990-04-01,2024-04-01,0.190003821506,HC3,0.456994931042,0.102855815586,0.0647061045898,0.0208210601873,0.359186582825,-0.0115898726419,0.391597515655,0.100346699118,0.0582949212584,0.0249481895098,0.355059453503,-0.0066720947321,0.386679737745
single,baseline,lwti,other,29,408,1990-04-01,2024-03-01,0.189156203385,HC3,0.457046641284,0.104689679974,0.0707891636408,0.0169570035756,0.361355403194,-0.0160317989168,0.394344205687,0.102208760365,0.0642149061957,0.0210377531924,0.357274653578,-0.0111692858349,0.389481692605
single,baseline,lwti,other,30,407,1990-04-01,2024-02-01,0.161831388133,HC3,0.457106171577,0.101343069896,0.110295392044,-0.00486312795199,0.328525904219,-0.0367973789461,0.360460155213,0.0990044870476,0.102135780408,-0.00101650147141,0.324679277738,-0.0322138407879,0.355876617054
single,baseline,lwti,other,31,406,1990-04-01,2024-01-01,0.166722603597,HC3,0.460566503367,0.101398523097,0.100128478395,-6.31248878877e-05,0.333508332081,-0.0320148497601,0.365460056953,0.0993508985253,0.0933239230934,0.0033049178162,0.330140289377,-0.0280015793449,0.361446786538
single,baseline,lwti,other,32,405,1990-04-01,2023-12-01,0.200311717407,HC3,0.460583904782,0.100978829927,0.0472892797901,0.0342163227553,0.366407112058,0.00239684754801,0.398226587266,0.098711514544,0.0424314135906,0.0379457246873,0.362677710126,0.00684070404121,0.393782730773
single,baseline,lwti,other,33,404,1990-04-01,2023-11-01,0.247281743112,HC3,0.460717626818,0.103686982859,0.0170843656376,0.0767318332881,0.417831652936,0.044058991042,0.450504495182,0.101372370098,0.0147140905089,0.0805390324836,0.41402445374,0.0485955486924,0.445967937532
single,baseline,lwti,other,34,403,1990-04-01,2023-10-01,0.216030669464,HC3,0.461017205741,0.112076305786,0.0539133600395,0.031681551397,0.400379787531,-0.00363485339635,0.435696192325,0.109946232732,0.049428638006,0.0351852097856,0.396876129143,0.000540013073901,0.431521325855
single,baseline,lwti,other,35,402,1990-04-01,2023-09-01,0.180504088254,HC3,0.461390740623,0.117968777336,0.125991848084,-0.013537283014,0.374545459522,-0.0507104666246,0.411718643133,0.115671277655,0.118643689962,-0.00975823233008,0.370766408838,-0.0462074499945,0.407215626503
single,baseline,lwti,other,36,401,1990-04-01,2023-08-01,0.182911311438,HC3,0.461575297559,0.11432058511,0.109601736275,-0.00512931761482,0.37095194049,-0.0411529180684,0.406975540944,0.111825812192,0.101906452029,-0.00102578133257,0.366848404208,-0.0362632529999,0.402085875875
single,baseline,lwti,other,37,400,1990-04-01,2023-07-01,0.176130246159,HC3,0.462848266904,0.113032599871,0.119179871951,-0.00979183570177,0.36205232802,-0.0454095786662,0.397670070985,0.110213892393,0.110025923098,-0.00515547448303,0.357415966802,-0.0398850135261,0.392145505845
single,baseline,lwti,other,38,399,1990-04-01,2023-06-01,0.149853916728,HC3,0.463005178002,0.120428172832,0.213373465049,-0.0482328001425,0.347940633598,-0.0861809647474,0.385888798203,0.117390824267,0.201765196071,-0.0432368063378,0.342944639794,-0.0802278709501,0.379935704406
single,baseline,lwti,other,39,398,1990-04-01,2023-05-01,0.15189601949,HC3,0.463120418086,0.126818802967,0.231018047961,-0.056702348537,0.360494387516,-0.096664266889,0.400456305868,0.123601776839,0.219103853106,-0.051410811442,0.355202850421,-0.0903590115404,0.39415105052
single,baseline,lwti,other,40,397,1990-04-01,2023-04-01,0.0651827822395,HC3,0.463926848711,0.125174392368,0.602550860098,-0.140710771049,0.271076335528,-0.180154518589,0.310520083068,0.122322538329,0.594119208637,-0.136019888589,0.266385453068,-0.174564987383,0.304930551862
single,baseline,lwti,other,41,396,1990-04-01,2023-03-01,0.0869882378888,HC3,0.464034612632,0.119609704549,0.4670621694,-0.109752218457,0.283728694234,-0.147442475228,0.321418951006,0.117031175733,0.457305424888,-0.105510915982,0.27948739176,-0.142388651616,0.316365127394
single,baseline,lwti,other,42,395,1990-04-01,2023-02-01,0.0781165318576,HC3,0.464204595822,0.11789797632,0.50760126341,-0.115808382102,0.272041445818,-0.15295925558,0.309192319295,0.115227677285,0.497814797579,-0.11141613105,0.267649194766,-0.147725565644,0.303958629359
single,baseline,lwti,other,43,394,1990-04-01,2023-01-01,0.109802416929,HC3,0.465068147852,0.117649662273,0.350665151627,-0.0837140567699,0.303318890627,-0.120786683919,0.340391517776,0.114658264072,0.338239583828,-0.0787936445904,0.298398478448,-0.114923651183,0.33452848504
single,baseline,lwti,other,44,393,1990-04-01,2022-12-01,0.103878552437,HC3,0.465160066894,0.120027018987,0.386786504993,-0.0935483250758,0.301305429951,-0.131370081949,0.339127186824,0.116676103315,0.373296458399,-0.0880365592785,0.295793664153,-0.124802407916,0.332559512791
single,baseline,lwti,other,45,392,1990-04-01,2022-11-01,0.0503001409924,HC3,0.465244586704,0.117690944701,0.669094001922,-0.143284236259,0.243884518244,-0.180369871928,0.280970153913,0.114541597783,0.660557922734,-0.138104021558,0.238704303543,-0.174197265394,0.274797547379
single,baseline,lwti,other,46,391,1990-04-01,2022-10-01,0.0675862040137,HC3,0.465414424991,0.116622232181,0.562230905658,-0.124240297572,0.2594127056,-0.160989170858,0.296161578885,0.113698656425,0.552222715225,-0.119431443387,0.254603851414,-0.15525906767,0.290431475697
single,baseline,lwti,other,47,390,1990-04-01,2022-09-01,0.0329897453036,HC3,0.465424666298,0.116878754523,0.777747119196,-0.159258697987,0.225238188594,-0.196088404119,0.262067894726,0.114060836582,0.77240584846,-0.154623635442,0.220603126049,-0.190565386444,0.256544877052
single,baseline,lwti,other,48,389,1990-04-01,2022-08-01,0.035060733094,HC3,0.465437484934,0.115071094302,0.760604110889,-0.154214373727,0.224335839915,-0.1904744674,0.260595933588,0.112249291879,0.754776800751,-0.149572921775,0.219694387963,-0.184943836278,0.255065302466
joint,baseline,lwti,military_conflict,0,432,1990-04-01,2026-03-01,0.0713456273969,HC3,0.475001289169,0.0276472811174,0.00986385640593,0.0258698967756,0.116821358018,0.0171579521364,0.125533302657,0.0244542949272,0.00352839380114,0.0311218916913,0.111569363102,0.0234160900722,0.119275164722
joint,baseline,lwti,diplomatic_tension,0,432,1990-04-01,2026-03-01,0.0354198250985,HC3,0.475001289169,0.0327969505264,0.280154148682,-0.0185263579277,0.0893660081247,-0.0288610167359,0.0997006669329,0.0312569729635,0.257138020101,-0.015993320248,0.0868329704449,-0.0258427161756,0.0966823663726
joint,baseline,lwti,nuclear_threat,0,432,1990-04-01,2026-03-01,0.0304570180382,HC3,0.475001289169,0.0159642739163,0.0564140234537,0.00419812418539,0.056715911891,-0.000832383877002,0.0617464199534,0.0149780728064,0.0420080513783,0.00582028065784,0.0550937554185,0.00110053477983,0.0598135012965
joint,baseline,lwti,military_conflict,1,432,1990-04-01,2026-03-01,0.0532733750702,HC3,0.475001289169,0.0439688906372,0.225659723413,-0.0190490141675,0.125595764308,-0.0329040670189,0.139450817159,0.0390270397378,0.172241245394,-0.0109203927917,0.117467142932,-0.0232182172391,0.12976496738
joint,baseline,lwti,diplomatic_tension,1,432,1990-04-01,2026-03-01,0.00864217662063,HC3,0.475001289169,0.0549535196251,0.875037274149,-0.0817483194485,0.0990326726898,-0.0990647426683,0.11634909591,0.0523698808832,0.868926754065,-0.0774986118931,0.0947829651344,-0.0940009037851,0.111285257026
joint,baseline,lwti,nuclear_threat,1,432,1990-04-01,2026-03-01,0.0381118142352,HC3,0.475001289169,0.0262066765173,0.145869023951,-0.00499433268461,0.0812179611551,-0.0132523278932,0.0894759563636,0.0246477285028,0.122041616155,-0.00243009138867,0.0786537198591,-0.0101968459309,0.0864204744014
joint,baseline,lwti,military_conflict,2,432,1990-04-01,2026-03-01,0.0176435107017,HC3,0.475001289169,0.0564840639099,0.754764948165,-0.0752645066855,0.110551528089,-0.0930632202622,0.128350241666,0.0503025487215,0.725777525829,-0.0650968190078,0.100383840411,-0.080947673123,0.116234694526
joint,baseline,lwti,diplomatic_tension,2,432,1990-04-01,2026-03-01,-0.0316305644107,HC3,0.475001289169,0.0689185893585,0.646266135112,-0.144991556081,0.0817304272599,-0.166708517419,0.103447388597,0.0648794138704,0.625883839159,-0.13834770363,0.0750865748085,-0.158791878935,0.0955307501133
joint,baseline,lwti,nuclear_threat,2,432,1990-04-01,2026-03-01,0.0349155627615,HC3,0.475001289169,0.0276376257364,0.206469035881,-0.0105442861713,0.0803754116943,-0.0192531883,0.089084313823,0.0257898749318,0.175784973221,-0.00750500655873,0.0773361320817,-0.0156316632707,0.0854627887936
joint,baseline,lwti,military_conflict,3,432,1990-04-01,2026-03-01,-0.00418722137985,HC3,0.475001289169,0.052460754582,0.936383389664,-0.0904774838267,0.082103041067,-0.107008410962,0.0986339682027,0.0489097542327,0.931775517134,-0.0846366080229,0.0762621652632,-0.100048578169,0.091674135409
joint,baseline,lwti,diplomatic_tension,3,432,1990-04-01,2026-03-01,-0.033988715189,HC3,0.475001289169,0.0752394415689,0.651455821035,-0.157746583543,0.0897691531654,-0.181455310881,0.113477880503,0.07246468056,0.639042214491,-0.153182507834,0.0852050774559,-0.176016879238,0.10803944886
joint,baseline,lwti,nuclear_threat,3,432,1990-04-01,2026-03-01,0.0279867880478,HC3,0.475001289169,0.0300340047934,0.351420922659,-0.0214147536685,0.0773883297641,-0.0308787796588,0.0868523557544,0.0283211191872,0.323057162106,-0.0185973075666,0.0745708836622,-0.027521585561,0.0834951616566
joint,baseline,lwti,military_conflict,4,432,1990-04-01,2026-03-01,-0.00145035323139,HC3,0.475001289169,0.0453615650544,0.974493443669,-0.0760634880353,0.0731627815726,-0.0903573870204,0.0874566805576,0.0422596675889,0.972621949402,-0.0709613207388,0.068060614276,-0.0842777797043,0.0813770732415
joint,baseline,lwti,diplomatic_tension,4,432,1990-04-01,2026-03-01,0.0215776523904,HC3,0.475001289169,0.0740512712924,0.770754585486,-0.100225849775,0.143381154556,-0.123560172352,0.166715477133,0.0716534987397,0.763308615231,-0.0962818648955,0.139437169676,-0.118860624506,0.162015929287
joint,baseline,lwti,nuclear_threat,4,432,1990-04-01,2026-03-01,0.0500072859611,HC3,0.475001289169,0.0311649666275,0.108581999152,-0.00125452242999,0.101269094352,-0.0110749262082,0.11108949813,0.0297204043872,0.0924542884935,0.00112157101022,0.0988930009119,-0.00824363624392,0.108258208166
joint,baseline,lwti,military_conflict,5,432,1990-04-01,2026-03-01,0.0102142017613,HC3,0.475001289169,0.042943333238,0.811995089726,-0.0604212956686,0.0808496991912,-0.0739531847613,0.0943815882839,0.0397750029517,0.797333538785,-0.0552098561058,0.0756382596284,-0.067743371509,0.0881717750316
joint,baseline,lwti,diplomatic_tension,5,432,1990-04-01,2026-03-01,0.00654618435863,HC3,0.475001289169,0.068653114788,0.924035558232,-0.106378140502,0.119470509219,-0.128011448052,0.14110381677,0.0667597409365,0.921887930655,-0.103263817655,0.116356186372,-0.124300503494,0.137392872211
joint,baseline,lwti,nuclear_threat,5,432,1990-04-01,2026-03-01,0.0564969991526,HC3,0.475001289169,0.0360822246048,0.117399003804,-0.00285297885705,0.115846977162,-0.0142228615549,0.12721685986,0.0343208319302,0.0997343097788,4.42542722147e-05,0.112949744033,-0.0107705953501,0.123764593655
joint,baseline,lwti,military_conflict,6,431,1990-04-01,2026-02-01,-0.0521025143005,HC3,0.476647102905,0.0398597207359,0.191162792221,-0.117665920522,0.0134608919212,-0.130226131377,0.0260211027757,0.0376909626853,0.166860905576,-0.114098630977,0.00989360237574,-0.125975443706,0.0217704151054
joint,baseline,lwti,diplomatic_tension,6,431,1990-04-01,2026-02-01,-0.0337572411868,HC3,0.476647102905,0.0706284657002,0.632682104351,-0.14993072916,0.0824162467861,-0.172186490242,0.104672007869,0.0688489391137,0.623915396033,-0.1470036684,0.0794891860261,-0.168698682223,0.10118419985
joint,baseline,lwti,nuclear_threat,6,431,1990-04-01,2026-02-01,0.055999827313,HC3,0.476647102905,0.0421736435209,0.184231153666,-0.0133696431941,0.12536929782,-0.0266589950848,0.138658649711,0.0400492667963,0.16203096105,-0.00987535443376,0.12187500906,-0.0224952932151,0.134494947841
joint,baseline,lwti,military_conflict,7,430,1990-04-01,2026-01-01,-0.0416245230653,HC3,0.479283882826,0.0388323161729,0.283763060513,-0.105497999165,0.0222489530345,-0.1177344642,0.0344854180698,0.0363637610528,0.252345692887,-0.101437587323,0.0181885411919,-0.112896185071,0.0296471389405
joint,baseline,lwti,diplomatic_tension,7,430,1990-04-01,2026-01-01,-0.0417756428727,HC3,0.479283882826,0.0848356758447,0.62241530394,-0.181317911981,0.0977666262354,-0.208050512132,0.124499226387,0.0825127417412,0.612650812006,-0.177497025395,0.09394573965,-0.203497644951,0.119946359206
joint,baseline,lwti,nuclear_threat,7,430,1990-04-01,2026-01-01,0.0356735272326,HC3,0.479283882826,0.0460429604956,0.438465018835,-0.0400604033341,0.111407457799,-0.0545690170803,0.125916071546,0.0435700849632,0.412922250358,-0.0359928850458,0.107339939511,-0.0497222700987,0.121069324564
joint,baseline,lwti,military_conflict,8,429,1990-04-01,2025-12-01,-0.0540172503949,HC3,0.479412396261,0.0471379494873,0.251820079436,-0.131552277576,0.0235177767863,-0.146405933695,0.0383714329052,0.0430347852482,0.20940626716,-0.124803172995,0.0167686722057,-0.138363879564,0.0303293787741
joint,baseline,lwti,diplomatic_tension,8,429,1990-04-01,2025-12-01,-0.156280762704,HC3,0.479412396261,0.0951858612376,0.100621406708,-0.312847571795,0.000286046387718,-0.342841622567,0.0302800971597,0.0917519119019,0.0885124886623,-0.307199227775,-0.00536229763196,-0.336111205544,0.0235496801369
joint,baseline,lwti,nuclear_threat,8,429,1990-04-01,2025-12-01,0.0480807602546,HC3,0.479412396261,0.0449240017865,0.28449830613,-0.0258126470211,0.12197416753,-0.0399686652884,0.136130185797,0.0424031667,0.256838381513,-0.0216662422861,0.117827762795,-0.0350279193079,0.131189439817
joint,baseline,lwti,military_conflict,9,428,1990-04-01,2025-11-01,-0.037204326383,HC3,0.479517544934,0.0504356416477,0.460721434823,-0.120163574475,0.0457549217089,-0.13605636755,0.0616477147838,0.0461472659682,0.420122534661,-0.113109824185,0.0387011714187,-0.127651305666,0.0532426528996
joint,baseline,lwti,diplomatic_tension,9,428,1990-04-01,2025-11-01,-0.158295683699,HC3,0.479517544934,0.0785353213197,0.0438419663069,-0.287474791816,-0.0291165755827,-0.312222085,-0.00436928239832,0.075663894657,0.0364304580588,-0.282751715255,-0.0338396521432,-0.306594192157,-0.00999717524133
joint,baseline,lwti,nuclear_threat,9,428,1990-04-01,2025-11-01,0.042902751142,HC3,0.479517544934,0.0467094171765,0.35835546206,-0.0339274031136,0.119732905398,-0.0486460242629,0.134451526547,0.0441639212552,0.331327510536,-0.0297404349151,0.115545937199,-0.0436569439343,0.129462446218
joint,baseline,lwti,military_conflict,10,427,1990-04-01,2025-10-01,-0.0202411014807,HC3,0.479532715888,0.0503420720893,0.687631566801,-0.103046441345,0.0625642383837,-0.118909749683,0.0784275467215,0.046067393711,0.660386058038,-0.0960152211105,0.0555330181492,-0.110531534016,0.0700493310546
joint,baseline,lwti,diplomatic_tension,10,427,1990-04-01,2025-10-01,-0.169357286077,HC3,0.479532715888,0.0808153763626,0.0361170483495,-0.302286751,-0.0364278211533,-0.327752513145,-0.010962059009,0.0777605696804,0.0294110489169,-0.297262041149,-0.0414525310042,-0.321765202068,-0.016949370086
joint,baseline,lwti,nuclear_threat,10,427,1990-04-01,2025-10-01,0.0484205651176,HC3,0.479532715888,0.0431107312051,0.261366432394,-0.0224902774656,0.119331407701,-0.0360749153916,0.132916045627,0.0411564624663,0.239395258318,-0.0192757914425,0.116116921678,-0.0322446190474,0.129085749283
joint,baseline,lwti,military_conflict,11,426,1990-04-01,2025-09-01,-0.000485649617212,HC3,0.479659731916,0.0505869746904,0.99234019465,-0.0836938184132,0.0827225191788,-0.0996342980973,0.0986629988628,0.0460975656342,0.991594238042,-0.0763093976442,0.0753380984098,-0.0908352180352,0.0898639188008
joint,baseline,lwti,diplomatic_tension,11,426,1990-04-01,2025-09-01,-0.169823933642,HC3,0.479659731916,0.0794206525661,0.0324936768642,-0.30045928207,-0.0391885852135,-0.3254855523,-0.0141623149834,0.0760553255919,0.0255555420861,-0.294923811791,-0.0447240554929,-0.318889632634,-0.0207582346492
joint,baseline,lwti,nuclear_threat,11,426,1990-04-01,2025-09-01,0.0969988931502,HC3,0.479659731916,0.0437975973872,0.0267801073875,0.024958256236,0.169039530064,0.0111571796618,0.182840606639,0.0420016406914,0.0209209935914,0.027912342121,0.166085444179,0.0146771901034,0.179320596197
joint,baseline,lwti,military_conflict,12,425,1990-04-01,2025-08-01,-0.0163787099009,HC3,0.479747087536,0.0481952999973,0.733976723855,-0.0956529239034,0.0628955041016,-0.11083976212,0.0780823423178,0.0443867617749,0.712127811995,-0.0893884359951,0.0566310161932,-0.10337516437,0.0706177445683
joint,baseline,lwti,diplomatic_tension,12,425,1990-04-01,2025-08-01,-0.187825957335,HC3,0.479747087536,0.0814546408283,0.0211164257651,-0.321806918734,-0.0538449959366,-0.347474119732,-0.028177794938,0.0784084845596,0.0165986193309,-0.316796437547,-0.0588554771236,-0.341503763154,-0.034148151516
joint,baseline,lwti,nuclear_threat,12,425,1990-04-01,2025-08-01,0.0926260778176,HC3,0.479747087536,0.0427019825997,0.0300729466594,0.0223875668605,0.162864588775,0.00893172985379,0.176320425781,0.0410663373569,0.024100505947,0.0250779638704,0.160174191765,0.012137535621,0.173114620014
joint,baseline,lwti,military_conflict,13,424,1990-04-01,2025-07-01,-0.0244596484747,HC3,0.480350390607,0.0533226351437,0.646442128814,-0.112167578289,0.0632482813401,-0.128970092917,0.0800507959678,0.0485239225278,0.614209365941,-0.104274398438,0.0553551014891,-0.119564789018,0.0706454920684
joint,baseline,lwti,diplomatic_tension,13,424,1990-04-01,2025-07-01,-0.174578553488,HC3,0.480350390607,0.0888680859096,0.0494757883275,-0.320753546917,-0.0284035600593,-0.348756801246,-0.00040030573017,0.0847857592271,0.0394889564103,-0.314038717067,-0.0351183899093,-0.340755587975,-0.00840151900085
joint,baseline,lwti,nuclear_threat,13,424,1990-04-01,2025-07-01,0.09127084859,HC3,0.480350390607,0.0414207366567,0.0275590929175,0.0231397996692,0.159401897511,0.0100876965297,0.17245400065,0.0397936122571,0.0218131682478,0.0258161811394,0.156725516041,0.0132768017513,0.169264895429
joint,baseline,lwti,military_conflict,14,423,1990-04-01,2025-06-01,0.014864094213,HC3,0.48071220428,0.0552337629296,0.787843136814,-0.075987361072,0.105715549498,-0.0933920918597,0.123120280286,0.0501568531179,0.766961118626,-0.0676365875544,0.0973647759804,-0.0834415314759,0.113169719902
joint,baseline,lwti,diplomatic_tension,14,423,1990-04-01,2025-06-01,-0.143243521999,HC3,0.48071220428,0.0912369826531,0.116411390425,-0.293315003828,0.00682795982969,-0.322064722057,0.0355776780588,0.0867574503223,0.0987221678048,-0.285946828827,-0.000540215171596,-0.313285000022,0.0267979560229
joint,baseline,lwti,nuclear_threat,14,423,1990-04-01,2025-06-01,0.095365384611,HC3,0.48071220428,0.0410469561247,0.0201617451982,0.027849149954,0.162881619268,0.0149148289316,0.17581594029,0.0394901921917,0.0157389618347,0.0304097987554,0.160320970467,0.0179660301726,0.172764739049
joint,baseline,lwti,military_conflict,15,422,1990-04-01,2025-05-01,0.00216182795746,HC3,0.480807091616,0.0544386977677,0.968323343962,-0.0873818615123,0.0917055174272,-0.104536059032,0.108859714947,0.0500117587717,0.965521065886,-0.0801001948484,0.0844238507634,-0.0958594180386,0.100183073954
joint,baseline,lwti,diplomatic_tension,15,422,1990-04-01,2025-05-01,-0.172880903807,HC3,0.480807091616,0.0930815587748,0.0632676828997,-0.32598644336,-0.0197753642538,-0.35531740663,0.00955559901663,0.0887111185571,0.0513184034541,-0.318797708916,-0.0269640986971,-0.346751501207,0.00098969359353
joint,baseline,lwti,nuclear_threat,15,422,1990-04-01,2025-05-01,0.0973837892786,HC3,0.480807091616,0.0409969674136,0.0175304133872,0.0299497787344,0.164817799823,0.0170312096726,0.177736368885,0.0395517632662,0.0138093114205,0.0323269280178,0.162440650539,0.0198637577517,0.174903820806
joint,baseline,lwti,military_conflict,16,421,1990-04-01,2025-04-01,-0.0274935117096,HC3,0.480809077788,0.0579346575,0.635100122366,-0.122787543225,0.0678005198055,-0.141043353866,0.0860563304471,0.0533965390924,0.606627694436,-0.115323002702,0.0603359792831,-0.13214880523,0.0771617818105
joint,baseline,lwti,diplomatic_tension,16,421,1990-04-01,2025-04-01,-0.20366099151,HC3,0.480809077788,0.1061009146,0.0549207455589,-0.378181465712,-0.0291405173076,-0.411614962852,0.00429297983239,0.101174780821,0.0441186247183,-0.370078696699,-0.0372432863207,-0.401959918062,-0.00536206495731
joint,baseline,lwti,nuclear_threat,16,421,1990-04-01,2025-04-01,0.102649593864,HC3,0.480809077788,0.0428822133612,0.0166767982251,0.0321146296847,0.173184558043,0.0186020000982,0.186697187629,0.0412123529026,0.012747442517,0.0348613057165,0.170437882011,0.0218748664563,0.183424321271
joint,baseline,lwti,military_conflict,17,420,1990-04-01,2025-03-01,-0.00650403823748,HC3,0.48171043276,0.0562586823127,0.907962032011,-0.099041335887,0.0860332594121,-0.116769029388,0.103760952913,0.0522283538457,0.90089502212,-0.0924120354902,0.0794039590153,-0.108869730747,0.0958616542718
joint,baseline,lwti,diplomatic_tension,17,420,1990-04-01,2025-03-01,-0.189941742711,HC3,0.48171043276,0.110635816555,0.0860121313649,-0.371921466843,-0.00796201857936,-0.40678395856,0.0269004731375,0.106371182523,0.0741558838862,-0.364906768086,-0.0149767173356,-0.398425429448,0.0185419440262
joint,baseline,lwti,nuclear_threat,17,420,1990-04-01,2025-03-01,0.108692262608,HC3,0.48171043276,0.0433062282779,0.01207814636,0.0374598559553,0.17992466926,0.0238136148769,0.193570910339,0.0416217507302,0.00901646084409,0.0402305749591,0.177153950257,0.027115130203,0.190269395013
joint,baseline,lwti,military_conflict,18,419,1990-04-01,2025-02-01,-0.0229902903455,HC3,0.481784122755,0.0585205751335,0.694424183992,-0.119248070605,0.0732674899142,-0.137688509962,0.0917079292708,0.053953918812,0.67002788285,-0.111736589392,0.0657560087006,-0.128738028042,0.0827574473507
joint,baseline,lwti,diplomatic_tension,18,419,1990-04-01,2025-02-01,-0.224880168033,HC3,0.481784122755,0.111626824923,0.0439496151154,-0.408489955873,-0.0412703801936,-0.443664724591,-0.0060956114756,0.107491123586,0.0364312449311,-0.401687332529,-0.0480730035382,-0.435558898919,-0.0142014371475
joint,baseline,lwti,nuclear_threat,18,419,1990-04-01,2025-02-01,0.13610033461,HC3,0.481784122755,0.0420892099085,0.00122233766132,0.0668697450367,0.205330924184,0.0536069990518,0.218593670168,0.0404573928761,0.000768100887866,0.0695538452009,0.202646824019,0.0568053016646,0.215395367556
joint,baseline,lwti,military_conflict,19,418,1990-04-01,2025-01-01,-0.0120148394005,HC3,0.482840724604,0.0623625404994,0.847224343243,-0.114592090327,0.0905624115258,-0.134243172764,0.110213493963,0.0569977752858,0.833047331227,-0.105767836807,0.0817381580065,-0.12372842616,0.0996987473586
joint,baseline,lwti,diplomatic_tension,19,418,1990-04-01,2025-01-01,-0.202674415163,HC3,0.482840724604,0.108146781445,0.0609210624586,-0.380560040865,-0.0247887894605,-0.414638211838,0.00928938151256,0.103611999185,0.0504545305889,-0.373100987818,-0.0322478425071,-0.405750201932,0.000401371606608
joint,baseline,lwti,nuclear_threat,19,418,1990-04-01,2025-01-01,0.150852234854,HC3,0.482840724604,0.0416810088974,0.000295506213042,0.082293076194,0.219411393514,0.0691589585757,0.232545511132,0.0401253087843,0.000170234005225,0.0848519751675,0.21685249454,0.0722080747681,0.22949639494
joint,baseline,lwti,military_conflict,20,417,1990-04-01,2024-12-01,0.0193225318761,HC3,0.4828500429,0.0642191526332,0.763502757245,-0.0863085742523,0.124953638004,-0.106544694403,0.145189758155,0.0580989995763,0.739451776483,-0.0762418182992,0.114886882051,-0.0945494148312,0.133194478583
joint,baseline,lwti,diplomatic_tension,20,417,1990-04-01,2024-12-01,-0.133099281763,HC3,0.4828500429,0.125770885126,0.289933354674,-0.339973978328,0.0737754148018,-0.379605686915,0.113407123388,0.118944466458,0.263138619014,-0.328745518822,0.0625469552957,-0.366226152181,0.100027588654
joint,baseline,lwti,nuclear_threat,20,417,1990-04-01,2024-12-01,0.152254662129,HC3,0.4828500429,0.0444003413459,0.000605513408742,0.0792225996284,0.22528672463,0.0652315921899,0.239277732068,0.0427947250328,0.000373987533073,0.0818636034445,0.222645720814,0.0683785423365,0.236130781922
joint,baseline,lwti,military_conflict,21,416,1990-04-01,2024-11-01,0.00879373366935,HC3,0.48285021617,0.0626596120672,0.888390306093,-0.0942721565028,0.111859623841,-0.114016849268,0.131604316606,0.0569232360798,0.87722806406,-0.0848366576543,0.102424124993,-0.102773758931,0.120361226269
joint,baseline,lwti,diplomatic_tension,21,416,1990-04-01,2024-11-01,-0.194449772573,HC3,0.48285021617,0.105973225492,0.0665212053402,-0.368760216884,-0.0201393282621,-0.402153477864,0.0132539327177,0.101375525552,0.05509661049,-0.361197673462,-0.027701871684,-0.39314215157,0.00424260642354
joint,baseline,lwti,nuclear_threat,21,416,1990-04-01,2024-11-01,0.135139326096,HC3,0.48285021617,0.0432532215818,0.00178182624304,0.0639941077,0.206284544492,0.0503645695805,0.219914082612,0.0417704775274,0.00121522113582,0.0664330046356,0.203845647556,0.0532706945253,0.217007957667
joint,baseline,lwti,military_conflict,22,415,1990-04-01,2024-10-01,0.000377550935077,HC3,0.482895463103,0.062329506507,0.995166972486,-0.102145363909,0.102900465779,-0.121786036993,0.122541138863,0.05722343704,0.994735725569,-0.0937466270269,0.094501728897,-0.111778324735,0.112533426605
joint,baseline,lwti,diplomatic_tension,22,415,1990-04-01,2024-10-01,-0.24903659518,HC3,0.482895463103,0.0984887518507,0.0114525291103,-0.411036175875,-0.0870370144842,-0.442071001689,-0.0560021886701,0.0947769834794,0.00859879808956,-0.404930860207,-0.0931423301522,-0.434796069363,-0.0632771209968
joint,baseline,lwti,nuclear_threat,22,415,1990-04-01,2024-10-01,0.138027489008,HC3,0.482895463103,0.0440683631018,0.00173547750957,0.0655414821263,0.21051349589,0.0516550844709,0.224399893545,0.0425966572728,0.00119388858511,0.067962222797,0.208092755219,0.0545395748917,0.221515403125
joint,baseline,lwti,military_conflict,23,414,1990-04-01,2024-09-01,-0.0146624095741,HC3,0.483338198324,0.061300449568,0.810958825162,-0.11549267638,0.0861678572315,-0.134809082963,0.105484263815,0.0567252556376,0.796035591302,-0.107967152049,0.0786423329011,-0.125841867638,0.0965170484894
joint,baseline,lwti,diplomatic_tension,23,414,1990-04-01,2024-09-01,-0.311448142101,HC3,0.483338198324,0.109031548511,0.00428345897778,-0.490789080122,-0.13210720408,-0.525146050362,-0.0977502338404,0.10513547118,0.00305299779048,-0.484380603193,-0.138515681009,-0.517509879112,-0.105386405091
joint,baseline,lwti,nuclear_threat,23,414,1990-04-01,2024-09-01,0.119897391021,HC3,0.483338198324,0.0436311056606,0.00599637283332,0.0481306086272,0.191664173415,0.0343819953205,0.205412786722,0.0423718543462,0.00465993856666,0.0502018927191,0.189592889323,0.0368500825443,0.202944699498
joint,baseline,lwti,military_conflict,24,413,1990-04-01,2024-08-01,-0.0161406549078,HC3,0.483339511736,0.0613432339727,0.792457797851,-0.117041295797,0.0847599859811,-0.136371184189,0.104089874374,0.0569682214946,0.776925917934,-0.109845040654,0.0775637308386,-0.127796317301,0.095515007485
joint,baseline,lwti,diplomatic_tension,24,413,1990-04-01,2024-08-01,-0.309666592153,HC3,0.483339511736,0.101750202891,0.00233920983654,-0.477030782421,-0.142302401886,-0.509093325239,-0.110239859068,0.0984947356138,0.00166660392812,-0.471676015263,-0.147657169044,-0.502712726623,-0.116620457684
joint,baseline,lwti,nuclear_threat,24,413,1990-04-01,2024-08-01,0.106967260478,HC3,0.483339511736,0.04398726333,0.0150249120474,0.0346146508499,0.179319870106,0.0207538085726,0.193180712383,0.0427919931263,0.0124297570811,0.0365806953797,0.177353825576,0.0230964951238,0.190838025832
joint,baseline,lwti,military_conflict,25,412,1990-04-01,2024-07-01,0.00402295322294,HC3,0.483352991368,0.0637304968049,0.949667396542,-0.100804385594,0.10885029204,-0.120886525232,0.128932431677,0.0589768117283,0.945616510967,-0.0929852694543,0.1010311759,-0.111569473687,0.119615380133
joint,baseline,lwti,diplomatic_tension,25,412,1990-04-01,2024-07-01,-0.325646742153,HC3,0.483352991368,0.110012993063,0.00307563869375,-0.506602012804,-0.144691471502,-0.541268246387,-0.110025237919,0.10617570538,0.00216178980478,-0.500290236242,-0.151003248064,-0.533747300732,-0.117546183574
joint,baseline,lwti,nuclear_threat,25,412,1990-04-01,2024-07-01,0.124418727905,HC3,0.483352991368,0.0484254175214,0.010190843047,0.0447660042584,0.204071451552,0.0295066536268,0.219330802184,0.0470675133446,0.00820756212074,0.0469995578687,0.201837897942,0.0321680969078,0.216669358902
joint,baseline,lwti,military_conflict,26,411,1990-04-01,2024-06-01,-0.00907702154122,HC3,0.483436537513,0.0637307666842,0.886742245658,-0.11390480427,0.0957507611877,-0.133987028949,0.115832985867,0.0593825683984,0.878511308187,-0.106752654549,0.0885986114665,-0.125464716911,0.107310673829
joint,baseline,lwti,diplomatic_tension,26,411,1990-04-01,2024-06-01,-0.303879859438,HC3,0.483436537513,0.10416028284,0.00352934011977,-0.475208278453,-0.132551440424,-0.508030262425,-0.099729456452,0.100417989414,0.0024768971324,-0.469052753538,-0.138706965339,-0.500695502091,-0.107064216786
joint,baseline,lwti,nuclear_threat,26,411,1990-04-01,2024-06-01,0.104887009031,HC3,0.483436537513,0.0548260835747,0.0557370527974,0.014706126612,0.195067891451,-0.00257014018837,0.212344158251,0.0533972908431,0.0494981103732,0.0170562815187,0.192717736544,0.0002302421069,0.209543775956
joint,baseline,lwti,military_conflict,27,410,1990-04-01,2024-05-01,-0.0179820181038,HC3,0.483578148874,0.0640478443695,0.77889514029,-0.123331347213,0.0873673110057,-0.143513486355,0.107549450148,0.0601227703484,0.76487266139,-0.116875174974,0.0809111387661,-0.135820482638,0.0998564464299
joint,baseline,lwti,diplomatic_tension,27,410,1990-04-01,2024-05-01,-0.270166216799,HC3,0.483578148874,0.101510884786,0.0077804730588,-0.437136763814,-0.103195669785,-0.469123895018,-0.0712085385807,0.0980714237546,0.00587297452749,-0.431479353862,-0.108853079736,-0.462382675271,-0.0779497583277
joint,baseline,lwti,nuclear_threat,27,410,1990-04-01,2024-05-01,0.0795119262499,HC3,0.483578148874,0.0562768681841,0.157693807723,-0.0130552844963,0.172079136996,-0.0307887085537,0.189812561053,0.0549714066129,0.148058495805,-0.0109079912959,0.169931843796,-0.0282300508908,0.187253903391
joint,baseline,lwti,military_conflict,28,409,1990-04-01,2024-04-01,-0.0234012788619,HC3,0.483758881793,0.0676114803031,0.72925705392,-0.134612267462,0.0878097097383,-0.155917345198,0.109114787474,0.0633182057505,0.711693850188,-0.127550459243,0.0807479015189,-0.147502681699,0.100700123975
joint,baseline,lwti,diplomatic_tension,28,409,1990-04-01,2024-04-01,-0.247577713598,HC3,0.483758881793,0.102847151639,0.01607363015,-0.416746223994,-0.0784092032028,-0.449154426724,-0.0460010004728,0.0994731715214,0.0128142853577,-0.41119652056,-0.083958906637,-0.442541547208,-0.0526138799884
joint,baseline,lwti,nuclear_threat,28,409,1990-04-01,2024-04-01,0.0798603679079,HC3,0.483758881793,0.0535210744892,0.135665230088,-0.00817396558404,0.1678947014,-0.0250390105049,0.184759746321,0.0521909129679,0.125977506536,-0.00598604458129,0.165706780397,-0.0224319418295,0.182152677645
joint,baseline,lwti,military_conflict,29,408,1990-04-01,2024-03-01,-0.0103773016298,HC3,0.484181454604,0.071587073939,0.884742019055,-0.128127559841,0.107372956582,-0.150685388309,0.129930785049,0.0665743581257,0.876131272605,-0.119882376055,0.0991277727953,-0.14086064585,0.120106042591
joint,baseline,lwti,diplomatic_tension,29,408,1990-04-01,2024-03-01,-0.219600066179,HC3,0.484181454604,0.105465810328,0.0373249360288,-0.393075886817,-0.0461242455412,-0.426309256023,-0.0128908763353,0.101736611225,0.0308877639907,-0.386941900146,-0.0522582322118,-0.419000160089,-0.0201999722689
joint,baseline,lwti,nuclear_threat,29,408,1990-04-01,2024-03-01,0.077882575029,HC3,0.484181454604,0.0535428216486,0.145784238898,-0.0101875293569,0.165952679415,-0.0270594270329,0.182824577091,0.0520687242051,0.134714906219,-0.00776285483056,0.163528004889,-0.024170249134,0.179935399192
joint,baseline,lwti,military_conflict,30,407,1990-04-01,2024-02-01,-0.0282454278638,HC3,0.484190512873,0.0689123882118,0.681898041899,-0.141596219556,0.0851053638283,-0.163311226848,0.10682037112,0.0641545548477,0.659740414704,-0.133770280091,0.0772794243629,-0.15398604481,0.0974951890819
joint,baseline,lwti,diplomatic_tension,30,407,1990-04-01,2024-02-01,-0.227435709025,HC3,0.484190512873,0.106556801048,0.0328093816248,-0.402706049705,-0.052165368346,-0.436283201387,-0.0185882166644,0.102884152115,0.0270635471747,-0.396665079788,-0.0582063382631,-0.429084941751,-0.0257864762999
joint,baseline,lwti,nuclear_threat,30,407,1990-04-01,2024-02-01,0.0874987331319,HC3,0.484190512873,0.0575601331318,0.12847896982,-0.00717926061778,0.182176726882,-0.0253170547518,0.200314521016,0.0554225493487,0.114391824133,-0.00366324817931,0.178660714443,-0.0211274675231,0.196124933787
joint,baseline,lwti,military_conflict,31,406,1990-04-01,2024-01-01,-0.0184446128937,HC3,0.486660410015,0.0666193461268,0.78188321937,-0.128023685996,0.0911344602081,-0.149016131976,0.112126906188,0.0622339028206,0.766943225149,-0.120810273668,0.0839210478801,-0.140420821039,0.103531595252
joint,baseline,lwti,diplomatic_tension,31,406,1990-04-01,2024-01-01,-0.168813206968,HC3,0.486660410015,0.110851755572,0.127790343343,-0.351148119174,0.0135217052388,-0.386078655512,0.0484522415764,0.106650161835,0.113451385695,-0.344237112478,0.00661069854199,-0.37784368311,0.0402172691748
joint,baseline,lwti,nuclear_threat,31,406,1990-04-01,2024-01-01,0.0705807089126,HC3,0.486660410015,0.0740975144627,0.340824130592,-0.0512988564995,0.192460274325,-0.0746477507782,0.215809168603,0.0698273854705,0.312117732187,-0.0442751193391,0.185436537164,-0.0662784517442,0.207439869569
joint,baseline,lwti,military_conflict,32,405,1990-04-01,2023-12-01,-0.0432176735138,HC3,0.486782724288,0.0659591376805,0.512326828615,-0.151710800358,0.0652754533307,-0.172495207819,0.0860598607914,0.0612580803838,0.480498138721,-0.143978249213,0.0575429021857,-0.163281304828,0.0768459578006
joint,baseline,lwti,diplomatic_tension,32,405,1990-04-01,2023-12-01,-0.151540534444,HC3,0.486782724288,0.113127876548,0.18039143723,-0.337619332494,0.0345382636063,-0.373267098126,0.0701860292387,0.108225189877,0.161443412608,-0.329555130541,0.0264740616532,-0.363658008823,0.0605769399355
joint,baseline,lwti,nuclear_threat,32,405,1990-04-01,2023-12-01,0.0117658823526,HC3,0.486782724288,0.0843590139896,0.889075663464,-0.126992347774,0.150524112479,-0.153574746838,0.177106511544,0.0784276392602,0.880747146983,-0.117236104538,0.140767869243,-0.14194946599,0.165481230695
joint,baseline,lwti,military_conflict,33,404,1990-04-01,2023-11-01,-0.0382980260637,HC3,0.486909307908,0.0672148384792,0.568823335496,-0.148856596921,0.0722605447937,-0.17003668871,0.0934406365822,0.0628052926141,0.542001067144,-0.141603539412,0.0650074872843,-0.161394137626,0.0847980854984
joint,baseline,lwti,diplomatic_tension,33,404,1990-04-01,2023-11-01,-0.152979933546,HC3,0.486909307908,0.110456871657,0.166060311977,-0.334665319513,0.0287054524206,-0.369471423839,0.0635115567466,0.106582500259,0.151196093376,-0.328292545667,0.0223326785738,-0.361877795436,0.0559179283431
joint,baseline,lwti,nuclear_threat,33,404,1990-04-01,2023-11-01,0.0266981628295,HC3,0.486909307908,0.067602448099,0.692895335096,-0.0844979691171,0.137894294776,-0.105800200711,0.15919652637,0.0643935522186,0.6784279706,-0.0792198050897,0.132616130749,-0.0995108803557,0.152907206015
joint,baseline,lwti,military_conflict,34,403,1990-04-01,2023-10-01,-0.0125805378032,HC3,0.488098360054,0.0728695759962,0.862930803268,-0.132440324175,0.107279248569,-0.155402282325,0.130241206718,0.0665634898934,0.850092366842,-0.122067735577,0.0969066599705,-0.14304258068,0.117881505073
joint,baseline,lwti,diplomatic_tension,34,403,1990-04-01,2023-10-01,-0.169671075089,HC3,0.488098360054,0.114140924227,0.137145547798,-0.357416188288,0.0180740381101,-0.393383175737,0.0540410255589,0.109602292773,0.121607522519,-0.349950803879,0.0106086537009,-0.384487621547,0.0451454713692
joint,baseline,lwti,nuclear_threat,34,403,1990-04-01,2023-10-01,0.0424182874593,HC3,0.488098360054,0.0590070915699,0.472222489146,-0.0546397411254,0.139476316044,-0.0732334868502,0.158070061769,0.0567838858073,0.455055856454,-0.0509828930632,0.135819467982,-0.0688760836252,0.153712658544
joint,baseline,lwti,military_conflict,35,402,1990-04-01,2023-09-01,-0.0210003740372,HC3,0.488104983354,0.0828707920978,0.799950593367,-0.157310696988,0.115309948913,-0.183424141919,0.141423393845,0.0744228057478,0.777808102643,-0.143414995999,0.101414247925,-0.166866392931,0.124865644857
joint,baseline,lwti,diplomatic_tension,35,402,1990-04-01,2023-09-01,-0.233942494616,HC3,0.488104983354,0.117467659648,0.0464206624702,-0.427159600638,-0.040725388594,-0.464174876875,-0.00371011235706,0.111999658241,0.0367276533991,-0.418165538691,-0.0497194505412,-0.453457791049,-0.0144271981831
joint,baseline,lwti,nuclear_threat,35,402,1990-04-01,2023-09-01,0.0324879334034,HC3,0.488104983354,0.0621586042881,0.601209565424,-0.0697538723061,0.134729739113,-0.0893406923305,0.154316559137,0.0597542926538,0.586653409442,-0.0657991315942,0.130774998401,-0.0846283281198,0.149604194927
joint,baseline,lwti,military_conflict,36,401,1990-04-01,2023-08-01,-0.028209309761,HC3,0.48815087263,0.0883600000073,0.749533685703,-0.17354857625,0.117129956728,-0.201391727449,0.144973107927,0.0793138073301,0.722089906043,-0.158668913415,0.102250293893,-0.183661515605,0.127242896083
joint,baseline,lwti,diplomatic_tension,36,401,1990-04-01,2023-08-01,-0.18434777022,HC3,0.48815087263,0.114437631844,0.107201159839,-0.372580924018,0.00388538357802,-0.40864140711,0.0399458666699,0.108805412922,0.0902104566617,-0.363316748297,-0.00537879214298,-0.397602460871,0.0289069204305
joint,baseline,lwti,nuclear_threat,36,401,1990-04-01,2023-08-01,0.0152182924125,HC3,0.48815087263,0.061914881437,0.805841876406,-0.0866226248814,0.117059209706,-0.106132645311,0.136569230136,0.0596164464909,0.798514541653,-0.0828420358241,0.113278620649,-0.101627795596,0.132064380421
joint,baseline,lwti,military_conflict,37,400,1990-04-01,2023-07-01,-0.0121654889487,HC3,0.489091596198,0.0899336627707,0.892396976018,-0.160093200342,0.135762222445,-0.188432228977,0.16410125108,0.0802436802477,0.879497056357,-0.144154597444,0.119823619547,-0.169440212221,0.145109234324
joint,baseline,lwti,diplomatic_tension,37,400,1990-04-01,2023-07-01,-0.105731201419,HC3,0.489091596198,0.119875458041,0.377772082205,-0.30290878336,0.0914463805221,-0.340682781809,0.129220378972,0.113793238889,0.352810383142,-0.292904423128,0.0814420202901,-0.328761851325,0.117299448488
joint,baseline,lwti,nuclear_threat,37,400,1990-04-01,2023-07-01,0.0193689768056,HC3,0.489091596198,0.0572479797919,0.735110993744,-0.0747955703907,0.113533524002,-0.0928350017742,0.131572955385,0.0549400894038,0.72442789825,-0.0709994285152,0.109737382126,-0.0883116197332,0.127049573344
joint,baseline,lwti,military_conflict,38,399,1990-04-01,2023-06-01,-0.045311413234,HC3,0.489406261661,0.08632914546,0.599674897192,-0.187310221255,0.0966873947874,-0.214513429152,0.123890602684,0.0775875423548,0.559217810356,-0.172931563683,0.0823087372146,-0.197380201899,0.10675737543
joint,baseline,lwti,diplomatic_tension,38,399,1990-04-01,2023-06-01,-0.172572759788,HC3,0.489406261661,0.119646076625,0.149200736552,-0.369373042875,0.0242275232998,-0.407074760865,0.0619292412892,0.113762951091,0.12927919487,-0.359696162503,0.0145506429277,-0.395544046702,0.0503985271264
joint,baseline,lwti,nuclear_threat,38,399,1990-04-01,2023-06-01,0.0170001594236,HC3,0.489406261661,0.056136494157,0.762014737125,-0.0753361565948,0.109336475442,-0.0930253473424,0.12702566619,0.053858632419,0.752272662526,-0.0715894074535,0.105589726301,-0.0885608203743,0.122561139221
joint,baseline,lwti,military_conflict,39,398,1990-04-01,2023-05-01,-0.0254031774777,HC3,0.489431651759,0.0854727218436,0.766307707746,-0.165993294008,0.115186939052,-0.192926633952,0.142120278996,0.0768213103547,0.740887129642,-0.151762988442,0.100956633486,-0.175970179018,0.125163824063
joint,baseline,lwti,diplomatic_tension,39,398,1990-04-01,2023-05-01,-0.200256011425,HC3,0.489431651759,0.128081879443,0.117935048685,-0.410931955373,0.0104199325225,-0.451291882205,0.0507798593543,0.121835896249,0.100247772192,-0.400658227263,0.000146204412515,-0.439049980098,0.0385379572466
joint,baseline,lwti,nuclear_threat,39,398,1990-04-01,2023-05-01,0.0254700862667,HC3,0.489431651759,0.0546455773033,0.641146769705,-0.0644138897575,0.115354062291,-0.0816332771622,0.132573449696,0.0525140412984,0.62766586026,-0.0609078250288,0.111847997562,-0.0774555433608,0.128395715894
joint,baseline,lwti,military_conflict,40,397,1990-04-01,2023-04-01,-0.0270573214645,HC3,0.489873091367,0.0880913899425,0.7587287603,-0.171954763715,0.117840120786,-0.1997132731,0.145598630171,0.0782890860991,0.729637457784,-0.155831408685,0.101716765756,-0.180501110601,0.126386467672
joint,baseline,lwti,diplomatic_tension,40,397,1990-04-01,2023-04-01,-0.22260662903,HC3,0.489873091367,0.136248946712,0.102296073608,-0.446716203197,0.00150294513772,-0.489649657516,0.0444363994571,0.129305181473,0.0851492532767,-0.435294725759,-0.0099185323004,-0.476040127731,0.0308268696715
joint,baseline,lwti,nuclear_threat,40,397,1990-04-01,2023-04-01,0.0263007443209,HC3,0.489873091367,0.0557148123752,0.636883834524,-0.0653419668893,0.117943455531,-0.0828982813398,0.135499769982,0.0536965598048,0.624273199052,-0.0620222368288,0.114623725471,-0.0789425789901,0.131544067632
joint,baseline,lwti,military_conflict,41,396,1990-04-01,2023-03-01,-0.00951882063168,HC3,0.489883599603,0.0884457797566,0.914294567937,-0.154999182253,0.13596154099,-0.182869363539,0.163831722276,0.0779744170606,0.902838669521,-0.137775323343,0.11873768208,-0.162345869786,0.143308228523
joint,baseline,lwti,diplomatic_tension,41,396,1990-04-01,2023-03-01,-0.197437821917,HC3,0.489883599603,0.136602821328,0.148361790764,-0.422129468031,0.0272538241966,-0.465174431907,0.070298788073,0.129067965307,0.126086100768,-0.409735732776,0.0148600889414,-0.450406385477,0.0555307416425
joint,baseline,lwti,nuclear_threat,41,396,1990-04-01,2023-03-01,0.0204197302192,HC3,0.489883599603,0.0576301089941,0.723096090304,-0.0743733635814,0.11521282402,-0.0925332078344,0.133372668273,0.0555049627447,0.712955129697,-0.0708778090652,0.111717269504,-0.0883679977236,0.129207458162
joint,baseline,lwti,military_conflict,42,395,1990-04-01,2023-02-01,0.00581383584724,HC3,0.48998296349,0.0903195868244,0.948675933987,-0.142748664126,0.15437633582,-0.171209301427,0.182836973122,0.0790668884306,0.941383893681,-0.12423962236,0.135867294054,-0.149154417846,0.160782089541
joint,baseline,lwti,diplomatic_tension,42,395,1990-04-01,2023-02-01,-0.162686088486,HC3,0.48998296349,0.134856421271,0.22767672268,-0.384505162131,0.05913298516,-0.426999817261,0.10162764029,0.12656203945,0.198643591878,-0.37086211811,0.0454899411384,-0.410743127618,0.0853709506467
joint,baseline,lwti,nuclear_threat,42,395,1990-04-01,2023-02-01,0.0193690564072,HC3,0.48998296349,0.0608252346653,0.750152837979,-0.0806795514422,0.119417664257,-0.099846212888,0.138584325702,0.0586143685855,0.741060761922,-0.0770430003521,0.115781113167,-0.0955129949969,0.134251107811
joint,baseline,lwti,military_conflict,43,394,1990-04-01,2023-01-01,-0.0157084125574,HC3,0.490301817257,0.095829021828,0.869793142293,-0.173333126678,0.141916301564,-0.203529844014,0.172113018899,0.0831451996802,0.850149660128,-0.152470095815,0.1210532707,-0.178670009418,0.147253184303
joint,baseline,lwti,diplomatic_tension,43,394,1990-04-01,2023-01-01,-0.174563010842,HC3,0.490301817257,0.140228975295,0.213189590947,-0.40521914946,0.0560931277757,-0.44940675201,0.100280730325,0.130711203437,0.181717262754,-0.389563807899,0.040437786214,-0.430752261955,0.0816262402698
joint,baseline,lwti,nuclear_threat,43,394,1990-04-01,2023-01-01,0.000429447567211,HC3,0.490301817257,0.062969481844,0.994558523949,-0.103146133031,0.104005028166,-0.122988468972,0.123847364107,0.0606720259069,0.994352476,-0.0993671543003,0.100226049435,-0.118485538079,0.119344433214
joint,baseline,lwti,military_conflict,44,393,1990-04-01,2022-12-01,0.00303815903112,HC3,0.490362733478,0.102071072209,0.976254366341,-0.164853814299,0.170930132361,-0.197017466362,0.203093784424,0.0878932578276,0.972425444281,-0.141533384891,0.147609702953,-0.169229460795,0.175305778857
joint,baseline,lwti,diplomatic_tension,44,393,1990-04-01,2022-12-01,-0.140294438558,HC3,0.490362733478,0.142713883659,0.325584364665,-0.37503788771,0.0944490105953,-0.420008510623,0.139419633508,0.132412600718,0.289360826256,-0.358093785102,0.077504907987,-0.399818367064,0.119229489948
joint,baseline,lwti,nuclear_threat,44,393,1990-04-01,2022-12-01,0.0163866327068,HC3,0.490362733478,0.057418354862,0.775345255731,-0.0780581565415,0.110831421955,-0.0961512748742,0.128924540288,0.0550199950524,0.765832533723,-0.07411320571,0.106886471124,-0.0914505760254,0.124223841439
joint,baseline,lwti,military_conflict,45,392,1990-04-01,2022-11-01,0.0291457648632,HC3,0.490609257775,0.100890937814,0.772670245333,-0.136805060127,0.195096589853,-0.168596839619,0.226888369345,0.0867510529113,0.736893371017,-0.11354701916,0.171838548886,-0.140883174464,0.19917470419
joint,baseline,lwti,diplomatic_tension,45,392,1990-04-01,2022-11-01,-0.149428764752,HC3,0.490609257775,0.137498194436,0.277138945004,-0.37559316857,0.0767356390651,-0.418920273786,0.120062744282,0.127355525336,0.240667568593,-0.358909962514,0.0600524330094,-0.399041007644,0.100183478139
joint,baseline,lwti,nuclear_threat,45,392,1990-04-01,2022-11-01,0.0112098764244,HC3,0.490609257775,0.0562707120422,0.842095865664,-0.0813472083694,0.103766961218,-0.0990786925628,0.121498445412,0.0539423577531,0.835375658654,-0.0775174063721,0.0999371592208,-0.0945152020128,0.116934954862
joint,baseline,lwti,military_conflict,46,391,1990-04-01,2022-10-01,0.0409507871305,HC3,0.490923337621,0.0973997155189,0.674163671776,-0.119257488205,0.201159062466,-0.149949147391,0.231850721652,0.0840399728821,0.626061696756,-0.0972826670734,0.179184241334,-0.12376453298,0.205666107241
joint,baseline,lwti,diplomatic_tension,46,391,1990-04-01,2022-10-01,-0.135466468826,HC3,0.490923337621,0.140113512693,0.333627164211,-0.365932688364,0.0949997507126,-0.410083907451,0.1391509698,0.130380335876,0.298800099618,-0.349923037174,0.0789900995226,-0.391007231434,0.120074293783
joint,baseline,lwti,nuclear_threat,46,391,1990-04-01,2022-10-01,0.0200598371024,HC3,0.490923337621,0.0547784913214,0.714216474471,-0.0700427630266,0.110162437231,-0.0873040330151,0.12742370722,0.0525706588048,0.702773978145,-0.0664112017039,0.106530875909,-0.0829767607985,0.123096435003
joint,baseline,lwti,military_conflict,47,390,1990-04-01,2022-09-01,0.0198897612362,HC3,0.491553896936,0.0808854763936,0.80575942762,-0.113155007978,0.15293453045,-0.138642859368,0.17842238184,0.072011737437,0.782393184271,-0.0985590062702,0.138338528743,-0.121250650605,0.161030173077
joint,baseline,lwti,diplomatic_tension,47,390,1990-04-01,2022-09-01,-0.199444709831,HC3,0.491553896936,0.124840175877,0.110131946444,-0.404788525911,0.00589910624962,-0.444126958373,0.0452375387116,0.118989424082,0.0937078495981,-0.395164895601,-0.00372452406067,-0.432659695572,0.033770275911
joint,baseline,lwti,nuclear_threat,47,390,1990-04-01,2022-09-01,0.0090138387088,HC3,0.491553896936,0.0519856699844,0.862344228878,-0.0764949791145,0.0945226565321,-0.0928762021727,0.11090387959,0.0503304818122,0.857864651356,-0.0737724368463,0.0918001142639,-0.0896320929677,0.107659770385
joint,baseline,lwti,military_conflict,48,389,1990-04-01,2022-08-01,0.0179249981484,HC3,0.491845982783,0.0718483597388,0.802986609971,-0.100255036958,0.136105033255,-0.122895199288,0.158745195585,0.0648099256227,0.782104176709,-0.0886778430746,0.124527839371,-0.109100121913,0.14495011821
joint,baseline,lwti,diplomatic_tension,48,389,1990-04-01,2022-08-01,-0.209689289131,HC3,0.491845982783,0.118112107236,0.0758415679744,-0.403966417105,-0.0154121611564,-0.441184765452,0.0218061871903,0.113490748041,0.0646554041417,-0.396364957671,-0.0230136205907,-0.432127067869,0.0127484896073
joint,baseline,lwti,nuclear_threat,48,389,1990-04-01,2022-08-01,-0.000346287268343,HC3,0.491845982783,0.051294222441,0.994613522671,-0.0847177750922,0.0840252005555,-0.100881115868,0.100188541331,0.0500259321653,0.994476963316,-0.0826316232321,0.0819390486954,-0.0983953126054,0.0977027380687
single,baseline,lbrent,gpr_ai,0,432,1990-04-01,2026-03-01,0.106705757167,HC3,0.436003835674,0.0537438067214,0.047094187619,0.0183050617555,0.195106452579,0.00136983160132,0.212041682733,0.0495322236067,0.0312190455318,0.025232499517,0.188179014818,0.00962438282413,0.203787131511
single,baseline,lbrent,gpr_ai,1,432,1990-04-01,2026-03-01,0.0510713245513,HC3,0.436003835674,0.0901578468119,0.571077267937,-0.0972251367754,0.199367785878,-0.125634808124,0.227777457226,0.0832855218491,0.539739004097,-0.0859211681348,0.188063817237,-0.112165298707,0.214307947809
single,baseline,lbrent,gpr_ai,2,432,1990-04-01,2026-03-01,-0.0353469559643,HC3,0.436003835674,0.101268406059,0.727057563778,-0.201918660966,0.131224749037,-0.233829384611,0.163135472683,0.0934560142625,0.705266992384,-0.189068419984,0.118374508056,-0.218517378057,0.147823466129
single,baseline,lbrent,gpr_ai,3,432,1990-04-01,2026-03-01,-0.0522724312072,HC3,0.436003835674,0.0971672504598,0.590602268561,-0.212098335547,0.107553473132,-0.242716742585,0.138171880171,0.0909538123537,0.565484723446,-0.201878139342,0.0973332769278,-0.230538627677,0.125993765263
single,baseline,lbrent,gpr_ai,4,432,1990-04-01,2026-03-01,-0.0440527854996,HC3,0.436003835674,0.0868956335221,0.61218147085,-0.186983383465,0.0988778124655,-0.214365097617,0.126259526618,0.0814159378259,0.588450327621,-0.177970086124,0.089864515125,-0.203625091406,0.115519520407
single,baseline,lbrent,gpr_ai,5,432,1990-04-01,2026-03-01,-0.0450888614675,HC3,0.436003835674,0.0809895213161,0.577715584634,-0.178304769349,0.0881270464142,-0.203825406372,0.113647683437,0.0758463236766,0.55219341643,-0.169844962058,0.0796672391228,-0.193744924233,0.103567201298
single,baseline,lbrent,gpr_ai,6,431,1990-04-01,2026-02-01,-0.119607436751,HC3,0.437302153432,0.0642924785155,0.0628339910575,-0.225359153223,-0.0138557202792,-0.245618379118,0.00640350561605,0.0623772124675,0.0551762074584,-0.222208820917,-0.0170060525849,-0.241864526643,0.0026496531411
single,baseline,lbrent,gpr_ai,7,430,1990-04-01,2026-01-01,-0.115716257207,HC3,0.438921991562,0.0678826802917,0.0882595930793,-0.227373330092,-0.00405918432231,-0.248763865753,0.0173313513385,0.066163869134,0.0803023844402,-0.224546137325,-0.00688637708902,-0.245395057788,0.0139625433732
single,baseline,lbrent,gpr_ai,8,429,1990-04-01,2025-12-01,-0.138934927535,HC3,0.439387147063,0.0743464733031,0.0616576873464,-0.261223993799,-0.016645861271,-0.284651337587,0.00678148251696,0.0721735993602,0.0542280603544,-0.257649934212,-0.0202199208571,-0.280392582915,0.00252272784575
single,baseline,lbrent,gpr_ai,9,428,1990-04-01,2025-11-01,-0.121270531839,HC3,0.439572620646,0.0732765863532,0.0979306396029,-0.241799790672,-0.000741273005103,-0.264890002001,0.0223489383235,0.0710853594248,0.0880109380543,-0.238195543112,-0.00434552056581,-0.260595276139,0.0180542124618
single,baseline,lbrent,gpr_ai,10,427,1990-04-01,2025-10-01,-0.0949763503609,HC3,0.439614623583,0.0758552301543,0.210542953914,-0.219747100803,0.0297944000817,-0.243649869502,0.0536971687806,0.073552685334,0.196610190307,-0.215959751604,0.0260070508827,-0.239136964582,0.0491842638599
single,baseline,lbrent,gpr_ai,11,426,1990-04-01,2025-09-01,-0.084555017415,HC3,0.439705489991,0.0776602100143,0.276250152457,-0.212294695527,0.0431846606969,-0.236766232075,0.0676561972449,0.0748625814886,0.258699744756,-0.207693006099,0.0385829712695,-0.231282980922,0.0621729460923
single,baseline,lbrent,gpr_ai,12,425,1990-04-01,2025-08-01,-0.130211831346,HC3,0.439834910028,0.0764251128356,0.0884215780591,-0.255919955384,-0.00450370730846,-0.280002300019,0.0195786373259,0.0737046383333,0.0772833786233,-0.251445173032,-0.00897848966065,-0.274670267973,0.0142466052805
single,baseline,lbrent,gpr_ai,13,424,1990-04-01,2025-07-01,-0.0987064090934,HC3,0.440477823843,0.0826960652557,0.232632649132,-0.234729331964,0.037316513777,-0.260787718658,0.0633749004709,0.0792288364837,0.212823347728,-0.229026248143,0.031613429956,-0.253992075138,0.0565792569517
single,baseline,lbrent,gpr_ai,14,423,1990-04-01,2025-06-01,-0.0664182471359,HC3,0.440778557917,0.0900921217384,0.460984974678,-0.214606600337,0.0817701060652,-0.242995561034,0.110159066762,0.0860828885376,0.44037415308,-0.208011998565,0.0751755042937,-0.235137608355,0.102301114083
single,baseline,lbrent,gpr_ai,15,422,1990-04-01,2025-05-01,-0.0659364009263,HC3,0.440888767004,0.0863461326359,0.445088431332,-0.207963150366,0.0760903485131,-0.235171711097,0.103298909244,0.0834788772892,0.429611108779,-0.203246935009,0.0713741331567,-0.229551993883,0.0976791920304
single,baseline,lbrent,gpr_ai,16,421,1990-04-01,2025-04-01,-0.0794625850831,HC3,0.440990602292,0.0870024565036,0.361065192619,-0.222568891217,0.0636437210505,-0.249984266397,0.0910590962305,0.0842918755646,0.345830525165,-0.218110382328,0.0591852121619,-0.244671625379,0.0857464552129
single,baseline,lbrent,gpr_ai,17,420,1990-04-01,2025-03-01,-0.057412429305,HC3,0.441473605678,0.0880507804073,0.514376845197,-0.202243074814,0.0874182162039,-0.229988787714,0.115163929104,0.0854747095878,0.50178165276,-0.198005815383,0.083180956773,-0.224939781686,0.110114923076
single,baseline,lbrent,gpr_ai,18,419,1990-04-01,2025-02-01,-0.0625298590337,HC3,0.441599748998,0.0906303302616,0.490229359606,-0.211603486476,0.0865437684089,-0.240162042253,0.115102324186,0.0880655106515,0.477680572045,-0.207384733638,0.0823250155707,-0.235135088191,0.110075370123
single,baseline,lbrent,gpr_ai,19,418,1990-04-01,2025-01-01,-0.0669503656354,HC3,0.441880155884,0.0947836086066,0.479970744744,-0.222855528027,0.0889547967567,-0.252722824829,0.118822093558,0.0917152508312,0.465401964355,-0.217808528612,0.0839077973411,-0.246708954098,0.112808222827
single,baseline,lbrent,gpr_ai,20,417,1990-04-01,2024-12-01,-0.0353559361965,HC3,0.4418802558,0.0894259288539,0.692573091127,-0.182448499615,0.111736627222,-0.210627536034,0.139915663641,0.0863272687273,0.682130954114,-0.177351657267,0.106639784874,-0.204554273786,0.133842401393
single,baseline,lbrent,gpr_ai,21,416,1990-04-01,2024-11-01,-0.070163152763,HC3,0.441941751643,0.0869905836578,0.419919843989,-0.213249929803,0.0729236242772,-0.240661563726,0.1003352582,0.084072550991,0.403968408607,-0.208450193188,0.0681238876615,-0.234942324794,0.0946160192677
single,baseline,lbrent,gpr_ai,22,415,1990-04-01,2024-10-01,-0.0847814433861,HC3,0.442107304605,0.0894151153305,0.343038855456,-0.231856220142,0.0622933333695,-0.260031849107,0.0904689623351,0.0864322756042,0.326641919145,-0.226949885399,0.0573869986272,-0.254185590672,0.0846227039001
single,baseline,lbrent,gpr_ai,23,414,1990-04-01,2024-09-01,-0.0872104124301,HC3,0.442951288798,0.0905115018675,0.33528236438,-0.236088584558,0.0616677596975,-0.264609696277,0.0901888714169,0.0870647484758,0.316501525384,-0.23041917974,0.0559983548798,-0.257854183766,0.0834333589054
single,baseline,lbrent,gpr_ai,24,413,1990-04-01,2024-08-01,-0.105243052924,HC3,0.443001686911,0.0945496529934,0.265666236847,-0.260763392577,0.0502772867293,-0.290556967542,0.080070861694,0.0910775258038,0.247872378411,-0.255052251576,0.0445661457283,-0.2837517233,0.0732656174526
single,baseline,lbrent,gpr_ai,25,412,1990-04-01,2024-07-01,-0.0489076840958,HC3,0.443005461764,0.0988584565953,0.620794722127,-0.211515374981,0.11370000679,-0.24266669859,0.144851330398,0.0952266519929,0.607536998966,-0.205541588009,0.107726219817,-0.23554849237,0.137733124179
single,baseline,lbrent,gpr_ai,26,411,1990-04-01,2024-06-01,-0.064564840423,HC3,0.443465284578,0.0969650985774,0.505502831962,-0.224058234506,0.0949285536597,-0.254612941392,0.125483260546,0.093611495559,0.490376200885,-0.218542048418,0.0894123675715,-0.248040000258,0.118910319412
single,baseline,lbrent,gpr_ai,27,410,1990-04-01,2024-05-01,-0.0719577400672,HC3,0.443492757591,0.0962435111772,0.454663279978,-0.230264228498,0.0863487483631,-0.26059155572,0.116676075586,0.0928850092516,0.43851871106,-0.224739984424,0.0808245042897,-0.254009012904,0.11009353277
single,baseline,lbrent,gpr_ai,28,409,1990-04-01,2024-04-01,-0.0924597638559,HC3,0.443887250442,0.0989765369419,0.350222188415,-0.255261679628,0.070342151916,-0.286450211576,0.101530683865,0.0951079677762,0.330973038667,-0.248898449605,0.0639789218927,-0.27886795534,0.0939484276282
single,baseline,lbrent,gpr_ai,29,408,1990-04-01,2024-03-01,-0.0682315935994,HC3,0.444162822613,0.100973733703,0.499208233003,-0.234318605708,0.0978554185093,-0.266136475042,0.129673287844,0.0964831834921,0.479450659268,-0.226932307906,0.0904691207074,-0.257335158358,0.120871971159
single,baseline,lbrent,gpr_ai,30,407,1990-04-01,2024-02-01,-0.0741669725158,HC3,0.444397977576,0.103768899137,0.474774543132,-0.244851622625,0.0965176775938,-0.277550277539,0.129216332507,0.0988576503274,0.453110117376,-0.236773337209,0.0884393921772,-0.267924406754,0.119590461722
single,baseline,lbrent,gpr_ai,31,406,1990-04-01,2024-01-01,-0.0705559643243,HC3,0.446303147611,0.104184246848,0.498264500524,-0.241923800624,0.100811871975,-0.274753335903,0.133641407255,0.0995218116678,0.478355655441,-0.234254777207,0.0931428485583,-0.265615130869,0.124503202221
single,baseline,lbrent,gpr_ai,32,405,1990-04-01,2023-12-01,-0.103058606473,HC3,0.446332799132,0.10957295089,0.346936602957,-0.283290072161,0.0771728592143,-0.317817643898,0.111700430951,0.103382319097,0.318828206656,-0.273107389003,0.0669901760563,-0.305684228542,0.0995670155954
single,baseline,lbrent,gpr_ai,33,404,1990-04-01,2023-11-01,-0.0871848134519,HC3,0.447136250452,0.107701739902,0.418226241496,-0.264338410959,0.0899687840555,-0.298276344733,0.123906717829,0.102275224465,0.393962760502,-0.25541258736,0.0810429604564,-0.287640569914,0.11327094301
single,baseline,lbrent,gpr_ai,34,403,1990-04-01,2023-10-01,-0.0566972012676,HC3,0.447561878691,0.114571672223,0.620697323874,-0.24515083187,0.131756429335,-0.281253552474,0.167859149938,0.10760644443,0.598267127545,-0.233694051672,0.120299649137,-0.267601956855,0.15420755432
single,baseline,lbrent,gpr_ai,35,402,1990-04-01,2023-09-01,-0.0670151228375,HC3,0.447635507964,0.134502545473,0.618311881586,-0.288252122593,0.154221876917,-0.330635267793,0.196605022118,0.124024700029,0.588964710194,-0.271017600512,0.136987354837,-0.310099068088,0.176068822413
single,baseline,lbrent,gpr_ai,36,401,1990-04-01,2023-08-01,-0.0641995810017,HC3,0.447949502309,0.141168467083,0.649272690542,-0.296401046095,0.168001884091,-0.340884692237,0.212485530234,0.12980691775,0.620898387079,-0.277712960467,0.149313798463,-0.318616464737,0.190217302733
single,baseline,lbrent,gpr_ai,37,400,1990-04-01,2023-07-01,-0.041172325661,HC3,0.448546005577,0.152878052761,0.787687426637,-0.292634345226,0.210289693904,-0.340807803099,0.258463151777,0.139427467621,0.767768033861,-0.270510101474,0.188165450152,-0.314445140653,0.232100489331
single,baseline,lbrent,gpr_ai,38,399,1990-04-01,2023-06-01,-0.085851700168,HC3,0.448609317253,0.146257906149,0.557211470566,-0.326424547567,0.154721147231,-0.372511928674,0.200808528338,0.134783509972,0.524150919763,-0.307550845398,0.135847445062,-0.350022525422,0.178319125086
single,baseline,lbrent,gpr_ai,39,398,1990-04-01,2023-05-01,-0.0605656376593,HC3,0.448857652721,0.139163790593,0.663409147504,-0.289469703357,0.168338428039,-0.333321655174,0.212190379856,0.129389026434,0.639720626558,-0.273391647077,0.152260371758,-0.314163469464,0.193032194146
single,baseline,lbrent,gpr_ai,40,397,1990-04-01,2023-04-01,-0.069979725973,HC3,0.44932349956,0.148385107329,0.637206027134,-0.314051507948,0.174092056002,-0.36080919218,0.220849740234,0.136732382089,0.608790515208,-0.294884480574,0.154925028628,-0.337970270388,0.198010818442
single,baseline,lbrent,gpr_ai,41,396,1990-04-01,2023-03-01,-0.0547775701821,HC3,0.449323575565,0.144138434559,0.703919845491,-0.291864197049,0.182309056685,-0.337283710705,0.227728570341,0.132151795134,0.678504359548,-0.272147929716,0.162592789352,-0.313790329137,0.204235188772
single,baseline,lbrent,gpr_ai,42,395,1990-04-01,2023-02-01,-0.0308745698418,HC3,0.449433646467,0.149264111195,0.836130729231,-0.276392184514,0.21464304483,-0.323426851968,0.261677712284,0.135180786945,0.819339440641,-0.253227177543,0.191478037859,-0.295824043657,0.234074903973
single,baseline,lbrent,gpr_ai,43,394,1990-04-01,2023-01-01,-0.0521302655598,HC3,0.449870820742,0.15532575479,0.737158237748,-0.307618396685,0.203357865565,-0.356563150819,0.2523026197,0.139852573048,0.709333353958,-0.282167277576,0.177906746456,-0.326236271879,0.221975740759
single,baseline,lbrent,gpr_ai,44,393,1990-04-01,2022-12-01,-0.0371022218458,HC3,0.449933542721,0.153754470273,0.809316218762,-0.290005819934,0.215801376242,-0.338455446042,0.264251002351,0.139113321079,0.78969628425,-0.26592327258,0.191718828888,-0.30975932093,0.235554877239
single,baseline,lbrent,gpr_ai,45,392,1990-04-01,2022-11-01,-0.0369916781259,HC3,0.450122530306,0.158462042092,0.815418290359,-0.297638542794,0.223655186543,-0.347571573542,0.27358821729,0.143050933563,0.795950859551,-0.272289525036,0.198306168784,-0.317366355865,0.243382999613
single,baseline,lbrent,gpr_ai,46,391,1990-04-01,2022-10-01,-0.0298275014149,HC3,0.450207420041,0.153014678934,0.845445957099,-0.281514251035,0.221859248206,-0.329730761231,0.270075758401,0.138109145286,0.829010741075,-0.256996829953,0.197341827124,-0.300516452111,0.240861449281
single,baseline,lbrent,gpr_ai,47,390,1990-04-01,2022-09-01,-0.0601629326349,HC3,0.450238451709,0.153620577303,0.695329184413,-0.312846296387,0.192520431117,-0.361253731434,0.240927866164,0.138355745888,0.663676888994,-0.287737883069,0.167412017799,-0.331335211631,0.211009346361
single,baseline,lbrent,gpr_ai,48,389,1990-04-01,2022-08-01,-0.0294400646696,HC3,0.450670915474,0.143217350408,0.837132955779,-0.265011642931,0.206131513592,-0.310140913431,0.251260784092,0.129804350709,0.820576640182,-0.242949221727,0.184069092387,-0.283851917095,0.224971787756
single,baseline,lbrent,military_conflict,0,432,1990-04-01,2026-03-01,0.0636325636996,HC3,0.425368043713,0.0302818790023,0.0356110147258,0.0138233051918,0.113441822207,0.00428117147093,0.122983955928,0.0272332685555,0.0194613142324,0.0188378231423,0.108427304257,0.0102563381494,0.11700878925
single,baseline,lbrent,military_conflict,1,432,1990-04-01,2026-03-01,0.0489913702399,HC3,0.425368043713,0.04717346391,0.299020290915,-0.0286020729683,0.126584813448,-0.0434669200497,0.14144966053,0.0424810928248,0.248807303868,-0.0208838093699,0.11886654985,-0.0342700417207,0.132252782201
single,baseline,lbrent,military_conflict,2,432,1990-04-01,2026-03-01,0.00770190656948,HC3,0.425368043713,0.0533249034443,0.885158103839,-0.0800097542677,0.0954135674066,-0.0968129836604,0.112216796799,0.0481279709725,0.872857648816,-0.0714615610425,0.0868653741815,-0.0866271831857,0.102030996325
single,baseline,lbrent,military_conflict,3,432,1990-04-01,2026-03-01,-0.00772891225354,HC3,0.425368043713,0.0506437435358,0.878703182601,-0.0910304574908,0.0755726329837,-0.106988825626,0.0915310011189,0.0470186226161,0.869432156634,-0.0850676641979,0.0696098396908,-0.0998837191838,0.0844258946767
single,baseline,lbrent,military_conflict,4,432,1990-04-01,2026-03-01,-0.00878020312076,HC3,0.425368043713,0.0456250892152,0.847395657707,-0.0838267965964,0.0662663903549,-0.098203734774,0.0806433285325,0.0426046756923,0.836724175804,-0.0788586584583,0.0612982522168,-0.0922838330507,0.0747234268092
single,baseline,lbrent,military_conflict,5,432,1990-04-01,2026-03-01,-0.00220367158715,HC3,0.425368043713,0.0436052095662,0.959694554664,-0.0739278586961,0.0695205155218,-0.0876683118753,0.083260968701,0.0405818249119,0.956694608539,-0.0689548334818,0.0645474903075,-0.0817425868414,0.0773352436671
single,baseline,lbrent,military_conflict,6,431,1990-04-01,2026-02-01,-0.0444897663141,HC3,0.426330707662,0.040251133892,0.269027594511,-0.110696989885,0.0217174572571,-0.123380539079,0.0344010064511,0.0379349792557,0.240880008195,-0.106887254531,0.017907721903,-0.11884095941,0.0298614267814
single,baseline,lbrent,military_conflict,7,430,1990-04-01,2026-01-01,-0.0474101173699,HC3,0.428509004782,0.0398795698939,0.234505698788,-0.113006172551,0.0181859378114,-0.125572638081,0.0307524033412,0.0371809591591,0.202267411736,-0.108567352896,0.0137471181564,-0.120283458232,0.0254632234926
single,baseline,lbrent,military_conflict,8,429,1990-04-01,2025-12-01,-0.0466841936182,HC3,0.428784532885,0.0437681484752,0.286141286693,-0.118676391383,0.0253080041462,-0.1324681883,0.0390998010632,0.0403596445391,0.24739299752,-0.113069901321,0.0197015140845,-0.125787643344,0.0324192561073
single,baseline,lbrent,military_conflict,9,428,1990-04-01,2025-11-01,-0.0278732517607,HC3,0.429169808855,0.0449859326722,0.535521636992,-0.101868526278,0.0461220227569,-0.116044059609,0.0602975560876,0.041550159545,0.502326407387,-0.0962171823887,0.0404706788673,-0.109310068021,0.0535635644994
single,baseline,lbrent,military_conflict,10,427,1990-04-01,2025-10-01,-0.0106148400075,HC3,0.429175163081,0.0484598348856,0.826615709629,-0.0903241751805,0.0690944951656,-0.10559437108,0.0843646910651,0.0445822713079,0.811806993051,-0.0839461506661,0.0627164706512,-0.09799448612,0.0767648061051
single,baseline,lbrent,military_conflict,11,426,1990-04-01,2025-09-01,0.0077442164234,HC3,0.429252731944,0.052920548944,0.883655626173,-0.0793023404474,0.0947907732942,-0.0959781535489,0.111466586396,0.0483983956773,0.87287337376,-0.0718640602451,0.0873524930919,-0.0871148960137,0.102603328861
single,baseline,lbrent,military_conflict,12,425,1990-04-01,2025-08-01,-0.00406498170357,HC3,0.429365278524,0.0503392810453,0.935639433293,-0.086865730709,0.0787357673019,-0.10272815956,0.0945981961528,0.0463479768619,0.93011059001,-0.0803006195467,0.0721706561396,-0.0949053471092,0.0867753837021
single,baseline,lbrent,military_conflict,13,424,1990-04-01,2025-07-01,-0.00643887287249,HC3,0.429580105888,0.0575293270872,0.910884211774,-0.101066195188,0.088188449443,-0.119194282018,0.106316536273,0.0524434974114,0.902283422164,-0.0927007497997,0.0798230040547,-0.109226239022,0.0963484932773
single,baseline,lbrent,military_conflict,14,423,1990-04-01,2025-06-01,0.0203129096269,HC3,0.429803105125,0.0613368862965,0.74051641196,-0.0805772902637,0.121203109518,-0.099905178438,0.140530997692,0.055954758042,0.716587095747,-0.0717244770836,0.112350296337,-0.089356400899,0.129982220153
single,baseline,lbrent,military_conflict,15,422,1990-04-01,2025-05-01,0.0139633275773,HC3,0.429996348683,0.0559649305643,0.802972971218,-0.0780907914435,0.106017446598,-0.0957259207261,0.123652575881,0.051871489934,0.787782863979,-0.071357680776,0.0992843359305,-0.0877029245177,0.115629579672
single,baseline,lbrent,military_conflict,16,421,1990-04-01,2025-04-01,-0.0137008341333,HC3,0.430363382324,0.0552306369936,0.804083468567,-0.104547147711,0.0771454794444,-0.121950893484,0.0945492252173,0.0518322392633,0.791525372977,-0.0989572808785,0.0715556126119,-0.115290156327,0.0878884880607
single,baseline,lbrent,military_conflict,17,420,1990-04-01,2025-03-01,0.00790022547002,HC3,0.430652802135,0.0562954136965,0.888395191394,-0.0846974899295,0.10049794087,-0.10243675787,0.11823720881,0.0529681134051,0.881434805694,-0.0792245679771,0.0950250189172,-0.095915369133,0.111715820073
single,baseline,lbrent,military_conflict,18,419,1990-04-01,2025-02-01,0.00094269327963,HC3,0.430693103739,0.0600875193487,0.987482765685,-0.0978924808556,0.0997778674148,-0.116826680564,0.118712067123,0.0563887160269,0.986661775054,-0.0918084907963,0.0936938773556,-0.109577159268,0.111462545827
single,baseline,lbrent,military_conflict,19,418,1990-04-01,2025-01-01,0.0103307589381,HC3,0.431122458564,0.0607423700692,0.864951149661,-0.0895815487799,0.110243066656,-0.108722098733,0.129383616609,0.0564991105132,0.854917151857,-0.0826020079091,0.103263525785,-0.100405462826,0.121066980703
single,baseline,lbrent,military_conflict,20,417,1990-04-01,2024-12-01,0.0343063548821,HC3,0.431123164519,0.0599505806622,0.567156741145,-0.0643035751579,0.132916284922,-0.083194624068,0.151807333832,0.055062009502,0.533252024949,-0.0562625911545,0.124875300919,-0.0736132006583,0.142225910423
single,baseline,lbrent,military_conflict,21,416,1990-04-01,2024-11-01,0.0191808568166,HC3,0.431147786162,0.0605155043872,0.751275677392,-0.0803582900614,0.118720003695,-0.0994273522885,0.137789065922,0.0558435774328,0.731241359991,-0.0726736540656,0.111035367699,-0.0902705437195,0.128632257353
single,baseline,lbrent,military_conflict,22,415,1990-04-01,2024-10-01,0.00910740610546,HC3,0.431336604399,0.0625904635901,0.884309889071,-0.0938447449432,0.112059557154,-0.113567648307,0.131782460518,0.0579837216798,0.875190999811,-0.0862673288036,0.104482141015,-0.104538600076,0.122753412287
single,baseline,lbrent,military_conflict,23,414,1990-04-01,2024-09-01,0.00555834966897,HC3,0.432412602321,0.064697943197,0.931536126753,-0.100860296855,0.111976996193,-0.121247288871,0.132363988209,0.0601218645391,0.926339414565,-0.0933333172773,0.104450016615,-0.112278339511,0.123395038849
single,baseline,lbrent,military_conflict,24,413,1990-04-01,2024-08-01,0.00449431800885,HC3,0.432485042571,0.0668778983869,0.946421018164,-0.105510035716,0.114498671733,-0.126583954191,0.135572590209,0.0622007214226,0.942398913375,-0.0978167642222,0.10680540024,-0.117416855792,0.12640549181
single,baseline,lbrent,military_conflict,25,412,1990-04-01,2024-07-01,0.0267530883359,HC3,0.432487053946,0.0679756133147,0.693899335401,-0.085056845769,0.138563022441,-0.106476665588,0.15998284226,0.0630478797772,0.671325377203,-0.0769514453872,0.130457622059,-0.0968184853289,0.150324662001
single,baseline,lbrent,military_conflict,26,411,1990-04-01,2024-06-01,0.0114584854586,HC3,0.433192531097,0.0669109857251,0.864027438782,-0.0986002920943,0.121517263012,-0.119684636733,0.14260160765,0.0623549646846,0.854200011528,-0.0911063043612,0.114023275278,-0.11075499958,0.133671970498
single,baseline,lbrent,military_conflict,27,410,1990-04-01,2024-05-01,0.00100038621251,HC3,0.433316243511,0.0665299297455,0.98800295387,-0.10843161003,0.110432382455,-0.129395879983,0.131396652408,0.0622212024789,0.987172245237,-0.101344384358,0.103345156783,-0.120950929721,0.122951702146
single,baseline,lbrent,military_conflict,28,409,1990-04-01,2024-04-01,-0.0147861811795,HC3,0.433620386159,0.0678335600613,0.827446741772,-0.126362458475,0.0967900961164,-0.147737515843,0.118165153484,0.0632189168662,0.815071497803,-0.118772045879,0.0891996835199,-0.138692981379,0.10912061902
single,baseline,lbrent,military_conflict,29,408,1990-04-01,2024-03-01,0.00493220158083,HC3,0.433704615112,0.0718972826569,0.945307487542,-0.113328304565,0.123192707727,-0.135983883013,0.145848286175,0.0661571137968,0.940570487513,-0.103886566997,0.113750970158,-0.124733358782,0.134597761944
single,baseline,lbrent,military_conflict,30,407,1990-04-01,2024-02-01,0.0016543676767,HC3,0.433855212533,0.0698594849393,0.981106773666,-0.113254259503,0.116562994856,-0.135267706783,0.138576442136,0.0641635418005,0.979429935591,-0.103885266772,0.107194002125,-0.124103863373,0.127412598726
single,baseline,lbrent,military_conflict,31,406,1990-04-01,2024-01-01,0.00806261292548,HC3,0.43611163378,0.0700400432428,0.90835449861,-0.107143006234,0.123268232085,-0.129213349306,0.145338575157,0.0641405064097,0.899967534935,-0.0974391316771,0.113564357528,-0.117650469588,0.133775695439
single,baseline,lbrent,military_conflict,32,405,1990-04-01,2023-12-01,-0.0159488709859,HC3,0.436118079369,0.0716146212778,0.823765797038,-0.133744440537,0.101846698566,-0.156310949457,0.124413207485,0.0653737969608,0.807258488375,-0.123479198024,0.0915814560528,-0.144079158562,0.11218141659
single,baseline,lbrent,military_conflict,33,404,1990-04-01,2023-11-01,-0.0137168871224,HC3,0.436462699854,0.0727678712456,0.850483170932,-0.133409384066,0.105975609821,-0.156339293995,0.128905519751,0.0666409084023,0.836921491493,-0.123331427011,0.0958976527665,-0.144330667488,0.116896893243
single,baseline,lbrent,military_conflict,34,403,1990-04-01,2023-10-01,0.00283247582659,HC3,0.437457389797,0.0811698969828,0.972162954104,-0.130680123625,0.136345075278,-0.156257598889,0.161922550542,0.0730287718213,0.969061204611,-0.117289164375,0.122954116029,-0.140301286778,0.145966238432
single,baseline,lbrent,military_conflict,35,402,1990-04-01,2023-09-01,0.00340740180874,HC3,0.437585321962,0.0930534610804,0.970789846828,-0.14965192115,0.156466724767,-0.178974030546,0.185788834163,0.0829241658603,0.967223686857,-0.132990713168,0.139805516786,-0.159120976725,0.165935780343
single,baseline,lbrent,military_conflict,36,401,1990-04-01,2023-08-01,0.0012302529553,HC3,0.437974201556,0.0986002291458,0.990044907819,-0.160952691573,0.163413197484,-0.192022645038,0.194483150949,0.0877254854492,0.988810917834,-0.143065329962,0.145525835873,-0.170708539051,0.173169044962
single,baseline,lbrent,military_conflict,37,400,1990-04-01,2023-07-01,0.00645555706089,HC3,0.438675487466,0.104532733121,0.950756887549,-0.165485488149,0.17839660227,-0.198424835062,0.211335949184,0.0923740447636,0.944285218547,-0.145486225505,0.158397339626,-0.174594243782,0.187505357904
single,baseline,lbrent,military_conflict,38,399,1990-04-01,2023-06-01,-0.0184746653841,HC3,0.438732536807,0.0986534648713,0.851450286319,-0.180745174889,0.143795844121,-0.211831903482,0.174882572714,0.0877214696699,0.833194751862,-0.162763642932,0.125814312164,-0.190405586608,0.15345625584
single,baseline,lbrent,military_conflict,39,398,1990-04-01,2023-05-01,0.0032044481909,HC3,0.438978565529,0.0975813408585,0.973803185547,-0.157302574243,0.163711470625,-0.188051465455,0.194460361837,0.086775416529,0.970542362656,-0.139528410417,0.145937306799,-0.166872242949,0.173281139331
single,baseline,lbrent,military_conflict,40,397,1990-04-01,2023-04-01,0.00843320529393,HC3,0.439762246457,0.0999811768099,0.932779805589,-0.156021196009,0.172887606597,-0.187526300385,0.204392710973,0.0884266814978,0.924021369014,-0.137015742487,0.153882153075,-0.164879905714,0.181746316302
single,baseline,lbrent,military_conflict,41,396,1990-04-01,2023-03-01,0.0193732792984,HC3,0.439787492771,0.0993755466371,0.845431960877,-0.144084949018,0.182831507615,-0.175399213054,0.214145771651,0.0876705085575,0.825109335125,-0.124831874679,0.163578433276,-0.152457759981,0.191204318577
single,baseline,lbrent,military_conflict,42,395,1990-04-01,2023-02-01,0.0331925818986,HC3,0.439958277226,0.103750848043,0.749024514777,-0.137462376804,0.203847540602,-0.170155343631,0.236540507429,0.0908005556491,0.714697284147,-0.11616104139,0.182546205187,-0.14477323695,0.211158400747
single,baseline,lbrent,military_conflict,43,394,1990-04-01,2023-01-01,0.0155279048961,HC3,0.440448237838,0.107688760295,0.885348512117,-0.161604343056,0.192660152849,-0.195538186821,0.226593996613,0.0936860461726,0.868358377104,-0.138571927946,0.169627737738,-0.168093371456,0.199149181248
single,baseline,lbrent,military_conflict,44,393,1990-04-01,2022-12-01,0.0240493921156,HC3,0.440559194217,0.113743388525,0.832547444873,-0.163041833042,0.211140617273,-0.198883552873,0.246982337104,0.0986279179184,0.807355048965,-0.138179096391,0.186277880622,-0.169257774875,0.217356559106
single,baseline,lbrent,military_conflict,45,392,1990-04-01,2022-11-01,0.0590057821506,HC3,0.440638496363,0.112814281934,0.600950117963,-0.126557198661,0.244568762962,-0.162106147382,0.280117711683,0.0980154525588,0.547170879562,-0.102215290488,0.220226854789,-0.133100974793,0.251112539094
single,baseline,lbrent,military_conflict,46,391,1990-04-01,2022-10-01,0.0687232492941,HC3,0.440796286504,0.111565471101,0.537900914211,-0.114785620489,0.252232119077,-0.149941055982,0.287387554571,0.0969382604122,0.478362742251,-0.0907259999352,0.228172498523,-0.121272249838,0.258718748426
single,baseline,lbrent,military_conflict,47,390,1990-04-01,2022-09-01,0.0469909954024,HC3,0.440799673791,0.0956425434291,0.623200868711,-0.110326989048,0.204308979853,-0.140464945108,0.234446935913,0.0848810022546,0.579845589306,-0.0926258290153,0.18660781982,-0.119372711988,0.213354702793
single,baseline,lbrent,military_conflict,48,389,1990-04-01,2022-08-01,0.0470016758468,HC3,0.441127921383,0.0882503164334,0.594313975286,-0.0981571772183,0.192160528912,-0.125965765987,0.21996911768,0.0786457876293,0.550081803271,-0.0823591331797,0.176362484873,-0.107141235442,0.201144587136
single,baseline,lbrent,diplomatic_tension,0,432,1990-04-01,2026-03-01,-0.0165870734068,HC3,0.43991593291,0.0322534847057,0.607061633042,-0.0696393347069,0.0364651878933,-0.079802741806,0.0466285949924,0.0308525613022,0.590836747425,-0.0673350207655,0.0341608739519,-0.07705698239,0.0438828355764
single,baseline,lbrent,diplomatic_tension,1,432,1990-04-01,2026-03-01,-0.0258780641773,HC3,0.43991593291,0.0520962708252,0.619375624939,-0.111568804195,0.0598126758402,-0.127984878723,0.076228750369,0.0499744622304,0.60457983953,-0.108078739632,0.0563226112773,-0.123826210296,0.0720700819411
single,baseline,lbrent,diplomatic_tension,2,432,1990-04-01,2026-03-01,-0.0294041836722,HC3,0.43991593291,0.0635498472641,0.643583148334,-0.133934380437,0.0751260130924,-0.153959595533,0.0951512281885,0.0604249618949,0.626525433968,-0.128794401403,0.0699860340591,-0.147834932753,0.089026565409
single,baseline,lbrent,diplomatic_tension,3,432,1990-04-01,2026-03-01,-0.0206140761905,HC3,0.43991593291,0.0680812420807,0.762052626122,-0.132597754154,0.0913696017733,-0.154050858691,0.11282270631,0.0654529265695,0.752803364732,-0.128274559853,0.0870464074719,-0.148899454949,0.107671302568
single,baseline,lbrent,diplomatic_tension,4,432,1990-04-01,2026-03-01,0.0199653648158,HC3,0.43991593291,0.0663603159348,0.763518953099,-0.0891876415352,0.129118371167,-0.110098464419,0.150029194051,0.0643215625518,0.756257363924,-0.0858341906386,0.12576492027,-0.106102581215,0.146033310847
single,baseline,lbrent,diplomatic_tension,5,432,1990-04-01,2026-03-01,0.00347196727557,HC3,0.43991593291,0.0661421015534,0.958136234973,-0.105322108359,0.11226604291,-0.126164169631,0.133108104182,0.0644120343737,0.957012874628,-0.102476401083,0.109420335634,-0.122773300268,0.129717234819
single,baseline,lbrent,diplomatic_tension,6,431,1990-04-01,2026-02-01,-0.0183299422976,HC3,0.442971982839,0.0698867523501,0.79310508495,-0.133283420376,0.0966235357813,-0.1553054599,0.118645575305,0.0681879802623,0.788072158288,-0.130489188947,0.0938293043513,-0.15197592779,0.115316043195
single,baseline,lbrent,diplomatic_tension,7,430,1990-04-01,2026-01-01,-0.0136350703785,HC3,0.446089903209,0.0818740271689,0.867734218789,-0.14830586092,0.121035720163,-0.174105214899,0.146835074142,0.0796691805119,0.864108879696,-0.1446792109,0.117409070143,-0.16978379486,0.142513654103
single,baseline,lbrent,diplomatic_tension,8,429,1990-04-01,2025-12-01,-0.101423260559,HC3,0.446446115207,0.0934542331207,0.277801212489,-0.255141794861,0.0522952737439,-0.284590191678,0.0817436705607,0.0905957825287,0.262920857296,-0.250440062038,0.0475935409202,-0.278987731466,0.0761412103489
single,baseline,lbrent,diplomatic_tension,9,428,1990-04-01,2025-11-01,-0.12479984504,HC3,0.446707181889,0.078831593717,0.113394195712,-0.254466277883,0.00486658780412,-0.279306929569,0.0297072394896,0.0766503570293,0.103488752153,-0.250878462806,0.00127877272705,-0.275031784219,0.0254320941398
single,baseline,lbrent,diplomatic_tension,10,427,1990-04-01,2025-10-01,-0.156623230827,HC3,0.44670751308,0.0794055956492,0.0485587418669,-0.287233812831,-0.0260126488229,-0.31225533847,-0.00099112318332,0.0775007577255,0.0432875134574,-0.284100633263,-0.0291458283905,-0.308521924743,-0.00472453691018
single,baseline,lbrent,diplomatic_tension,11,426,1990-04-01,2025-09-01,-0.165953299365,HC3,0.446759312412,0.0790266686231,0.0357318519728,-0.295940601876,-0.0359659968547,-0.320842723685,-0.0110638750458,0.0772700457512,0.0317371611365,-0.293051214374,-0.0388553843567,-0.317399806121,-0.0145067926091
single,baseline,lbrent,diplomatic_tension,12,425,1990-04-01,2025-08-01,-0.180809647546,HC3,0.446780792567,0.080713637885,0.0250819972241,-0.313571767566,-0.0480475275268,-0.339005470862,-0.0226138242306,0.078960786539,0.0220290658154,-0.310688583672,-0.0509307114207,-0.335569945354,-0.0260493497389
single,baseline,lbrent,diplomatic_tension,13,424,1990-04-01,2025-07-01,-0.174896078129,HC3,0.447004026613,0.0863938549869,0.0429285856394,-0.31700132385,-0.0327908324071,-0.344224922389,-0.00556723386872,0.0842005001263,0.0377888026305,-0.313393576153,-0.0363985801048,-0.339926025857,-0.00986613040085
single,baseline,lbrent,diplomatic_tension,14,423,1990-04-01,2025-06-01,-0.149203310198,HC3,0.44723430646,0.0880310987419,0.0900956836954,-0.294001582248,-0.00440503814762,-0.321741093251,0.0233344728559,0.0855419019073,0.081121929138,-0.289907217806,-0.0084994025892,-0.316862357105,0.0184557367096
single,baseline,lbrent,diplomatic_tension,15,422,1990-04-01,2025-05-01,-0.178670226134,HC3,0.447359290531,0.087013893039,0.040038367664,-0.321795343695,-0.0355451085741,-0.349214322645,-0.00812612962336,0.0846833426929,0.0348701838249,-0.317961929505,-0.0393785227636,-0.344646527903,-0.0126939243658
single,baseline,lbrent,diplomatic_tension,16,421,1990-04-01,2025-04-01,-0.202947833978,HC3,0.447383601114,0.0998759724812,0.0421537999857,-0.367229189559,-0.0386664783967,-0.398701142962,-0.0071945249936,0.0969020059087,0.0362277864169,-0.362337449855,-0.0435582180999,-0.392872275588,-0.0130233923669
single,baseline,lbrent,diplomatic_tension,17,420,1990-04-01,2025-03-01,-0.199692605139,HC3,0.448098299865,0.108611765464,0.0659753786837,-0.378343061493,-0.0210421487852,-0.412567753747,0.0131825434686,0.105657787031,0.0587587352001,-0.373484199353,-0.0259010109256,-0.406778062406,0.00739285212777
single,baseline,lbrent,diplomatic_tension,18,419,1990-04-01,2025-02-01,-0.231239257423,HC3,0.448101674758,0.113639584582,0.0418661908353,-0.418159740288,-0.0443187745578,-0.453968750422,-0.00850976442393,0.110430254993,0.0362613488174,-0.412880862873,-0.0495976519724,-0.447678580013,-0.0147999348329
single,baseline,lbrent,diplomatic_tension,19,418,1990-04-01,2025-01-01,-0.218020430456,HC3,0.449450000299,0.111322587033,0.0501764850276,-0.401129791498,-0.034911069414,-0.436208691706,0.00016783079349,0.107988398174,0.043495059955,-0.395645538861,-0.0403953220516,-0.429673801625,-0.00636705928765
single,baseline,lbrent,diplomatic_tension,20,417,1990-04-01,2024-12-01,-0.153981188627,HC3,0.449466106854,0.120710955874,0.202090234885,-0.352533042209,0.0445706649549,-0.390570314679,0.0826079374252,0.115916475706,0.184052430472,-0.344646824115,0.0366844468612,-0.381173306225,0.0732109289712
single,baseline,lbrent,diplomatic_tension,21,416,1990-04-01,2024-11-01,-0.20035399896,HC3,0.449597370168,0.107368313622,0.0620352077909,-0.376959159041,-0.0237488388789,-0.41079202674,0.0100840288202,0.103983183941,0.0540055184992,-0.371391116207,-0.0293168817132,-0.404157294482,0.00344929656159
single,baseline,lbrent,diplomatic_tension,22,415,1990-04-01,2024-10-01,-0.258412640255,HC3,0.44962020758,0.100471517525,0.0101113190627,-0.423673580261,-0.0931517002498,-0.455333196076,-0.0614920844352,0.0976477886419,0.00813596331481,-0.419028959567,-0.097796320944,-0.449798789164,-0.0670264913473
single,baseline,lbrent,diplomatic_tension,23,414,1990-04-01,2024-09-01,-0.304103917314,HC3,0.450341927783,0.109863634732,0.00563992876066,-0.484813515372,-0.123394319255,-0.519432684599,-0.0887751500292,0.107053741699,0.00450194448416,-0.480191652626,-0.128016182001,-0.513925395454,-0.0942824391735
single,baseline,lbrent,diplomatic_tension,24,413,1990-04-01,2024-08-01,-0.307917543159,HC3,0.45034406496,0.1041689266,0.00311713394599,-0.479260179893,-0.136574906426,-0.512084887603,-0.103750198716,0.101871627141,0.00250610314557,-0.475481458545,-0.140353627774,-0.507582263401,-0.108252822918
single,baseline,lbrent,diplomatic_tension,25,412,1990-04-01,2024-07-01,-0.319845557531,HC3,0.450393160152,0.107644881585,0.0029653907205,-0.496905631428,-0.142785483633,-0.530825648557,-0.108865466504,0.105232433533,0.00237034188578,-0.492937507501,-0.14675360756,-0.526097337262,-0.1135937778
single,baseline,lbrent,diplomatic_tension,26,411,1990-04-01,2024-06-01,-0.286328660834,HC3,0.450773136017,0.102090732485,0.00503714152329,-0.454252972441,-0.118404349228,-0.486422819661,-0.0862345020079,0.0998519001606,0.00413685109525,-0.450570420972,-0.122086900697,-0.482034788937,-0.0906225327316
single,baseline,lbrent,diplomatic_tension,27,410,1990-04-01,2024-05-01,-0.262117756796,HC3,0.451124050023,0.0977542138265,0.00733157020057,-0.422909129958,-0.101326383634,-0.453712495233,-0.0705230183593,0.0958008454816,0.00621779211592,-0.419696124952,-0.104539388641,-0.449883963629,-0.0743515499638
single,baseline,lbrent,diplomatic_tension,28,409,1990-04-01,2024-04-01,-0.240261646866,HC3,0.451742861158,0.0979747587474,0.014195372915,-0.401415784142,-0.0791075095909,-0.432288645405,-0.0482346483273,0.0964010215528,0.0126913667699,-0.398827216809,-0.0816960769233,-0.429204177182,-0.0513191165499
single,baseline,lbrent,diplomatic_tension,29,408,1990-04-01,2024-03-01,-0.21739596261,HC3,0.452056534893,0.098078571945,0.02665392452,-0.3787208574,-0.0560710678205,-0.409626431278,-0.0251654939431,0.0964766770512,0.0242369311952,-0.376085974774,-0.0587059504466,-0.406486774979,-0.028305150242
single,baseline,lbrent,diplomatic_tension,30,407,1990-04-01,2024-02-01,-0.209085468779,HC3,0.452056921257,0.0999506917582,0.0364487004226,-0.373489726634,-0.0446812109245,-0.404985224855,-0.0131857127033,0.0982667205633,0.0333591219808,-0.370719840506,-0.0474510970519,-0.401684701962,-0.0164862355962
single,baseline,lbrent,diplomatic_tension,31,406,1990-04-01,2024-01-01,-0.160699092382,HC3,0.454722194389,0.102017044278,0.11520611583,-0.328502197673,0.00710401290892,-0.360648824975,0.0392506402114,0.100210995966,0.108800623657,-0.325531512557,0.00413332779297,-0.35710903533,0.0357108505661
single,baseline,lbrent,diplomatic_tension,32,405,1990-04-01,2023-12-01,-0.151815417271,HC3,0.454887486312,0.103157130433,0.141104347376,-0.321493797409,0.0178629628672,-0.353999677668,0.0503688431257,0.101503498918,0.134740496165,-0.318773815614,0.015142981072,-0.350758619454,0.0471277849124
single,baseline,lbrent,diplomatic_tension,33,404,1990-04-01,2023-11-01,-0.151523645044,HC3,0.454931523381,0.102001924358,0.137411977682,-0.31930188028,0.0162545901914,-0.351443743139,0.0483964530504,0.100246824209,0.130659660391,-0.316414997435,0.0133677073465,-0.348003810059,0.0449565199702
single,baseline,lbrent,diplomatic_tension,34,403,1990-04-01,2023-10-01,-0.179694426039,HC3,0.455695981413,0.103399929751,0.0822357851137,-0.349772175517,-0.00961667656062,-0.382354564356,0.022965712278,0.101500483179,0.0766638581588,-0.346647863933,-0.0127409881447,-0.378631717483,0.0192428654052
single,baseline,lbrent,diplomatic_tension,35,402,1990-04-01,2023-09-01,-0.237199503452,HC3,0.45572855155,0.106299282506,0.0256526000574,-0.412046263825,-0.0623527430797,-0.445542268747,-0.0288567381577,0.104365185378,0.02303921127,-0.408864957149,-0.0655340497557,-0.441751508034,-0.0326474988713
single,baseline,lbrent,diplomatic_tension,36,401,1990-04-01,2023-08-01,-0.186076364248,HC3,0.455826659847,0.10035636051,0.0637168217403,-0.351147887821,-0.0210048406755,-0.382771216468,0.0106184879712,0.0985603619547,0.0590335773835,-0.348193733083,-0.0239589954136,-0.379251123983,0.007098395486
single,baseline,lbrent,diplomatic_tension,37,400,1990-04-01,2023-07-01,-0.119606513831,HC3,0.456725979214,0.105930268023,0.258853070266,-0.293846299392,0.0546332717295,-0.327226024028,0.0880129963656,0.103709248876,0.248792662286,-0.290193047994,0.050980020331,-0.322872906492,0.0836598788296
single,baseline,lbrent,diplomatic_tension,38,399,1990-04-01,2023-06-01,-0.149478275376,HC3,0.457123990454,0.106649060494,0.161037662541,-0.32490036934,0.0259438185884,-0.358506592928,0.0595500421771,0.104217964336,0.151490915137,-0.320901572007,0.0219450212557,-0.353741732016,0.0547851812648
single,baseline,lbrent,diplomatic_tension,39,398,1990-04-01,2023-05-01,-0.194903848836,HC3,0.457147095598,0.11277771625,0.0839501495557,-0.380406684449,-0.00940101322301,-0.415944110945,0.0261364132725,0.110080444385,0.0766341749028,-0.37597006704,-0.0138376306325,-0.410657555234,0.0208498575613
single,baseline,lbrent,diplomatic_tension,40,397,1990-04-01,2023-04-01,-0.23743445791,HC3,0.457697722283,0.119686116853,0.0472770785653,-0.434300601312,-0.0405683145081,-0.472014936392,-0.00285397942805,0.116920451167,0.0422818790833,-0.429751486077,-0.0451174297428,-0.466594331254,-0.00827458456609
single,baseline,lbrent,diplomatic_tension,41,396,1990-04-01,2023-03-01,-0.199147338857,HC3,0.457769157003,0.119860610816,0.0966148536682,-0.396300499287,-0.00199417842699,-0.434069819222,0.0357751415081,0.1170598155,0.0888971304667,-0.391693600953,-0.0066010767607,-0.428580361275,0.0302856835609
single,baseline,lbrent,diplomatic_tension,42,395,1990-04-01,2023-02-01,-0.180884552145,HC3,0.458055866952,0.114421729244,0.113910417256,-0.369091548494,0.0073224442051,-0.405147020512,0.0433779162232,0.11142234339,0.104501010671,-0.364157997794,0.00238889350464,-0.399268332263,0.0374992279738
single,baseline,lbrent,diplomatic_tension,43,394,1990-04-01,2023-01-01,-0.187413329744,HC3,0.458391863929,0.117720081893,0.111379056117,-0.381045633411,0.00621897392352,-0.418140450512,0.0433137910243,0.114234772539,0.100880907919,-0.375312809679,0.000486150191733,-0.411309369703,0.0364827102157
single,baseline,lbrent,diplomatic_tension,44,393,1990-04-01,2022-12-01,-0.164590126719,HC3,0.458580664453,0.117770030279,0.162246657799,-0.35830458817,0.0291243347316,-0.395415144525,0.0662348910861,0.114653272316,0.151131370655,-0.35317797753,0.0239977240911,-0.389306411168,0.0601261577292
single,baseline,lbrent,diplomatic_tension,45,392,1990-04-01,2022-11-01,-0.191762375638,HC3,0.458602333273,0.114059981609,0.0927160138273,-0.379374350077,-0.00415040119818,-0.415315831669,0.0317910803932,0.110959864499,0.0839498899057,-0.374275111205,-0.00924964007052,-0.409239713785,0.0257149625097
single,baseline,lbrent,diplomatic_tension,46,391,1990-04-01,2022-10-01,-0.18499200002,HC3,0.459269574171,0.11743246051,0.115185946842,-0.378151208612,0.00816720857268,-0.415155393236,0.0451713931966,0.11409423845,0.104932628799,-0.372660321949,0.00267632190954,-0.408612598225,0.0386285981864
single,baseline,lbrent,diplomatic_tension,47,390,1990-04-01,2022-09-01,-0.243656983292,HC3,0.45934849577,0.11289784832,0.0309117023365,-0.429357418576,-0.0579565480084,-0.464932699931,-0.0223812666534,0.110163097246,0.0269815885105,-0.424859153353,-0.0624548132313,-0.45957268632,-0.0277412802651
single,baseline,lbrent,diplomatic_tension,48,389,1990-04-01,2022-08-01,-0.254957104636,HC3,0.459778795542,0.107071155966,0.0172566603921,-0.431073483869,-0.0788407254029,-0.464812714113,-0.0451014951589,0.104830489684,0.0150120086447,-0.427387915809,-0.0825262934633,-0.460421088899,-0.0494931203726
single,baseline,lbrent,terrorism,0,432,1990-04-01,2026-03-01,0.0150381119111,HC3,0.428974478699,0.0438050184218,0.731375372313,-0.0570147315186,0.0870909553409,-0.0708181465377,0.10089437036,0.0289089158875,0.602931565376,-0.0325128232377,0.0625890470599,-0.0416223220605,0.0716985458827
single,baseline,lbrent,terrorism,1,432,1990-04-01,2026-03-01,-0.0110810667079,HC3,0.428974478699,0.0619954317194,0.858141818386,-0.113054477426,0.0908923440101,-0.132589880084,0.110427746668,0.0419770447229,0.791795945984,-0.0801271609691,0.0579650275532,-0.0933545625422,0.0711924291263
single,baseline,lbrent,terrorism,2,432,1990-04-01,2026-03-01,-0.0487158094414,HC3,0.428974478699,0.0614216870931,0.427698038136,-0.14974549423,0.052313875347,-0.169100104014,0.0716684851306,0.0439644342357,0.267830222615,-0.121030868551,0.0235992496681,-0.134884517144,0.0374528982613
single,baseline,lbrent,terrorism,3,432,1990-04-01,2026-03-01,-0.0513958342353,HC3,0.428974478699,0.0540492586505,0.341651439264,-0.140298953361,0.0375072848899,-0.157330434581,0.0545387661107,0.039948274887,0.198247853004,-0.117104899074,0.014313230603,-0.129693014258,0.0269013457876
single,baseline,lbrent,terrorism,4,432,1990-04-01,2026-03-01,-0.0396612363958,HC3,0.428974478699,0.0569557601645,0.486208647386,-0.133345125078,0.0540226522865,-0.15129247503,0.0719700022386,0.0405251029428,0.327736548115,-0.106319098954,0.0269966261623,-0.119088978634,0.0397665058419
single,baseline,lbrent,terrorism,5,432,1990-04-01,2026-03-01,-0.0228365265224,HC3,0.428974478699,0.0548463706309,0.677137367352,-0.11305077818,0.0673777251349,-0.130333437642,0.0846603845969,0.0399883954379,0.567946200706,-0.0886115837944,0.0429385307496,-0.10121234138,0.0555392883355
single,baseline,lbrent,terrorism,6,431,1990-04-01,2026-02-01,-0.00766929753123,HC3,0.43013900776,0.037831605383,0.83935235097,-0.0698967508589,0.0545581557964,-0.0818178815593,0.0664792864968,0.0321371868066,0.811382832692,-0.06053026581,0.0451916707476,-0.0706570262365,0.0553184311741
single,baseline,lbrent,terrorism,7,430,1990-04-01,2026-01-01,0.00891014391698,HC3,0.432371982195,0.0363251936701,0.806233233472,-0.050839482641,0.068659770475,-0.0622859274078,0.0801062152418,0.0315863347769,0.777875599537,-0.0430447534028,0.0608650412368,-0.0529979346493,0.0708182224833
single,baseline,lbrent,terrorism,8,429,1990-04-01,2025-12-01,0.0161623866945,HC3,0.432716036583,0.0469411133461,0.730611691523,-0.061048873846,0.093373647235,-0.0758405048581,0.108165278247,0.037941626134,0.670122173834,-0.0462460346646,0.0785708080535,-0.0582018340432,0.0905266074321
single,baseline,lbrent,terrorism,9,428,1990-04-01,2025-11-01,0.0232771865758,HC3,0.433083942929,0.0542302734178,0.66775684151,-0.0659236753461,0.112478048498,-0.0830121961949,0.129566569347,0.0417694083104,0.577337271384,-0.0454273761792,0.0919817493308,-0.0585893493682,0.10514372252
single,baseline,lbrent,terrorism,10,427,1990-04-01,2025-10-01,0.0539643125992,HC3,0.433084196987,0.0656086835102,0.410782237917,-0.053952368432,0.16188099363,-0.0746263441538,0.182554969352,0.0491361945543,0.272091012449,-0.0268575352279,0.134786160426,-0.0423408590645,0.150269484263
single,baseline,lbrent,terrorism,11,426,1990-04-01,2025-09-01,0.0374011611915,HC3,0.433088678276,0.0444808107056,0.400438629179,-0.0357632616273,0.11056558401,-0.0497796257946,0.124581948178,0.0404876692493,0.355607788841,-0.0291951284201,0.103997450803,-0.0419532123552,0.116755534738
single,baseline,lbrent,terrorism,12,425,1990-04-01,2025-08-01,0.00669164324649,HC3,0.433108789734,0.0487957929114,0.890923566443,-0.0735702937039,0.0869535801969,-0.088946353457,0.10232963995,0.0452504606903,0.882437383049,-0.0677387411411,0.0811220276341,-0.0819976299902,0.0953809164832
single,baseline,lbrent,terrorism,13,424,1990-04-01,2025-07-01,0.0399503475173,HC3,0.433302932594,0.069032099303,0.562777229006,-0.0735973513974,0.153498046432,-0.0953500808938,0.175250775928,0.0525371981744,0.447003443811,-0.0464656534498,0.126366348484,-0.0630206687532,0.142921363788
single,baseline,lbrent,terrorism,14,423,1990-04-01,2025-06-01,0.0391840762081,HC3,0.433317742743,0.0624157615886,0.530140623097,-0.0634807156198,0.141848868036,-0.0831485685732,0.161516720989,0.0482940657234,0.417156549252,-0.0402525929573,0.118620745373,-0.0554705532768,0.133838705693
single,baseline,lbrent,terrorism,15,422,1990-04-01,2025-05-01,0.0719788978563,HC3,0.433624652793,0.058418791177,0.217904665039,-0.0241114626933,0.168069258406,-0.042519828871,0.186477624584,0.0463393935193,0.120351903331,-0.00424262164465,0.148200417357,-0.018844644507,0.16280244022
single,baseline,lbrent,terrorism,16,421,1990-04-01,2025-04-01,0.0735263278115,HC3,0.434398555411,0.0520004537647,0.157374967539,-0.0120068071665,0.159059462789,-0.028392688747,0.17544534437,0.0439971408849,0.094689783174,0.00115747105137,0.145895184572,-0.0127064837458,0.159759139369
single,baseline,lbrent,terrorism,17,420,1990-04-01,2025-03-01,0.0842240148587,HC3,0.434460618323,0.0579350916585,0.146011439862,-0.0110707307835,0.179518760501,-0.029326678233,0.19777470795,0.0477449300714,0.0777250742397,0.00569059346227,0.162757436255,-0.00935432852556,0.177802358243
single,baseline,lbrent,terrorism,18,419,1990-04-01,2025-02-01,0.0869021715234,HC3,0.434506132842,0.0851529487438,0.307471420052,-0.0531619650635,0.22696630811,-0.0799945411919,0.253798884239,0.062500721641,0.164401774198,-0.0159023671548,0.189706710202,-0.0355969919006,0.209401334947
single,baseline,lbrent,terrorism,19,418,1990-04-01,2025-01-01,0.0682232709889,HC3,0.435033322291,0.0970911216546,0.482259806353,-0.0914774126094,0.227923954587,-0.122071830673,0.25851837265,0.0693751440274,0.325412352312,-0.0458886862849,0.182335228263,-0.0677495127272,0.204196054705
single,baseline,lbrent,terrorism,20,417,1990-04-01,2024-12-01,0.0823112094265,HC3,0.43507799248,0.0952557993882,0.387529077169,-0.0743706376852,0.238993056538,-0.104386726693,0.269009145546,0.0683568828778,0.228535740461,-0.0301258573021,0.194748276155,-0.0516658191094,0.216288237962
single,baseline,lbrent,terrorism,21,416,1990-04-01,2024-11-01,0.0857726027167,HC3,0.435078026149,0.0984131069788,0.38345026137,-0.0761025532369,0.24764775867,-0.107113542568,0.278658748002,0.0702967762457,0.222408064703,-0.0298553046541,0.201400510088,-0.0520065469542,0.223551752388
single,baseline,lbrent,terrorism,22,415,1990-04-01,2024-10-01,0.101809951438,HC3,0.435103209202,0.0949893907813,0.283808348336,-0.0544336925108,0.258053595386,-0.084365833407,0.287985736282,0.0686413963302,0.138017286387,-0.011095098275,0.21471500115,-0.032724713218,0.236344616093
single,baseline,lbrent,terrorism,23,414,1990-04-01,2024-09-01,0.127579384808,HC3,0.436271723909,0.114961177361,0.267102202897,-0.0615149247323,0.316673694348,-0.0977403824393,0.352899152055,0.0799574596817,0.110580189187,-0.0039389327512,0.259097702367,-0.0291343564634,0.284293126079
single,baseline,lbrent,terrorism,24,413,1990-04-01,2024-08-01,0.113508003831,HC3,0.436337505417,0.112529749577,0.313121748634,-0.0715869629006,0.298602970563,-0.107046252529,0.334062260191,0.0778190309293,0.144671109697,-0.0144929114388,0.241508919101,-0.0390144941021,0.266030501764
single,baseline,lbrent,terrorism,25,412,1990-04-01,2024-07-01,0.140049816519,HC3,0.436385180693,0.123712240749,0.257608743715,-0.0634387113756,0.343538344414,-0.102421719796,0.382521352834,0.0839655526434,0.0953268989008,0.00193877271451,0.278160860323,-0.0245196426041,0.304619275642
single,baseline,lbrent,terrorism,26,411,1990-04-01,2024-06-01,0.134836708501,HC3,0.437474439823,0.124714039012,0.279622816248,-0.0702996308999,0.339973047901,-0.109598316329,0.379271733331,0.0845272418367,0.11067055407,-0.00419823181057,0.273871648812,-0.0308336412117,0.300507058213
single,baseline,lbrent,terrorism,27,410,1990-04-01,2024-05-01,0.134937216157,HC3,0.437888198895,0.110486820517,0.221973610387,-0.0467974313007,0.316671863615,-0.0816129728227,0.351487405137,0.0775603826534,0.0818994366286,0.00736173944189,0.262512692872,-0.0170783404707,0.286952772785
single,baseline,lbrent,terrorism,28,409,1990-04-01,2024-04-01,0.130100024347,HC3,0.438628136646,0.10290910766,0.206150124909,-0.0391703946338,0.299370443328,-0.0715981203477,0.331798169042,0.0747997558061,0.0819801057376,0.00706537471463,0.25313467398,-0.016504803085,0.27670485178
single,baseline,lbrent,terrorism,29,408,1990-04-01,2024-03-01,0.0968323990855,HC3,0.438630790644,0.0848477216378,0.253766212703,-0.042729683589,0.23639448176,-0.0694660794948,0.263130877666,0.0658681547457,0.141536214911,-0.0115110741486,0.20517587232,-0.0322668119442,0.225931610115
single,baseline,lbrent,terrorism,30,407,1990-04-01,2024-02-01,0.129724231715,HC3,0.438631471842,0.0936549516558,0.166012888141,-0.0243244551985,0.283772918628,-0.0538361005047,0.313284563934,0.0688669044133,0.0596062663324,0.0164482542135,0.243000209216,-0.00525242066221,0.264700884091
single,baseline,lbrent,terrorism,31,406,1990-04-01,2024-01-01,0.114878700083,HC3,0.441725818158,0.0716362599421,0.10879364948,-0.00295246190438,0.23270986207,-0.025525789391,0.255283189556,0.0581956555663,0.0483808129174,0.0191553649516,0.210602035214,0.000817311116024,0.228940089049
single,baseline,lbrent,terrorism,32,405,1990-04-01,2023-12-01,0.153113043826,HC3,0.44182899219,0.0914327468322,0.0940132417958,0.00271955857654,0.303506529075,-0.0260918469731,0.332317934624,0.0675249509234,0.0233595022623,0.0420443833894,0.264181704262,0.0207665719578,0.285459515693
single,baseline,lbrent,terrorism,33,404,1990-04-01,2023-11-01,0.142034257048,HC3,0.442001200052,0.08540501799,0.0962990481321,0.00155550344756,0.282513010649,-0.0253565023111,0.309425016408,0.0662850143293,0.0321307025013,0.0330051108163,0.25106340328,0.0121180162482,0.271950497848
single,baseline,lbrent,terrorism,34,403,1990-04-01,2023-10-01,0.139299799176,HC3,0.442015439738,0.0646157985361,0.0310980031697,0.0330162685957,0.245583329757,0.0126551612132,0.265944437139,0.0563874512379,0.0134960443366,0.0465506954931,0.232048902859,0.02878242557,0.249817172782
single,baseline,lbrent,terrorism,35,402,1990-04-01,2023-09-01,0.159889830426,HC3,0.442185662344,0.0665730941988,0.0163182614101,0.0503868349755,0.269392825876,0.0294089634567,0.290370697395,0.0558636734762,0.00420786806715,0.0680022644936,0.251777396358,0.0503990423683,0.269380618483
single,baseline,lbrent,terrorism,36,401,1990-04-01,2023-08-01,0.132477898387,HC3,0.443095278969,0.052833262716,0.0121598401042,0.0455749145847,0.219380882189,0.0289266062776,0.236029190496,0.0496855359877,0.00766850068025,0.0507524643103,0.214203332463,0.0350960372983,0.229859759475
single,baseline,lbrent,terrorism,37,400,1990-04-01,2023-07-01,0.167219782717,HC3,0.444455153571,0.070686153648,0.0179977056379,0.0509514065137,0.28348815892,0.0286774673611,0.305762098073,0.0576119459584,0.00370174397762,0.0724565644515,0.261983000982,0.0543024435592,0.280137121875
single,baseline,lbrent,terrorism,38,399,1990-04-01,2023-06-01,0.16637394513,HC3,0.444798580743,0.0747029333326,0.0259378701424,0.043498554294,0.289249335966,0.0199588862587,0.312789004001,0.0589572519241,0.0047733809973,0.0693978954675,0.263349994792,0.0508198547313,0.281928035529
single,baseline,lbrent,terrorism,39,398,1990-04-01,2023-05-01,0.134896808089,HC3,0.445467833318,0.0536627016076,0.0119441245864,0.0466295187174,0.22316409746,0.0297198456246,0.240073770553,0.0482303398543,0.00515909622344,0.0555649586503,0.214228657527,0.0403670790122,0.229426537165
single,baseline,lbrent,terrorism,40,397,1990-04-01,2023-04-01,0.15412965407,HC3,0.446585229348,0.0607558088768,0.0111848136809,0.0541952414806,0.254064066659,0.0350504568198,0.27320885132,0.0515198720352,0.00277470146572,0.0693870056928,0.238872302447,0.0531525603929,0.255106747747
single,baseline,lbrent,terrorism,41,396,1990-04-01,2023-03-01,0.13070369333,HC3,0.446781574468,0.0480592119969,0.00653532783111,0.0516533241687,0.209754062492,0.0365093686909,0.22489801797,0.0450853078708,0.0037431819637,0.0565449611567,0.204862425504,0.0423381136716,0.219069272989
single,baseline,lbrent,terrorism,42,395,1990-04-01,2023-02-01,0.159501744575,HC3,0.446785152074,0.0553493325268,0.00395500454752,0.0684601942189,0.250543294931,0.051019046254,0.267984442896,0.0482634564646,0.000950394638124,0.0801154231599,0.23888806599,0.0649071081349,0.254096381015
single,baseline,lbrent,terrorism,43,394,1990-04-01,2023-01-01,0.173784702361,HC3,0.447552115282,0.0637122945058,0.00637876669239,0.0689873036616,0.27858210106,0.0489108997571,0.298658504965,0.0547191161663,0.0014935115536,0.0837797656712,0.263789639051,0.0665372054091,0.281032199313
single,baseline,lbrent,terrorism,44,393,1990-04-01,2022-12-01,0.169243453888,HC3,0.447841370618,0.0553604068071,0.00223474158349,0.0781836879623,0.260303219815,0.060739050377,0.2777478574,0.0534825348151,0.00155369901495,0.0812725125192,0.257214395258,0.0644196118489,0.274067295928
single,baseline,lbrent,terrorism,45,392,1990-04-01,2022-11-01,0.160345332399,HC3,0.447842616391,0.0674393273825,0.0174246049981,0.0494175101544,0.271273154643,0.0281666795873,0.29252398521,0.0605612138947,0.00810516730406,0.0607310000714,0.259959664726,0.041647534305,0.279043130492
single,baseline,lbrent,terrorism,46,391,1990-04-01,2022-10-01,0.143018196399,HC3,0.448503946195,0.082269542018,0.0821385919261,0.00769684182324,0.278339550975,-0.0182271429807,0.304263535779,0.0688328160207,0.0377313029104,0.0297982893142,0.256238103484,0.00810835604406,0.277928036754
single,baseline,lbrent,terrorism,47,390,1990-04-01,2022-09-01,0.176561071211,HC3,0.448533330782,0.0787228618715,0.0249085371931,0.0470734863373,0.306048656084,0.0222670971826,0.330855045239,0.0656194972035,0.00713065479512,0.0686266032368,0.284495539185,0.0479492200082,0.305172922413
single,baseline,lbrent,terrorism,48,389,1990-04-01,2022-08-01,0.182686307256,HC3,0.448547686701,0.0722305134068,0.0114318835129,0.0638776853023,0.30149492921,0.0411171023938,0.324255512118,0.0609033633915,0.00270325938762,0.0825091890879,0.282863425424,0.0633179084713,0.302054706041
single,baseline,lbrent,civil_war,0,432,1990-04-01,2026-03-01,0.0248461624137,HC3,0.423269793446,0.0176583451272,0.159412766063,-0.00419923061474,0.0538915554421,-0.00976355806219,0.0594558828895,0.0168111392713,0.139418946504,-0.00280570098998,0.0524980258173,-0.00810306509724,0.0577953899246
single,baseline,lbrent,civil_war,1,432,1990-04-01,2026-03-01,0.0404481449022,HC3,0.423269793446,0.0275089113166,0.141462880896,-0.00479998765037,0.0856962774548,-0.0134683305322,0.0943646203366,0.0263328186341,0.124529667685,-0.00286548733601,0.0837617771404,-0.0111632312321,0.0920595210365
single,baseline,lbrent,civil_war,2,432,1990-04-01,2026-03-01,0.0569865353985,HC3,0.423269793446,0.0342951416221,0.096582893905,0.000576047314641,0.113397023482,-0.0102307070254,0.124203777822,0.0323737776115,0.0783623215145,0.00373640987616,0.110236660921,-0.00646490276349,0.12043797356
single,baseline,lbrent,civil_war,3,432,1990-04-01,2026-03-01,0.0635437970829,HC3,0.423269793446,0.0378978672272,0.0935988731603,0.00120735272053,0.125880241445,-0.0107346577733,0.137822251939,0.0361620526282,0.0788844876339,0.00406251365942,0.123025080506,-0.00733252367539,0.134420117841
single,baseline,lbrent,civil_war,4,432,1990-04-01,2026-03-01,0.0645618250027,HC3,0.423269793446,0.0440403027174,0.142656073779,-0.00787802665398,0.137001676659,-0.0217555821916,0.150879232197,0.0419917253381,0.124173553077,-0.00450841672158,0.133632066727,-0.0177404443086,0.146864094314
single,baseline,lbrent,civil_war,5,432,1990-04-01,2026-03-01,0.027877664474,HC3,0.423269793446,0.0478122285565,0.559849157858,-0.0507664530798,0.106521782028,-0.0658325815174,0.121587910465,0.0455018857911,0.540094212446,-0.0469662774027,0.102721606351,-0.0613043929053,0.117059721853
single,baseline,lbrent,civil_war,6,431,1990-04-01,2026-02-01,0.0190973625329,HC3,0.425230676232,0.0467305980835,0.682782339207,-0.0577676312143,0.0959623562802,-0.0724929266867,0.110687651753,0.0449520605496,0.670954465491,-0.0548421973011,0.093036922367,-0.0690070571752,0.107201782241
single,baseline,lbrent,civil_war,7,430,1990-04-01,2026-01-01,0.0215615486504,HC3,0.427392333755,0.0494096472011,0.66255859831,-0.0597100887548,0.102833186056,-0.0752795803526,0.118402677653,0.0472621243175,0.648237531119,-0.0561777279507,0.0993008252514,-0.0710705128447,0.114193610145
single,baseline,lbrent,civil_war,8,429,1990-04-01,2025-12-01,-0.0235477078948,HC3,0.427711932311,0.0544431011203,0.665363815729,-0.113098640235,0.0660032244455,-0.130254225297,0.0831588095078,0.0519519868005,0.650362220273,-0.109001121811,0.0619057060214,-0.125371730949,0.0782763151595
single,baseline,lbrent,civil_war,9,428,1990-04-01,2025-11-01,-0.0151966473494,HC3,0.427954645313,0.0579535844641,0.793151057684,-0.11052181095,0.0801285162513,-0.128783585674,0.0983902909753,0.0552783740996,0.783384417853,-0.106121481479,0.0757281867804,-0.123540269709,0.0931469750099
single,baseline,lbrent,civil_war,10,427,1990-04-01,2025-10-01,-0.0219529060592,HC3,0.427954664643,0.0588901799425,0.709314403997,-0.118818632129,0.0749128200111,-0.13737553779,0.0934697256712,0.0559131051605,0.694596166273,-0.113921779877,0.0700159677582,-0.131540578438,0.0876347663192
single,baseline,lbrent,civil_war,11,426,1990-04-01,2025-09-01,-0.0297186968266,HC3,0.42799843392,0.0629146700569,0.636666183337,-0.133204120058,0.0737667264049,-0.153029184237,0.0935917905841,0.0595379338757,0.617669726821,-0.127649883303,0.0682124896501,-0.146410902937,0.0869735092837
single,baseline,lbrent,civil_war,12,425,1990-04-01,2025-08-01,-0.027413184044,HC3,0.428076079537,0.0678847277722,0.686345377744,-0.139073624735,0.0842472566468,-0.160464805578,0.10563843749,0.0639113749981,0.667977834252,-0.132538041013,0.0777116729252,-0.152677177243,0.0978508091548
single,baseline,lbrent,civil_war,13,424,1990-04-01,2025-07-01,-0.00783512186741,HC3,0.428359001089,0.0700294564413,0.91091599266,-0.123023327288,0.107353083554,-0.145090334349,0.129420090615,0.0660214181604,0.905532482842,-0.116430690985,0.10076044725,-0.13723472367,0.121564479935
single,baseline,lbrent,civil_war,14,423,1990-04-01,2025-06-01,-0.0167617846014,HC3,0.428381058635,0.0691723687738,0.808532932366,-0.130540206264,0.097016637061,-0.152337136123,0.118813566921,0.0654081968921,0.797746775528,-0.124348694492,0.0908251252889,-0.144959494804,0.111435925601
single,baseline,lbrent,civil_war,15,422,1990-04-01,2025-05-01,-0.0237328161617,HC3,0.428581614626,0.0687895017308,0.730089583223,-0.13688147758,0.0894158452564,-0.158557762069,0.111092129745,0.0652678047665,0.716140222308,-0.131088801555,0.0836231692317,-0.151655362854,0.104189730531
single,baseline,lbrent,civil_war,16,421,1990-04-01,2025-04-01,-0.0474777090295,HC3,0.428826382815,0.0689007643864,0.490776849538,-0.16080938123,0.0658539631711,-0.182520725734,0.087565307675,0.0658708907826,0.471051530431,-0.155825682644,0.0608702645847,-0.176582282593,0.0816268645338
single,baseline,lbrent,civil_war,17,420,1990-04-01,2025-03-01,-0.0487281757172,HC3,0.429023947866,0.0730076697184,0.504491677082,-0.168815106049,0.0713587546145,-0.191820578961,0.0943642275261,0.069802539468,0.485123411522,-0.163543135932,0.0660867844972,-0.185538639104,0.0880822876695
single,baseline,lbrent,civil_war,18,419,1990-04-01,2025-02-01,-0.0470549994798,HC3,0.429052359965,0.0767924091071,0.540037774037,-0.173367272122,0.0792572731624,-0.197565355616,0.103455356656,0.0731197691133,0.519878175034,-0.167326316908,0.0732163179481,-0.1903671135,0.0962571145402
single,baseline,lbrent,civil_war,19,418,1990-04-01,2025-01-01,-0.0549776985092,HC3,0.429368318517,0.0779701706871,0.480740575073,-0.183227216558,0.0732718195395,-0.207796424924,0.097841027906,0.0743511319545,0.459643963356,-0.177274427573,0.0673190305541,-0.20070323935,0.0907478423314
single,baseline,lbrent,civil_war,20,417,1990-04-01,2024-12-01,-0.0452885948701,HC3,0.429387783331,0.0813218874954,0.577592093647,-0.179051196467,0.0884740067273,-0.204676565516,0.114099375776,0.0776579048097,0.559771631141,-0.173024481258,0.0824472915176,-0.197495291412,0.106918101672
single,baseline,lbrent,civil_war,21,416,1990-04-01,2024-11-01,-0.0495863452621,HC3,0.429393238343,0.0938140556672,0.597110803333,-0.203896734985,0.104724044461,-0.233458515613,0.134285825089,0.0892755146882,0.578600224042,-0.196431499395,0.0972588088708,-0.224563138752,0.125390448228
single,baseline,lbrent,civil_war,22,415,1990-04-01,2024-10-01,-0.0444912013175,HC3,0.429397597867,0.093901672424,0.635638061808,-0.198945707781,0.109963305146,-0.228535097357,0.139552694721,0.0891497956704,0.617736291635,-0.191129566068,0.102147163433,-0.219221590061,0.130239187426
single,baseline,lbrent,civil_war,23,414,1990-04-01,2024-09-01,-0.0487540459806,HC3,0.430517341221,0.0971882824962,0.615917042039,-0.208614544942,0.11110645298,-0.239239579392,0.141731487431,0.0917594462789,0.595193899811,-0.199684904,0.102176812038,-0.228599255929,0.131091163967
single,baseline,lbrent,civil_war,24,413,1990-04-01,2024-08-01,-0.0558374724256,HC3,0.430560572409,0.0988918002882,0.5723241125,-0.218500008805,0.106825063954,-0.249661839357,0.137986894506,0.0930768264533,0.548567982865,-0.208935228002,0.0972602831512,-0.238264700069,0.126589755218
single,baseline,lbrent,civil_war,25,412,1990-04-01,2024-07-01,-0.061460314218,HC3,0.430562630847,0.0982010655939,0.531405468355,-0.222986693131,0.100066064695,-0.253930866025,0.131010237589,0.0930608368908,0.508976921132,-0.214531769305,0.0916111408689,-0.243856202895,0.120935574459
single,baseline,lbrent,civil_war,26,411,1990-04-01,2024-06-01,-0.0801893320895,HC3,0.431488424584,0.097480802534,0.410726022192,-0.240530983696,0.0801523195166,-0.27124819424,0.110869530061,0.0923371474702,0.385153151221,-0.232070424008,0.0716917598293,-0.261166815566,0.100788151387
single,baseline,lbrent,civil_war,27,410,1990-04-01,2024-05-01,-0.112872584842,HC3,0.431756940132,0.0994423040001,0.256351851228,-0.276440619249,0.0506954495648,-0.307775919222,0.0820307495377,0.0935677179444,0.227694230596,-0.266777785069,0.0410326153844,-0.296261942129,0.0705167724446
single,baseline,lbrent,civil_war,28,409,1990-04-01,2024-04-01,-0.122200561688,HC3,0.432364696031,0.0981564104445,0.213147364229,-0.283653489416,0.0392523660404,-0.314583591011,0.0701824676352,0.092392922177,0.185962374103,-0.274173394835,0.0297722714597,-0.303287361581,0.0588862382056
single,baseline,lbrent,civil_war,29,408,1990-04-01,2024-03-01,-0.103549747687,HC3,0.432438555908,0.0999656414438,0.300270549372,-0.267978595586,0.0608791002123,-0.299478804608,0.0923793092342,0.0939065540738,0.270162136709,-0.25801228375,0.0509127883758,-0.287603211584,0.0805037162099
single,baseline,lbrent,civil_war,30,407,1990-04-01,2024-02-01,-0.108332584784,HC3,0.432444521577,0.103396832764,0.294760252783,-0.278405240172,0.061740070604,-0.310986653118,0.0943214835499,0.0969021797663,0.263584853695,-0.267722486632,0.0510573170644,-0.298257367149,0.0815921975816
single,baseline,lbrent,civil_war,31,406,1990-04-01,2024-01-01,-0.120275007939,HC3,0.435393965563,0.103529368333,0.245337954434,-0.290565664937,0.0500156490602,-0.323188841214,0.0826388253365,0.0971180742887,0.21555257502,-0.280020024675,0.0394700087979,-0.310622935792,0.0700729199153
single,baseline,lbrent,civil_war,32,405,1990-04-01,2023-12-01,-0.109109225434,HC3,0.43547897817,0.10153041855,0.282533393159,-0.276111902632,0.0578934517645,-0.308105189128,0.08988673826,0.0955422518186,0.25345413342,-0.266262244865,0.0480437939971,-0.296368598,0.0781501471325
single,baseline,lbrent,civil_war,33,404,1990-04-01,2023-11-01,-0.106435780598,HC3,0.435530797985,0.0977018362011,0.275980237286,-0.267141000233,0.0542694390372,-0.297927860775,0.0850562995796,0.0917664213489,0.246107678305,-0.257378111586,0.0445065503903,-0.286294661432,0.0734231002362
single,baseline,lbrent,civil_war,34,403,1990-04-01,2023-10-01,-0.115118071253,HC3,0.435638140213,0.0980111884754,0.240178759326,-0.276332130098,0.046095987593,-0.307216470746,0.0769803282412,0.0915328148083,0.208511141725,-0.265676153675,0.0354400111698,-0.29451909168,0.0642829491751
single,baseline,lbrent,civil_war,35,402,1990-04-01,2023-09-01,-0.135616519878,HC3,0.435956853155,0.0993587849258,0.172279058657,-0.299047177633,0.0278141378762,-0.330356159881,0.0591231201238,0.092686936358,0.143421530981,-0.288072963318,0.016839923561,-0.317279576977,0.0460465372205
single,baseline,lbrent,civil_war,36,401,1990-04-01,2023-08-01,-0.112867885927,HC3,0.436465116321,0.0992734631229,0.255563727931,-0.276158201804,0.050422429951,-0.307440298268,0.0817045264147,0.0927677748908,0.223729316612,-0.26545729692,0.0397215250667,-0.294689383639,0.0689536117852
single,baseline,lbrent,civil_war,37,400,1990-04-01,2023-07-01,-0.141546933813,HC3,0.437238329063,0.101151187355,0.161705030975,-0.307925831205,0.0248319635791,-0.339799618023,0.0567057503972,0.09443424299,0.133901095809,-0.296877440904,0.0137835732775,-0.326634648981,0.0435407813547
single,baseline,lbrent,civil_war,38,399,1990-04-01,2023-06-01,-0.1500675667,HC3,0.437274611248,0.100903284892,0.136951002527,-0.316038700826,0.0159035674252,-0.34783437101,0.0476992376094,0.0939159602735,0.110067002706,-0.304545574585,0.00441044118408,-0.33413946641,0.0340043330091
single,baseline,lbrent,civil_war,39,398,1990-04-01,2023-05-01,-0.145145145156,HC3,0.437454887611,0.099175157665,0.143324267252,-0.308273762945,0.0179834726329,-0.33952488234,0.0492345920286,0.0917798925141,0.113775595669,-0.296109634239,0.00581934392706,-0.325030428988,0.0347401386766
single,baseline,lbrent,civil_war,40,397,1990-04-01,2023-04-01,-0.143904802249,HC3,0.438051129726,0.096194777416,0.134660657454,-0.302131130776,0.0143215262771,-0.332443101486,0.0446334969869,0.0885756237621,0.104236157694,-0.289598738254,0.00178913375511,-0.317509834731,0.0297002302324
single,baseline,lbrent,civil_war,41,396,1990-04-01,2023-03-01,-0.141884359983,HC3,0.43814646813,0.0950611221583,0.13555258921,-0.298245991547,0.0144772715815,-0.328200735743,0.0444320157776,0.087951470465,0.106698475991,-0.286551655173,0.0027829352075,-0.314266074481,0.0304973545162
single,baseline,lbrent,civil_war,42,395,1990-04-01,2023-02-01,-0.15609887389,HC3,0.438184794409,0.0928470271876,0.0927147638128,-0.308818643311,-0.00337910446858,-0.338075703249,0.0258779554695,0.0861575729479,0.0700196469363,-0.297815470243,-0.014382277537,-0.324964613863,0.0127668660836
single,baseline,lbrent,civil_war,43,394,1990-04-01,2023-01-01,-0.188349263739,HC3,0.438734442534,0.0901139175359,0.0366066603266,-0.336573467837,-0.0401250596412,-0.364969296615,-0.0117292308627,0.0839208254244,0.0248086964092,-0.326386737815,-0.0503117896628,-0.352831059124,-0.0238674683542
single,baseline,lbrent,civil_war,44,393,1990-04-01,2022-12-01,-0.16252071194,HC3,0.438894116669,0.0806417318443,0.0438687714974,-0.295164557048,-0.0298768668327,-0.320575602006,-0.0044658218747,0.076339625447,0.033261143679,-0.288088221737,-0.0369532021439,-0.31214362841,-0.0128977954711
single,baseline,lbrent,civil_war,45,392,1990-04-01,2022-11-01,-0.174718932393,HC3,0.438987586355,0.0715407171574,0.0145968173217,-0.292392940484,-0.0570449243018,-0.31493616145,-0.0345017033362,0.0685456907592,0.0108050529395,-0.28746656045,-0.0619713043358,-0.309066017576,-0.0403718472096
single,baseline,lbrent,civil_war,46,391,1990-04-01,2022-10-01,-0.177542661982,HC3,0.439244168197,0.0623682553248,0.00441773076804,-0.28012931296,-0.0749560110048,-0.299782196198,-0.0553031277672,0.0612665646543,0.00375703894302,-0.278317193065,-0.0767681308999,-0.297622922161,-0.0574624018035
single,baseline,lbrent,civil_war,47,390,1990-04-01,2022-09-01,-0.22028625486,HC3,0.439252917661,0.0670910547666,0.00102565814648,-0.330641219629,-0.109931290091,-0.351782305888,-0.0887902038329,0.0653793756138,0.000753446193568,-0.327825757966,-0.112746751754,-0.348427476395,-0.0921450333256
single,baseline,lbrent,civil_war,48,389,1990-04-01,2022-08-01,-0.227949880646,HC3,0.439353651122,0.066881854352,0.000653816790007,-0.337960741354,-0.117939019938,-0.359035906395,-0.0968638548968,0.0654077582761,0.000492028987545,-0.335536069077,-0.120363692215,-0.356146731177,-0.0997530301154
single,baseline,lbrent,nuclear_threat,0,432,1990-04-01,2026-03-01,0.0247333491122,HC3,0.426318403175,0.0159719718578,0.12149065493,-0.00153820672763,0.0510049049521,-0.00657114049113,0.0560378387156,0.0150013079132,0.0991996451277,5.83933821987e-05,0.0494083048422,-0.00466867411862,0.0541353723431
single,baseline,lbrent,nuclear_threat,1,432,1990-04-01,2026-03-01,0.0310999903364,HC3,0.426318403175,0.026051519562,0.232560923392,-0.0117509461027,0.0739509267755,-0.0199600497476,0.0821600304204,0.0244578427754,0.203524034515,-0.00912958106009,0.0713295617329,-0.0168365006429,0.0790364813157
single,baseline,lbrent,nuclear_threat,2,432,1990-04-01,2026-03-01,0.0226080687318,HC3,0.426318403175,0.0286851642888,0.430611897463,-0.0245748277883,0.0697909652518,-0.0336138201648,0.0788299576284,0.0267259278683,0.397595875069,-0.021352170656,0.0665683081195,-0.0297737873434,0.074989924807
single,baseline,lbrent,nuclear_threat,3,432,1990-04-01,2026-03-01,0.0233738030294,HC3,0.426318403175,0.0301874778014,0.438760474552,-0.0262801793208,0.0730277853797,-0.0357925662455,0.0825401723044,0.028367118972,0.409953639463,-0.0232859554978,0.0700335615567,-0.0322247285008,0.0789723345597
single,baseline,lbrent,nuclear_threat,4,432,1990-04-01,2026-03-01,0.0427203939104,HC3,0.426318403175,0.0310361927503,0.168676112496,-0.0083296003016,0.0937703881225,-0.0181094260973,0.103550213918,0.0294733160853,0.147209152044,-0.00575889695073,0.0911996847716,-0.0150462441217,0.100487031943
single,baseline,lbrent,nuclear_threat,5,432,1990-04-01,2026-03-01,0.0519877677961,HC3,0.426318403175,0.0366382645366,0.155914370903,-0.00827681451216,0.112252350104,-0.0198219111517,0.123797446744,0.0347169300222,0.134269458656,-0.00511650046751,0.10909203606,-0.0160561647012,0.120031700293
single,baseline,lbrent,nuclear_threat,6,431,1990-04-01,2026-02-01,0.0491789976286,HC3,0.427495795332,0.04414720521,0.265288797216,-0.0234366929807,0.121794688238,-0.037347934601,0.135705929858,0.041822714631,0.239638016275,-0.0196132462211,0.117971241478,-0.0327920167838,0.131150012041
single,baseline,lbrent,nuclear_threat,7,430,1990-04-01,2026-01-01,0.0272751435755,HC3,0.43035603664,0.0464481647259,0.557058097408,-0.0491252886391,0.10367557579,-0.0637615864353,0.118311873586,0.0438423303052,0.533863669034,-0.044839072441,0.0993893595919,-0.0586542448209,0.113204531972
single,baseline,lbrent,nuclear_threat,8,429,1990-04-01,2025-12-01,0.045884143631,HC3,0.430626637368,0.0467947650849,0.326819585652,-0.0310863954413,0.122854682703,-0.0458319106004,0.137600197862,0.0440908442636,0.298027417723,-0.0266388414713,0.118407128733,-0.0405323231736,0.132300610436
single,baseline,lbrent,nuclear_threat,9,428,1990-04-01,2025-11-01,0.0416150316391,HC3,0.430883909837,0.0493845510674,0.399411308112,-0.0396153262996,0.122845389578,-0.0551769098458,0.138406973124,0.0466231276168,0.372080290548,-0.0350731889212,0.118303252199,-0.0497646193365,0.132994682615
single,baseline,lbrent,nuclear_threat,10,427,1990-04-01,2025-10-01,0.042791144414,HC3,0.430902228042,0.0455214780302,0.347206798967,-0.0320850238282,0.117667312656,-0.0464293130483,0.132011601876,0.0433544795207,0.323639550214,-0.0285206284703,0.114102917298,-0.0421820740151,0.127764362843
single,baseline,lbrent,nuclear_threat,11,426,1990-04-01,2025-09-01,0.0891810301393,HC3,0.430938442932,0.046529603958,0.0552822345356,0.0126466423082,0.16571541797,-0.00201531783343,0.180377378112,0.0446758201016,0.0459142080101,0.0156958454082,0.16266621487,0.00161803176042,0.176744028518
single,baseline,lbrent,nuclear_threat,12,425,1990-04-01,2025-08-01,0.0883900101636,HC3,0.430960881741,0.0471507262534,0.0608440979102,0.0108339670724,0.165946053255,-0.00402371513784,0.180803735465,0.0453937293524,0.0515125031848,0.0137239697975,0.16305605053,-0.000580064490972,0.177360084818
single,baseline,lbrent,nuclear_threat,13,424,1990-04-01,2025-07-01,0.0819649326975,HC3,0.431243167424,0.0452918260843,0.0703412433085,0.00746650829149,0.156463357103,-0.00680541522176,0.170735280617,0.0436886737134,0.060639626735,0.0101034592832,0.153826406112,-0.00366329431319,0.167593159708
single,baseline,lbrent,nuclear_threat,14,423,1990-04-01,2025-06-01,0.0805523209628,HC3,0.431243224159,0.0450047030203,0.0734756945698,0.00652617197011,0.154578469956,-0.00765527609177,0.168759918017,0.0435716771403,0.0644966295385,0.00888328978633,0.152221352139,-0.00484659697807,0.165951238904
single,baseline,lbrent,nuclear_threat,15,422,1990-04-01,2025-05-01,0.0838338785131,HC3,0.431432467422,0.0446300238453,0.060323887462,0.0104240219202,0.157243735106,-0.00363936085288,0.171307117879,0.0432428756556,0.0525409343866,0.0127056776511,0.154962079375,-0.000920600359875,0.168588357386
single,baseline,lbrent,nuclear_threat,16,421,1990-04-01,2025-04-01,0.0951878065102,HC3,0.431844286764,0.0474703298831,0.044940992432,0.0171060622294,0.173269550791,0.00214766960506,0.188227943415,0.0457967182088,0.0376646815901,0.0198589084619,0.170516704558,0.00542788821075,0.18494772481
single,baseline,lbrent,nuclear_threat,17,420,1990-04-01,2025-03-01,0.100331570417,HC3,0.431934175834,0.0473967478493,0.0342730017119,0.0223708578113,0.178292283023,0.00743565164798,0.193227489186,0.0456850310159,0.0280805986828,0.025186381453,0.175476759381,0.0107905549931,0.189872585841
single,baseline,lbrent,nuclear_threat,18,419,1990-04-01,2025-02-01,0.132217321907,HC3,0.431942344452,0.0482058120795,0.00609238542835,0.0529258170678,0.211508826746,0.0377356663856,0.226698977428,0.0464945796876,0.00445909491911,0.0557405438743,0.20869409994,0.041089620243,0.223345023571
single,baseline,lbrent,nuclear_threat,19,418,1990-04-01,2025-01-01,0.140531621227,HC3,0.432668466182,0.0492294529283,0.00430876880278,0.0595563770248,0.221506865429,0.0440436665087,0.237019575945,0.0476462735591,0.00318311546465,0.0621604753524,0.218902767101,0.0471466410534,0.2339166014
single,baseline,lbrent,nuclear_threat,20,417,1990-04-01,2024-12-01,0.130099168538,HC3,0.432705689782,0.0512879788793,0.0111921795803,0.0457379504589,0.214460386616,0.0295765770943,0.230621759981,0.0496855649423,0.00883302300273,0.048373686835,0.21182465024,0.032717250699,0.227481086376
single,baseline,lbrent,nuclear_threat,21,416,1990-04-01,2024-11-01,0.117053680686,HC3,0.43272091677,0.051213771965,0.0222782607498,0.0328145221193,0.201292839252,0.016676532122,0.21743082925,0.0495539825317,0.01816954526,0.0355446327886,0.198562728583,0.0199296596331,0.214177701738
single,baseline,lbrent,nuclear_threat,22,415,1990-04-01,2024-10-01,0.123994901394,HC3,0.432741038288,0.0506925956399,0.0144444579322,0.0406130015963,0.207376801192,0.0246392396571,0.223350563131,0.0489142885445,0.0112465833997,0.0435380564721,0.204451746316,0.0281246575176,0.219865145271
single,baseline,lbrent,nuclear_threat,23,414,1990-04-01,2024-09-01,0.106303388541,HC3,0.434171869122,0.0497956312408,0.0327778837052,0.0243968638883,0.188209913194,0.00870574472168,0.203901032361,0.0483104704319,0.027777017412,0.0268397360315,0.185767041051,0.0116166064185,0.200990170664
single,baseline,lbrent,nuclear_threat,24,413,1990-04-01,2024-08-01,0.0980116919863,HC3,0.434196532679,0.0498097709801,0.0491002415267,0.0160819095321,0.17994147444,0.000386334787182,0.195637049185,0.0483355888452,0.0425874562463,0.0185067233634,0.177516660609,0.00327567867811,0.192747705294
single,baseline,lbrent,nuclear_threat,25,412,1990-04-01,2024-07-01,0.115190420471,HC3,0.434198235342,0.0541120583742,0.0332759039447,0.0261840049923,0.20419683595,0.00913273492817,0.221248106014,0.0526334740202,0.0286303500084,0.0286160598299,0.201764781112,0.0120307070103,0.218350133932
single,baseline,lbrent,nuclear_threat,26,411,1990-04-01,2024-06-01,0.0926217020331,HC3,0.434989168334,0.059851963665,0.121739551158,-0.00582601748134,0.191069421548,-0.0246859911542,0.20992939522,0.0584014431343,0.112750911368,-0.00344012352551,0.188683527592,-0.0218430231552,0.207086427222
single,baseline,lbrent,nuclear_threat,27,410,1990-04-01,2024-05-01,0.0722475820611,HC3,0.435407562164,0.0607497339736,0.23433508178,-0.0276768382018,0.172172002324,-0.0468197085977,0.19131487272,0.0594048991512,0.223912951213,-0.0254647817664,0.169959945889,-0.0441838807805,0.188679044903
single,baseline,lbrent,nuclear_threat,28,409,1990-04-01,2024-04-01,0.0735101029759,HC3,0.436006547747,0.0577698518265,0.203208022932,-0.0215128473294,0.168533053281,-0.0397167259963,0.186736931948,0.0564662272773,0.192970422746,-0.0193685757615,0.166388781713,-0.0371616688305,0.184181874782
single,baseline,lbrent,nuclear_threat,29,408,1990-04-01,2024-03-01,0.0675016958971,HC3,0.436109238166,0.0577326000011,0.242317898375,-0.027459980608,0.162463372402,-0.0456521208389,0.180655512633,0.0562801226348,0.230377165528,-0.025070867944,0.160074259738,-0.0428053175125,0.177808709307
single,baseline,lbrent,nuclear_threat,30,407,1990-04-01,2024-02-01,0.0865609790593,HC3,0.436109276267,0.0621405618464,0.163623798593,-0.0156511494745,0.188773107593,-0.0352322841387,0.208354242257,0.0599554998708,0.148808249951,-0.0120570423588,0.185179000477,-0.0309496413625,0.204071599481
single,baseline,lbrent,nuclear_threat,31,406,1990-04-01,2024-01-01,0.0660078194398,HC3,0.439231994437,0.0801781239848,0.410357481226,-0.0658734585988,0.197889097478,-0.0911384159184,0.223154054798,0.075761099882,0.383610738988,-0.058608100483,0.190623739363,-0.0824812077581,0.214496846638
single,baseline,lbrent,nuclear_threat,32,405,1990-04-01,2023-12-01,0.0112026538929,HC3,0.439374567229,0.0911483790042,0.90218178435,-0.138723087903,0.161128395689,-0.167444886204,0.18985019399,0.0851619221872,0.89534392311,-0.128876242695,0.151281550481,-0.155711646448,0.178116954234
single,baseline,lbrent,nuclear_threat,33,404,1990-04-01,2023-11-01,0.0198909519372,HC3,0.439439812154,0.0759711462556,0.793458327068,-0.105070463525,0.144852367399,-0.129009758588,0.168791662462,0.0723492850518,0.783370411206,-0.0991130319876,0.138894935862,-0.121911041072,0.161692944946
single,baseline,lbrent,nuclear_threat,34,403,1990-04-01,2023-10-01,0.0328614145186,HC3,0.43948826387,0.0651907527807,0.614204515466,-0.0743678316364,0.140090660674,-0.0949101130566,0.160632942094,0.0629271214977,0.601521442419,-0.0706444895105,0.136367318548,-0.0904734772676,0.156196306305
single,baseline,lbrent,nuclear_threat,35,402,1990-04-01,2023-09-01,0.0228441337161,HC3,0.439719617143,0.0674341104532,0.73478881107,-0.088075107443,0.133763374875,-0.109324294102,0.155012561534,0.0653004665789,0.726465461465,-0.0845655755777,0.13025384301,-0.105142428952,0.150830696384
single,baseline,lbrent,nuclear_threat,36,401,1990-04-01,2023-08-01,0.0144453421516,HC3,0.440248093834,0.0678800765876,0.831477656505,-0.0972074480212,0.126098132324,-0.118597163228,0.147487847531,0.065780849144,0.826184258146,-0.0937545261468,0.12264521045,-0.114482753043,0.143373437346
single,baseline,lbrent,nuclear_threat,37,400,1990-04-01,2023-07-01,0.0197572338035,HC3,0.44117786709,0.0662579296773,0.765560667535,-0.0892273621405,0.128741829748,-0.110105922054,0.149620389661,0.0638297621434,0.756918305464,-0.0852333819655,0.124747849573,-0.105346801139,0.144861268746
single,baseline,lbrent,nuclear_threat,38,399,1990-04-01,2023-06-01,0.0170190972321,HC3,0.44131299702,0.0648961099689,0.793127609904,-0.0897255046253,0.12376369909,-0.110174941044,0.144213135508,0.0624108429403,0.785088018282,-0.0856376041393,0.119675798604,-0.105303907176,0.13934210164
single,baseline,lbrent,nuclear_threat,39,398,1990-04-01,2023-05-01,0.0199405535988,HC3,0.441652146546,0.0619841171785,0.747676761883,-0.0820142463556,0.121895353553,-0.101546083685,0.141427190882,0.0598421479055,0.738968814064,-0.0784910204282,0.118372127626,-0.0973479010536,0.137229008251
single,baseline,lbrent,nuclear_threat,40,397,1990-04-01,2023-04-01,0.0288731014863,HC3,0.442317703217,0.0621230458316,0.642094173662,-0.0733102157672,0.13105641874,-0.0928858309537,0.150632033926,0.060285290179,0.631980551195,-0.0702873767164,0.128033579689,-0.089283896062,0.147030099035
single,baseline,lbrent,nuclear_threat,41,396,1990-04-01,2023-03-01,0.0222473235871,HC3,0.442370156811,0.0631555363686,0.724641450703,-0.0816342894708,0.126128936645,-0.10153525312,0.146029900294,0.061355255013,0.716904829094,-0.0786730901535,0.123167737328,-0.0980067665006,0.142501413675
single,baseline,lbrent,nuclear_threat,42,395,1990-04-01,2023-02-01,0.0224293014757,HC3,0.442380724369,0.0639011181542,0.725588242694,-0.0826786844864,0.127537287438,-0.102814588678,0.14767319163,0.0623241691427,0.718935920278,-0.0800848341853,0.124943437137,-0.0997238254103,0.144582428362
single,baseline,lbrent,nuclear_threat,43,394,1990-04-01,2023-01-01,0.0077453264964,HC3,0.443076289389,0.0633878308101,0.902748952629,-0.0965183769162,0.112009029909,-0.11649253895,0.131983191942,0.061979990618,0.900551297756,-0.0942026858701,0.109693338863,-0.113733222877,0.12922387587
single,baseline,lbrent,nuclear_threat,44,393,1990-04-01,2022-12-01,0.0185026067618,HC3,0.44319958041,0.0592188429973,0.754702671937,-0.0789037219262,0.11590893545,-0.097564192719,0.134569406243,0.0578743311622,0.749193361377,-0.0766921967578,0.113697410281,-0.0949289979455,0.131934211469
single,baseline,lbrent,nuclear_threat,45,392,1990-04-01,2022-11-01,0.018677821081,HC3,0.443374368622,0.0577490498271,0.746369010881,-0.07631091298,0.113666555142,-0.0945082367214,0.131863878884,0.0565834523974,0.741329431496,-0.0743936758202,0.111749317982,-0.0922237077387,0.129579349901
single,baseline,lbrent,nuclear_threat,46,391,1990-04-01,2022-10-01,0.0193609336178,HC3,0.443470136844,0.0560757342197,0.729895890654,-0.0728754411975,0.111597308433,-0.0905454858595,0.129267353095,0.0551593447623,0.725588299351,-0.0713681146748,0.11008998191,-0.0887493955272,0.127471262763
single,baseline,lbrent,nuclear_threat,47,390,1990-04-01,2022-09-01,0.0236717995997,HC3,0.443525070383,0.0539083754868,0.660580585748,-0.0649995873428,0.112343186542,-0.0819866748195,0.129330274019,0.0530454211771,0.655412851277,-0.0635801538165,0.110923753016,-0.080295315452,0.127638914652
single,baseline,lbrent,nuclear_threat,48,389,1990-04-01,2022-08-01,0.014845668432,HC3,0.443639308591,0.0537984516515,0.782586673986,-0.0736449098913,0.103336246755,-0.0905973592289,0.120288696093,0.0528986077934,0.778983587147,-0.0721647984577,0.101856135322,-0.0888336976755,0.118525034539
single,baseline,lbrent,coup,0,432,1990-04-01,2026-03-01,0.0158431004962,HC3,0.421592432871,0.0115929107148,0.171744530088,-0.00322554073996,0.0349117417324,-0.00687858698079,0.0385647879732,0.0107973367117,0.142290224447,-0.0019169379555,0.0336031389479,-0.00531929058774,0.0370054915802
single,baseline,lbrent,coup,1,432,1990-04-01,2026-03-01,0.0122908872142,HC3,0.421592432871,0.0222983732916,0.581495846761,-0.0243866729695,0.048968447398,-0.031413121351,0.0559948957795,0.0197875002637,0.534504876239,-0.0202566543627,0.0448384287912,-0.0264919006466,0.0510736750751
single,baseline,lbrent,coup,2,432,1990-04-01,2026-03-01,0.0164534375468,HC3,0.421592432871,0.0289086012636,0.569251834178,-0.0310969800917,0.0640038551853,-0.0402063797732,0.0731132548669,0.0267799651687,0.53895530491,-0.0275956852905,0.0605025603842,-0.036034329691,0.0689412047847
single,baseline,lbrent,coup,3,432,1990-04-01,2026-03-01,0.0254013174066,HC3,0.421592432871,0.0296498233364,0.391604853643,-0.0233683020468,0.0741709368599,-0.0327112684807,0.0835139032939,0.0279577256956,0.363581557216,-0.0205850491051,0.0713876839183,-0.0293948180464,0.0801974528595
single,baseline,lbrent,coup,4,432,1990-04-01,2026-03-01,0.0168400873016,HC3,0.421592432871,0.0289850685879,0.561245977091,-0.0308361078927,0.0645162824958,-0.0399696032201,0.0736497778232,0.0271421941356,0.534968523543,-0.0278048491658,0.0614850237689,-0.0363576356657,0.0700378102688
single,baseline,lbrent,coup,5,432,1990-04-01,2026-03-01,0.0040758201014,HC3,0.421592432871,0.0291171484721,0.888675747482,-0.0438176271693,0.0519692673721,-0.0529927422363,0.0611443824391,0.0276084487732,0.882635212201,-0.0413360369978,0.0494876772006,-0.0500357451632,0.058187385366
single,baseline,lbrent,coup,6,431,1990-04-01,2026-02-01,0.00493466534669,HC3,0.423236531028,0.0303913304276,0.871013845458,-0.0450546247351,0.0549239554285,-0.0546312477337,0.0645005784271,0.0282660703944,0.861410366123,-0.0415588830612,0.0514282137546,-0.0504658146108,0.0603351453042
single,baseline,lbrent,coup,7,430,1990-04-01,2026-01-01,0.00200972139692,HC3,0.425202532986,0.0310065634665,0.948320502613,-0.0489915369803,0.0530109797741,-0.0587620262818,0.0627814690757,0.0291831594625,0.945096447676,-0.0459923042909,0.0500117470848,-0.0551882201047,0.0592076628986
single,baseline,lbrent,coup,8,429,1990-04-01,2025-12-01,-0.00347136524828,HC3,0.425909010546,0.0366631953434,0.924566969641,-0.0637769550845,0.0568342245879,-0.0753299076795,0.0683871771829,0.0338249243113,0.918258667184,-0.0591084146831,0.0521656841865,-0.0697669986782,0.0628242681817
single,baseline,lbrent,coup,9,428,1990-04-01,2025-11-01,-0.017280580135,HC3,0.42620545112,0.0411659378183,0.674647192606,-0.0849925222622,0.0504313619923,-0.0979643356486,0.0634031753786,0.0360413153201,0.631607252178,-0.0765632683593,0.0420021080893,-0.0879202601177,0.0533590998478
single,baseline,lbrent,coup,10,427,1990-04-01,2025-10-01,-0.0220073476473,HC3,0.426206510799,0.0434548321375,0.612546468361,-0.0934841858972,0.0494694906027,-0.107177253591,0.0631625582964,0.0383497246305,0.566062989861,-0.0850870312983,0.0410723360038,-0.09717142674,0.0531567314455
single,baseline,lbrent,coup,11,426,1990-04-01,2025-09-01,-0.0403623467733,HC3,0.426223444539,0.0488767764,0.408918658924,-0.120757489709,0.040032796162,-0.136159068198,0.0554343746512,0.0432022719126,0.350167497818,-0.111423760421,0.0306990668746,-0.125037243772,0.0443125502256
single,baseline,lbrent,coup,12,425,1990-04-01,2025-08-01,-0.0560589028678,HC3,0.426236925258,0.0513794491125,0.275239279233,-0.140570576091,0.0284527703557,-0.156760772674,0.0446429669383,0.0447522979084,0.210333623277,-0.129669882397,0.0175520766613,-0.143771794994,0.0316539892581
single,baseline,lbrent,coup,13,424,1990-04-01,2025-07-01,-0.0508555602924,HC3,0.426410114218,0.0525297251879,0.332979853419,-0.13725926929,0.0355481487057,-0.153811929778,0.0521008091937,0.0454592131645,0.263264967233,-0.125629311944,0.0239181913595,-0.13995398086,0.0382428602755
single,baseline,lbrent,coup,14,423,1990-04-01,2025-06-01,-0.0705827891779,HC3,0.426418069704,0.0494908186813,0.153816546307,-0.151987941787,0.0108223634308,-0.167583011359,0.0264174330029,0.0439320406478,0.108134284885,-0.142844565577,0.00167898722105,-0.156688006615,0.0155224282592
single,baseline,lbrent,coup,15,422,1990-04-01,2025-05-01,-0.056058207375,HC3,0.42656441039,0.0444303433383,0.207053166302,-0.129139618762,0.0170232040117,-0.143140080139,0.0310236653889,0.0420101085411,0.182073435214,-0.125158686778,0.0130422720275,-0.138396507102,0.0262800923522
single,baseline,lbrent,coup,16,421,1990-04-01,2025-04-01,-0.0443962214547,HC3,0.426948252817,0.0467582153812,0.342374026558,-0.121306641614,0.0325141987049,-0.136040639583,0.0472481966739,0.0440193230831,0.313184685606,-0.116801564684,0.0280091217745,-0.130672509321,0.0418800664121
single,baseline,lbrent,coup,17,420,1990-04-01,2025-03-01,-0.0686668546659,HC3,0.427108469276,0.050020430881,0.169821946488,-0.150943141822,0.0136094324904,-0.166705097684,0.0293713883521,0.045517822928,0.131408522766,-0.1435370108,0.00620330146809,-0.157880148259,0.0205464389276
single,baseline,lbrent,coup,18,419,1990-04-01,2025-02-01,-0.0738282900618,HC3,0.427142202025,0.0505943203595,0.144504316166,-0.157048541408,0.00939196128471,-0.172991335789,0.0253347556651,0.0456671569324,0.105951578562,-0.148944078775,0.00128749865102,-0.163334272926,0.015677692802
single,baseline,lbrent,coup,19,418,1990-04-01,2025-01-01,-0.0770252523502,HC3,0.427673210593,0.0484687134627,0.112020960539,-0.156749191483,0.00269868678254,-0.172022185114,0.0179716804136,0.0433182780556,0.0753835578449,-0.148277479123,-0.0057730255771,-0.161927517212,0.00787701251113
single,baseline,lbrent,coup,20,417,1990-04-01,2024-12-01,-0.0800078368051,HC3,0.427674195027,0.0472024580715,0.0900767455207,-0.157648971165,-0.00236670244512,-0.172522954607,0.0125072809969,0.0423071722094,0.0586086512788,-0.14959694246,-0.0104187311503,-0.162928370623,0.00291269701315
single,baseline,lbrent,coup,21,416,1990-04-01,2024-11-01,-0.0760579514285,HC3,0.42770770589,0.0455778651375,0.0951674184693,-0.151026868209,-0.00108903464843,-0.16538892559,0.0132730227332,0.0423844102867,0.0727366826502,-0.145774102415,-0.0063418004422,-0.159129869096,0.00701396623943
single,baseline,lbrent,coup,22,415,1990-04-01,2024-10-01,-0.0785119149216,HC3,0.427720118604,0.0422884771457,0.0633710190171,-0.148070269933,-0.00895355991026,-0.161395807088,0.004371977245,0.0399562224661,0.049420211462,-0.144234052364,-0.012789777479,-0.156824671913,-0.000199157929853
single,baseline,lbrent,coup,23,414,1990-04-01,2024-09-01,-0.0878462137883,HC3,0.42884382598,0.041783064376,0.03551511079,-0.156573238772,-0.0191191888042,-0.169739515129,-0.00595291244754,0.0399753222438,0.0279839656243,-0.15359976757,-0.022092660007,-0.166196405657,-0.00949602192001
single,baseline,lbrent,coup,24,413,1990-04-01,2024-08-01,-0.0776110326755,HC3,0.428849436277,0.0411972766462,0.0595802004134,-0.145374522587,-0.0098475427635,-0.158356211163,0.00313414581215,0.0399404316886,0.0519956698279,-0.1433071966,-0.0119148687505,-0.155892840312,0.000670774961164
single,baseline,lbrent,coup,25,412,1990-04-01,2024-07-01,-0.0979540912195,HC3,0.428866308,0.0430763080281,0.0229679870808,-0.168808312715,-0.0270998697239,-0.182382103542,-0.0135260788975,0.0421249088376,0.0200546042395,-0.167243400306,-0.028664782133,-0.180517395393,-0.0153907870458
single,baseline,lbrent,coup,26,411,1990-04-01,2024-06-01,-0.0736108982408,HC3,0.429710785824,0.0466154161866,0.114310688714,-0.150286434627,0.00306463814569,-0.164975435091,0.0177536386094,0.0445197251836,0.0982404166344,-0.14683932968,-0.000382466801581,-0.160867956202,0.0136461597208
single,baseline,lbrent,coup,27,410,1990-04-01,2024-05-01,-0.0594209126378,HC3,0.430013037099,0.0556808420631,0.285895170796,-0.151007747657,0.0321659223814,-0.16855335771,0.0497115324347,0.0493986599733,0.229020782354,-0.140674477661,0.0218326523859,-0.15624050707,0.0373986817945
single,baseline,lbrent,coup,28,409,1990-04-01,2024-04-01,-0.0813871466302,HC3,0.430625349483,0.0542657922821,0.133669505529,-0.170646431885,0.00787213862444,-0.187746145096,0.0249718518353,0.0497393349957,0.101782398071,-0.1632010722,0.000426778939579,-0.178874451837,0.0161001585763
single,baseline,lbrent,coup,29,408,1990-04-01,2024-03-01,-0.0854589060325,HC3,0.430692565878,0.0582970236115,0.142669460186,-0.18134897676,0.0104311646953,-0.199718972717,0.0288011606519,0.0528563448414,0.105918323308,-0.172399856552,0.0014820444873,-0.189055438276,0.0181376262111
single,baseline,lbrent,coup,30,407,1990-04-01,2024-02-01,-0.090862412144,HC3,0.430719117209,0.0628703599548,0.148392033731,-0.194274951743,0.0125501274554,-0.21408605335,0.0323612290624,0.0566552875526,0.108763352161,-0.184052067361,0.00232724307281,-0.201904735281,0.0201799109928
single,baseline,lbrent,coup,31,406,1990-04-01,2024-01-01,-0.0842611578664,HC3,0.433430251664,0.0588966749386,0.152527483327,-0.181137567254,0.0126152515217,-0.199696519555,0.0311742038224,0.0547323757747,0.123679312396,-0.174287904671,0.00576558893829,-0.191534643173,0.0230123274403
single,baseline,lbrent,coup,32,405,1990-04-01,2023-12-01,-0.0780613985918,HC3,0.433466882643,0.0521378933232,0.134338507768,-0.163820601526,0.00769780434259,-0.180249791735,0.0241269945516,0.0494228795183,0.114230875168,-0.159354801222,0.00323200403838,-0.17492846246,0.0188056652765
single,baseline,lbrent,coup,33,404,1990-04-01,2023-11-01,-0.0704822912741,HC3,0.433633938223,0.0476839478129,0.139377377234,-0.148915405781,0.00795082323327,-0.163941111628,0.0229765290798,0.0459685834548,0.12520912174,-0.146093882496,0.00512929994731,-0.160579059266,0.0196144767176
single,baseline,lbrent,coup,34,403,1990-04-01,2023-10-01,-0.066549983467,HC3,0.433857445087,0.0431169848275,0.122715595062,-0.137471112344,0.00437114540961,-0.151057720851,0.0179577539167,0.0419525419317,0.112667671812,-0.135555774223,0.00245580728919,-0.148775454713,0.015675487779
single,baseline,lbrent,coup,35,402,1990-04-01,2023-09-01,-0.0717364330568,HC3,0.434307760403,0.0412874962833,0.082301481614,-0.139648321066,-0.00382454504753,-0.152658438784,0.00918557267023,0.0402177186301,0.0744720690557,-0.137888693413,-0.00558417270044,-0.150561713112,0.00708884699848
single,baseline,lbrent,coup,36,401,1990-04-01,2023-08-01,-0.0612510447089,HC3,0.434611229811,0.0477584852062,0.199661524885,-0.139806762318,0.0173046729002,-0.154855955669,0.0323538662515,0.0443149064848,0.16691735893,-0.134142579368,0.0116404899506,-0.148106665397,0.0256045759795
single,baseline,lbrent,coup,37,400,1990-04-01,2023-07-01,-0.0599137254371,HC3,0.435567750104,0.0518904289842,0.248246086114,-0.145265885756,0.0254384348816,-0.161617097389,0.0417896465143,0.0477220619801,0.209307368778,-0.138409532171,0.0185820812964,-0.153447248186,0.0336197973118
single,baseline,lbrent,coup,38,399,1990-04-01,2023-06-01,-0.0453515523437,HC3,0.435696871752,0.0504883302553,0.369047957248,-0.128397465483,0.0376943607955,-0.144306861284,0.0536037565963,0.0471243707215,0.335858751574,-0.122864244443,0.0321611397554,-0.137713621752,0.0470105170646
single,baseline,lbrent,coup,39,398,1990-04-01,2023-05-01,-0.0264844171178,HC3,0.43627015475,0.0581092120685,0.64855560769,-0.122065565348,0.0690967311125,-0.140376379942,0.0874075457066,0.0507806430652,0.601986800891,-0.110011142043,0.057042307807,-0.126012648637,0.0730438144019
single,baseline,lbrent,coup,40,397,1990-04-01,2023-04-01,-0.0335370621891,HC3,0.437119030871,0.060296404095,0.578071846674,-0.132715821157,0.0656416967787,-0.151715842613,0.0846417182344,0.0535244150135,0.530937837397,-0.121576890355,0.0545027659764,-0.138442987909,0.071368863531
single,baseline,lbrent,coup,41,396,1990-04-01,2023-03-01,-0.0507353824808,HC3,0.437159277899,0.051224277095,0.321951381791,-0.134991820449,0.0335210554869,-0.151133120721,0.0496623557595,0.0473772612934,0.28422319126,-0.128664042554,0.0271932775926,-0.143593108302,0.0421223433404
single,baseline,lbrent,coup,42,395,1990-04-01,2023-02-01,-0.0661316755321,HC3,0.437209342417,0.0523260874273,0.206288330865,-0.152200430221,0.0199370791569,-0.168688922341,0.0364255712773,0.0488249079232,0.175587767932,-0.146441502415,0.014178151351,-0.16182673661,0.029563385546
single,baseline,lbrent,coup,43,394,1990-04-01,2023-01-01,-0.0860428155502,HC3,0.437744756345,0.0547506349872,0.1160572596,-0.176099596087,0.00401396498642,-0.193352088256,0.0212664571555,0.0498113832441,0.0841007791673,-0.167975249943,-0.00411038115769,-0.183671332729,0.0115857016283
single,baseline,lbrent,coup,44,393,1990-04-01,2022-12-01,-0.0912114354954,HC3,0.438025787208,0.0547161641329,0.0955158952755,-0.181211516522,-0.00121135446863,-0.198453146568,0.0160302755772,0.0501614693442,0.0690096573461,-0.17371971028,-0.00870316071135,-0.189526108822,0.00710323783089
single,baseline,lbrent,coup,45,392,1990-04-01,2022-11-01,-0.115486017755,HC3,0.438077463427,0.0532998695823,0.0302560326652,-0.203156501553,-0.0278155339561,-0.219951842516,-0.0110201929926,0.0515552564149,0.0250880980454,-0.200286868257,-0.030685167252,-0.216532463542,-0.0144395719675
single,baseline,lbrent,coup,46,391,1990-04-01,2022-10-01,-0.113931283168,HC3,0.438369715102,0.0477420783896,0.0170146338862,-0.192460013965,-0.0354025523702,-0.207504037358,-0.0203585289768,0.0463212119878,0.0139095036152,-0.19012289671,-0.0377396696247,-0.204719190384,-0.0231433759513
single,baseline,lbrent,coup,47,390,1990-04-01,2022-09-01,-0.105396984907,HC3,0.438374659694,0.050724705341,0.0377256183251,-0.188831700463,-0.021962269351,-0.204815580502,-0.00597838931237,0.0476938126163,0.0271143907481,-0.183846325572,-0.0269476442422,-0.19887513992,-0.0119188298939
single,baseline,lbrent,coup,48,389,1990-04-01,2022-08-01,-0.104083836766,HC3,0.438545098116,0.0484618820867,0.0317339006095,-0.183796539285,-0.024371134247,-0.199067380279,-0.0091002932532,0.0465680704949,0.0254114293632,-0.18068149642,-0.0274861771125,-0.195355577766,-0.0128120957667
single,baseline,lbrent,sanctions,0,432,1990-04-01,2026-03-01,0.0438955928875,HC3,0.420225386841,0.0287715337701,0.127094434015,-0.00342936878719,0.0912205545621,-0.0124955770818,0.100286762857,0.0254598930335,0.0846884358482,0.00201779548948,0.0857733902854,-0.00600488050847,0.0937960662834
single,baseline,lbrent,sanctions,1,432,1990-04-01,2026-03-01,0.0115846889989,HC3,0.420225386841,0.0397725377656,0.770842100836,-0.0538353139979,0.0770046919957,-0.0663680525954,0.0895374305932,0.0340409245905,0.733618177569,-0.0444076492785,0.0675770272763,-0.0551342971989,0.0783036751967
single,baseline,lbrent,sanctions,2,432,1990-04-01,2026-03-01,0.0100697865093,HC3,0.420225386841,0.0473245359097,0.831497381458,-0.0677721480255,0.0879117210441,-0.0826845994587,0.102824172477,0.0403129543318,0.802749491701,-0.0562391226365,0.0763786956551,-0.0689421520914,0.0890817251101
single,baseline,lbrent,sanctions,3,432,1990-04-01,2026-03-01,0.0116819030345,HC3,0.420225386841,0.0464275565181,0.801338107121,-0.0646846316947,0.0880484377638,-0.0793144356311,0.1026782417,0.0413011719264,0.777294301077,-0.056252479406,0.079616285475,-0.0692669064605,0.0926307125296
single,baseline,lbrent,sanctions,4,432,1990-04-01,2026-03-01,-0.0162034516771,HC3,0.420225386841,0.0489844730649,0.740804998904,-0.0967757398623,0.064368836508,-0.112211254686,0.0798043513318,0.0435608738393,0.709913246936,-0.0878547130049,0.0554478096506,-0.101581195537,0.0691742921829
single,baseline,lbrent,sanctions,5,432,1990-04-01,2026-03-01,-0.0148006314982,HC3,0.420225386841,0.0451135330057,0.742854802447,-0.0890057898872,0.0594045268909,-0.103221531405,0.0736202684084,0.0424487474816,0.72733659652,-0.0846226077528,0.0550213447565,-0.0979986477509,0.0683973847546
single,baseline,lbrent,sanctions,6,431,1990-04-01,2026-02-01,-0.0367817394528,HC3,0.421756583529,0.048119885553,0.444642540495,-0.115931907733,0.0423684288276,-0.131094982077,0.0575315031714,0.0451320345339,0.415083327757,-0.111017330148,0.0374538512421,-0.125238901688,0.0516754227827
single,baseline,lbrent,sanctions,7,430,1990-04-01,2026-01-01,-0.0328311399217,HC3,0.424207422267,0.0544739306483,0.54671192245,-0.122432782323,0.0567705024795,-0.139598082089,0.0739358022454,0.0500780983508,0.512082314068,-0.115202281625,0.0495400017814,-0.130982409103,0.0653201292601
single,baseline,lbrent,sanctions,8,429,1990-04-01,2025-12-01,-0.0548586119542,HC3,0.424634881522,0.0629833624483,0.383753257898,-0.158457024115,0.0487398002065,-0.178303733978,0.0685865100697,0.0537048652116,0.307025614143,-0.143195254283,0.0334780303741,-0.160118213564,0.0504009896551
single,baseline,lbrent,sanctions,9,428,1990-04-01,2025-11-01,-0.0429489285621,HC3,0.425038774469,0.0838753709553,0.608611470305,-0.18091163669,0.0950137795657,-0.207341634825,0.1214437777,0.066055508963,0.515566593896,-0.15160057206,0.0657027149358,-0.17241534711,0.0865174899858
single,baseline,lbrent,sanctions,10,427,1990-04-01,2025-10-01,-0.0858256842374,HC3,0.425038919256,0.174863908636,0.623557886736,-0.37345121858,0.201799850105,-0.428552647359,0.256901278884,0.116180106536,0.460071204886,-0.276924953853,0.105273585378,-0.313534508768,0.141883140293
single,baseline,lbrent,sanctions,11,426,1990-04-01,2025-09-01,-0.122130617965,HC3,0.425046592403,0.216767192896,0.57315003279,-0.478680921404,0.234419685473,-0.546986509071,0.30272527314,0.144271613829,0.39725572032,-0.359436305238,0.115175069307,-0.404897785061,0.16063654913
single,baseline,lbrent,sanctions,12,425,1990-04-01,2025-08-01,-0.123616191936,HC3,0.425148144738,0.195106602749,0.526353114424,-0.44453799511,0.197305611238,-0.50601810647,0.258785722598,0.130291872442,0.342740835417,-0.337927250884,0.0906948670124,-0.3789835694,0.131751185528
single,baseline,lbrent,sanctions,13,424,1990-04-01,2025-07-01,-0.0586865730557,HC3,0.425348441916,0.136313246535,0.666812117285,-0.28290191102,0.165528764908,-0.325855626879,0.208482480768,0.0958300115921,0.540271250853,-0.216312915194,0.0989397690824,-0.246509944414,0.129136798303
single,baseline,lbrent,sanctions,14,423,1990-04-01,2025-06-01,-0.0686051000308,HC3,0.425349938238,0.136420035704,0.615037343287,-0.292996090547,0.155785890485,-0.335983456779,0.198773256718,0.0924476160521,0.458028557509,-0.220667896597,0.0834576965355,-0.24979909795,0.112588897888
single,baseline,lbrent,sanctions,15,422,1990-04-01,2025-05-01,-0.132559829177,HC3,0.435395508884,0.158847821125,0.403994597961,-0.393841243888,0.128721585533,-0.443895837605,0.17877617925,0.102005403272,0.193759591871,-0.300343786718,0.035224128363,-0.332486745819,0.0673670874639
single,baseline,lbrent,sanctions,16,421,1990-04-01,2025-04-01,-0.048707260133,HC3,0.425735788793,0.0770144842919,0.527097539807,-0.175384813948,0.0779702936823,-0.199652875633,0.102238355367,0.0661164572231,0.461311558643,-0.157459154598,0.0600446343316,-0.178293135076,0.0808786148096
single,baseline,lbrent,sanctions,17,420,1990-04-01,2025-03-01,-0.124611016927,HC3,0.425757012285,0.0818035075059,0.12768448049,-0.259165812946,0.00994377909124,-0.284942945448,0.0357209115934,0.0660843116407,0.0593439005396,-0.233310036614,-0.0159119972404,-0.254133887686,0.0049118538317
single,baseline,lbrent,sanctions,18,419,1990-04-01,2025-02-01,-0.105433944668,HC3,0.425768801714,0.0815657007376,0.196140446162,-0.239597583361,0.0287296940248,-0.265299780488,0.0544318911512,0.0646168549036,0.102747193149,-0.211719212819,0.000851323482232,-0.232080653074,0.0212127637372
single,baseline,lbrent,sanctions,19,418,1990-04-01,2025-01-01,-0.0924231434063,HC3,0.426427893086,0.0712569497846,0.19461728289,-0.209630395705,0.0247841088923,-0.232084198632,0.0472379118196,0.0583025616678,0.112913410542,-0.188322323426,0.00347603661363,-0.206694064482,0.0218477776691
single,baseline,lbrent,sanctions,20,417,1990-04-01,2024-12-01,-0.109398546773,HC3,0.426467742286,0.06373829712,0.0860942124983,-0.214238715967,-0.00455837757976,-0.234323313564,0.0155262200178,0.0543456895609,0.0441133252554,-0.198789251357,-0.0200078421898,-0.215914141028,-0.00288295251889
single,baseline,lbrent,sanctions,21,416,1990-04-01,2024-11-01,-0.120033327174,HC3,0.426468857224,0.0699625928706,0.0862208737477,-0.235111551808,-0.00495510253941,-0.257157489465,0.0170908351179,0.0585488526864,0.0403508004539,-0.216337619869,-0.0237290344784,-0.234786969775,-0.00527968457201
single,baseline,lbrent,sanctions,22,415,1990-04-01,2024-10-01,-0.132366803205,HC3,0.42648112746,0.0856613964924,0.122289952979,-0.273267261915,0.00853365550567,-0.300260055195,0.0355264487859,0.0686540842353,0.0538519941062,-0.245292722664,-0.0194408837451,-0.266926335697,0.00219272928814
single,baseline,lbrent,sanctions,23,414,1990-04-01,2024-09-01,-0.136844670389,HC3,0.427737816622,0.0980435390348,0.162788560431,-0.29811194117,0.0244226003912,-0.329006475814,0.0553171350357,0.0758698586933,0.0712820579546,-0.261639482637,-0.0120498581413,-0.28554686094,0.0118575201617
single,baseline,lbrent,sanctions,24,413,1990-04-01,2024-08-01,-0.156634626923,HC3,0.427740961081,0.10690444653,0.14287087079,-0.332476793535,0.0192075396886,-0.366163491909,0.0528942380624,0.082543662645,0.0577491574739,-0.292406869807,-0.0208623840398,-0.318417232859,0.00514797901289
single,baseline,lbrent,sanctions,25,412,1990-04-01,2024-07-01,-0.170744570529,HC3,0.427747298856,0.103539459631,0.0991318034256,-0.341051826236,-0.000437314822593,-0.373678182385,0.0321890413263,0.0862958975054,0.0478617024415,-0.312688690532,-0.0288004505267,-0.339881421654,-0.00160771940532
single,baseline,lbrent,sanctions,26,411,1990-04-01,2024-06-01,-0.157892462407,HC3,0.428607481643,0.0947317852813,0.0955677815358,-0.313712383015,-0.00207254179978,-0.34356334975,0.0277784249352,0.0758584758854,0.0373965483153,-0.282668551602,-0.0331163732123,-0.306572343065,-0.00921258174996
single,baseline,lbrent,sanctions,27,410,1990-04-01,2024-05-01,-0.169873509126,HC3,0.428895099698,0.0976682142346,0.0819834759766,-0.330523425547,-0.00922359270409,-0.36129969146,0.0215526732084,0.0756840756095,0.0247997382182,-0.294362735395,-0.0453842828569,-0.318211571524,-0.0215354467278
single,baseline,lbrent,sanctions,28,409,1990-04-01,2024-04-01,-0.165069721553,HC3,0.429554378327,0.0815785467506,0.0430272646421,-0.299254490058,-0.0308849530493,-0.324960735096,-0.0051787080111,0.0658643988246,0.0122034655073,-0.273407016847,-0.0567324262599,-0.294161571113,-0.0359778719939
single,baseline,lbrent,sanctions,29,408,1990-04-01,2024-03-01,-0.125827111436,HC3,0.429652974151,0.0686214812733,0.0667074103915,-0.238699403795,-0.0129548190766,-0.260322743297,0.00866852042568,0.0597997274522,0.0353660718544,-0.224188910026,-0.0274653128452,-0.243032423527,-0.00862179934399
single,baseline,lbrent,sanctions,30,407,1990-04-01,2024-02-01,-0.142021242423,HC3,0.429675449463,0.0746158380659,0.0569928162027,-0.264753374294,-0.0192891105525,-0.288265597709,0.00422311286219,0.0638201728616,0.0260587805918,-0.246996085227,-0.0370463996191,-0.267106482719,-0.0169360021273
single,baseline,lbrent,sanctions,31,406,1990-04-01,2024-01-01,-0.136353828536,HC3,0.432449453843,0.078852972307,0.0837704275215,-0.266055426031,-0.00665223104118,-0.290902814332,0.0181951572594,0.0671968949216,0.0424411216087,-0.246882884868,-0.0258247722047,-0.268057322455,-0.00465033461713
single,baseline,lbrent,sanctions,32,405,1990-04-01,2023-12-01,-0.170895329447,HC3,0.432497284704,0.0812098735898,0.0353464978866,-0.304473684565,-0.0373169743284,-0.330063756872,-0.0117269020218,0.0699001295524,0.0144912410973,-0.285870811066,-0.0559198478282,-0.307897065884,-0.0338935930094
single,baseline,lbrent,sanctions,33,404,1990-04-01,2023-11-01,-0.205836089719,HC3,0.432666069774,0.0926770891762,0.0263507606647,-0.358276335986,-0.0533958434524,-0.387479846697,-0.0241923327418,0.0786521896182,0.00886954069732,-0.33520742908,-0.076464750358,-0.359991548676,-0.0516806307623
single,baseline,lbrent,sanctions,34,403,1990-04-01,2023-10-01,-0.183176804885,HC3,0.432860001861,0.079801998704,0.0217107157073,-0.314439411892,-0.0519141978789,-0.339585848239,-0.0267677615309,0.0708476644362,0.00972372020259,-0.299710842694,-0.0666427670762,-0.322035675569,-0.0443179342014
single,baseline,lbrent,sanctions,35,402,1990-04-01,2023-09-01,-0.173786729372,HC3,0.433219308746,0.0659048714763,0.0083659357608,-0.282190596253,-0.0653828624904,-0.302957903871,-0.0446155548727,0.0609512328185,0.00435487790315,-0.27404258574,-0.0735308730032,-0.293248950509,-0.0543245082343
single,baseline,lbrent,sanctions,36,401,1990-04-01,2023-08-01,-0.164334255827,HC3,0.433683911658,0.05937086206,0.00564139628495,-0.261990633622,-0.0666778780328,-0.280699007196,-0.0479695044587,0.0575663555913,0.0043078487275,-0.259022484612,-0.0696460270427,-0.277162239508,-0.0515062721473
single,baseline,lbrent,sanctions,37,400,1990-04-01,2023-07-01,-0.154226718764,HC3,0.434623210024,0.0607152089719,0.011079981772,-0.254094350452,-0.0543590870753,-0.273226341663,-0.0352270958651,0.0588576103517,0.00878431547438,-0.251038872625,-0.0574145649031,-0.269585515269,-0.0388679222584
single,baseline,lbrent,sanctions,38,399,1990-04-01,2023-06-01,-0.172461288323,HC3,0.434723487865,0.0669583955723,0.0100052311712,-0.282598048135,-0.0623245285113,-0.303697332108,-0.0412252445389,0.0608992774727,0.0046270833666,-0.272631685753,-0.0722908908935,-0.291821678854,-0.0531008977922
single,baseline,lbrent,sanctions,39,398,1990-04-01,2023-05-01,-0.177821236123,HC3,0.435076081887,0.0635525861493,0.00514173570468,-0.282355937953,-0.0732865342932,-0.3023820161,-0.053260456146,0.0585775999699,0.00240015835127,-0.274172813892,-0.0814696583544,-0.292631222365,-0.0630112498812
single,baseline,lbrent,sanctions,40,397,1990-04-01,2023-04-01,-0.174225447886,HC3,0.435866718481,0.0597931042826,0.0035705282858,-0.272576352332,-0.0758745434401,-0.291417778804,-0.0570331169683,0.0576376232554,0.00250470098813,-0.269030901547,-0.0794199942254,-0.287193113621,-0.0612577821508
single,baseline,lbrent,sanctions,41,396,1990-04-01,2023-03-01,-0.174840001997,HC3,0.435924493807,0.0536407722012,0.0011162414825,-0.263071220704,-0.0866087832891,-0.279973983614,-0.0697060203794,0.0524948421404,0.000866549940094,-0.261186333487,-0.0884936705058,-0.277728001966,-0.0719520020274
single,baseline,lbrent,sanctions,42,395,1990-04-01,2023-02-01,-0.154117247174,HC3,0.435956543937,0.0550417894326,0.00511019256453,-0.244652934156,-0.0635815601918,-0.261997172107,-0.0462373222414,0.0533767402656,0.00388503739195,-0.241914171995,-0.0663203223532,-0.258733735707,-0.0495007586412
single,baseline,lbrent,sanctions,43,394,1990-04-01,2023-01-01,-0.149148205707,HC3,0.436547548084,0.0600122041551,0.0129443058204,-0.247859497372,-0.0504369140408,-0.266769964483,-0.0315264469298,0.0571744527295,0.00908998394287,-0.243191811648,-0.0551045997655,-0.261208073892,-0.037088337521
single,baseline,lbrent,sanctions,44,393,1990-04-01,2022-12-01,-0.140960427901,HC3,0.436756221902,0.0586986810387,0.0163313961787,-0.237511166305,-0.044409689497,-0.256007728677,-0.0259131271249,0.0548477996679,0.0101690043828,-0.231177030115,-0.0507438256868,-0.248460139881,-0.0334607159205
single,baseline,lbrent,sanctions,45,392,1990-04-01,2022-11-01,-0.163172407841,HC3,0.436804374428,0.05413463917,0.00257661367039,-0.252215965424,-0.0741288502588,-0.26927435093,-0.057070464752,0.0519668561716,0.00168986908329,-0.248650279696,-0.0776945359862,-0.265025574327,-0.0613192413552
single,baseline,lbrent,sanctions,46,391,1990-04-01,2022-10-01,-0.145394233052,HC3,0.437081812357,0.0628400905215,0.020683209421,-0.248756983864,-0.0420314822395,-0.268558547259,-0.0222299188443,0.0597312549296,0.0149272229331,-0.243643404365,-0.0471450617385,-0.262465341465,-0.0283231246384
single,baseline,lbrent,sanctions,47,390,1990-04-01,2022-09-01,-0.169190785549,HC3,0.437083289917,0.100534559273,0.0923921872693,-0.334555420003,-0.00382615109529,-0.366234900925,0.0278533298272,0.0798894995251,0.0341911572577,-0.300597318598,-0.0377842524999,-0.325771327361,-0.012610243737
single,baseline,lbrent,sanctions,48,389,1990-04-01,2022-08-01,-0.143074993177,HC3,0.43720625635,0.1275153698,0.261853276284,-0.352819111685,0.0666691253312,-0.39300052546,0.106850539107,0.0955207720727,0.134174390389,-0.30019268157,0.0140426952163,-0.330292266215,0.0441422798613
single,baseline,lbrent,other,0,432,1990-04-01,2026-03-01,-0.0522634817033,HC3,0.423110535617,0.0342968483939,0.127544515709,-0.108676777177,0.0041498137703,-0.119484069339,0.0149571059319,0.0325806607745,0.10868630451,-0.105853899747,0.00132693634011,-0.116120403414,0.0115934400072
single,baseline,lbrent,other,1,432,1990-04-01,2026-03-01,-0.111378525628,HC3,0.423110535617,0.0599637746897,0.0632499741079,-0.210010157912,-0.0127468933437,-0.228905364397,0.00614831314111,0.0565498679316,0.0488884794994,-0.204394780999,-0.0183622702568,-0.222214230104,-0.000542821151281
single,baseline,lbrent,other,2,432,1990-04-01,2026-03-01,-0.0895901759497,HC3,0.423110535617,0.0769839902664,0.244525038603,-0.216217571557,0.0370372196572,-0.240476024258,0.0612956723586,0.0721218352826,0.214160569403,-0.208220038297,0.0290396863973,-0.230946375602,0.0517660237031
single,baseline,lbrent,other,3,432,1990-04-01,2026-03-01,-0.10782768889,HC3,0.423110535617,0.0840952926874,0.199769557804,-0.246152136076,0.0304967582968,-0.272651433826,0.056996056047,0.0805959452929,0.180935616008,-0.240396221822,0.024740844043,-0.265792838964,0.0501374611845
single,baseline,lbrent,other,4,432,1990-04-01,2026-03-01,-0.126090097997,HC3,0.423110535617,0.0831170038328,0.129261814265,-0.262805403212,0.0106252072192,-0.288996432012,0.0368162360186,0.0802469652201,0.116118647526,-0.258084609791,0.00590441379768,-0.283371259697,0.0311910637036
single,baseline,lbrent,other,5,432,1990-04-01,2026-03-01,-0.113479113239,HC3,0.423110535617,0.0853653882642,0.18373780104,-0.253892681742,0.0269344552634,-0.280792199763,0.053833973285,0.0824417556535,0.168674255708,-0.249083734038,0.0221255075598,-0.275061985142,0.048103758664
single,baseline,lbrent,other,6,431,1990-04-01,2026-02-01,-0.11150144497,HC3,0.424702784461,0.0912391957862,0.221678003045,-0.26157656708,0.0385736771386,-0.29032698269,0.0673240927489,0.0877326101585,0.203755828725,-0.255808746992,0.0328058570506,-0.283454201151,0.0604513112098
single,baseline,lbrent,other,7,430,1990-04-01,2026-01-01,-0.0850457309543,HC3,0.427037039242,0.0935494977564,0.363298005302,-0.238920961638,0.0688294997297,-0.268399377329,0.09830791542,0.0894528241554,0.341740050433,-0.232182533207,0.0620910712988,-0.260370044614,0.0902785827057
single,baseline,lbrent,other,8,429,1990-04-01,2025-12-01,-0.101045517184,HC3,0.427435529227,0.0934015748602,0.279323831867,-0.254677436356,0.0525864019876,-0.284109240009,0.0820182056411,0.0894356921047,0.2585554553,-0.248154139721,0.0460631053532,-0.276336252642,0.0742452182735
single,baseline,lbrent,other,9,428,1990-04-01,2025-11-01,-0.0678764541146,HC3,0.427899351572,0.0965407707378,0.482002222299,-0.226671891011,0.0909189827822,-0.2570928878,0.121339979571,0.0922286166392,0.461755823568,-0.219579028702,0.0838261204731,-0.248641221071,0.112888312842
single,baseline,lbrent,other,10,427,1990-04-01,2025-10-01,-0.0309242676392,HC3,0.427905041723,0.0964071653749,0.748386729967,-0.18949994327,0.127651407992,-0.219878839626,0.158030304347,0.0920232531014,0.736834363156,-0.182289049267,0.120440513989,-0.211286529458,0.14943799418
single,baseline,lbrent,other,11,426,1990-04-01,2025-09-01,-0.0351696746004,HC3,0.427905363847,0.0978750363141,0.719346416791,-0.19615978307,0.125820433869,-0.227001220762,0.156661871561,0.0941282870453,0.70867547899,-0.189996928946,0.119657579745,-0.219657727136,0.149318377935
single,baseline,lbrent,other,12,425,1990-04-01,2025-08-01,-0.0474742069641,HC3,0.427951846625,0.101919895372,0.6413592291,-0.215117516525,0.120169102596,-0.247233531201,0.152285117272,0.0984757283537,0.629741702565,-0.209452365913,0.114503951985,-0.240483087889,0.145534673961
single,baseline,lbrent,other,13,424,1990-04-01,2025-07-01,0.0188612851818,HC3,0.428288918816,0.107129067978,0.860245767895,-0.157350350834,0.195072921198,-0.191107829753,0.228830400117,0.103604950546,0.855543457332,-0.151553693494,0.189276263857,-0.184200686508,0.221923256872
single,baseline,lbrent,other,14,423,1990-04-01,2025-06-01,0.0573433772379,HC3,0.428291598166,0.107304998984,0.593067489153,-0.119157639532,0.233844394008,-0.152970556133,0.267657310609,0.104009133708,0.581407334747,-0.113736423578,0.228423178054,-0.146510778893,0.261197533369
single,baseline,lbrent,other,15,422,1990-04-01,2025-05-01,0.0673101054394,HC3,0.428448578417,0.107065157257,0.529556235637,-0.108796406795,0.243416617674,-0.142533746783,0.277153957662,0.104016266483,0.517559887441,-0.103781427748,0.238401638626,-0.136558030674,0.271178241553
single,baseline,lbrent,other,16,421,1990-04-01,2025-04-01,0.0579215337141,HC3,0.42900386674,0.107250105904,0.589155387971,-0.118489191973,0.234332259401,-0.152284811195,0.268127878624,0.104224556894,0.578390060971,-0.113512606711,0.229355674139,-0.146354844104,0.262197911532
single,baseline,lbrent,other,17,420,1990-04-01,2025-03-01,0.0447740841685,HC3,0.42917194264,0.108155491597,0.678889608838,-0.133125868459,0.222674036796,-0.167206784091,0.256754952428,0.104853628112,0.669368317815,-0.127694786331,0.217242954668,-0.16073525058,0.250283418917
single,baseline,lbrent,other,18,419,1990-04-01,2025-02-01,0.0627558319896,HC3,0.429195826724,0.115693689196,0.587521697551,-0.1275433523,0.253055016279,-0.163999632073,0.289511296052,0.112369702509,0.576519084734,-0.122075880742,0.247587544721,-0.157484737881,0.282996401861
single,baseline,lbrent,other,19,418,1990-04-01,2025-01-01,0.0768335470003,HC3,0.429717272489,0.123040575238,0.532327509329,-0.125550189442,0.279217283443,-0.164321549103,0.317988643104,0.11986549447,0.521523956492,-0.120327646325,0.273994740326,-0.15809850515,0.311765599151
single,baseline,lbrent,other,20,417,1990-04-01,2024-12-01,0.0820209307792,HC3,0.429742091367,0.118499114422,0.48883376215,-0.112892767368,0.276934628927,-0.150233065687,0.314274927246,0.115056760253,0.475923955831,-0.107230598629,0.271272460187,-0.143486175495,0.307528037054
single,baseline,lbrent,other,21,416,1990-04-01,2024-11-01,0.113577934021,HC3,0.429744188414,0.115164671086,0.32402417823,-0.0758510929103,0.303006960953,-0.112140673598,0.33929654164,0.111273299496,0.307391154716,-0.0694503562374,0.29660622428,-0.104513725432,0.331669593474
single,baseline,lbrent,other,22,415,1990-04-01,2024-10-01,0.114692850913,HC3,0.429744973473,0.112731961472,0.308965909868,-0.0707347247875,0.300120426613,-0.106257733479,0.335643435304,0.108778136179,0.291711669106,-0.0642312609148,0.293616962741,-0.0985083783041,0.32789408013
single,baseline,lbrent,other,23,414,1990-04-01,2024-09-01,0.122864585236,HC3,0.430967552406,0.110828573482,0.267602666474,-0.0594321958257,0.305161366298,-0.0943554272467,0.340084597719,0.10761800279,0.253589901614,-0.0541512769791,0.299880447451,-0.0880628243214,0.333791994793
single,baseline,lbrent,other,24,413,1990-04-01,2024-08-01,0.147449670436,HC3,0.430969516826,0.109696841846,0.178897939792,-0.0329855777396,0.327884918612,-0.0675521888001,0.362451529672,0.106724725372,0.167098037511,-0.0280968811768,0.322996222049,-0.0617269475522,0.356626288424
single,baseline,lbrent,other,25,412,1990-04-01,2024-07-01,0.180074856493,HC3,0.430971116789,0.107845295626,0.0949685170964,0.00268513083192,0.357464582154,-0.0312980388372,0.391447751823,0.10500202933,0.0863515545648,0.00736188771244,0.352787825273,-0.0257253392972,0.385875052283
single,baseline,lbrent,other,26,411,1990-04-01,2024-06-01,0.193472446076,HC3,0.431927800768,0.109285324572,0.0766701153469,0.0137140835816,0.37323080857,-0.0207228541234,0.407667746275,0.106764345903,0.0699638374831,0.0178607244876,0.369084167664,-0.0157818267277,0.402726718879
single,baseline,lbrent,other,27,410,1990-04-01,2024-05-01,0.195994246132,HC3,0.432149727251,0.110406978365,0.0758652014273,0.014390927327,0.377597564936,-0.0203994551059,0.412387947369,0.107943785543,0.0694153878384,0.0184425189752,0.373545973288,-0.0155716858866,0.40756017815
single,baseline,lbrent,other,28,409,1990-04-01,2024-04-01,0.216207861885,HC3,0.432805224148,0.111208757643,0.0518758956147,0.0332857335265,0.399129990243,-0.00175729786147,0.434173021631,0.108802377717,0.0469045376317,0.0372438762753,0.395171847494,0.00295912012624,0.429456603643
single,baseline,lbrent,other,29,408,1990-04-01,2024-03-01,0.217231625466,HC3,0.432901085039,0.112094979517,0.0526324144524,0.0328517918444,0.401611459088,-0.00247049723514,0.436933748167,0.109766413044,0.0478120122217,0.0366819428528,0.39778130808,0.00209340918715,0.432369841745
single,baseline,lbrent,other,30,407,1990-04-01,2024-02-01,0.191798850679,HC3,0.432994674489,0.108976272042,0.0784068545678,0.0125488343587,0.371048867,-0.0217907176933,0.405388419052,0.10681306248,0.0725502357311,0.0161069974528,0.367490703906,-0.0175509048605,0.401148606219
single,baseline,lbrent,other,31,406,1990-04-01,2024-01-01,0.191767768981,HC3,0.436137482666,0.108371375543,0.0768033630489,0.0135127188611,0.370022819102,-0.0206362240387,0.404171762002,0.106473074533,0.0716884304564,0.0166351461626,0.3669003918,-0.0169156224271,0.40045116039
single,baseline,lbrent,other,32,405,1990-04-01,2023-12-01,0.223845462749,HC3,0.43615060055,0.109038707532,0.040082365946,0.0444927491875,0.403198176311,0.0101335230662,0.437557402432,0.106833592505,0.0361467969899,0.0481198406366,0.399571084862,0.0144554690997,0.433235456399
single,baseline,lbrent,other,33,404,1990-04-01,2023-11-01,0.280684983717,HC3,0.436273326933,0.112761868612,0.0128036859395,0.0952082151486,0.466161752286,0.0596757824078,0.501694185026,0.110325507246,0.010954305261,0.0992156729775,0.462154294457,0.0644509629379,0.496919004496
single,baseline,lbrent,other,34,403,1990-04-01,2023-10-01,0.237739157317,HC3,0.436403834353,0.119505674771,0.0466620830315,0.0411698147281,0.434308499905,0.00351233881714,0.471965975816,0.117266770296,0.0426280515251,0.0448524848741,0.430625829759,0.00790051095285,0.46757780368
single,baseline,lbrent,other,35,402,1990-04-01,2023-09-01,0.208673642886,HC3,0.436922425819,0.124709473731,0.0942725432969,0.00354481270378,0.413802473068,-0.0357524341584,0.453099719931,0.122302744728,0.0879697837444,0.00750352963357,0.409843756139,-0.0310353319919,0.448382617764
single,baseline,lbrent,other,36,401,1990-04-01,2023-08-01,0.209167027373,HC3,0.4371723663,0.122044715882,0.0865552376644,0.00842133380348,0.409912720942,-0.0300362202599,0.448370275005,0.11940486723,0.0798174517728,0.0127634984329,0.405570556312,-0.0248622119779,0.443196266723
single,baseline,lbrent,other,37,400,1990-04-01,2023-07-01,0.194417765037,HC3,0.438151081907,0.120144312448,0.105619074959,-0.00320204304963,0.392037573124,-0.0410607603072,0.429896290382,0.117241147555,0.0972624870484,0.00157323825388,0.387262291821,-0.0353706616762,0.424206191751
single,baseline,lbrent,other,38,399,1990-04-01,2023-06-01,0.163129680116,HC3,0.438283457507,0.126133213938,0.195902950139,-0.0443409943088,0.37060035454,-0.0840868764565,0.410346236688,0.123049901458,0.184932555108,-0.0392693965928,0.365528756824,-0.0780436950424,0.404303055274
single,baseline,lbrent,other,39,398,1990-04-01,2023-05-01,0.171781286975,HC3,0.438585429335,0.132477387134,0.194739992055,-0.0461246237408,0.389687197691,-0.0878696205729,0.431432194523,0.129133330899,0.183431646592,-0.0406241407136,0.384186714664,-0.0813153907896,0.42487796474
single,baseline,lbrent,other,40,397,1990-04-01,2023-04-01,0.094366032886,HC3,0.439229683632,0.131830097615,0.47410525382,-0.122475181317,0.311207247089,-0.164016210517,0.352748276289,0.128879008755,0.464042608791,-0.117621072102,0.306353137874,-0.158232182636,0.346964248408
single,baseline,lbrent,other,41,396,1990-04-01,2023-03-01,0.107369494174,HC3,0.43931380121,0.127314008785,0.399036130863,-0.102043414938,0.316782403286,-0.142161377773,0.35690036612,0.124580740668,0.388771909317,-0.0975475889623,0.312286577309,-0.136804270703,0.35154325905
single,baseline,lbrent,other,42,395,1990-04-01,2023-02-01,0.113494598219,HC3,0.439436878865,0.125334951072,0.365184505164,-0.0926630506349,0.319652247073,-0.132157391885,0.359146588323,0.122485993772,0.354138171471,-0.0879769328882,0.314966129326,-0.126573538185,0.353562734623
single,baseline,lbrent,other,43,394,1990-04-01,2023-01-01,0.135822465322,HC3,0.440256321575,0.124356035656,0.27474236426,-0.0687250109599,0.340369941605,-0.107910885824,0.379555816469,0.121250880237,0.262638279654,-0.0636174848061,0.335262415451,-0.101824893035,0.37346982368
single,baseline,lbrent,other,44,393,1990-04-01,2022-12-01,0.122408609631,HC3,0.440346127497,0.126178751,0.33198636612,-0.085136966596,0.329954185858,-0.124897197944,0.369714417206,0.122661019687,0.318307380132,-0.0793508134866,0.324168032749,-0.118002571262,0.362819790525
single,baseline,lbrent,other,45,392,1990-04-01,2022-11-01,0.0686760628823,HC3,0.4403860918,0.12482558218,0.582198534723,-0.136643748703,0.273995874467,-0.175977582539,0.313329708304,0.121365998107,0.571489519758,-0.130953239293,0.268305365058,-0.169196922356,0.30654904812
single,baseline,lbrent,other,46,391,1990-04-01,2022-10-01,0.083279478257,HC3,0.44049107196,0.12395646728,0.501682657407,-0.120610766533,0.287169723047,-0.159670733263,0.326229689777,0.120854571398,0.49076766533,-0.115508601841,0.282067558355,-0.15359112905,0.320150085564
single,baseline,lbrent,other,47,390,1990-04-01,2022-09-01,0.0252198766369,HC3,0.440491877318,0.123540990949,0.838242713332,-0.177986970403,0.228426723676,-0.216916016237,0.267355769511,0.120563776789,0.834305485736,-0.173089888894,0.223529642168,-0.21108078371,0.261520536984
single,baseline,lbrent,other,48,389,1990-04-01,2022-08-01,0.0395175871507,HC3,0.440601910549,0.120474796344,0.742900027281,-0.158645818572,0.237680992874,-0.196608674729,0.27564384903,0.117510389232,0.736652072327,-0.153769802781,0.232804977083,-0.190798543552,0.269833717854
joint,baseline,lbrent,military_conflict,0,432,1990-04-01,2026-03-01,0.0690836669071,HC3,0.451905466054,0.0325074617979,0.0335729837521,0.0156136504659,0.122553683348,0.00537021255446,0.13279712126,0.0287511742411,0.0162695485567,0.0217921936775,0.116375140137,0.0127324008813,0.125434932933
joint,baseline,lbrent,diplomatic_tension,0,432,1990-04-01,2026-03-01,0.030069170599,HC3,0.451905466054,0.0338590010245,0.374502978673,-0.0256239300411,0.0857622712391,-0.0362932519615,0.0964315931595,0.032256779953,0.351242781361,-0.0229885109004,0.0831268520984,-0.0331529563661,0.0932912975641
joint,baseline,lbrent,nuclear_threat,0,432,1990-04-01,2026-03-01,0.0353208633536,HC3,0.451905466054,0.0170643524256,0.0384652215185,0.00725250137475,0.0633892253324,0.0018753471799,0.0687663795273,0.0160265801104,0.0275318891257,0.00895948493141,0.0616822417757,0.00390934354191,0.0667323831652
joint,baseline,lbrent,military_conflict,1,432,1990-04-01,2026-03-01,0.0540856434895,HC3,0.451905466054,0.0513637512625,0.292344441616,-0.0304002090685,0.138571496047,-0.046585459096,0.154756746075,0.04560337273,0.235621923417,-0.0209252295467,0.129096516526,-0.0352953246348,0.143466611614
joint,baseline,lbrent,diplomatic_tension,1,432,1990-04-01,2026-03-01,0.0098798720267,HC3,0.451905466054,0.0565447957413,0.86129457503,-0.0831280403336,0.102887784387,-0.100945891139,0.120705635193,0.0539819436354,0.854780920353,-0.0789125237518,0.0986722678052,-0.0959227933141,0.115682537368
joint,baseline,lbrent,nuclear_threat,1,432,1990-04-01,2026-03-01,0.0421502216347,HC3,0.451905466054,0.0276378373581,0.127236360021,-0.00330997538485,0.0876104186542,-0.0120189441977,0.096319387467,0.0259469260621,0.104273740905,-0.000528673806814,0.0848291170761,-0.00870481895656,0.0930052622259
joint,baseline,lbrent,military_conflict,2,432,1990-04-01,2026-03-01,0.00832686292862,HC3,0.451905466054,0.0596665721842,0.88901034663,-0.0898159147363,0.106469640594,-0.108617469633,0.125271195491,0.0533677320232,0.87601091471,-0.0794552446519,0.0961089705092,-0.0962719697734,0.112925695631
joint,baseline,lbrent,diplomatic_tension,2,432,1990-04-01,2026-03-01,-0.0238570946761,HC3,0.451905466054,0.0725083839085,0.742136545209,-0.143122772932,0.0954085835802,-0.165970915714,0.118256726362,0.0683094735488,0.726901510685,-0.136216179998,0.0885019906458,-0.157741202635,0.110027013282
joint,baseline,lbrent,nuclear_threat,2,432,1990-04-01,2026-03-01,0.0299755008485,HC3,0.451905466054,0.0299568926138,0.317009992744,-0.0192992026195,0.0792502043164,-0.0287389297633,0.0886899314602,0.0279279002581,0.283128737977,-0.0159618071842,0.0759128088811,-0.0247621778212,0.0847131795181
joint,baseline,lbrent,military_conflict,3,432,1990-04-01,2026-03-01,-0.0105932194138,HC3,0.451905466054,0.0562762111974,0.850691506376,-0.103159349513,0.0819729106852,-0.120892566547,0.0997061277193,0.0524194229376,0.839849672757,-0.0968154973555,0.0756290585278,-0.113333400462,0.0921469616342
joint,baseline,lbrent,diplomatic_tension,3,432,1990-04-01,2026-03-01,-0.0212310680428,HC3,0.451905466054,0.0778726710392,0.78513131318,-0.149320213442,0.106858077356,-0.17385869866,0.131396562574,0.074804503332,0.776547774457,-0.144273526661,0.101811390575,-0.167845200455,0.125383064369
joint,baseline,lbrent,nuclear_threat,3,432,1990-04-01,2026-03-01,0.0289595514684,HC3,0.451905466054,0.031938804433,0.364554905662,-0.0235751068437,0.0814942097806,-0.0336393549296,0.0915584578664,0.0300510558082,0.335207218768,-0.0204700366714,0.0783891396082,-0.029939435613,0.0878585385498
joint,baseline,lbrent,military_conflict,4,432,1990-04-01,2026-03-01,-0.00395597069833,HC3,0.451905466054,0.0496424863346,0.936484438451,-0.0856105943966,0.077698653,-0.101253456017,0.0933415146205,0.0464136811406,0.932076268635,-0.0802996824625,0.0723877410659,-0.0949251141237,0.0870131727271
joint,baseline,lbrent,diplomatic_tension,4,432,1990-04-01,2026-03-01,0.0284513845749,HC3,0.451905466054,0.0744089821134,0.702190706077,-0.0939404995321,0.150843268682,-0.117387540494,0.174290309644,0.0720186042439,0.692801530842,-0.0900086778237,0.146911446974,-0.11270248596,0.16960525511
joint,baseline,lbrent,nuclear_threat,4,432,1990-04-01,2026-03-01,0.0526265612068,HC3,0.451905466054,0.0336213218213,0.117518814006,-0.00267559193387,0.107928714347,-0.0132700186756,0.118523141089,0.0320006072155,0.100062886289,-9.75363632585e-06,0.10526287605,-0.0100934764191,0.115346598833
joint,baseline,lbrent,military_conflict,5,432,1990-04-01,2026-03-01,0.00680817656822,HC3,0.451905466054,0.0466007985664,0.883845836138,-0.0698433159725,0.0834596691089,-0.0845277102727,0.0981440634091,0.0431903396122,0.87474684202,-0.0642336101922,0.0778499633286,-0.0778433335518,0.0914596866882
joint,baseline,lbrent,diplomatic_tension,5,432,1990-04-01,2026-03-01,0.0164212708879,HC3,0.451905466054,0.0701621519855,0.814948162406,-0.0989851992802,0.131827741056,-0.121094020082,0.153936561857,0.0683307121939,0.810081804276,-0.0959727488964,0.128815290672,-0.11750446405,0.150347005826
joint,baseline,lbrent,nuclear_threat,5,432,1990-04-01,2026-03-01,0.0648388148285,HC3,0.451905466054,0.0398579562342,0.103790820342,-0.000721689046196,0.130399318703,-0.0132813438879,0.142958973545,0.0378253942687,0.0864991653472,0.00262157787483,0.127056051782,-0.0092975956391,0.138975225296
joint,baseline,lbrent,military_conflict,6,431,1990-04-01,2026-02-01,-0.0506001479704,HC3,0.454149530115,0.0413703621061,0.221291398461,-0.118648338129,0.0174480421882,-0.131684567726,0.030484271785,0.0393010313675,0.197919448442,-0.115244591958,0.0140442960173,-0.127628754006,0.0264284580651
joint,baseline,lbrent,diplomatic_tension,6,431,1990-04-01,2026-02-01,-0.0373268839414,HC3,0.454149530115,0.0738264343268,0.613135210925,-0.158760562209,0.0841067943259,-0.182024036329,0.107370268446,0.0720053515849,0.604185902313,-0.155765147656,0.081111379773,-0.178454779742,0.103801011859
joint,baseline,lbrent,nuclear_threat,6,431,1990-04-01,2026-02-01,0.0560129398319,HC3,0.454149530115,0.0465978614925,0.229344319401,-0.0206337216522,0.132659601316,-0.03531719045,0.147343070114,0.0441798126521,0.204855044627,-0.016656385247,0.128682264911,-0.03057790181,0.142603781474
joint,baseline,lbrent,military_conflict,7,430,1990-04-01,2026-01-01,-0.047850669588,HC3,0.456672618651,0.0417770410181,0.252050963333,-0.11656778703,0.020866447854,-0.129732165364,0.0340308261882,0.0393467095071,0.223935832312,-0.112570247429,0.0168689082534,-0.124968803132,0.0292674639562
joint,baseline,lbrent,diplomatic_tension,7,430,1990-04-01,2026-01-01,-0.0304183037764,HC3,0.456672618651,0.0881230439032,0.729959126157,-0.175367812158,0.114531204606,-0.203136296035,0.142299688482,0.0856755320619,0.722559075316,-0.171342013429,0.110505405877,-0.198339260974,0.137502653421
joint,baseline,lbrent,nuclear_threat,7,430,1990-04-01,2026-01-01,0.0357569342413,HC3,0.456672618651,0.0491059578208,0.46651639646,-0.0450151785851,0.116529047068,-0.0604889745138,0.132002842996,0.0464082344987,0.441011154701,-0.0405778185943,0.112091687077,-0.0552015339622,0.126715402445
joint,baseline,lbrent,military_conflict,8,429,1990-04-01,2025-12-01,-0.0567247353543,HC3,0.456847111207,0.0501799840652,0.25829695926,-0.139263464144,0.0258139934357,-0.155075696867,0.0416262261583,0.0460118980854,0.217640112258,-0.132407572803,0.0189581020944,-0.146906398462,0.0334569277535
joint,baseline,lbrent,diplomatic_tension,8,429,1990-04-01,2025-12-01,-0.125884668737,HC3,0.456847111207,0.0995473112065,0.206025061059,-0.289625424628,0.0378560871543,-0.32099381346,0.0692244759856,0.0959492929447,0.189522960467,-0.28370721124,0.0319378737665,-0.313941827251,0.0621724897766
joint,baseline,lbrent,nuclear_threat,8,429,1990-04-01,2025-12-01,0.0527188535661,HC3,0.456847111207,0.0485650934882,0.277687096749,-0.0271636166012,0.132601323733,-0.0424669805766,0.147904687709,0.0457784895723,0.24948238336,-0.0225800610432,0.128017768175,-0.0370053372622,0.142443044394
joint,baseline,lbrent,military_conflict,9,428,1990-04-01,2025-11-01,-0.0411110573354,HC3,0.456943022014,0.0532075188309,0.43972656429,-0.128629637665,0.0464075229947,-0.145395877951,0.0631737632799,0.0487416310322,0.398977636733,-0.121283905922,0.0390617912515,-0.136642898706,0.0544207840355
joint,baseline,lbrent,diplomatic_tension,9,428,1990-04-01,2025-11-01,-0.139739983885,HC3,0.456943022014,0.0844418608125,0.0979516356724,-0.278634484909,-0.000845482860784,-0.305242989865,0.0257630220953,0.0812368882611,0.085404394845,-0.273362774183,-0.00611719358622,-0.298961359093,0.0194813913231
joint,baseline,lbrent,nuclear_threat,9,428,1990-04-01,2025-11-01,0.0498938298108,HC3,0.456943022014,0.0509118277186,0.327083804848,-0.0338486746669,0.133636334288,-0.0498915189048,0.149679178526,0.0479652422487,0.298243264891,-0.0290019728696,0.128789632491,-0.0441163175064,0.143903977128
joint,baseline,lbrent,military_conflict,10,427,1990-04-01,2025-10-01,-0.0259057160828,HC3,0.456964232545,0.0520558655313,0.618729203522,-0.111529995306,0.0597185631404,-0.127933337708,0.0761219055426,0.0476993864145,0.587058364377,-0.10436422483,0.0525527926644,-0.11939479554,0.0675833633743
joint,baseline,lbrent,diplomatic_tension,10,427,1990-04-01,2025-10-01,-0.1569827218,HC3,0.456964232545,0.0854413030027,0.0661631750811,-0.297521158935,-0.0164442846643,-0.324444598477,0.0104791548777,0.0822563421332,0.0563321288732,-0.292282364497,-0.0216830791023,-0.318202189881,0.00423674628122
joint,baseline,lbrent,nuclear_threat,10,427,1990-04-01,2025-10-01,0.0512833668018,HC3,0.456964232545,0.0468213377656,0.273385643317,-0.0257308804408,0.128297614044,-0.0404847689269,0.14305150253,0.0445185327818,0.249339377411,-0.0219431033109,0.124509836914,-0.0359713540951,0.138538087699
joint,baseline,lbrent,military_conflict,11,426,1990-04-01,2025-09-01,-0.00331921096468,HC3,0.45713552977,0.0529536144292,0.950020144593,-0.0904201557187,0.0837817337893,-0.107106388097,0.100467966168,0.0482029841027,0.945101826496,-0.0826060641958,0.0759676422665,-0.0977953237533,0.0911569018239
joint,baseline,lbrent,diplomatic_tension,11,426,1990-04-01,2025-09-01,-0.148987938735,HC3,0.45713552977,0.0860868534831,0.0835106305422,-0.290588211919,-0.00738766555,-0.317715071104,0.0197391936347,0.0824911586371,0.070901476784,-0.28467382021,-0.0133020572589,-0.310667638706,0.0126917612371
joint,baseline,lbrent,nuclear_threat,11,426,1990-04-01,2025-09-01,0.101405020564,HC3,0.45713552977,0.0467933856894,0.03022873785,0.0244367503954,0.178373290732,0.00969166989801,0.19311837123,0.0447440153594,0.023430753535,0.0278076646155,0.175002376512,0.0137083619357,0.189101679192
joint,baseline,lbrent,military_conflict,12,425,1990-04-01,2025-08-01,-0.0182704641694,HC3,0.45717047703,0.0506508672911,0.718313446441,-0.101583726941,0.0650427986026,-0.117544339846,0.0810034115069,0.0465241363646,0.694534151076,-0.0947958586095,0.0582549302708,-0.109456095856,0.0729151675171
joint,baseline,lbrent,diplomatic_tension,12,425,1990-04-01,2025-08-01,-0.172793478851,HC3,0.45717047703,0.087653857188,0.0486877062267,-0.316971243763,-0.0286157139387,-0.344591882045,-0.000995075656142,0.084364726005,0.0405431382363,-0.311561104407,-0.0340258532946,-0.338145303386,-0.00744165431535
joint,baseline,lbrent,nuclear_threat,12,425,1990-04-01,2025-08-01,0.0975898741734,HC3,0.45717047703,0.0464822635994,0.0357721625043,0.0211333543031,0.174046394044,0.00648631159874,0.188693436748,0.0445535317134,0.0284955355274,0.0243058359411,0.170873912406,0.0102665566311,0.184913191716
joint,baseline,lbrent,military_conflict,13,424,1990-04-01,2025-07-01,-0.0280427180577,HC3,0.457833615767,0.0569428174627,0.622386023323,-0.12170531789,0.0656198817746,-0.139648589463,0.0835631533474,0.0516417240461,0.587112978174,-0.112985795157,0.0569003590416,-0.129258637288,0.0731732011723
joint,baseline,lbrent,diplomatic_tension,13,424,1990-04-01,2025-07-01,-0.172300003442,HC3,0.457833615767,0.0961247637415,0.0730589623827,-0.330411169722,-0.0141888371619,-0.360701078398,0.0161010715138,0.0916090996268,0.0599967403033,-0.322983563225,-0.0216164436591,-0.351850539367,0.0072505324827
joint,baseline,lbrent,nuclear_threat,13,424,1990-04-01,2025-07-01,0.0904047387042,HC3,0.457833615767,0.0448147733827,0.0436644568265,0.0166909961647,0.164118481244,0.00256939689879,0.17824008051,0.0429484990948,0.0352950616121,0.019760744196,0.161048733212,0.00622722728829,0.17458225012
joint,baseline,lbrent,military_conflict,14,423,1990-04-01,2025-06-01,0.0142926236115,HC3,0.458184577938,0.0585518703763,0.807151890429,-0.0820166327417,0.110601879965,-0.100466933553,0.129052180777,0.0531749779671,0.788095322824,-0.0731724317607,0.101757678984,-0.0899284180827,0.118513665306
joint,baseline,lbrent,diplomatic_tension,14,423,1990-04-01,2025-06-01,-0.121192233928,HC3,0.458184577938,0.0983477439914,0.217843460341,-0.282959877335,0.0405754094787,-0.313950270112,0.0715658022559,0.0934886008734,0.194861242687,-0.274967298153,0.0325828302973,-0.304426524605,0.062042056749
joint,baseline,lbrent,nuclear_threat,14,423,1990-04-01,2025-06-01,0.0995378321421,HC3,0.458184577938,0.0439022504113,0.0233743253791,0.0273250563218,0.171750607962,0.0134910024958,0.185584661788,0.042197555718,0.0183315142694,0.0301290295708,0.168946634713,0.0168321426992,0.182243521585
joint,baseline,lbrent,military_conflict,15,422,1990-04-01,2025-05-01,-0.000657216733538,HC3,0.458211422034,0.0585513995847,0.991044243564,-0.0969656987036,0.0956512652365,-0.115415851164,0.114101417697,0.0536575556938,0.990227471848,-0.0889160418298,0.0876016083627,-0.105824093392,0.104509659925
joint,baseline,lbrent,diplomatic_tension,15,422,1990-04-01,2025-05-01,-0.157971704269,HC3,0.458211422034,0.0968076417944,0.102719460779,-0.317206104991,0.0012626964534,-0.347711195614,0.0317677870765,0.0924254841388,0.0874177820923,-0.309998097077,-0.00594531146022,-0.339122324434,0.0231789158971
joint,baseline,lbrent,nuclear_threat,15,422,1990-04-01,2025-05-01,0.0987155191196,HC3,0.458211422034,0.0424899111015,0.0201646734144,0.0288258347355,0.168605203504,0.0154368236544,0.181994214585,0.0410881576011,0.0162821121562,0.0311315140647,0.166299524174,0.0181842100304,0.179246828209
joint,baseline,lbrent,military_conflict,16,421,1990-04-01,2025-04-01,-0.0385359245881,HC3,0.458211540807,0.0617834184151,0.532807543367,-0.140160604454,0.0630887552774,-0.159629199523,0.0825573503472,0.0567259537253,0.496925637904,-0.131841815315,0.0547699661392,-0.149716750878,0.0726449017021
joint,baseline,lbrent,diplomatic_tension,16,421,1990-04-01,2025-04-01,-0.204408341706,HC3,0.458211540807,0.108304833928,0.0591142417141,-0.382553940609,-0.0262627428033,-0.416681915557,0.00786523214434,0.103437161197,0.0481367010828,-0.374547331463,-0.0342693519499,-0.407141452315,-0.00167523109722
joint,baseline,lbrent,nuclear_threat,16,421,1990-04-01,2025-04-01,0.107354460821,HC3,0.458211540807,0.0444417769322,0.0157084302712,0.0342542428463,0.180454678796,0.0202501786253,0.194458743017,0.0428570567406,0.0122471318141,0.036860875601,0.177848046042,0.0233561731263,0.191352748516
joint,baseline,lbrent,military_conflict,17,420,1990-04-01,2025-03-01,-0.0100725292001,HC3,0.459211334562,0.0591683531747,0.864825266302,-0.10739580952,0.08725075112,-0.126040370447,0.105895312047,0.0548200047261,0.854218836807,-0.100243412803,0.0800983544032,-0.117517764096,0.0973727056954
joint,baseline,lbrent,diplomatic_tension,17,420,1990-04-01,2025-03-01,-0.177376832468,HC3,0.459211334562,0.113576723279,0.118350246223,-0.36419391769,0.00944025275462,-0.399983119576,0.0452294546407,0.109212928378,0.104346427085,-0.357016113819,0.00226244888432,-0.391430238734,0.0366765737987
joint,baseline,lbrent,nuclear_threat,17,420,1990-04-01,2025-03-01,0.118023282947,HC3,0.459211334562,0.0442002839163,0.00758076886436,0.0453202856349,0.190726280259,0.0313923183646,0.204654247529,0.042632168317,0.00563306960769,0.0478996062659,0.188146959628,0.0344657684628,0.201580797431
joint,baseline,lbrent,military_conflict,18,419,1990-04-01,2025-02-01,-0.0218700443972,HC3,0.459228919621,0.0609106787721,0.719556884545,-0.122059195295,0.0783191065012,-0.141252781064,0.09751269227,0.0561494947892,0.696908731963,-0.114227744553,0.0704876557584,-0.131921031934,0.0881809431399
joint,baseline,lbrent,diplomatic_tension,18,419,1990-04-01,2025-02-01,-0.208972595049,HC3,0.459228919621,0.11351117998,0.0656234788316,-0.395681871139,-0.0222633189602,-0.431450419652,0.0135052295535,0.109255001573,0.0557858202245,-0.38868108065,-0.0292641094491,-0.423108463264,0.00516327316501
joint,baseline,lbrent,nuclear_threat,18,419,1990-04-01,2025-02-01,0.150394184704,HC3,0.459228919621,0.0433195170183,0.000517093120026,0.0791399200189,0.221648449389,0.0654894915207,0.235298877888,0.0418119020009,0.000322003967778,0.0816197260482,0.21916864336,0.0684443626573,0.232344006751
joint,baseline,lbrent,military_conflict,19,418,1990-04-01,2025-01-01,-0.0151317245299,HC3,0.460303947521,0.0640373465268,0.813203527433,-0.120463786225,0.0902003371651,-0.140642617388,0.110379168328,0.0584745417742,0.795809178236,-0.111313786651,0.0810503375917,-0.12973972042,0.09947627136
joint,baseline,lbrent,diplomatic_tension,19,418,1990-04-01,2025-01-01,-0.206351185723,HC3,0.460303947521,0.110596856531,0.0620698954872,-0.388266826317,-0.0244355451284,-0.423117041327,0.0104146698812,0.106094459646,0.0517778578617,-0.380861042471,-0.0318413289751,-0.414292505588,0.00159013414201
joint,baseline,lbrent,nuclear_threat,19,418,1990-04-01,2025-01-01,0.158853668138,HC3,0.460303947521,0.0435844218515,0.000267667451889,0.0871636737771,0.230543662499,0.0734297710222,0.244277565254,0.0420534770495,0.000158461035138,0.0896818538874,0.228025482389,0.0764303676964,0.24127696858
joint,baseline,lbrent,military_conflict,20,417,1990-04-01,2024-12-01,0.0165641869757,HC3,0.460303980541,0.0654856896963,0.800311786445,-0.0911501872347,0.124278561186,-0.111785406332,0.144913780283,0.0591935271035,0.779607126794,-0.0808005007725,0.113928874724,-0.0994529942651,0.132581368217
joint,baseline,lbrent,diplomatic_tension,20,417,1990-04-01,2024-12-01,-0.128154641712,HC3,0.460303980541,0.126730563526,0.311902985005,-0.336607868774,0.0802985853502,-0.376541981964,0.12023269854,0.120170301513,0.286223940553,-0.325817198008,0.0695079145843,-0.363684104689,0.107374821266
joint,baseline,lbrent,nuclear_threat,20,417,1990-04-01,2024-12-01,0.156890938681,HC3,0.460303980541,0.0470611860413,0.000856789874441,0.0794821761327,0.23429970123,0.0646527089707,0.249129168392,0.0454090136582,0.000550167140351,0.0821997578694,0.231582119493,0.0678909073378,0.245890970025
joint,baseline,lbrent,military_conflict,21,416,1990-04-01,2024-11-01,0.000847078636067,HC3,0.460310616759,0.0665051187661,0.989837583876,-0.108544107177,0.110238264449,-0.129500558933,0.131194716205,0.0602054449043,0.988774293287,-0.0981820657771,0.0998762230492,-0.11715342505,0.118847582322
joint,baseline,lbrent,diplomatic_tension,21,416,1990-04-01,2024-11-01,-0.18764753851,HC3,0.460310616759,0.110731982042,0.0901494040755,-0.369785440792,-0.00550963622804,-0.404678235249,0.0293831582298,0.105909622562,0.0764326714198,-0.36185336531,-0.0134417117097,-0.395226584348,0.0199315073279
joint,baseline,lbrent,nuclear_threat,21,416,1990-04-01,2024-11-01,0.146124121658,HC3,0.460310616759,0.0461641637843,0.00154915121657,0.0701908294224,0.222057413894,0.0556440232645,0.236604220052,0.0446303636447,0.00106000369506,0.0727137061452,0.219534537171,0.0586502162978,0.233598027019
joint,baseline,lbrent,military_conflict,22,415,1990-04-01,2024-10-01,-0.0105313489875,HC3,0.460458426178,0.0658060248339,0.872852524283,-0.118772627611,0.0977099296359,-0.139508787628,0.118446089653,0.0602293369013,0.861194244949,-0.109599792238,0.0885370942635,-0.128578680127,0.107515982152
joint,baseline,lbrent,diplomatic_tension,22,415,1990-04-01,2024-10-01,-0.259642904179,HC3,0.460458426178,0.103028783355,0.0117321280753,-0.42911017216,-0.0901756361968,-0.461575608925,-0.0577101994319,0.0992238795826,0.00887744312774,-0.42285166239,-0.096434145967,-0.454118134567,-0.0651676737904
joint,baseline,lbrent,nuclear_threat,22,415,1990-04-01,2024-10-01,0.153173966544,HC3,0.460458426178,0.0461674012207,0.000907310936106,0.0772353491994,0.229112583889,0.0626875228918,0.243660410197,0.0446479822126,0.000602019337082,0.0797345710657,0.226613362023,0.065665529425,0.240682403663
joint,baseline,lbrent,military_conflict,23,414,1990-04-01,2024-09-01,-0.01851334269,HC3,0.460989874798,0.0647352533084,0.774889240242,-0.124993358886,0.087966673506,-0.145392107705,0.108365422325,0.0597694329522,0.756754120081,-0.116825311262,0.0797986258822,-0.135659278653,0.0986325932727
joint,baseline,lbrent,diplomatic_tension,23,414,1990-04-01,2024-09-01,-0.308483056494,HC3,0.460989874798,0.113587436631,0.00661118086475,-0.495317763613,-0.121648349375,-0.531110341388,-0.0858557716009,0.109568261418,0.00487102280821,-0.488706808686,-0.128259304303,-0.523232902722,-0.093733210267
joint,baseline,lbrent,nuclear_threat,23,414,1990-04-01,2024-09-01,0.132395256356,HC3,0.460989874798,0.0472060185111,0.00503748965122,0.0547482655944,0.210042247118,0.039873160221,0.224917352492,0.0458147683821,0.00385493986214,0.0570366684151,0.207753844298,0.0425999603674,0.222190552345
joint,baseline,lbrent,military_conflict,24,413,1990-04-01,2024-08-01,-0.0190115581299,HC3,0.461004046271,0.0654434620654,0.771431034437,-0.126656474068,0.0886333578086,-0.147278386802,0.109255270542,0.0606368553189,0.753876968755,-0.118750309528,0.0807271932683,-0.137857610691,0.0998344944309
joint,baseline,lbrent,diplomatic_tension,24,413,1990-04-01,2024-08-01,-0.309148286957,HC3,0.461004046271,0.10812629151,0.00424790251915,-0.487000209716,-0.131296364198,-0.521071924099,-0.0972246498159,0.10465369594,0.00313671679194,-0.481288298297,-0.137008275617,-0.514265761848,-0.104030812067
joint,baseline,lbrent,nuclear_threat,24,413,1990-04-01,2024-08-01,0.1235374338,HC3,0.461004046271,0.0477105791835,0.0096168745959,0.0450605145865,0.202014353014,0.0300264169192,0.217048450681,0.0463728555449,0.00772168368889,0.0472608741652,0.199813993436,0.032648307072,0.214426560529
joint,baseline,lbrent,military_conflict,25,412,1990-04-01,2024-07-01,0.00124448165147,HC3,0.461004927455,0.0684988858862,0.985504901849,-0.111426159241,0.113915122544,-0.133010867667,0.13549983097,0.0630241283096,0.984245903919,-0.102420984384,0.104909947687,-0.122280539992,0.124769503295
joint,baseline,lbrent,diplomatic_tension,25,412,1990-04-01,2024-07-01,-0.315925659701,HC3,0.461004927455,0.115112151796,0.00606025784759,-0.505268300089,-0.126583019313,-0.541541331404,-0.0903099879982,0.110960489078,0.00441069479293,-0.498439422609,-0.133411896793,-0.533404222,-0.0984470974015
joint,baseline,lbrent,nuclear_threat,25,412,1990-04-01,2024-07-01,0.141365958008,HC3,0.461004927455,0.0521516178579,0.00671469049507,0.0555841802233,0.227147735793,0.0391506652712,0.243581250745,0.0506720637296,0.00527372841697,0.0580178301974,0.224714085819,0.0420505380758,0.240681377941
joint,baseline,lbrent,military_conflict,26,411,1990-04-01,2024-06-01,-0.0120232945838,HC3,0.461140054308,0.067244133274,0.858094236684,-0.122630051091,0.0985834619231,-0.143819373972,0.119772784805,0.0624476318987,0.847323910035,-0.114740508407,0.0906939192394,-0.134418404025,0.110371814858
joint,baseline,lbrent,diplomatic_tension,26,411,1990-04-01,2024-06-01,-0.291555821539,HC3,0.461140054308,0.109565395374,0.00779040905942,-0.471774859508,-0.111336783571,-0.506300050423,-0.076811592655,0.105721884265,0.00581985092359,-0.465452846321,-0.117658796758,-0.498766907076,-0.084344736002
joint,baseline,lbrent,nuclear_threat,26,411,1990-04-01,2024-06-01,0.118276727414,HC3,0.461140054308,0.0571493595848,0.0384891410734,0.0242743960235,0.212279058805,0.00626604088875,0.23028741394,0.0556819043969,0.0336575873594,0.0266881450115,0.209865309817,0.00914220020579,0.227411254623
joint,baseline,lbrent,military_conflict,27,410,1990-04-01,2024-05-01,-0.0230178147,HC3,0.461332167284,0.0667665560912,0.730281824312,-0.132839026646,0.0868033972456,-0.153877860011,0.10784223061,0.0625669878686,0.712954714324,-0.125931351623,0.0798957222231,-0.145646857544,0.0996112281437
joint,baseline,lbrent,diplomatic_tension,27,410,1990-04-01,2024-05-01,-0.270286273824,HC3,0.461332167284,0.106685259229,0.0112932248433,-0.445767909409,-0.0948046382396,-0.479385539594,-0.0611870080546,0.10320227315,0.00881891487887,-0.440038907124,-0.100533640524,-0.47255901232,-0.0680135353283
joint,baseline,lbrent,nuclear_threat,27,410,1990-04-01,2024-05-01,0.0935834890739,HC3,0.461332167284,0.0579369810439,0.106253650754,-0.00171436433075,0.188881342479,-0.0199709071451,0.207137885293,0.0566109009382,0.0983104819591,0.000466843340665,0.186700134807,-0.0173718378974,0.204538816045
joint,baseline,lbrent,military_conflict,28,409,1990-04-01,2024-04-01,-0.0365177468149,HC3,0.461619214806,0.0714202067214,0.609135171197,-0.153993532878,0.0809580392484,-0.176498779757,0.103463286127,0.0667247393965,0.584179881565,-0.146270176419,0.0732346827888,-0.16729583291,0.0942603392801
joint,baseline,lbrent,diplomatic_tension,28,409,1990-04-01,2024-04-01,-0.257047601944,HC3,0.461619214806,0.108596616364,0.0179331956116,-0.435673140245,-0.078422063644,-0.46989305886,-0.0442021450287,0.105109052363,0.0144638418337,-0.429936607949,-0.0841585959393,-0.463057559025,-0.0510376448633
joint,baseline,lbrent,nuclear_threat,28,409,1990-04-01,2024-04-01,0.0942104973103,HC3,0.461619214806,0.0558796256666,0.0918045946015,0.00229669235994,0.186124302261,-0.0153115564658,0.203732551086,0.0545191558602,0.08398363384,0.00453446605533,0.183886528565,-0.0126450846432,0.201066079264
joint,baseline,lbrent,military_conflict,29,408,1990-04-01,2024-03-01,-0.0176667861837,HC3,0.462194615142,0.0753958496754,0.814736244359,-0.141681922979,0.106348350612,-0.165439936131,0.130106363764,0.069894322499,0.800450393173,-0.13263271605,0.0972991436821,-0.154657141006,0.119323568638
joint,baseline,lbrent,diplomatic_tension,29,408,1990-04-01,2024-03-01,-0.226306123195,HC3,0.462194615142,0.110645514786,0.0408227513116,-0.408301799497,-0.0443104468933,-0.443167347227,-0.00944489916344,0.106718865337,0.0339569797714,-0.401843035908,-0.0507692104822,-0.435471255726,-0.0171409906646
joint,baseline,lbrent,nuclear_threat,29,408,1990-04-01,2024-03-01,0.0896115722081,HC3,0.462194615142,0.0556773255971,0.107511306244,-0.00196947873923,0.181192623155,-0.0195139807177,0.198737125134,0.0541778706182,0.0981223591434,0.000496905221225,0.178726239195,-0.0165751029627,0.195798247379
joint,baseline,lbrent,military_conflict,30,407,1990-04-01,2024-02-01,-0.0216124992372,HC3,0.462212478185,0.0711733322049,0.761386879703,-0.138682212857,0.0954572143823,-0.161109667019,0.117884668544,0.066212731416,0.74411415459,-0.130522750657,0.0872977521827,-0.151387068131,0.108162069656
joint,baseline,lbrent,diplomatic_tension,30,407,1990-04-01,2024-02-01,-0.225192350863,HC3,0.462212478185,0.11110785313,0.042683833529,-0.407948506067,-0.0424361956586,-0.442959741398,-0.00742496032775,0.107392903476,0.036002287097,-0.401837957655,-0.0485467440709,-0.435678573872,-0.014706127854
joint,baseline,lbrent,nuclear_threat,30,407,1990-04-01,2024-02-01,0.105346216345,HC3,0.462212478185,0.0597248403572,0.0777556671595,0.00710759606409,0.203584836625,-0.0117123197378,0.222404752427,0.0575854345063,0.0673412089892,0.0106266055374,0.200065827152,-0.00751916132173,0.218211594011
joint,baseline,lbrent,military_conflict,31,406,1990-04-01,2024-01-01,-0.0127776445038,HC3,0.464401671046,0.0681362102018,0.851244402379,-0.124851736981,0.0992964479734,-0.146322162542,0.120766873535,0.0635513613593,0.840651562802,-0.117310331733,0.0917550427257,-0.137336023936,0.111780734929
joint,baseline,lbrent,diplomatic_tension,31,406,1990-04-01,2024-01-01,-0.175843909029,HC3,0.464401671046,0.115747639957,0.128711956092,-0.366231834422,0.0145440163649,-0.402705114639,0.0510172965817,0.111527403836,0.114867354095,-0.359290163733,0.00760234567577,-0.394433603837,0.0427457857795
joint,baseline,lbrent,nuclear_threat,31,406,1990-04-01,2024-01-01,0.0835001066046,HC3,0.464401671046,0.075882542142,0.271163863298,-0.0413155680599,0.208315781269,-0.065226943049,0.232227156258,0.0716757718587,0.24403123446,-0.0343960467017,0.201396259911,-0.0569818248025,0.223982038012
joint,baseline,lbrent,military_conflict,32,405,1990-04-01,2023-12-01,-0.0437084083216,HC3,0.46451092397,0.0694783012482,0.529287274496,-0.157990044124,0.070573227481,-0.179883376475,0.0924665598319,0.0642480396845,0.496309923796,-0.149387029421,0.061970212778,-0.16963225218,0.0822154355373
joint,baseline,lbrent,diplomatic_tension,32,405,1990-04-01,2023-12-01,-0.181610748314,HC3,0.46451092397,0.117827867481,0.123238305079,-0.375420343496,0.0121988468672,-0.412549124951,0.0493276283229,0.112812790008,0.10743239071,-0.367171275125,0.00394977849633,-0.402719753725,0.0394982570962
joint,baseline,lbrent,nuclear_threat,32,405,1990-04-01,2023-12-01,0.0251938632479,HC3,0.46451092397,0.0863188866233,0.77038628921,-0.116788070489,0.167175796985,-0.143988045719,0.194375772215,0.0804784415211,0.754241852807,-0.107181393179,0.157569119675,-0.132540983665,0.182928710161
joint,baseline,lbrent,military_conflict,33,404,1990-04-01,2023-11-01,-0.0383354545618,HC3,0.464637302623,0.0704853729473,0.586525322654,-0.154273575901,0.0776026667777,-0.176484246975,0.0998133378519,0.0655869361601,0.558885089455,-0.146216364385,0.0695454552618,-0.166883487292,0.0902125781683
joint,baseline,lbrent,diplomatic_tension,33,404,1990-04-01,2023-11-01,-0.179453952578,HC3,0.464637302623,0.115328307602,0.119701688441,-0.369152137628,0.0102442324715,-0.405493281877,0.0465853767202,0.111229348269,0.106664422124,-0.362409949501,0.00350204434469,-0.397459469209,0.0385515640519
joint,baseline,lbrent,nuclear_threat,33,404,1990-04-01,2023-11-01,0.0376699268364,HC3,0.464637302623,0.071881092619,0.600237568793,-0.0805639490673,0.15590380274,-0.103214425866,0.178554279539,0.0683943708444,0.581787751166,-0.0748288021101,0.150168655783,-0.096380576764,0.171720430437
joint,baseline,lbrent,military_conflict,34,403,1990-04-01,2023-10-01,-0.0135184354119,HC3,0.465530940515,0.0749561936096,0.856876905252,-0.136810402333,0.109773531509,-0.160429875305,0.133393004481,0.0682727486592,0.843040122497,-0.125817113666,0.0987802428422,-0.14733056391,0.120293693086
joint,baseline,lbrent,diplomatic_tension,34,403,1990-04-01,2023-10-01,-0.196217299701,HC3,0.465530940515,0.118155512135,0.0967797666273,-0.39056582238,-0.0018687770221,-0.42779784806,0.0353632486577,0.11343040248,0.0836575228347,-0.382793708627,-0.00964089077506,-0.418536803314,0.0261022039118
joint,baseline,lbrent,nuclear_threat,34,403,1990-04-01,2023-10-01,0.0531547726541,HC3,0.465530940515,0.0621504433517,0.392407364725,-0.0490736095097,0.155383154818,-0.0686578579385,0.174967403247,0.0598236364002,0.374258628809,-0.0452463526562,0.151555897964,-0.0640974001145,0.170406945423
joint,baseline,lbrent,military_conflict,35,402,1990-04-01,2023-09-01,-0.0246292592054,HC3,0.465532805859,0.0856129022461,0.773590453536,-0.165449951979,0.116191433568,-0.19242746422,0.143168945809,0.0764741316445,0.747407236837,-0.150418012009,0.101159493598,-0.174515802978,0.125257284567
joint,baseline,lbrent,diplomatic_tension,35,402,1990-04-01,2023-09-01,-0.257891532257,HC3,0.465532805859,0.121694304468,0.0340756770575,-0.45806085034,-0.0577222141744,-0.496407986137,-0.0193750783771,0.115809467028,0.025956595806,-0.448381154133,-0.0674019103814,-0.4848739167,-0.0309091478142
joint,baseline,lbrent,nuclear_threat,35,402,1990-04-01,2023-09-01,0.0385393610787,HC3,0.465532805859,0.0644669190864,0.549962657813,-0.067499284599,0.144578006756,-0.0878134785249,0.164892200682,0.0620273714292,0.534383638835,-0.0634865857869,0.140565307944,-0.0830320529783,0.160110775136
joint,baseline,lbrent,military_conflict,36,401,1990-04-01,2023-08-01,-0.0289316520313,HC3,0.465589696714,0.0916116417911,0.752148554916,-0.179619393302,0.12175608924,-0.208487170506,0.150623866444,0.0818212111724,0.723641681225,-0.16351556799,0.105652263927,-0.189298279101,0.131434975038
joint,baseline,lbrent,diplomatic_tension,36,401,1990-04-01,2023-08-01,-0.20953165568,HC3,0.465589696714,0.119305898352,0.0790447697228,-0.4057723953,-0.01329091606,-0.443366919592,0.024303608232,0.113095815098,0.0639265885729,-0.395557717338,-0.0235055940224,-0.431195380075,0.012132068715
joint,baseline,lbrent,nuclear_threat,36,401,1990-04-01,2023-08-01,0.0275949104094,HC3,0.465589696714,0.064535359865,0.668946986145,-0.0785563103311,0.13374613115,-0.0988920706553,0.154081891474,0.0620557588346,0.656551542168,-0.0744777295829,0.129667550402,-0.0940321419397,0.149221962759
joint,baseline,lbrent,military_conflict,37,400,1990-04-01,2023-07-01,-0.0131754690912,HC3,0.466258923278,0.0945434546147,0.889166571379,-0.168685613319,0.142334675136,-0.19847723511,0.172126296928,0.0837795319878,0.87503712238,-0.150980536146,0.124629597963,-0.177380334429,0.151029396246
joint,baseline,lbrent,diplomatic_tension,37,400,1990-04-01,2023-07-01,-0.131022266188,HC3,0.466258923278,0.125231561513,0.295450249402,-0.337009854352,0.0749653219762,-0.376471616482,0.114427084106,0.118307568261,0.268090105394,-0.325620898937,0.0635763665614,-0.362900839077,0.100856306701
joint,baseline,lbrent,nuclear_threat,37,400,1990-04-01,2023-07-01,0.0341621155077,HC3,0.466258923278,0.0613591755343,0.577693856236,-0.0667647469166,0.135088977932,-0.0860996586606,0.154423889676,0.058694954385,0.560547722224,-0.0623824930962,0.130706724112,-0.0808778811611,0.149202112177
joint,baseline,lbrent,military_conflict,38,399,1990-04-01,2023-06-01,-0.0444498589749,HC3,0.466559901249,0.0898213004011,0.620691950946,-0.192192750717,0.103293032767,-0.220496372806,0.131596654856,0.0803522605144,0.580135086305,-0.176617566116,0.087717848166,-0.201937395659,0.11303767771
joint,baseline,lbrent,diplomatic_tension,38,399,1990-04-01,2023-06-01,-0.177565234507,HC3,0.466559901249,0.124835928305,0.154913393535,-0.382902063954,0.0277715949398,-0.422239157962,0.067108688948,0.118396210151,0.133678039011,-0.372309670191,0.0171792011762,-0.409617542308,0.0544870732939
joint,baseline,lbrent,nuclear_threat,38,399,1990-04-01,2023-06-01,0.0294750745106,HC3,0.466559901249,0.0605173601644,0.626221794694,-0.0700671248494,0.129017273871,-0.0891367718512,0.148086920872,0.0579080255287,0.61075356145,-0.0657751513099,0.124725300331,-0.0840225699415,0.142972718963
joint,baseline,lbrent,military_conflict,39,398,1990-04-01,2023-05-01,-0.0197440519643,HC3,0.466559921022,0.0914714479611,0.829105184479,-0.170201194906,0.130713090977,-0.199024795582,0.159536691653,0.0814432703445,0.808449274691,-0.153706310581,0.114218206653,-0.179369928623,0.139881824694
joint,baseline,lbrent,diplomatic_tension,39,398,1990-04-01,2023-05-01,-0.208881067831,HC3,0.466559921022,0.133666155301,0.118121472116,-0.428742328179,0.0109801925169,-0.470861918174,0.0530997825114,0.126505304936,0.0987049909781,-0.416963777484,-0.000798358178755,-0.456826909359,0.0390647736965
joint,baseline,lbrent,nuclear_threat,39,398,1990-04-01,2023-05-01,0.0347548980348,HC3,0.466559921022,0.0582717969225,0.550889721027,-0.0610936784821,0.130603474552,-0.0794557252476,0.148965521317,0.0558849628401,0.534007158637,-0.0571676857849,0.126677481854,-0.0747776164092,0.144287412479
joint,baseline,lbrent,military_conflict,40,397,1990-04-01,2023-04-01,-0.0249849786567,HC3,0.466852841433,0.0946032751932,0.791700797698,-0.18059351898,0.130623561666,-0.210403990855,0.160434033541,0.0833515329142,0.764364592479,-0.162086049882,0.112116092569,-0.188350981225,0.138381023911
joint,baseline,lbrent,diplomatic_tension,40,397,1990-04-01,2023-04-01,-0.253097531277,HC3,0.466852841433,0.14140474345,0.0734731943812,-0.48568763641,-0.0205074261451,-0.530245735683,0.0240506731282,0.133651346721,0.0582628778218,-0.472934433678,-0.0332606288764,-0.515049357336,0.00885429478104
joint,baseline,lbrent,nuclear_threat,40,397,1990-04-01,2023-04-01,0.0375020848386,HC3,0.466852841433,0.0589279430352,0.524511960298,-0.0594257559916,0.134429925669,-0.0779945611934,0.152998730871,0.0566656857773,0.50809110375,-0.0557046739359,0.130708843613,-0.0735606184442,0.148564788121
joint,baseline,lbrent,military_conflict,41,396,1990-04-01,2023-03-01,-0.00790836149691,HC3,0.466856674204,0.0941358070935,0.933048376778,-0.162747985221,0.146931262227,-0.192411153056,0.176594430062,0.0824783199955,0.923612603353,-0.143573125286,0.127756402293,-0.169562898194,0.1537461752
joint,baseline,lbrent,diplomatic_tension,41,396,1990-04-01,2023-03-01,-0.2037003824,HC3,0.466856674204,0.141496939466,0.149977822092,-0.436442136483,0.0290413716825,-0.481029287676,0.0736285228752,0.133360172453,0.126650293607,-0.42305834575,0.0156575809494,-0.465081517379,0.0576807525791
joint,baseline,lbrent,nuclear_threat,41,396,1990-04-01,2023-03-01,0.031162460891,HC3,0.466856674204,0.0605937092649,0.607052457571,-0.0685053215638,0.130830243346,-0.0875990269579,0.14992394874,0.0582474532485,0.592648985871,-0.0646460738454,0.126970995627,-0.0830004496672,0.145325371449
joint,baseline,lbrent,military_conflict,42,395,1990-04-01,2023-02-01,0.00938978970983,HC3,0.467033555001,0.0966322736533,0.922591131472,-0.149556156089,0.168335735509,-0.180005986395,0.198785565815,0.0839735497188,0.910967381518,-0.128734408113,0.147513987533,-0.155195343393,0.173974922813
joint,baseline,lbrent,diplomatic_tension,42,395,1990-04-01,2023-02-01,-0.175948000274,HC3,0.467033555001,0.140799034277,0.2114313566,-0.407541802476,0.0556458019279,-0.451909036515,0.100013035967,0.131607168183,0.181249384255,-0.392422528193,0.0405265276449,-0.43389331002,0.0819973094723
joint,baseline,lbrent,nuclear_threat,42,395,1990-04-01,2023-02-01,0.0292883699387,HC3,0.467033555001,0.0631408849592,0.642749879142,-0.0745691436953,0.133145883573,-0.0944654905332,0.153042230411,0.0607844733909,0.629919853838,-0.0706931915806,0.129269931458,-0.0898470087267,0.148423748604
joint,baseline,lbrent,military_conflict,43,394,1990-04-01,2023-01-01,-0.0147013187099,HC3,0.467322812962,0.101578475637,0.88492509408,-0.181783042781,0.152380405362,-0.213791472562,0.184388835143,0.0876211468063,0.866754177989,-0.158825279832,0.129422642412,-0.186435610734,0.157032973315
joint,baseline,lbrent,diplomatic_tension,43,394,1990-04-01,2023-01-01,-0.194963701254,HC3,0.467322812962,0.147312613891,0.185679405902,-0.437271388508,0.0473439860002,-0.483691118949,0.0937637164407,0.136893060471,0.154387306921,-0.420132748274,0.0302053457658,-0.46326916951,0.0733417670021
joint,baseline,lbrent,nuclear_threat,43,394,1990-04-01,2023-01-01,0.00868910984098,HC3,0.467322812962,0.0648719878553,0.89344812084,-0.0980158146704,0.115394034352,-0.118457649961,0.135835869643,0.0624890065012,0.889410467949,-0.0940961591471,0.111474378829,-0.113787092331,0.131165312013
joint,baseline,lbrent,military_conflict,44,393,1990-04-01,2022-12-01,0.00112271307058,HC3,0.46735761635,0.106607084637,0.991597379574,-0.174230336753,0.176475762895,-0.207823333315,0.210068759456,0.0914085622571,0.990200339215,-0.149230992092,0.151476418234,-0.178034776832,0.180280202973
joint,baseline,lbrent,diplomatic_tension,44,393,1990-04-01,2022-12-01,-0.160041818249,HC3,0.46735761635,0.148160505223,0.280056612597,-0.403744162637,0.0836605261381,-0.450431072418,0.13034743592,0.137296025552,0.243748011395,-0.385873683844,0.0657900473453,-0.429137083551,0.109053447052
joint,baseline,lbrent,nuclear_threat,44,393,1990-04-01,2022-12-01,0.0216935690649,HC3,0.46735761635,0.0591371376378,0.713742134239,-0.0755783662661,0.118965504396,-0.0942130908539,0.137600228984,0.0567157090604,0.702093008725,-0.0715954706881,0.114982608818,-0.089467178051,0.132854316181
joint,baseline,lbrent,military_conflict,45,392,1990-04-01,2022-11-01,0.0308362857828,HC3,0.467541101574,0.10297364916,0.764590593213,-0.138540294518,0.200212866084,-0.170988357927,0.232660929492,0.08850731364,0.727536937374,-0.11474529007,0.176417861635,-0.14263486132,0.204307432886
joint,baseline,lbrent,diplomatic_tension,45,392,1990-04-01,2022-11-01,-0.165602503396,HC3,0.467541101574,0.141635161011,0.242315458985,-0.398571611689,0.0673666048968,-0.443202317922,0.11199731113,0.131370127726,0.20746035141,-0.381687134458,0.0504821276667,-0.423083222382,0.0918782155907
joint,baseline,lbrent,nuclear_threat,45,392,1990-04-01,2022-11-01,0.0192886736672,HC3,0.467541101574,0.0574686391775,0.737143673839,-0.07523882592,0.113816173254,-0.0933477893614,0.131925136696,0.0551908381536,0.726721101023,-0.0714921766442,0.110069523979,-0.0888833813904,0.127460728725
joint,baseline,lbrent,military_conflict,46,391,1990-04-01,2022-10-01,0.0481374723262,HC3,0.467767246871,0.100805900013,0.63298737019,-0.117673477928,0.21394842258,-0.149438461127,0.24571340578,0.0866193039035,0.578391288477,-0.0943386038635,0.190613548516,-0.121633243691,0.217908188343
joint,baseline,lbrent,diplomatic_tension,46,391,1990-04-01,2022-10-01,-0.147219653506,HC3,0.467767246871,0.146632873373,0.315377796273,-0.388409267104,0.0939699600926,-0.434614804267,0.140175497255,0.136335151965,0.280215059046,-0.371471022696,0.0770317156849,-0.414431641184,0.119992334173
joint,baseline,lbrent,nuclear_threat,46,391,1990-04-01,2022-10-01,0.0218533604296,HC3,0.467767246871,0.0564925482908,0.69887750571,-0.0710686125223,0.114775333382,-0.0888699996153,0.132576720475,0.0543118614308,0.687413144034,-0.0674817018313,0.111188422691,-0.084595931908,0.128302652767
joint,baseline,lbrent,military_conflict,47,390,1990-04-01,2022-09-01,0.022498432211,HC3,0.468218443131,0.0825422793214,0.785184863973,-0.113271535308,0.15826839973,-0.139281462461,0.184278326883,0.0735613361562,0.759721987575,-0.0984991983689,0.143496062791,-0.12167913731,0.166676001732
joint,baseline,lbrent,diplomatic_tension,47,390,1990-04-01,2022-09-01,-0.223026613796,HC3,0.468218443131,0.130868673314,0.08834341422,-0.438286425751,-0.00776680184018,-0.479524500197,0.0334712726051,0.124870026056,0.0740879166157,-0.428419529052,-0.0176336985396,-0.467767367615,0.0217141400231
joint,baseline,lbrent,nuclear_threat,47,390,1990-04-01,2022-09-01,0.0228323727571,HC3,0.468218443131,0.052852344468,0.665739213654,-0.064101997734,0.109766743248,-0.0807563188987,0.126421064413,0.0513044618266,0.656293170825,-0.0615559573572,0.107220702871,-0.0777225246693,0.123387270183
joint,baseline,lbrent,military_conflict,48,389,1990-04-01,2022-08-01,0.0153016938346,HC3,0.468752638556,0.0747269955151,0.837753426989,-0.10761327577,0.138216663439,-0.131160526048,0.161763913717,0.067641718553,0.821032796511,-0.0959590322605,0.12656241993,-0.117273638382,0.147877026051
joint,baseline,lbrent,diplomatic_tension,48,389,1990-04-01,2022-08-01,-0.238385797094,HC3,0.468752638556,0.121814118292,0.0503517465071,-0.438752191381,-0.0380194028067,-0.477137081756,0.000365487567731,0.117308282524,0.0421403961565,-0.431340751075,-0.0454308431129,-0.468305805929,-0.00846578825862
joint,baseline,lbrent,nuclear_threat,48,389,1990-04-01,2022-08-01,0.00870157054723,HC3,0.468752638556,0.0522624631578,0.867765434049,-0.0772625315313,0.0946656726257,-0.0937309749854,0.11113411608,0.0510735004575,0.864716418814,-0.0753068619214,0.0927100030159,-0.0914006509139,0.108803792008
