model,specification,outcome,event,horizon,n,origin_start,origin_end,beta,primary_covariance,maximum_leverage,hc3_se,hc3_p,hc3_90_low,hc3_90_high,hc3_95_low,hc3_95_high,hc1_se,hc1_p,hc1_90_low,hc1_90_high,hc1_95_low,hc1_95_high,event_month,episode,omitted_months,baseline_beta,difference,n_removed,sign_preserved
single,event_window_omitted,lwti,military_conflict,0,429,1990-04-01,2026-03-01,0.0601386585145,HC3,0.474882527678,0.0271057813704,0.0265094985015,0.0155536157161,0.104723701313,0.00701230325573,0.113265013773,0.024190163375,0.012915926991,0.0203493805506,0.0999279364783,0.0127268095194,0.10755050751,1990-08-01,Iraq invades Kuwait,t_event +/- 1,0.065124540943,-0.00498588242853,3,True
single,event_window_omitted,lwti,military_conflict,0,429,1990-04-01,2026-03-01,0.0615125248625,HC3,0.454318996001,0.0249559023236,0.0137071095257,0.0204637184117,0.102561331313,0.0125998551065,0.110425194619,0.022234506046,0.00566556148099,0.0249400169493,0.0980850327758,0.0179336937984,0.105091355927,1991-01-01,Gulf War air campaign,t_event +/- 1,0.065124540943,-0.00361201608043,3,True
single,event_window_omitted,lwti,military_conflict,0,429,1990-04-01,2026-03-01,0.0660769589225,HC3,0.451535526667,0.0256886390048,0.010104720356,0.023822907884,0.108331009961,0.0157281516612,0.116425766184,0.0229920590024,0.00405432814767,0.0282583872814,0.103895530564,0.0210133513474,0.111140566498,1998-05-01,Indian and Pakistani nuclear tests,t_event +/- 1,0.065124540943,0.000952417979487,3,True
single,event_window_omitted,lwti,military_conflict,0,429,1990-04-01,2026-03-01,0.0707691318703,HC3,0.455020331852,0.0256266638135,0.00575289556433,0.0286170209501,0.112921242791,0.020541793752,0.120996469989,0.0229177136002,0.00201531187237,0.0330728475335,0.108465416207,0.0258512386059,0.115687025135,2001-09-01,September 11 attacks,t_event +/- 1,0.065124540943,0.00564459092734,3,True
single,event_window_omitted,lwti,military_conflict,0,429,1990-04-01,2026-03-01,0.0644975504949,HC3,0.458143027932,0.0262752047204,0.0141005108921,0.0212786847117,0.107716416278,0.0129990955566,0.115996005433,0.0232882802244,0.0056137531947,0.0261917383023,0.102803362688,0.0188533599932,0.110141740997,2003-03-01,Invasion of Iraq,t_event +/- 1,0.065124540943,-0.000626990448066,3,True
single,event_window_omitted,lwti,military_conflict,0,429,1990-04-01,2026-03-01,0.0650058078465,HC3,0.450164082269,0.0256166520947,0.0111603133243,0.0228701647381,0.107141450955,0.0147980923363,0.115213523357,0.0229554861375,0.00462838759311,0.0272473932148,0.102764222478,0.0200138817694,0.109997733924,2006-10-01,North Korean nuclear test,t_event +/- 1,0.065124540943,-0.00011873309652,3,True
single,event_window_omitted,lwti,military_conflict,0,429,1990-04-01,2026-03-01,0.0646204252509,HC3,0.450463574642,0.0258585603523,0.0124545902141,0.0220868784676,0.107153972034,0.0139385782682,0.115302272234,0.0231912772304,0.00532952843786,0.0264741687849,0.102766681717,0.0191663571239,0.110074493378,2011-02-01,Libyan uprising,t_event +/- 1,0.065124540943,-0.000504115692112,3,True
single,event_window_omitted,lwti,military_conflict,0,429,1990-04-01,2026-03-01,0.0657387431771,HC3,0.449991392011,0.0255677798099,0.0101359740974,0.0236834878236,0.107793998531,0.015626815585,0.115850670769,0.0229066461535,0.00410660624503,0.0280606631702,0.103416823184,0.0208425417096,0.110634944645,2013-07-01,Egyptian military takeover,t_event +/- 1,0.065124540943,0.000614202234081,3,True
single,event_window_omitted,lwti,military_conflict,0,429,1990-04-01,2026-03-01,0.0650176689691,HC3,0.452455534508,0.0255647062503,0.0109823792489,0.0229674691714,0.107067868767,0.0149117654432,0.115123572495,0.0229127990022,0.00454521762337,0.0273294684267,0.102705869511,0.0201094081398,0.109925929798,2015-11-01,Paris attacks,t_event +/- 1,0.065124540943,-0.000106871973893,3,True
single,event_window_omitted,lwti,military_conflict,0,429,1990-04-01,2026-03-01,0.0650386554722,HC3,0.450356560028,0.0255205303357,0.0108192344005,0.0230611185879,0.107016192357,0.015019335148,0.115057975796,0.0228619914173,0.00444340547966,0.0274340259702,0.102643284974,0.0202299756795,0.109847335265,2017-07-01,North Korean missile escalation,t_event +/- 1,0.065124540943,-8.58854707405e-05,3,True
single,event_window_omitted,lwti,military_conflict,0,429,1990-04-01,2026-03-01,0.0633695599639,HC3,0.452963647496,0.0278140852627,0.0227071481121,0.0176194609392,0.109119658989,0.00885495458609,0.117884165342,0.0246507656267,0.0101495144697,0.0228226587156,0.103916461212,0.0150549471441,0.111684172784,2022-02-01,Russian invasion of Ukraine,t_event +/- 1,0.065124540943,-0.00175498097912,3,True
single,event_window_omitted,lwti,military_conflict,0,429,1990-04-01,2026-03-01,0.0691650883125,HC3,0.451623796573,0.0256897465741,0.00709562483081,0.0269092154847,0.11142096114,0.0188141102554,0.11951606637,0.0227592414984,0.00237373391625,0.0317294673872,0.106600709238,0.0245577946602,0.113772381965,2023-10-01,Israel-Hamas war outbreak,t_event +/- 1,0.065124540943,0.00404054736955,3,True
single,event_window_omitted,lwti,military_conflict,12,422,1990-04-01,2025-08-01,-0.00864759340838,HC3,0.479130563696,0.0534186493941,0.871397663164,-0.0965134526112,0.0792182657944,-0.113346222324,0.0960510355069,0.0491443920991,0.86032303068,-0.0894829249969,0.0721877381801,-0.104968831965,0.0876736451479,1990-08-01,Iraq invades Kuwait,t_event +/- 1,-0.00153839171121,-0.00710920169716,3,True
single,event_window_omitted,lwti,military_conflict,12,422,1990-04-01,2025-08-01,0.00332569047356,HC3,0.458182537569,0.0460127385473,0.942380987874,-0.072358529412,0.0790099103591,-0.0868576199093,0.0935090008564,0.0427740315001,0.938026743074,-0.0670313303788,0.0736827113259,-0.0805098707403,0.0871612516874,1991-01-01,Gulf War air campaign,t_event +/- 1,-0.00153839171121,0.00486408218477,3,False
single,event_window_omitted,lwti,military_conflict,12,422,1990-04-01,2025-08-01,-0.00359567977759,HC3,0.45527935588,0.0486710651438,0.941108134587,-0.0836524578069,0.0764610982517,-0.0989892145486,0.0917978549934,0.0448243341062,0.936064560237,-0.0773251483078,0.0701337887527,-0.0914497602567,0.0842584007015,1998-05-01,Indian and Pakistani nuclear tests,t_event +/- 1,-0.00153839171121,-0.00205728806638,3,True
single,event_window_omitted,lwti,military_conflict,12,422,1990-04-01,2025-08-01,-0.0020275090759,HC3,0.458849131921,0.0496741897206,0.9674424659,-0.0837342802037,0.0796792620519,-0.0993871318895,0.0953321137377,0.0458231128828,0.964707973885,-0.0773998224994,0.0733448043476,-0.0918391599857,0.0877841418339,2001-09-01,September 11 attacks,t_event +/- 1,-0.00153839171121,-0.000489117364681,3,True
single,event_window_omitted,lwti,military_conflict,12,422,1990-04-01,2025-08-01,-0.00326272519076,HC3,0.462065667533,0.0487695275813,0.946660598133,-0.0834814595176,0.076956009136,-0.0988492427931,0.0923237924116,0.044677463009,0.941783490283,-0.0767506122641,0.0702251618826,-0.090828943609,0.0843034932275,2003-03-01,Invasion of Iraq,t_event +/- 1,-0.00153839171121,-0.00172433347955,3,True
single,event_window_omitted,lwti,military_conflict,12,422,1990-04-01,2025-08-01,-0.00107339264965,HC3,0.453879438288,0.0478777346974,0.982113362554,-0.0798252582169,0.0776784729176,-0.094912028318,0.0927652430187,0.0441389365005,0.980598558031,-0.0736754824423,0.071528697143,-0.0875841185065,0.0854373332072,2006-10-01,North Korean nuclear test,t_event +/- 1,-0.00153839171121,0.00046499906156,3,True
single,event_window_omitted,lwti,military_conflict,12,422,1990-04-01,2025-08-01,-0.00227854353656,HC3,0.454148814376,0.0487733803449,0.96273882151,-0.0825036150955,0.0779465280224,-0.0978726124168,0.0933155253437,0.0449438538969,0.959566524411,-0.0762046046281,0.071647517555,-0.090366878501,0.0858097914278,2011-02-01,Libyan uprising,t_event +/- 1,-0.00153839171121,-0.000740151825346,3,True
single,event_window_omitted,lwti,military_conflict,12,422,1990-04-01,2025-08-01,8.21346641081e-05,HC3,0.453687505157,0.0485906020554,0.99865130403,-0.0798422933625,0.0800065626907,-0.0951536953516,0.0953179646799,0.0447453025571,0.998535400593,-0.073517338536,0.0736816078642,-0.0876170468252,0.0877813161534,2013-07-01,Egyptian military takeover,t_event +/- 1,-0.00153839171121,0.00162052637532,3,False
single,event_window_omitted,lwti,military_conflict,12,422,1990-04-01,2025-08-01,-0.00147899633988,HC3,0.456154648394,0.0487002695677,0.975772475496,-0.0815838113719,0.0786258186921,-0.0969297707301,0.0939717780503,0.0448518696161,0.973694418308,-0.0752537567536,0.0722957640738,-0.0893870454268,0.0864290527471,2015-11-01,Paris attacks,t_event +/- 1,-0.00153839171121,5.93953713311e-05,3,True
single,event_window_omitted,lwti,military_conflict,12,422,1990-04-01,2025-08-01,-0.000269323188858,HC3,0.454051795882,0.048645719394,0.995582597623,-0.0802844111698,0.0797457647921,-0.0956131812032,0.0950745348255,0.0447658247954,0.995199741792,-0.073902552467,0.0733639060893,-0.0880087275261,0.0874700811484,2017-07-01,North Korean missile escalation,t_event +/- 1,-0.00153839171121,0.00126906852236,3,True
single,event_window_omitted,lwti,military_conflict,12,422,1990-04-01,2025-08-01,0.0103752218837,HC3,0.456695340463,0.0538876487689,0.847323686252,-0.0782620726417,0.0990125164091,-0.0952426289149,0.115993072682,0.0492326520398,0.83309122525,-0.0706052843884,0.0913557281558,-0.0861190029777,0.106869446745,2022-02-01,Russian invasion of Ukraine,t_event +/- 1,-0.00153839171121,0.0119136135949,3,False
single,event_window_omitted,lwti,military_conflict,12,422,1990-04-01,2025-08-01,0.00383136049376,HC3,0.455228366992,0.0498740797976,0.938766202769,-0.0782042005522,0.0858669215397,-0.0939200396716,0.101582760659,0.0456267962289,0.933078917615,-0.0712180407696,0.0788807617571,-0.0855955168449,0.0932582378324,2023-10-01,Israel-Hamas war outbreak,t_event +/- 1,-0.00153839171121,0.00536975220498,3,False
single,event_window_omitted,lwti,military_conflict,24,410,1990-04-01,2024-08-01,0.00403630828959,HC3,0.482464556956,0.0708513421891,0.954570134803,-0.112503778885,0.120576395464,-0.134829770657,0.142902387237,0.0658008334345,0.951087404599,-0.104196431242,0.112269047821,-0.124930955395,0.133003571974,1990-08-01,Iraq invades Kuwait,t_event +/- 1,0.00589755499183,-0.00186124670224,3,True
single,event_window_omitted,lwti,military_conflict,24,410,1990-04-01,2024-08-01,0.0108644920206,HC3,0.461222364306,0.063761643023,0.864701639465,-0.0940140777661,0.115743061807,-0.1141060319,0.135835015941,0.0594221190152,0.854926839857,-0.0868761959626,0.108605180004,-0.105600721134,0.127329705175,1991-01-01,Gulf War air campaign,t_event +/- 1,0.00589755499183,0.00496693702879,3,True
single,event_window_omitted,lwti,military_conflict,24,410,1990-04-01,2024-08-01,0.00671607537969,HC3,0.4583712675,0.0641809651065,0.916659258008,-0.098852217857,0.112284368616,-0.119076304722,0.132508455481,0.0596121416986,0.910297833781,-0.0913371721036,0.104769322863,-0.110121575391,0.12355372615,1998-05-01,Indian and Pakistani nuclear tests,t_event +/- 1,0.00589755499183,0.000818520387852,3,True
single,event_window_omitted,lwti,military_conflict,24,410,1990-04-01,2024-08-01,0.00781776076642,HC3,0.462055540237,0.0650076771841,0.904277950942,-0.0991103528295,0.114745874362,-0.119594945233,0.135230466766,0.0604597415175,0.897116133449,-0.0916296643531,0.107265185886,-0.110681155122,0.126316676655,2001-09-01,September 11 attacks,t_event +/- 1,0.00589755499183,0.00192020577459,3,True
single,event_window_omitted,lwti,military_conflict,24,410,1990-04-01,2024-08-01,-0.00163035725942,HC3,0.465319279783,0.0547358059847,0.976237774575,-0.0916627462575,0.0884020317386,-0.108910565654,0.105649851135,0.0510380730795,0.974516755651,-0.0855805168769,0.0823198023581,-0.101663142336,0.0984024278168,2003-03-01,Invasion of Iraq,t_event +/- 1,0.00589755499183,-0.00752791225126,3,False
single,event_window_omitted,lwti,military_conflict,24,410,1990-04-01,2024-08-01,0.00720782967273,HC3,0.456963698826,0.0628840051385,0.908745507101,-0.0962271542565,0.110642813602,-0.116042555602,0.130458214948,0.0585575119348,0.902036025599,-0.0891107062184,0.103526365564,-0.107562784744,0.121978444089,2006-10-01,North Korean nuclear test,t_event +/- 1,0.00589755499183,0.0013102746809,3,True
single,event_window_omitted,lwti,military_conflict,24,410,1990-04-01,2024-08-01,0.00649177246576,HC3,0.457257296259,0.0639893208452,0.919192553898,-0.0987612940126,0.111744838944,-0.118924991786,0.131908536717,0.0595365981231,0.913172072203,-0.0914372168934,0.104420761825,-0.110197815618,0.123181360549,2011-02-01,Libyan uprising,t_event +/- 1,0.00589755499183,0.000594217473926,3,True
single,event_window_omitted,lwti,military_conflict,24,410,1990-04-01,2024-08-01,0.00292498716156,HC3,0.45676683218,0.0631942637715,0.963082581906,-0.101020326805,0.106870301129,-0.12093349386,0.126783468183,0.0588230943706,0.960341414844,-0.0938303929624,0.0996803672855,-0.112366159264,0.118216133587,2013-07-01,Egyptian military takeover,t_event +/- 1,0.00589755499183,-0.00297256783027,3,True
single,event_window_omitted,lwti,military_conflict,24,410,1990-04-01,2024-08-01,0.00657846377301,HC3,0.459260508998,0.0634617844035,0.917438980858,-0.0978068824759,0.110963810022,-0.117804348052,0.130961275598,0.0590224731122,0.911254016019,-0.0905048651972,0.103661792743,-0.109103457805,0.122260385351,2015-11-01,Paris attacks,t_event +/- 1,0.00589755499183,0.000680908781171,3,True
single,event_window_omitted,lwti,military_conflict,24,410,1990-04-01,2024-08-01,0.00560084771808,HC3,0.45713294958,0.0631007555722,0.929272337037,-0.0981906589482,0.109392354384,-0.118074360601,0.129276056037,0.0587085201739,0.923996373431,-0.0909660746229,0.102167770059,-0.109465737408,0.120667432845,2017-07-01,North Korean missile escalation,t_event +/- 1,0.00589755499183,-0.000296707273752,3,True
single,event_window_omitted,lwti,military_conflict,24,410,1990-04-01,2024-08-01,0.0186406455182,HC3,0.459816241585,0.0710311988024,0.792990727484,-0.0981952794587,0.135476570495,-0.120577945913,0.15785923695,0.0656327947643,0.776399500636,-0.0893156949968,0.126596986033,-0.109997268425,0.147278559461,2022-02-01,Russian invasion of Ukraine,t_event +/- 1,0.00589755499183,0.0127430905264,3,True
single,event_window_omitted,lwti,military_conflict,24,410,1990-04-01,2024-08-01,0.0143676717161,HC3,0.458399833461,0.0599797016061,0.810685151519,-0.0842901580143,0.113025501446,-0.103190383235,0.131925726668,0.0554902083201,0.795694922783,-0.0769055986995,0.105640942132,-0.094391138086,0.123126481518,2023-10-01,Israel-Hamas war outbreak,t_event +/- 1,0.00589755499183,0.00847011672422,3,True
single,event_window_omitted,lwti,military_conflict,48,386,1990-04-01,2022-08-01,0.0460893116972,HC3,0.491715288135,0.0955840410341,0.629673633347,-0.111132444876,0.203311068271,-0.141251966226,0.233430589621,0.0842370887574,0.584283931978,-0.0924683692693,0.184646992664,-0.11901234843,0.211190971824,1990-08-01,Iraq invades Kuwait,t_event +/- 1,0.0465391798434,-0.000449868146178,3,True
single,event_window_omitted,lwti,military_conflict,48,386,1990-04-01,2022-08-01,0.0524938838495,HC3,0.470483175915,0.0672708629414,0.435193060357,-0.0581568390479,0.163144606747,-0.0793545847246,0.184342352424,0.0608902805209,0.388629120644,-0.0476617149115,0.15264948261,-0.0668488729801,0.171836640679,1991-01-01,Gulf War air campaign,t_event +/- 1,0.0465391798434,0.00595470400612,3,True
single,event_window_omitted,lwti,military_conflict,48,386,1990-04-01,2022-08-01,0.0467009022788,HC3,0.467522854676,0.0847760469127,0.581720195701,-0.0927432859643,0.186145090522,-0.119457096422,0.212858900979,0.0755959714738,0.536727144897,-0.0776434055829,0.17104521014,-0.101464479186,0.194866283744,1998-05-01,Indian and Pakistani nuclear tests,t_event +/- 1,0.0465391798434,0.000161722435376,3,True
single,event_window_omitted,lwti,military_conflict,48,386,1990-04-01,2022-08-01,0.0306126189218,HC3,0.471356349988,0.0830769021198,0.712511388715,-0.106036724846,0.16726196269,-0.13221511718,0.193440355024,0.0739444514639,0.678877909867,-0.0910151802615,0.152240418105,-0.114315842804,0.175541080648,2001-09-01,September 11 attacks,t_event +/- 1,0.0465391798434,-0.0159265609215,3,True
single,event_window_omitted,lwti,military_conflict,48,386,1990-04-01,2022-08-01,0.0436379221116,HC3,0.474713303385,0.0834523101696,0.601037931045,-0.0936289129484,0.180904757172,-0.119925600248,0.207201444471,0.0736956631072,0.553758913561,-0.0775806566408,0.164856500864,-0.100802923395,0.188078767618,2003-03-01,Invasion of Iraq,t_event +/- 1,0.0465391798434,-0.00290125773177,3,True
single,event_window_omitted,lwti,military_conflict,48,386,1990-04-01,2022-08-01,0.0461136350782,HC3,0.466115438424,0.0832094907055,0.579450734012,-0.0907537975055,0.182981067662,-0.116973969876,0.209201240033,0.0742342748416,0.534474211561,-0.0759908811392,0.168218151296,-0.0993828700298,0.191610140186,2006-10-01,North Korean nuclear test,t_event +/- 1,0.0465391798434,-0.000425544765196,3,True
single,event_window_omitted,lwti,military_conflict,48,386,1990-04-01,2022-08-01,0.047640322327,HC3,0.466412611639,0.0858015538581,0.578731568071,-0.0934906747345,0.188771319389,-0.120527633052,0.215808277706,0.0764536549588,0.533201191297,-0.0781147493256,0.17339539398,-0.102206087879,0.197486732533,2011-02-01,Libyan uprising,t_event +/- 1,0.0465391798434,0.00110114248363,3,True
single,event_window_omitted,lwti,military_conflict,48,386,1990-04-01,2022-08-01,0.0434530448927,HC3,0.465887654739,0.0838870896923,0.60446215821,-0.0945289388421,0.181435028627,-0.120962629672,0.207868719458,0.0748719596507,0.561668682324,-0.0797003694957,0.166606459281,-0.103293299475,0.19019938926,2013-07-01,Egyptian military takeover,t_event +/- 1,0.0465391798434,-0.00308613495067,3,True
single,event_window_omitted,lwti,military_conflict,48,386,1990-04-01,2022-08-01,0.0480811687062,HC3,0.468514363736,0.0848568856531,0.570975906205,-0.091495987432,0.187658324844,-0.118235271014,0.214397608426,0.0756415355433,0.52500779033,-0.0763380853804,0.172500422793,-0.100173516694,0.196335854106,2015-11-01,Paris attacks,t_event +/- 1,0.0465391798434,0.00154198886282,3,True
single,event_window_omitted,lwti,military_conflict,48,386,1990-04-01,2022-08-01,0.0465947648029,HC3,0.4662413128,0.0839315026367,0.578790508038,-0.0914602717246,0.18464980133,-0.117907957533,0.211097487139,0.0748631592003,0.533679455463,-0.0765441741329,0.169733703739,-0.100134330999,0.193323860604,2017-07-01,North Korean missile escalation,t_event +/- 1,0.0465391798434,5.55849594783e-05,3,True
single,event_window_omitted,lwti,military_conflict,48,386,1990-04-01,2022-08-01,0.0869201270492,HC3,0.46907605308,0.0964936435154,0.367702091245,-0.0717977924649,0.245638046563,-0.102203938978,0.276044193076,0.0848188039889,0.305469714611,-0.0525943903257,0.226434644424,-0.0793216739809,0.253161928079,2022-02-01,Russian invasion of Ukraine,t_event +/- 1,0.0465391798434,0.0403809472058,3,True
single,event_window_omitted,lwti,military_conflict,48,389,1990-04-01,2022-08-01,0.0465391798434,HC3,0.465778689843,0.0839305395243,0.57923918645,-0.0915142725052,0.184592632192,-0.117961654827,0.211040014514,0.074865700584,0.534181549334,-0.0766039392965,0.169682298983,-0.100194896979,0.193273256665,2023-10-01,Israel-Hamas war outbreak,t_event +/- 1,0.0465391798434,0,0,True
single,event_window_omitted,lwti,diplomatic_tension,0,429,1990-04-01,2026-03-01,-0.0119281837398,HC3,0.486445972134,0.0311063272686,0.701375112937,-0.0630935389688,0.0392371714892,-0.0728954648777,0.049039097398,0.0296481387029,0.687444949148,-0.0606950322176,0.0368386647379,-0.0700374678061,0.0461811003264,1990-08-01,Iraq invades Kuwait,t_event +/- 1,-0.0121237005105,0.000195516770635,3,True
single,event_window_omitted,lwti,diplomatic_tension,0,429,1990-04-01,2026-03-01,-0.00910547520298,HC3,0.46860317286,0.0317041003038,0.773957795393,-0.0612540795768,0.0430431291709,-0.0712443699606,0.0530334195546,0.0301714542419,0.762811345249,-0.0587331011432,0.0405221507372,-0.0682404388783,0.0500294884724,1991-01-01,Gulf War air campaign,t_event +/- 1,-0.0121237005105,0.00301822530747,3,True
single,event_window_omitted,lwti,diplomatic_tension,0,429,1990-04-01,2026-03-01,-0.0126926882741,HC3,0.464839252555,0.0312260246134,0.684391506945,-0.0640549281147,0.0386695515665,-0.0738945718967,0.0485091953485,0.0297633060056,0.669776879668,-0.0616489701074,0.0362635935592,-0.0710276961059,0.0456423195577,1998-05-01,Indian and Pakistani nuclear tests,t_event +/- 1,-0.0121237005105,-0.000568987763645,3,True
single,event_window_omitted,lwti,diplomatic_tension,0,429,1990-04-01,2026-03-01,-0.0143717708675,HC3,0.468775534212,0.0312005060463,0.645066803486,-0.0656920364005,0.0369484946655,-0.0755236390177,0.0467800972827,0.0297814367825,0.629397676409,-0.0633578751751,0.0346143334401,-0.0727423143692,0.0439987726342,2001-09-01,September 11 attacks,t_event +/- 1,-0.0121237005105,-0.00224807035705,3,True
single,event_window_omitted,lwti,diplomatic_tension,0,429,1990-04-01,2026-03-01,-0.0152857023569,HC3,0.471001457671,0.0312392778665,0.624621986274,-0.066669741859,0.0360983371452,-0.0765135618783,0.0459421571645,0.0297582006106,0.607487254508,-0.0642335865628,0.033662181849,-0.0736107037984,0.0430392990846,2003-03-01,Invasion of Iraq,t_event +/- 1,-0.0121237005105,-0.00316200184646,3,True
single,event_window_omitted,lwti,diplomatic_tension,0,429,1990-04-01,2026-03-01,-0.011360571123,HC3,0.464422844244,0.03128995156,0.716549528688,-0.0628279614336,0.0401068191876,-0.0726877492586,0.0499666070125,0.0298214402367,0.703238024498,-0.0604124752574,0.0376913330113,-0.0698095199542,0.0470883777081,2006-10-01,North Korean nuclear test,t_event +/- 1,-0.0121237005105,0.000763129387419,3,True
single,event_window_omitted,lwti,diplomatic_tension,0,429,1990-04-01,2026-03-01,-0.00694940984772,HC3,0.464473268197,0.031398752457,0.824837377902,-0.0585957617084,0.044696942013,-0.068489833823,0.0545910141275,0.0299060332308,0.816246884721,-0.0561404570751,0.0422416373796,-0.0655641579005,0.0516653382051,2011-02-01,Libyan uprising,t_event +/- 1,-0.0121237005105,0.00517429066274,3,True
single,event_window_omitted,lwti,diplomatic_tension,0,429,1990-04-01,2026-03-01,-0.0119101006202,HC3,0.464252117833,0.0314192029712,0.704635331409,-0.0635900905832,0.0397698893429,-0.0734906068666,0.0496704056263,0.0299386577641,0.690765242612,-0.0611548104295,0.0373346091892,-0.0705887915833,0.046768590343,2013-07-01,Egyptian military takeover,t_event +/- 1,-0.0121237005105,0.000213599890292,3,True
single,event_window_omitted,lwti,diplomatic_tension,0,429,1990-04-01,2026-03-01,-0.0131244056083,HC3,0.467210593593,0.0314147073963,0.676108692942,-0.0647970010087,0.0385481897922,-0.0746961006899,0.0484472894734,0.0299459218463,0.661190414505,-0.0623810637696,0.036132252553,-0.0718173339109,0.0455685226944,2015-11-01,Paris attacks,t_event +/- 1,-0.0121237005105,-0.0010007050978,3,True
single,event_window_omitted,lwti,diplomatic_tension,0,429,1990-04-01,2026-03-01,-0.01328364243,HC3,0.464190348843,0.0314120277152,0.672379931789,-0.0649518301473,0.0383845452872,-0.0748500854332,0.0482828005731,0.0299460951423,0.657342560403,-0.0625405856378,0.0359733007777,-0.0719769103865,0.0454096255264,2017-07-01,North Korean missile escalation,t_event +/- 1,-0.0121237005105,-0.00115994191959,3,True
single,event_window_omitted,lwti,diplomatic_tension,0,429,1990-04-01,2026-03-01,-0.0075933103441,HC3,0.466491138783,0.0315463006768,0.809784794434,-0.0594823574292,0.044295736741,-0.0694229235161,0.0542363028279,0.0299847160198,0.800083251374,-0.0569137792424,0.0417271585542,-0.0663622738296,0.0511756531414,2022-02-01,Russian invasion of Ukraine,t_event +/- 1,-0.0121237005105,0.00453039016635,3,True
single,event_window_omitted,lwti,diplomatic_tension,0,429,1990-04-01,2026-03-01,-0.0157335348142,HC3,0.464986189096,0.0311983394084,0.614045797424,-0.067050236545,0.0355831669166,-0.0768811564321,0.0454140868037,0.0297368813816,0.596741892747,-0.0646463520089,0.0331792823805,-0.0740167513346,0.0425496817062,2023-10-01,Israel-Hamas war outbreak,t_event +/- 1,-0.0121237005105,-0.00360983430373,3,True
single,event_window_omitted,lwti,diplomatic_tension,12,422,1990-04-01,2025-08-01,-0.195973327345,HC3,0.492923744005,0.075630146991,0.00956400875415,-0.32037384893,-0.0715728057597,-0.344205691593,-0.0477409630969,0.0740508509328,0.00813368107085,-0.31777613808,-0.0741705166091,-0.341110328198,-0.050836326492,1990-08-01,Iraq invades Kuwait,t_event +/- 1,-0.19529046305,-0.0006828642943,3,True
single,event_window_omitted,lwti,diplomatic_tension,12,422,1990-04-01,2025-08-01,-0.196186767416,HC3,0.474647802412,0.0766173743398,0.0104490335758,-0.322211133486,-0.0701624013457,-0.346354061712,-0.0460194731199,0.0749714144267,0.00887528847608,-0.319503770354,-0.0728697644786,-0.343128039562,-0.0492454952696,1991-01-01,Gulf War air campaign,t_event +/- 1,-0.19529046305,-0.000896304365586,3,True
single,event_window_omitted,lwti,diplomatic_tension,12,422,1990-04-01,2025-08-01,-0.196259940455,HC3,0.470839256199,0.0753113904912,0.00916119419488,-0.320136154255,-0.0723837266547,-0.343867553443,-0.0486523274665,0.0737594080916,0.00779523986613,-0.317583370376,-0.0749365105336,-0.340825723835,-0.0516941570743,1998-05-01,Indian and Pakistani nuclear tests,t_event +/- 1,-0.19529046305,-0.000969477404357,3,True
single,event_window_omitted,lwti,diplomatic_tension,12,422,1990-04-01,2025-08-01,-0.196341179706,HC3,0.474941960232,0.0757236231075,0.00951799495638,-0.32089545582,-0.0717869035918,-0.344756753776,-0.0479256056365,0.0741979052286,0.00814059448825,-0.318385873233,-0.0742964861787,-0.341766401682,-0.0509159577298,2001-09-01,September 11 attacks,t_event +/- 1,-0.19529046305,-0.00105071665559,3,True
single,event_window_omitted,lwti,diplomatic_tension,12,422,1990-04-01,2025-08-01,-0.193834075557,HC3,0.477250435166,0.0758637332952,0.0106178802785,-0.318618812422,-0.0690493386923,-0.342524260548,-0.0451438905656,0.0742824112045,0.00906956139249,-0.316017769045,-0.0716503820687,-0.339424926203,-0.0482432249115,2003-03-01,Invasion of Iraq,t_event +/- 1,-0.19529046305,0.00145638749343,3,True
single,event_window_omitted,lwti,diplomatic_tension,12,422,1990-04-01,2025-08-01,-0.194808553592,HC3,0.470435142932,0.0753629444524,0.00973964545286,-0.318769566112,-0.0708475410716,-0.342517210487,-0.0470998966963,0.0737852353429,0.00828545451623,-0.316174465561,-0.0734426416226,-0.339424957455,-0.0501921497289,2006-10-01,North Korean nuclear test,t_event +/- 1,-0.19529046305,0.000481909458605,3,True
single,event_window_omitted,lwti,diplomatic_tension,12,422,1990-04-01,2025-08-01,-0.188951963936,HC3,0.470452176378,0.0758542655159,0.0127388900617,-0.31372112769,-0.064182800183,-0.337623592421,-0.0402803354516,0.0742889219278,0.0109756129742,-0.311146366612,-0.0667575612612,-0.334555575365,-0.0433483525076,2011-02-01,Libyan uprising,t_event +/- 1,-0.19529046305,0.00633849911398,3,True
single,event_window_omitted,lwti,diplomatic_tension,12,422,1990-04-01,2025-08-01,-0.196932139778,HC3,0.470249365144,0.0756535037231,0.00923903305012,-0.321371079768,-0.0724931997875,-0.345210282379,-0.0486539971765,0.0740783671902,0.00785057009784,-0.318780210729,-0.0750840688266,-0.342123071504,-0.0517412080518,2013-07-01,Egyptian military takeover,t_event +/- 1,-0.19529046305,-0.00164167672752,3,True
single,event_window_omitted,lwti,diplomatic_tension,12,422,1990-04-01,2025-08-01,-0.200926728354,HC3,0.473257748393,0.075798469276,0.00803009189493,-0.32560411546,-0.0762493412485,-0.349488998219,-0.0523644584902,0.0742300032144,0.0067932536461,-0.32302421837,-0.0788292383386,-0.346414861227,-0.0554385954819,2015-11-01,Paris attacks,t_event +/- 1,-0.19529046305,-0.00563626530392,3,True
single,event_window_omitted,lwti,diplomatic_tension,12,422,1990-04-01,2025-08-01,-0.189315750981,HC3,0.470143891752,0.0756662555281,0.0123499550727,-0.313775665824,-0.0648558361381,-0.337618886661,-0.0410126153012,0.074051897362,0.0105722554261,-0.31112028294,-0.0675112190226,-0.334454802798,-0.0441766991648,2017-07-01,North Korean missile escalation,t_event +/- 1,-0.19529046305,0.00597471206924,3,True
single,event_window_omitted,lwti,diplomatic_tension,12,422,1990-04-01,2025-08-01,-0.204206478929,HC3,0.472516359514,0.076697548068,0.00775648016322,-0.330362719047,-0.0780502388108,-0.354530910844,-0.0538820470129,0.0750330345156,0.0064975706339,-0.327624837893,-0.0807881199646,-0.35126852423,-0.0571444336274,2022-02-01,Russian invasion of Ukraine,t_event +/- 1,-0.19529046305,-0.0089160158782,3,True
single,event_window_omitted,lwti,diplomatic_tension,12,422,1990-04-01,2025-08-01,-0.198189782474,HC3,0.470979162461,0.0757430863515,0.00888088942315,-0.322776072775,-0.0736034921718,-0.346643503801,-0.0497360611467,0.0741606959728,0.00753025290629,-0.320173272222,-0.0762062927256,-0.343542075649,-0.0528374892986,2023-10-01,Israel-Hamas war outbreak,t_event +/- 1,-0.19529046305,-0.00289931942316,3,True
single,event_window_omitted,lwti,diplomatic_tension,24,410,1990-04-01,2024-08-01,-0.307210077013,HC3,0.496599051459,0.0970810885258,0.00155366311733,-0.466894257583,-0.147525896443,-0.497485514103,-0.116934639922,0.0949085066135,0.00120832481774,-0.463320678345,-0.151099475681,-0.493227331802,-0.121192822224,1990-08-01,Iraq invades Kuwait,t_event +/- 1,-0.306418676153,-0.00079140086041,3,True
single,event_window_omitted,lwti,diplomatic_tension,24,410,1990-04-01,2024-08-01,-0.309653307214,HC3,0.478059554609,0.0992040468046,0.00180006951327,-0.472829443409,-0.146477171019,-0.504089666071,-0.115216948356,0.0969716471942,0.00140688153751,-0.469157472813,-0.150149141615,-0.499714243236,-0.119592371192,1991-01-01,Gulf War air campaign,t_event +/- 1,-0.306418676153,-0.0032346310613,3,True
single,event_window_omitted,lwti,diplomatic_tension,24,410,1990-04-01,2024-08-01,-0.304903711293,HC3,0.474281721523,0.0970528984617,0.00168013669419,-0.464541523334,-0.145265899252,-0.495123896874,-0.114683525713,0.094896623796,0.0013135214954,-0.46099476713,-0.148812655457,-0.490897676188,-0.118909746399,1998-05-01,Indian and Pakistani nuclear tests,t_event +/- 1,-0.306418676153,0.00151496485915,3,True
single,event_window_omitted,lwti,diplomatic_tension,24,410,1990-04-01,2024-08-01,-0.309526043377,HC3,0.478532508768,0.0975355851409,0.00150629584735,-0.469957804353,-0.149094282401,-0.500692277464,-0.11835980929,0.0954090013021,0.00117780315129,-0.466459885213,-0.152592201542,-0.49652424973,-0.122527837024,2001-09-01,September 11 attacks,t_event +/- 1,-0.306418676153,-0.00310736722474,3,True
single,event_window_omitted,lwti,diplomatic_tension,24,410,1990-04-01,2024-08-01,-0.299021444074,HC3,0.480868926865,0.0966318505721,0.00197184948647,-0.457966693967,-0.140076194181,-0.488416390955,-0.109626497193,0.0945738110518,0.00156808782122,-0.454581520197,-0.143461367951,-0.484382707616,-0.113660180532,2003-03-01,Invasion of Iraq,t_event +/- 1,-0.306418676153,0.0073972320784,3,True
single,event_window_omitted,lwti,diplomatic_tension,24,410,1990-04-01,2024-08-01,-0.310264714241,HC3,0.473928776696,0.0972565317687,0.00142189913529,-0.470237473266,-0.150291955217,-0.500884013769,-0.119645414713,0.0951016970017,0.00110452906316,-0.466693085484,-0.153836342999,-0.496660615233,-0.123868813249,2006-10-01,North Korean nuclear test,t_event +/- 1,-0.306418676153,-0.00384603808867,3,True
single,event_window_omitted,lwti,diplomatic_tension,24,410,1990-04-01,2024-08-01,-0.303993186276,HC3,0.47389438554,0.0980243589845,0.00192737769293,-0.465228908681,-0.14275746387,-0.496117399493,-0.111868973058,0.0959001288512,0.00152494867891,-0.461734861042,-0.14625151151,-0.491953984937,-0.116032387615,2011-02-01,Libyan uprising,t_event +/- 1,-0.306418676153,0.00242548987688,3,True
single,event_window_omitted,lwti,diplomatic_tension,24,410,1990-04-01,2024-08-01,-0.31238404787,HC3,0.473739956733,0.0974957249804,0.00135495085227,-0.472750244716,-0.152017851024,-0.503472157478,-0.121295938262,0.095283515101,0.00104371837454,-0.469111483273,-0.155656612467,-0.499136305789,-0.125631789952,2013-07-01,Egyptian military takeover,t_event +/- 1,-0.306418676153,-0.0059653717176,3,True
single,event_window_omitted,lwti,diplomatic_tension,24,410,1990-04-01,2024-08-01,-0.312695874849,HC3,0.476674477476,0.0976892985826,0.00136988367076,-0.473380471937,-0.152011277761,-0.504163381745,-0.121228367952,0.0955536085371,0.00106613932482,-0.469867574419,-0.155524175278,-0.499977506174,-0.125414243523,2015-11-01,Paris attacks,t_event +/- 1,-0.306418676153,-0.00627719869608,3,True
single,event_window_omitted,lwti,diplomatic_tension,24,410,1990-04-01,2024-08-01,-0.307315227051,HC3,0.473579568257,0.0975822851525,0.0016366589906,-0.46782380271,-0.146806651392,-0.498572991479,-0.116057462623,0.0954175438287,0.00127859492973,-0.464263120092,-0.150367334009,-0.494330176448,-0.120300277653,2017-07-01,North Korean missile escalation,t_event +/- 1,-0.306418676153,-0.000896550898381,3,True
single,event_window_omitted,lwti,diplomatic_tension,24,410,1990-04-01,2024-08-01,-0.312156636555,HC3,0.476127133922,0.0997239622904,0.0017468321225,-0.476187957623,-0.148125315488,-0.50761201104,-0.11670126207,0.0974077496568,0.00135232153437,-0.472378126871,-0.151935146239,-0.503072317698,-0.121240955413,2022-02-01,Russian invasion of Ukraine,t_event +/- 1,-0.306418676153,-0.00573796040269,3,True
single,event_window_omitted,lwti,diplomatic_tension,24,410,1990-04-01,2024-08-01,-0.310479079055,HC3,0.474443191774,0.0976736458113,0.00147916946011,-0.471137929626,-0.149820228485,-0.501915907084,-0.119042251027,0.0954785551162,0.00114668598701,-0.467527326734,-0.153430831377,-0.497613608379,-0.123344549732,2023-10-01,Israel-Hamas war outbreak,t_event +/- 1,-0.306418676153,-0.00406040290298,3,True
single,event_window_omitted,lwti,diplomatic_tension,48,386,1990-04-01,2022-08-01,-0.226290078107,HC3,0.506917409763,0.1039706438,0.0295193507252,-0.397306568658,-0.0552735875555,-0.430068795405,-0.0225113608089,0.101651734927,0.0260054081813,-0.393492302988,-0.0590878532261,-0.42552381753,-0.0270563386837,1990-08-01,Iraq invades Kuwait,t_event +/- 1,-0.226655004576,0.000364926468908,3,True
single,event_window_omitted,lwti,diplomatic_tension,48,386,1990-04-01,2022-08-01,-0.225323991813,HC3,0.488277647861,0.105203493325,0.032210230032,-0.398368339377,-0.0522796442484,-0.431519049778,-0.0191289338471,0.102868151474,0.028494118064,-0.394527043862,-0.0561209397636,-0.426941863857,-0.0237061197683,1991-01-01,Gulf War air campaign,t_event +/- 1,-0.226655004576,0.00133101276326,3,True
single,event_window_omitted,lwti,diplomatic_tension,48,386,1990-04-01,2022-08-01,-0.226844256613,HC3,0.484219031649,0.103935749808,0.0290694718135,-0.397803351655,-0.0558851615715,-0.430554582943,-0.0231339302833,0.101654829928,0.0256470488367,-0.394051572317,-0.0596369409096,-0.426084062126,-0.0276044511005,1998-05-01,Indian and Pakistani nuclear tests,t_event +/- 1,-0.226655004576,-0.000189252037433,3,True
single,event_window_omitted,lwti,diplomatic_tension,48,386,1990-04-01,2022-08-01,-0.206511786369,HC3,0.488382075206,0.104032247177,0.0471361563186,-0.377629605458,-0.03539396728,-0.410411244066,-0.0026123286713,0.101721774506,0.0423399699667,-0.373829216106,-0.0391943566319,-0.405882800845,-0.00714077189263,2001-09-01,September 11 attacks,t_event +/- 1,-0.226655004576,0.0201432182071,3,True
single,event_window_omitted,lwti,diplomatic_tension,48,386,1990-04-01,2022-08-01,-0.220711620928,HC3,0.491068912399,0.104092897354,0.0339779599465,-0.391929200681,-0.0494940411759,-0.424729950788,-0.0166932910683,0.10179367032,0.030141541617,-0.388147308754,-0.0532759331022,-0.420223548609,-0.0211996932475,2003-03-01,Invasion of Iraq,t_event +/- 1,-0.226655004576,0.00594338364757,3,True
single,event_window_omitted,lwti,diplomatic_tension,48,386,1990-04-01,2022-08-01,-0.226740763383,HC3,0.483832241742,0.103810377512,0.028948873228,-0.397493639348,-0.0559878874176,-0.430205364527,-0.0232761622385,0.101521574716,0.0255209697804,-0.393728893768,-0.0597526329981,-0.425719393479,-0.0277621332865,2006-10-01,North Korean nuclear test,t_event +/- 1,-0.226655004576,-8.57588070503e-05,3,True
single,event_window_omitted,lwti,diplomatic_tension,48,386,1990-04-01,2022-08-01,-0.239080469099,HC3,0.483772184137,0.104927129085,0.0226945327822,-0.411670237941,-0.0664907002576,-0.444733863108,-0.0334270750907,0.102608323131,0.0198045666376,-0.407856141556,-0.0703047966427,-0.440189086949,-0.0379718512495,2011-02-01,Libyan uprising,t_event +/- 1,-0.226655004576,-0.0124254645236,3,True
single,event_window_omitted,lwti,diplomatic_tension,48,386,1990-04-01,2022-08-01,-0.225767164193,HC3,0.483664275424,0.103810415117,0.029644909659,-0.396520102014,-0.0550142263727,-0.429231839043,-0.0223024893437,0.10149559482,0.0261213033976,-0.392712561452,-0.0588217669345,-0.424694874629,-0.0268394537572,2013-07-01,Egyptian military takeover,t_event +/- 1,-0.226655004576,0.000887840382472,3,True
single,event_window_omitted,lwti,diplomatic_tension,48,386,1990-04-01,2022-08-01,-0.233981508329,HC3,0.486833698495,0.104440530059,0.0250693482353,-0.405770892997,-0.0621921236614,-0.438681185771,-0.0292818308878,0.102139900257,0.0219753094976,-0.401986693724,-0.0659763229348,-0.434172034218,-0.0337909824407,2015-11-01,Paris attacks,t_event +/- 1,-0.226655004576,-0.00732650375336,3,True
single,event_window_omitted,lwti,diplomatic_tension,48,386,1990-04-01,2022-08-01,-0.225235208107,HC3,0.483414874587,0.105512859356,0.0327879188953,-0.398788417509,-0.0516819987048,-0.432036612351,-0.0184338038629,0.10308477537,0.0288924216891,-0.394794574757,-0.0556758414559,-0.427277655186,-0.0231927610271,2017-07-01,North Korean missile escalation,t_event +/- 1,-0.226655004576,0.00141979646915,3,True
single,event_window_omitted,lwti,diplomatic_tension,48,386,1990-04-01,2022-08-01,-0.226563370536,HC3,0.486213914706,0.105999465323,0.0325653845203,-0.400916975527,-0.0522097655441,-0.434318504949,-0.018808236122,0.103671168548,0.02885924908,-0.397087268133,-0.0560394729386,-0.429755127126,-0.0233716139458,2022-02-01,Russian invasion of Ukraine,t_event +/- 1,-0.226655004576,9.16340401778e-05,3,True
single,event_window_omitted,lwti,diplomatic_tension,48,389,1990-04-01,2022-08-01,-0.226655004576,HC3,0.483170684948,0.103810974449,0.0290105316751,-0.397408862415,-0.0559011467365,-0.430120775695,-0.0231892334563,0.101527255514,0.0255849222318,-0.393652479043,-0.0596575301084,-0.425644768833,-0.0276652403183,2023-10-01,Israel-Hamas war outbreak,t_event +/- 1,-0.226655004576,0,0,True
single,event_window_omitted,lwti,nuclear_threat,0,429,1990-04-01,2026-03-01,0.0228797378092,HC3,0.479342975778,0.0149400448557,0.125661419976,-0.00169444915849,0.0474539247769,-0.00640221203536,0.0521616876537,0.0139900959108,0.101960206716,-0.000131922191031,0.0458913978094,-0.00454034631617,0.0502998219346,1990-08-01,Iraq invades Kuwait,t_event +/- 1,0.0190881634422,0.00379157436701,3,True
single,event_window_omitted,lwti,nuclear_threat,0,429,1990-04-01,2026-03-01,0.0172420273911,HC3,0.455077026695,0.0150485221853,0.251893573154,-0.00751058890574,0.0419946436879,-0.0122525341127,0.0467365888948,0.0140581461879,0.220018304302,-0.00588156535425,0.0403656201364,-0.0103114328265,0.0447954876086,1991-01-01,Gulf War air campaign,t_event +/- 1,0.0190881634422,-0.00184613605113,3,True
single,event_window_omitted,lwti,nuclear_threat,0,429,1990-04-01,2026-03-01,0.0191510405736,HC3,0.452457817664,0.0145932750576,0.189412328893,-0.00485276083405,0.0431548419812,-0.00945125295584,0.047753334103,0.0137252746321,0.162921771101,-0.00342502718589,0.041727108333,-0.0077500033832,0.0460520845303,1998-05-01,Indian and Pakistani nuclear tests,t_event +/- 1,0.0190881634422,6.28771313717e-05,3,True
single,event_window_omitted,lwti,nuclear_threat,0,429,1990-04-01,2026-03-01,0.0188797178539,HC3,0.456130684088,0.0151266737056,0.211991620608,-0.00600144625441,0.0437608819623,-0.0107680178149,0.0485274535228,0.0141425434394,0.181889714703,-0.00438269601666,0.0421421317245,-0.00883915793706,0.0465985936449,2001-09-01,September 11 attacks,t_event +/- 1,0.0190881634422,-0.00020844558825,3,True
single,event_window_omitted,lwti,nuclear_threat,0,429,1990-04-01,2026-03-01,0.0203599173297,HC3,0.460547733131,0.0149366233837,0.172855089727,-0.00420864181733,0.0449284764768,-0.00891532655293,0.0496351612124,0.0140215630105,0.146489551947,-0.00270350144364,0.0434233361031,-0.00712184117783,0.0478416758373,2003-03-01,Invasion of Iraq,t_event +/- 1,0.0190881634422,0.00127175388755,3,True
single,event_window_omitted,lwti,nuclear_threat,0,429,1990-04-01,2026-03-01,0.0205550620181,HC3,0.451470766621,0.0155473464229,0.186136667407,-0.00501804713499,0.0461281711712,-0.00991717702585,0.0510273010621,0.014519058721,0.156854671881,-0.0033266643791,0.0444367884154,-0.00790177016454,0.0490118942008,2006-10-01,North Korean nuclear test,t_event +/- 1,0.0190881634422,0.00146689857595,3,True
single,event_window_omitted,lwti,nuclear_threat,0,429,1990-04-01,2026-03-01,0.0159408249649,HC3,0.451714016836,0.0150293364494,0.288850223036,-0.00878023360461,0.0406618835345,-0.0135161331875,0.0453977831174,0.0140470548749,0.256452351114,-0.0071645241941,0.0390461741239,-0.0115908966788,0.0434725466086,2011-02-01,Libyan uprising,t_event +/- 1,0.0190881634422,-0.00314733847727,3,True
single,event_window_omitted,lwti,nuclear_threat,0,429,1990-04-01,2026-03-01,0.0193563228159,HC3,0.451120166659,0.0151230841056,0.200573621634,-0.0055189369259,0.0442315825577,-0.0102843773663,0.048997022998,0.0141472445447,0.171248091863,-0.00391382368488,0.0426264693166,-0.00837176697226,0.047084412604,2013-07-01,Egyptian military takeover,t_event +/- 1,0.0190881634422,0.000268159373694,3,True
single,event_window_omitted,lwti,nuclear_threat,0,429,1990-04-01,2026-03-01,0.0184131128772,HC3,0.452986146871,0.0151495042393,0.224203366264,-0.00650560411732,0.0433318298717,-0.0112793698155,0.0481055955698,0.0141644505691,0.193617250931,-0.00488533501521,0.0417115607696,-0.0093487000991,0.0461749258535,2015-11-01,Paris attacks,t_event +/- 1,0.0190881634422,-0.000675050564987,3,True
single,event_window_omitted,lwti,nuclear_threat,0,429,1990-04-01,2026-03-01,0.0207143624678,HC3,0.45213387731,0.0161235156579,0.198886690143,-0.00580646074137,0.047235185677,-0.0108871475259,0.0523158724616,0.0151364189728,0.171152044761,-0.00418283117858,0.0456115561142,-0.00895247357369,0.0503811985093,2017-07-01,North Korean missile escalation,t_event +/- 1,0.0190881634422,0.00162619902563,3,True
single,event_window_omitted,lwti,nuclear_threat,0,429,1990-04-01,2026-03-01,0.0175647022978,HC3,0.453506290731,0.0151141124362,0.245178933058,-0.00729580036103,0.0424252049566,-0.0120584137354,0.047187818331,0.0140999024996,0.212862734857,-0.00562757346843,0.040756978064,-0.0100705987871,0.0452000033826,2022-02-01,Russian invasion of Ukraine,t_event +/- 1,0.0190881634422,-0.00152346114441,3,True
single,event_window_omitted,lwti,nuclear_threat,0,429,1990-04-01,2026-03-01,0.0190255109845,HC3,0.451815836322,0.0151343320763,0.208714026956,-0.0058682500227,0.0439192719917,-0.0106372348151,0.0486882567842,0.0141532885497,0.178868634956,-0.00425457701972,0.0423055989888,-0.00871442483567,0.0467654468047,2023-10-01,Israel-Hamas war outbreak,t_event +/- 1,0.0190881634422,-6.26524576688e-05,3,True
single,event_window_omitted,lwti,nuclear_threat,12,422,1990-04-01,2025-08-01,0.0826674241145,HC3,0.484168663696,0.044042207761,0.0605174710172,0.0102244389398,0.155110409289,-0.00365371689677,0.168988565126,0.0425418778273,0.0519918643262,0.012692262073,0.152642586156,-0.000713124261641,0.166047972491,1990-08-01,Iraq invades Kuwait,t_event +/- 1,0.0822149437182,0.000452480396247,3,True
single,event_window_omitted,lwti,nuclear_threat,12,422,1990-04-01,2025-08-01,0.0794052540762,HC3,0.459450874568,0.0440808170351,0.0716467514446,0.006898762297,0.151911745855,-0.00699155972174,0.165802067874,0.0425466679381,0.0619980648995,0.00942221300346,0.149388295149,-0.00398468274473,0.162795190897,1991-01-01,Gulf War air campaign,t_event +/- 1,0.0822149437182,-0.00280968964201,3,True
single,event_window_omitted,lwti,nuclear_threat,12,422,1990-04-01,2025-08-01,0.0850779472457,HC3,0.456756268626,0.0435610961603,0.0508110913217,0.0134263202324,0.156729574259,-0.000300232355611,0.170456126847,0.0423165854037,0.0443771661335,0.0154733582643,0.154682536227,0.00213896390584,0.168016930586,1998-05-01,Indian and Pakistani nuclear tests,t_event +/- 1,0.0822149437182,0.00286300352748,3,True
single,event_window_omitted,lwti,nuclear_threat,12,422,1990-04-01,2025-08-01,0.0836162779999,HC3,0.460572795489,0.0440118163567,0.0574515285748,0.0112232822369,0.156009273763,-0.00264529695338,0.169877852953,0.0424624727209,0.0489323545106,0.0137717257357,0.153460830264,0.000391360772523,0.166841195227,2001-09-01,September 11 attacks,t_event +/- 1,0.0822149437182,0.00140133428169,3,True
single,event_window_omitted,lwti,nuclear_threat,12,422,1990-04-01,2025-08-01,0.0810317159819,HC3,0.465068214879,0.0436960058892,0.0636759264324,0.00915818221173,0.152905249752,-0.00461088182922,0.166674313793,0.0422291770066,0.0550025414945,0.0115709010194,0.150492530944,-0.00173595004785,0.163799382012,2003-03-01,Invasion of Iraq,t_event +/- 1,0.0822149437182,-0.00118322773635,3,True
single,event_window_omitted,lwti,nuclear_threat,12,422,1990-04-01,2025-08-01,0.0864474088874,HC3,0.455709137829,0.0436950990149,0.0478809555636,0.0145753667927,0.158319450982,0.000806588517251,0.172088229257,0.0421381614821,0.0402160388473,0.0171363011405,0.155758516634,0.00385813000772,0.169036687767,2006-10-01,North Korean nuclear test,t_event +/- 1,0.0822149437182,0.00423246516914,3,True
single,event_window_omitted,lwti,nuclear_threat,12,422,1990-04-01,2025-08-01,0.0779832875288,HC3,0.455998713578,0.0446106037304,0.080448687825,0.00460537418226,0.151361200875,-0.00945188911148,0.165418464169,0.0430676842693,0.0701850314664,0.00714325085402,0.148823324203,-0.00642782253659,0.162394397594,2011-02-01,Libyan uprising,t_event +/- 1,0.0822149437182,-0.00423165618947,3,True
single,event_window_omitted,lwti,nuclear_threat,12,422,1990-04-01,2025-08-01,0.0831262040359,HC3,0.455384440919,0.0439752025456,0.0587182176117,0.0107934326329,0.155458975439,-0.00306360916628,0.169316017238,0.0424393204261,0.0501470824717,0.0133197339078,0.152932674164,-5.33355275244e-05,0.166305743599,2013-07-01,Egyptian military takeover,t_event +/- 1,0.0822149437182,0.000911260317702,3,True
single,event_window_omitted,lwti,nuclear_threat,12,422,1990-04-01,2025-08-01,0.0809776527106,HC3,0.457239177619,0.0441527576602,0.0666489676009,0.00835282913321,0.153602476288,-0.00556016212163,0.167515467543,0.0426048792343,0.0573457521425,0.0108988625761,0.151056442845,-0.00252637615442,0.164481681576,2015-11-01,Paris attacks,t_event +/- 1,0.0822149437182,-0.00123729100766,3,True
single,event_window_omitted,lwti,nuclear_threat,12,422,1990-04-01,2025-08-01,0.0771337306908,HC3,0.456363021219,0.0471352646362,0.101748872346,-0.000396880303399,0.154664341685,-0.015249690398,0.16951715178,0.045518098818,0.0901564967262,0.00226312075813,0.152004340624,-0.0120801036372,0.166347565019,2017-07-01,North Korean missile escalation,t_event +/- 1,0.0822149437182,-0.00508121302741,3,True
single,event_window_omitted,lwti,nuclear_threat,12,422,1990-04-01,2025-08-01,0.0861516391194,HC3,0.457839995411,0.0445374215413,0.0530682398113,0.012894099762,0.159409178477,-0.00114010306591,0.173443381305,0.0429440727088,0.0448417675084,0.0155149253683,0.15678835287,0.0019828032607,0.170320474978,2022-02-01,Russian invasion of Ukraine,t_event +/- 1,0.0822149437182,0.00393669540115,3,True
single,event_window_omitted,lwti,nuclear_threat,12,422,1990-04-01,2025-08-01,0.0805009035503,HC3,0.456085969537,0.0440877148149,0.067861413346,0.00798306593308,0.153018741168,-0.0059094296475,0.166911236748,0.0425592982565,0.0585576595065,0.0104970874525,0.150504719648,-0.0029137882398,0.16391559534,2023-10-01,Israel-Hamas war outbreak,t_event +/- 1,0.0822149437182,-0.0017140401679,3,True
single,event_window_omitted,lwti,nuclear_threat,24,410,1990-04-01,2024-08-01,0.0804467575548,HC3,0.487478123204,0.0465241080828,0.0837838059028,0.00392140963417,0.156972105475,-0.0107388187003,0.17163233381,0.0451373923058,0.0747061608256,0.00620235410947,0.154691161,-0.00802090572062,0.16891442083,1990-08-01,Iraq invades Kuwait,t_event +/- 1,0.0810225368937,-0.00057577933889,3,True
single,event_window_omitted,lwti,nuclear_threat,24,410,1990-04-01,2024-08-01,0.0787412979357,HC3,0.462785855737,0.0467439795907,0.0920806829078,0.00185429356777,0.155628302304,-0.0128752185562,0.170357814428,0.0453440549251,0.0824702182176,0.00415696473141,0.15332563114,-0.0101314166306,0.167614012502,1991-01-01,Gulf War air campaign,t_event +/- 1,0.0810225368937,-0.00228123895797,3,True
single,event_window_omitted,lwti,nuclear_threat,24,410,1990-04-01,2024-08-01,0.0820771796638,HC3,0.460083830396,0.0493715573057,0.0964248767402,0.000868194561305,0.163286164766,-0.014689294516,0.178843653843,0.047863132531,0.0863762305578,0.00334933252294,0.160805026805,-0.0117328362842,0.175887195612,1998-05-01,Indian and Pakistani nuclear tests,t_event +/- 1,0.0810225368937,0.00105464277007,3,True
single,event_window_omitted,lwti,nuclear_threat,24,410,1990-04-01,2024-08-01,0.0819062602303,HC3,0.463881089964,0.0466654530198,0.0792285589398,0.00514842057732,0.158664099883,-0.00955634701079,0.173368867471,0.0452468268336,0.0702632211797,0.00748185300503,0.156330667456,-0.00677589077824,0.170588411239,2001-09-01,September 11 attacks,t_event +/- 1,0.0810225368937,0.000883723336585,3,True
single,event_window_omitted,lwti,nuclear_threat,24,410,1990-04-01,2024-08-01,0.0819091456492,HC3,0.468538247495,0.0458218152953,0.0738473708813,0.00653896656731,0.157279324731,-0.00789996203573,0.171718253334,0.0445250909582,0.0658243831573,0.00867188829635,0.155146403002,-0.00535842903714,0.169176720336,2003-03-01,Invasion of Iraq,t_event +/- 1,0.0810225368937,0.000886608755531,3,True
single,event_window_omitted,lwti,nuclear_threat,24,410,1990-04-01,2024-08-01,0.077581061635,HC3,0.458965712148,0.047988091116,0.105948838209,-0.00135232408756,0.156514447358,-0.0164738686391,0.171635991909,0.0465375870619,0.0955019974213,0.00103354276676,0.154128580503,-0.0136309329336,0.168793056204,2006-10-01,North Korean nuclear test,t_event +/- 1,0.0810225368937,-0.00344147525865,3,True
single,event_window_omitted,lwti,nuclear_threat,24,410,1990-04-01,2024-08-01,0.0787248564762,HC3,0.459268530665,0.0476027993347,0.0981709444032,0.0004252193375,0.157024493615,-0.0145749157831,0.172024628736,0.046187546181,0.0882950554632,0.00275310362043,0.154696609332,-0.0118010705728,0.169250783525,2011-02-01,Libyan uprising,t_event +/- 1,0.0810225368937,-0.00229768041747,3,True
single,event_window_omitted,lwti,nuclear_threat,24,410,1990-04-01,2024-08-01,0.0784960090118,HC3,0.458636887779,0.0464243434362,0.0908678913525,0.00213475933201,0.154857258692,-0.012494032129,0.169486050153,0.0450343778203,0.0813293929985,0.00442104931666,0.152570968707,-0.00976974958207,0.166761767606,2013-07-01,Egyptian military takeover,t_event +/- 1,0.0810225368937,-0.00252652788184,3,True
single,event_window_omitted,lwti,nuclear_threat,24,410,1990-04-01,2024-08-01,0.0803733970781,HC3,0.460516402984,0.0468093419809,0.0859723144166,0.00337888114559,0.157367913011,-0.0113712273445,0.172118021501,0.045378654808,0.0765321248469,0.0057321521309,0.155014642025,-0.00856713201255,0.169313926169,2015-11-01,Paris attacks,t_event +/- 1,0.0810225368937,-0.000649139815605,3,True
single,event_window_omitted,lwti,nuclear_threat,24,410,1990-04-01,2024-08-01,0.095434981653,HC3,0.459636289881,0.0481875168636,0.0476482946775,0.0161735697661,0.17469639354,0.000989184095916,0.18988077921,0.0470560351214,0.0425486620021,0.0180346916136,0.172835271692,0.00320684755982,0.187663115746,2017-07-01,North Korean missile escalation,t_event +/- 1,0.0810225368937,0.0144124447593,3,True
single,event_window_omitted,lwti,nuclear_threat,24,410,1990-04-01,2024-08-01,0.0829500813424,HC3,0.461137333899,0.0473303245371,0.0796744854659,0.00509862536279,0.160801537322,-0.00981565012687,0.175715812812,0.0458529659267,0.0704440037897,0.00752866403141,0.158371498653,-0.00692008045825,0.172820243143,2022-02-01,Russian invasion of Ukraine,t_event +/- 1,0.0810225368937,0.00192754444871,3,True
single,event_window_omitted,lwti,nuclear_threat,24,410,1990-04-01,2024-08-01,0.0766581726164,HC3,0.45933839942,0.0465590930299,0.0996669312637,7.52795786958e-05,0.153241065654,-0.0145959728749,0.167912318108,0.0451587430495,0.0895971253136,0.00237865032298,0.15093769491,-0.0118513373476,0.16516768258,2023-10-01,Israel-Hamas war outbreak,t_event +/- 1,0.0810225368937,-0.00436436427724,3,True
single,event_window_omitted,lwti,nuclear_threat,48,386,1990-04-01,2022-08-01,-0.00293194719374,HC3,0.498259325775,0.0518528555589,0.954908762206,-0.0882223047276,0.0823584103402,-0.104561676585,0.0986977821973,0.050991538501,0.954147941351,-0.0868055642409,0.0809416698535,-0.102873526172,0.0970096317845,1990-08-01,Iraq invades Kuwait,t_event +/- 1,0.00362429046817,-0.00655623766191,3,False
single,event_window_omitted,lwti,nuclear_threat,48,386,1990-04-01,2022-08-01,-0.00261152806598,HC3,0.472866677294,0.0520520289573,0.959985727314,-0.0882294966866,0.0830064405547,-0.104631630145,0.0994085740126,0.0511897158788,0.959312249192,-0.0868111178918,0.0815880617598,-0.102941527567,0.0977184714352,1991-01-01,Gulf War air campaign,t_event +/- 1,0.00362429046817,-0.00623581853415,3,False
single,event_window_omitted,lwti,nuclear_threat,48,386,1990-04-01,2022-08-01,0.00161742420989,HC3,0.469893774153,0.0558812937726,0.976909309859,-0.0902991245307,0.0935339729504,-0.107907898994,0.111142747414,0.0548836293202,0.976489691982,-0.0886581125377,0.0918929609575,-0.105952512599,0.109187361018,1998-05-01,Indian and Pakistani nuclear tests,t_event +/- 1,0.00362429046817,-0.00200686625828,3,True
single,event_window_omitted,lwti,nuclear_threat,48,386,1990-04-01,2022-08-01,0.010759732774,HC3,0.473726308275,0.0517199048389,0.835198885887,-0.0743119402858,0.0958314058339,-0.090609417994,0.112128883542,0.0508352293165,0.83237309238,-0.0728567785442,0.0943762440922,-0.0888754858322,0.11039495138,2001-09-01,September 11 attacks,t_event +/- 1,0.00362429046817,0.00713544230586,3,True
single,event_window_omitted,lwti,nuclear_threat,48,386,1990-04-01,2022-08-01,0.00574801516,HC3,0.478850500836,0.0515958923499,0.911295583021,-0.0791196755075,0.0906157058275,-0.095378075596,0.106874105916,0.0507426435748,0.909810314949,-0.0777162061652,0.0892122364852,-0.093705738727,0.105201769047,2003-03-01,Invasion of Iraq,t_event +/- 1,0.00362429046817,0.00212372469183,3,True
single,event_window_omitted,lwti,nuclear_threat,48,386,1990-04-01,2022-08-01,0.00471978797969,HC3,0.468750807171,0.052226980453,0.927992651627,-0.0811859502431,0.0906255262025,-0.0976432127294,0.107082788689,0.0513787630911,0.926807187825,-0.079790756839,0.0892303327984,-0.0959807372491,0.105420313209,2006-10-01,North Korean nuclear test,t_event +/- 1,0.00362429046817,0.00109549751152,3,True
single,event_window_omitted,lwti,nuclear_threat,48,386,1990-04-01,2022-08-01,0.00976164092232,HC3,0.469051244522,0.052940311091,0.853707855552,-0.0773174217876,0.0968407036322,-0.0939994621463,0.113522743991,0.0520509401283,0.851237149904,-0.0758545367339,0.0953778185786,-0.0922563270906,0.111779608935,2011-02-01,Libyan uprising,t_event +/- 1,0.00362429046817,0.00613735045415,3,True
single,event_window_omitted,lwti,nuclear_threat,48,386,1990-04-01,2022-08-01,0.0013608583318,HC3,0.46841136116,0.0519002453215,0.979081342701,-0.0840074484249,0.0867291650885,-0.100361753287,0.103083469951,0.0510314364069,0.978725286795,-0.0825783849306,0.0853001015942,-0.098658919105,0.101380635769,2013-07-01,Egyptian military takeover,t_event +/- 1,0.00362429046817,-0.00226343213637,3,True
single,event_window_omitted,lwti,nuclear_threat,48,386,1990-04-01,2022-08-01,0.00172256638657,HC3,0.470373946028,0.052137311116,0.973643460114,-0.084035678902,0.0874808116752,-0.100464685652,0.103909818425,0.0512647897627,0.973195041952,-0.0826005089894,0.0860456417626,-0.0987545752232,0.102199707996,2015-11-01,Paris attacks,t_event +/- 1,0.00362429046817,-0.0019017240816,3,True
single,event_window_omitted,lwti,nuclear_threat,48,386,1990-04-01,2022-08-01,0.00330757798482,HC3,0.4693631269,0.0562952743951,0.953147970937,-0.0892899082842,0.0959050642539,-0.107029132329,0.113644288299,0.0553053318596,0.952310329609,-0.0876615977141,0.0942767536838,-0.105088880613,0.111704036583,2017-07-01,North Korean missile escalation,t_event +/- 1,0.00362429046817,-0.000316712483346,3,True
single,event_window_omitted,lwti,nuclear_threat,48,386,1990-04-01,2022-08-01,0.00258023259479,HC3,0.471174329826,0.0526945181259,0.960946500075,-0.084094536665,0.0892550018546,-0.100699125115,0.105859590304,0.0518020809608,0.960274244739,-0.0826266081572,0.0877870733468,-0.0989499804126,0.104110445602,2022-02-01,Russian invasion of Ukraine,t_event +/- 1,0.00362429046817,-0.00104405787338,3,True
single,event_window_omitted,lwti,nuclear_threat,48,389,1990-04-01,2022-08-01,0.00362429046817,HC3,0.468391153525,0.0518542148811,0.944278151965,-0.0816683029517,0.088916883888,-0.0980081031453,0.105256684082,0.0509867744591,0.943331735763,-0.0802414904274,0.0874900713638,-0.0963079511595,0.103556532096,2023-10-01,Israel-Hamas war outbreak,t_event +/- 1,0.00362429046817,0,0,True
single,event_window_omitted,lbrent,military_conflict,0,429,1990-04-01,2026-03-01,0.0561871230142,HC3,0.449701755079,0.0315950934483,0.0753464484903,0.00421781896181,0.108156427067,-0.00573812223274,0.118112368261,0.0281922695851,0.0462617200153,0.00981496613507,0.102559279893,0.00093128998486,0.111442956043,1990-08-01,Iraq invades Kuwait,t_event +/- 1,0.0636325636996,-0.00744544068542,3,True
single,event_window_omitted,lbrent,military_conflict,0,429,1990-04-01,2026-03-01,0.0686153280845,HC3,0.428649494021,0.0288105779664,0.0172375195515,0.0212261444219,0.116004511747,0.0121476328966,0.125083023272,0.0257358400945,0.00767279517877,0.0262836381624,0.110947018007,0.0181740083874,0.119056647782,1991-01-01,Gulf War air campaign,t_event +/- 1,0.0636325636996,0.00498276438486,3,True
single,event_window_omitted,lbrent,military_conflict,0,429,1990-04-01,2026-03-01,0.0656956517858,HC3,0.427544406562,0.0303936663238,0.0306573919015,0.0157025194967,0.115688784075,0.00612516043294,0.125266143139,0.0273093583095,0.0161455125835,0.0207757547207,0.110615548851,0.0121702930583,0.119221010513,1998-05-01,Indian and Pakistani nuclear tests,t_event +/- 1,0.0636325636996,0.00206308808618,3,True
single,event_window_omitted,lbrent,military_conflict,0,429,1990-04-01,2026-03-01,0.0702799342186,HC3,0.432741850654,0.0303908757344,0.0207482724519,0.0202913920407,0.120268476396,0.0107149123206,0.129844956117,0.0272290118513,0.00984951466324,0.0254921953167,0.11506767312,0.0169120516554,0.123647816782,2001-09-01,September 11 attacks,t_event +/- 1,0.0636325636996,0.00664737051895,3,True
single,event_window_omitted,lbrent,military_conflict,0,429,1990-04-01,2026-03-01,0.0614995190303,HC3,0.434740067186,0.031147473892,0.0483291779153,0.0102664836287,0.112732554432,0.000451591992598,0.122547446068,0.0277110264949,0.0264652472065,0.0159189365936,0.107080101467,0.00718690512567,0.115812132935,2003-03-01,Invasion of Iraq,t_event +/- 1,0.0636325636996,-0.00213304466934,3,True
single,event_window_omitted,lbrent,military_conflict,0,429,1990-04-01,2026-03-01,0.0633765448727,HC3,0.425768371127,0.0304434726697,0.0373627724906,0.013301488435,0.11345160131,0.00370843487586,0.12304465487,0.0273698814695,0.0205824205329,0.0183570960683,0.108395993677,0.00973256293132,0.117020526814,2006-10-01,North Korean nuclear test,t_event +/- 1,0.0636325636996,-0.000256018826883,3,True
single,event_window_omitted,lbrent,military_conflict,0,429,1990-04-01,2026-03-01,0.0645202750944,HC3,0.425869349141,0.0307179770473,0.035692993465,0.0139936991355,0.115046851053,0.00431414640367,0.124726403785,0.0276410107284,0.0195840631175,0.0190548583451,0.109985691844,0.0103448895704,0.118695660618,2011-02-01,Libyan uprising,t_event +/- 1,0.0636325636996,0.000887711394798,3,True
single,event_window_omitted,lbrent,military_conflict,0,429,1990-04-01,2026-03-01,0.0640898586299,HC3,0.425557038438,0.0303426312862,0.0346688667067,0.0141806715076,0.113999045752,0.0046193941128,0.123560323147,0.0272826876658,0.018818672134,0.0192138308698,0.10896588639,0.0106167734034,0.117562943856,2013-07-01,Egyptian military takeover,t_event +/- 1,0.0636325636996,0.000457294930263,3,True
single,event_window_omitted,lbrent,military_conflict,0,429,1990-04-01,2026-03-01,0.0634667843678,HC3,0.42737505469,0.0303339115138,0.0364142184885,0.0135719399948,0.113361628741,0.0040134102906,0.122920158445,0.0272797879351,0.0199911937153,0.0185955262403,0.108338042495,0.00999938250907,0.116934186227,2015-11-01,Paris attacks,t_event +/- 1,0.0636325636996,-0.000165779331783,3,True
single,event_window_omitted,lbrent,military_conflict,0,429,1990-04-01,2026-03-01,0.0635374275914,HC3,0.42566679443,0.0302774158007,0.0358602114323,0.0137355103969,0.113339344786,0.00419478307705,0.122880072106,0.0272209408863,0.0195885065677,0.0187629642455,0.108311890937,0.010185363829,0.116889491354,2017-07-01,North Korean missile escalation,t_event +/- 1,0.0636325636996,-9.51361081982e-05,3,True
single,event_window_omitted,lbrent,military_conflict,0,429,1990-04-01,2026-03-01,0.0604328541562,HC3,0.428112322078,0.0329654652995,0.0667702943148,0.00620948899427,0.114656219318,-0.00417827056432,0.125043978877,0.0293788310993,0.0396842660393,0.0121089772669,0.108756731046,0.0028514032937,0.118014305019,2022-02-01,Russian invasion of Ukraine,t_event +/- 1,0.0636325636996,-0.00319970954338,3,True
single,event_window_omitted,lbrent,military_conflict,0,429,1990-04-01,2026-03-01,0.0670614062518,HC3,0.426904499139,0.0312998470474,0.0321494578084,0.0155777393128,0.118545073191,0.0057148333172,0.128407979186,0.0278428261698,0.0160151383087,0.0212640326418,0.112858779862,0.0124904697312,0.121632342772,2023-10-01,Israel-Hamas war outbreak,t_event +/- 1,0.0636325636996,0.00342884255215,3,True
single,event_window_omitted,lbrent,military_conflict,12,422,1990-04-01,2025-08-01,-0.0119733466239,HC3,0.454389396425,0.0555081961402,0.829218389207,-0.103276204371,0.0793295111229,-0.120767411906,0.0968207186577,0.0510119829226,0.814428893911,-0.0958805917521,0.0719338985043,-0.111954995932,0.0880083026843,1990-08-01,Iraq invades Kuwait,t_event +/- 1,-0.00406498170357,-0.00790836492034,3,True
single,event_window_omitted,lbrent,military_conflict,12,422,1990-04-01,2025-08-01,0.00397766537511,HC3,0.432737021052,0.048779283937,0.935009213037,-0.0762571167288,0.084212447479,-0.0916279743331,0.0995833050833,0.0451476680741,0.929794453315,-0.070283640205,0.0782389709553,-0.0845101380362,0.0924654687864,1991-01-01,Gulf War air campaign,t_event +/- 1,-0.00406498170357,0.00804264707868,3,False
single,event_window_omitted,lbrent,military_conflict,12,422,1990-04-01,2025-08-01,-0.00641822864845,HC3,0.431599236553,0.0503986817825,0.898664070886,-0.089316683172,0.0764802258751,-0.10519782981,0.0923613725136,0.0463900258848,0.889960939472,-0.0827230309794,0.0698865736825,-0.0973410086245,0.0845045513276,1998-05-01,Indian and Pakistani nuclear tests,t_event +/- 1,-0.00406498170357,-0.00235324694488,3,True
single,event_window_omitted,lbrent,military_conflict,12,422,1990-04-01,2025-08-01,-0.00414298974079,HC3,0.436887812215,0.0515503044728,0.935944655986,-0.0889356950234,0.0806497155418,-0.1051797299,0.096893750418,0.0475164821865,0.93052002525,-0.0823006478052,0.0740146683236,-0.0972735834983,0.0889876040167,2001-09-01,September 11 attacks,t_event +/- 1,-0.00406498170357,-7.80080372288e-05,3,True
single,event_window_omitted,lbrent,military_conflict,12,422,1990-04-01,2025-08-01,-0.00501707829247,HC3,0.439067671486,0.051253840501,0.922022121946,-0.0893221437358,0.0792879871508,-0.105472759744,0.0954386031589,0.0468972066043,0.914804590431,-0.0821561186695,0.0721219620845,-0.0969339142125,0.0868997576275,2003-03-01,Invasion of Iraq,t_event +/- 1,-0.00406498170357,-0.000952096588907,3,True
single,event_window_omitted,lbrent,military_conflict,12,422,1990-04-01,2025-08-01,-0.00395016494904,HC3,0.42978800993,0.049886572566,0.936887122392,-0.0860062747704,0.0781059448723,-0.10172605049,0.0938257205924,0.0459436044653,0.931483460815,-0.079520669389,0.0716203394909,-0.0939979750209,0.0860976451228,2006-10-01,North Korean nuclear test,t_event +/- 1,-0.00406498170357,0.000114816754525,3,True
single,event_window_omitted,lbrent,military_conflict,12,422,1990-04-01,2025-08-01,-0.00449635067663,HC3,0.429849200525,0.0504811374089,0.92902634577,-0.0875304326363,0.078537731283,-0.103437561897,0.0944448605434,0.04648277861,0.922939593373,-0.080953717664,0.0719610163107,-0.0956009226535,0.0866082213002,2011-02-01,Libyan uprising,t_event +/- 1,-0.00406498170357,-0.000431368973069,3,True
single,event_window_omitted,lbrent,military_conflict,12,422,1990-04-01,2025-08-01,-0.00267507173715,HC3,0.429557251959,0.0504802186773,0.957737903199,-0.0857076425179,0.0803574990436,-0.101614482276,0.0962643388021,0.046452896645,0.954077797416,-0.0790832872661,0.0737331437918,-0.0937210761389,0.0883709326646,2013-07-01,Egyptian military takeover,t_event +/- 1,-0.00406498170357,0.00138990996641,3,True
single,event_window_omitted,lbrent,military_conflict,12,422,1990-04-01,2025-08-01,-0.00403721317837,HC3,0.431374380753,0.0506277236872,0.936441555455,-0.0873124081095,0.0792379817528,-0.103265728225,0.0951913018678,0.046598065924,0.930958407864,-0.0806842109223,0.0726097845656,-0.0953677441386,0.0872933177818,2015-11-01,Paris attacks,t_event +/- 1,-0.00406498170357,2.77685251975e-05,3,True
single,event_window_omitted,lbrent,military_conflict,12,422,1990-04-01,2025-08-01,-0.00264974808518,HC3,0.42966364208,0.0505509226089,0.958196107547,-0.0857986164842,0.0804991203139,-0.101727735784,0.0964282396136,0.0464809393979,0.954539461812,-0.0791040898379,0.0738045936675,-0.0937507152726,0.0884512191022,2017-07-01,North Korean missile escalation,t_event +/- 1,-0.00406498170357,0.00141523361839,3,True
single,event_window_omitted,lbrent,military_conflict,12,422,1990-04-01,2025-08-01,0.00741574259831,HC3,0.432162662407,0.0559474811074,0.894550635021,-0.08460967462,0.0994411598166,-0.102239305398,0.117070790595,0.0511050764824,0.884625800424,-0.0766446278095,0.0914761130061,-0.0927483667344,0.107579851931,2022-02-01,Russian invasion of Ukraine,t_event +/- 1,-0.00406498170357,0.0114807243019,3,False
single,event_window_omitted,lbrent,military_conflict,12,422,1990-04-01,2025-08-01,0.00159644633376,HC3,0.430827878328,0.0517232605426,0.975377080807,-0.0834807463675,0.086673639035,-0.0997792814927,0.10297217416,0.0472636951425,0.973054630895,-0.0761454140445,0.0793383067121,-0.0910386939219,0.0942315865894,2023-10-01,Israel-Hamas war outbreak,t_event +/- 1,-0.00406498170357,0.00566142803733,3,False
single,event_window_omitted,lbrent,military_conflict,24,410,1990-04-01,2024-08-01,0.00107692923097,HC3,0.4577143036,0.0750502296761,0.988551191342,-0.122369713255,0.124523571717,-0.146018817966,0.148172676428,0.0696633466674,0.987665953131,-0.1135090792,0.115662937662,-0.13546072128,0.137614579742,1990-08-01,Iraq invades Kuwait,t_event +/- 1,0.00449431800885,-0.00341738877788,3,True
single,event_window_omitted,lbrent,military_conflict,24,410,1990-04-01,2024-08-01,0.0123880871594,HC3,0.435860735478,0.0679151345569,0.855264589761,-0.0993223682414,0.12409854256,-0.120723130577,0.145499304896,0.0631306908646,0.844430746811,-0.0914526586812,0.116228833,-0.111345793254,0.136121967573,1991-01-01,Gulf War air campaign,t_event +/- 1,0.00449431800885,0.00789376915058,3,True
single,event_window_omitted,lbrent,military_conflict,24,410,1990-04-01,2024-08-01,0.00557708232465,HC3,0.434732071234,0.0680435882511,0.934675835786,-0.106344660601,0.11749882525,-0.127785900026,0.138940064676,0.0631752129082,0.929654455012,-0.0983368957609,0.10949106041,-0.118244059691,0.12939822434,1998-05-01,Indian and Pakistani nuclear tests,t_event +/- 1,0.00449431800885,0.0010827643158,3,True
single,event_window_omitted,lbrent,military_conflict,24,410,1990-04-01,2024-08-01,0.00651991154542,HC3,0.440179189993,0.0688373610543,0.924541423739,-0.106707471454,0.119747294545,-0.128398836912,0.141438660003,0.0639945468857,0.918850100378,-0.0987417510046,0.111781574095,-0.118907095557,0.131946918648,2001-09-01,September 11 attacks,t_event +/- 1,0.00449431800885,0.00202559353657,3,True
single,event_window_omitted,lbrent,military_conflict,24,410,1990-04-01,2024-08-01,-0.00262879779516,HC3,0.442378562308,0.0584091825546,0.964102060808,-0.0987033535673,0.093445757977,-0.117108691969,0.111851096378,0.0543905545493,0.961451747089,-0.0920932987175,0.0868357031272,-0.109232325811,0.103974730221,2003-03-01,Invasion of Iraq,t_event +/- 1,0.00449431800885,-0.00712311580401,3,False
single,event_window_omitted,lbrent,military_conflict,24,410,1990-04-01,2024-08-01,0.00548042009326,HC3,0.432915495523,0.0667040770063,0.934519324757,-0.104238022903,0.115198863089,-0.125257168461,0.136218008648,0.0620897441215,0.929665175263,-0.0966481207215,0.107608960908,-0.116213242194,0.127174082381,2006-10-01,North Korean nuclear test,t_event +/- 1,0.00449431800885,0.000986102084406,3,True
single,event_window_omitted,lbrent,military_conflict,24,410,1990-04-01,2024-08-01,0.00610922267868,HC3,0.433000124674,0.0676430425737,0.92803641555,-0.105153681237,0.117372126594,-0.126468704571,0.138687149928,0.0628980977329,0.922624035103,-0.0973489415056,0.109567386863,-0.117168783574,0.129387228931,2011-02-01,Libyan uprising,t_event +/- 1,0.00449431800885,0.00161490466983,3,True
single,event_window_omitted,lbrent,military_conflict,24,410,1990-04-01,2024-08-01,0.00183935352869,HC3,0.432678558676,0.0670923197099,0.978128525441,-0.108517691887,0.112196398944,-0.129659176742,0.133337883799,0.0624257231865,0.976493993458,-0.10084182367,0.104520530727,-0.120512815626,0.124191522683,2013-07-01,Egyptian military takeover,t_event +/- 1,0.00449431800885,-0.00265496448017,3,True
single,event_window_omitted,lbrent,military_conflict,24,410,1990-04-01,2024-08-01,0.00500558310697,HC3,0.434504154643,0.0672230780912,0.940642560596,-0.105566540706,0.11557770692,-0.126749228882,0.136760395096,0.0625037229586,0.936170003204,-0.0978038922995,0.107815058513,-0.117499462792,0.127510629006,2015-11-01,Paris attacks,t_event +/- 1,0.00449431800885,0.000511265098114,3,True
single,event_window_omitted,lbrent,military_conflict,24,410,1990-04-01,2024-08-01,0.00445731716271,HC3,0.432783366835,0.0669042943514,0.946882401953,-0.10559045406,0.114505088385,-0.126672690177,0.135587324502,0.0622184419083,0.942888560136,-0.0978829126734,0.106797546999,-0.117488588152,0.126403222477,2017-07-01,North Korean missile escalation,t_event +/- 1,0.00449431800885,-3.70008461465e-05,3,True
single,event_window_omitted,lbrent,military_conflict,24,410,1990-04-01,2024-08-01,0.0184200355812,HC3,0.435313374711,0.0751631550915,0.806404279543,-0.105212352684,0.142052423847,-0.128897041362,0.165737112525,0.0694580815,0.790858141234,-0.0958283416952,0.132668412858,-0.117715302594,0.154555373757,2022-02-01,Russian invasion of Ukraine,t_event +/- 1,0.00449431800885,0.0139257175724,3,True
single,event_window_omitted,lbrent,military_conflict,24,410,1990-04-01,2024-08-01,0.0129039709879,HC3,0.434027153291,0.0636168621217,0.839260993201,-0.0917364554083,0.117544397384,-0.11178278758,0.137590729556,0.058767727729,0.82620153817,-0.0837603391149,0.109568281091,-0.102278658814,0.12808660079,2023-10-01,Israel-Hamas war outbreak,t_event +/- 1,0.00449431800885,0.00840965297907,3,True
single,event_window_omitted,lbrent,military_conflict,48,386,1990-04-01,2022-08-01,0.0440269892554,HC3,0.466619095579,0.100411852503,0.661049912466,-0.121135810523,0.209189789033,-0.152776625271,0.240830603782,0.0884446806751,0.618631175056,-0.101451564538,0.189505543048,-0.129321399492,0.217375378003,1990-08-01,Iraq invades Kuwait,t_event +/- 1,0.0470016758468,-0.00297468659144,3,True
single,event_window_omitted,lbrent,military_conflict,48,386,1990-04-01,2022-08-01,0.0543673476641,HC3,0.44470676241,0.0690513344169,0.431078876356,-0.0592119901973,0.167946685526,-0.0809707808774,0.189705476206,0.0628022909254,0.386659902094,-0.0489332283455,0.157667923674,-0.0687228806964,0.177457576025,1991-01-01,Gulf War air campaign,t_event +/- 1,0.0470016758468,0.0073656718173,3,True
single,event_window_omitted,lbrent,military_conflict,48,386,1990-04-01,2022-08-01,0.0474308444163,HC3,0.44343598035,0.089153613876,0.594717280443,-0.0992138007235,0.194075489556,-0.127307027872,0.222168716705,0.0794238177401,0.550382764788,-0.0832097102599,0.178071399092,-0.108236977869,0.203098666702,1998-05-01,Indian and Pakistani nuclear tests,t_event +/- 1,0.0470016758468,0.00042916856947,3,True
single,event_window_omitted,lbrent,military_conflict,48,386,1990-04-01,2022-08-01,0.0328920692851,HC3,0.449099133491,0.088082907316,0.708834608902,-0.111991420286,0.177775558856,-0.139747256708,0.205531395278,0.0783761417347,0.674726973665,-0.0960252117137,0.161809350284,-0.120722345762,0.186506484332,2001-09-01,September 11 attacks,t_event +/- 1,0.0470016758468,-0.0141096065617,3,True
single,event_window_omitted,lbrent,military_conflict,48,386,1990-04-01,2022-08-01,0.0446985554226,HC3,0.451343461781,0.0874482848092,0.609251113999,-0.0991410730166,0.188538183862,-0.126696933313,0.216094044158,0.077071873561,0.561942015723,-0.0820733953402,0.171470506185,-0.106359540978,0.195756651823,2003-03-01,Invasion of Iraq,t_event +/- 1,0.0470016758468,-0.00230312042424,3,True
single,event_window_omitted,lbrent,military_conflict,48,386,1990-04-01,2022-08-01,0.0464220506856,HC3,0.441602359004,0.0875230119115,0.595835852298,-0.0975404928988,0.19038459427,-0.125119900479,0.217964001851,0.0780051137303,0.55176628194,-0.0818849435544,0.174729044926,-0.106465162836,0.199309264207,2006-10-01,North Korean nuclear test,t_event +/- 1,0.0470016758468,-0.000579625161195,3,True
single,event_window_omitted,lbrent,military_conflict,48,386,1990-04-01,2022-08-01,0.0472814001825,HC3,0.441665005783,0.0902214102414,0.600237055859,-0.101119613682,0.195682414047,-0.129549314525,0.22411211489,0.0803300704136,0.556136978224,-0.0848498074907,0.179412607856,-0.110162644704,0.204725445069,2011-02-01,Libyan uprising,t_event +/- 1,0.0470016758468,0.00027972433568,3,True
single,event_window_omitted,lbrent,military_conflict,48,386,1990-04-01,2022-08-01,0.0435869907595,HC3,0.441319205787,0.0883863496938,0.621912500009,-0.101795617107,0.188969598626,-0.129647071365,0.216821052884,0.0788017466137,0.580179776838,-0.0860303479681,0.173204329487,-0.110861594522,0.198035576041,2013-07-01,Egyptian military takeover,t_event +/- 1,0.0470016758468,-0.00341468508726,3,True
single,event_window_omitted,lbrent,military_conflict,48,386,1990-04-01,2022-08-01,0.048392217496,HC3,0.443244980278,0.0891636030857,0.587312200052,-0.0982688584316,0.195053293424,-0.126365233284,0.223149668276,0.0794143334658,0.542283347905,-0.0822327369372,0.179017171929,-0.107257015953,0.204041450945,2015-11-01,Paris attacks,t_event +/- 1,0.0470016758468,0.00139054164922,3,True
single,event_window_omitted,lbrent,military_conflict,48,386,1990-04-01,2022-08-01,0.0469239694423,HC3,0.441416382635,0.0881938451784,0.594687956913,-0.0981419966742,0.191989935559,-0.125932790765,0.21978072965,0.0785963766749,0.550490964289,-0.0823555657966,0.176203504681,-0.107122098156,0.20097003704,2017-07-01,North Korean missile escalation,t_event +/- 1,0.0470016758468,-7.77064045254e-05,3,True
single,event_window_omitted,lbrent,military_conflict,48,386,1990-04-01,2022-08-01,0.0868924561089,HC3,0.444044853761,0.101290003332,0.390970788798,-0.0797147732461,0.253499685464,-0.111632302416,0.285417214634,0.0890237808934,0.329035263381,-0.0595386327784,0.233323544996,-0.0875909482096,0.261375860427,2022-02-01,Russian invasion of Ukraine,t_event +/- 1,0.0470016758468,0.0398907802621,3,True
single,event_window_omitted,lbrent,military_conflict,48,389,1990-04-01,2022-08-01,0.0470016758468,HC3,0.441127921383,0.0882503164334,0.594313975286,-0.0981571772183,0.192160528912,-0.125965765987,0.21996911768,0.0786457876293,0.550081803271,-0.0823591331797,0.176362484873,-0.107141235442,0.201144587136,2023-10-01,Israel-Hamas war outbreak,t_event +/- 1,0.0470016758468,0,0,True
single,event_window_omitted,lbrent,diplomatic_tension,0,429,1990-04-01,2026-03-01,-0.0160280008744,HC3,0.461978745614,0.0321291219513,0.61787654371,-0.0688757036468,0.0368197018979,-0.0789999227539,0.046943921005,0.0307249919829,0.601907044417,-0.0665661153755,0.0345101136267,-0.0762478785862,0.0441918768373,1990-08-01,Iraq invades Kuwait,t_event +/- 1,-0.0165870734068,0.000559072532383,3,True
single,event_window_omitted,lbrent,diplomatic_tension,0,429,1990-04-01,2026-03-01,-0.0162212504582,HC3,0.443355683442,0.0326955674693,0.619802725258,-0.0700006731953,0.0375581722789,-0.0803033851521,0.0478608842357,0.031225430969,0.603420171367,-0.0675825138406,0.0351400129243,-0.0774219705591,0.0449794696428,1991-01-01,Gulf War air campaign,t_event +/- 1,-0.0165870734068,0.000365822948641,3,True
single,event_window_omitted,lbrent,diplomatic_tension,0,429,1990-04-01,2026-03-01,-0.0167104283703,HC3,0.44121589959,0.0322657512802,0.604528133233,-0.0697828663899,0.0363620096493,-0.0799501388137,0.0465292820731,0.0308690599188,0.58827835647,-0.0674855135383,0.0340646567977,-0.0772126740478,0.0437918173071,1998-05-01,Indian and Pakistani nuclear tests,t_event +/- 1,-0.0165870734068,-0.000123354963524,3,True
single,event_window_omitted,lbrent,diplomatic_tension,0,429,1990-04-01,2026-03-01,-0.0188216903817,HC3,0.446823637985,0.0322482556404,0.559455897178,-0.0718653506347,0.0342219698713,-0.0820271100011,0.0443837292378,0.0308889223793,0.542302651339,-0.0696294463899,0.0319860656266,-0.0793628657664,0.041719485003,2001-09-01,September 11 attacks,t_event +/- 1,-0.0165870734068,-0.00223461697488,3,True
single,event_window_omitted,lbrent,diplomatic_tension,0,429,1990-04-01,2026-03-01,-0.0196994149458,HC3,0.44830191755,0.032303753933,0.541982287602,-0.0728343617667,0.033435531875,-0.08301360922,0.0436147793283,0.0308886378936,0.523632508889,-0.0705067030167,0.031107873125,-0.0802400327488,0.0408412028571,2003-03-01,Invasion of Iraq,t_event +/- 1,-0.0165870734068,-0.00311234153903,3,True
single,event_window_omitted,lbrent,diplomatic_tension,0,429,1990-04-01,2026-03-01,-0.0156568140136,HC3,0.4405320578,0.0323533627718,0.628434426209,-0.0688733601129,0.0375597320856,-0.0790682398251,0.0477546117978,0.0309458028392,0.612896626456,-0.0665581300526,0.0352445020253,-0.0763094730511,0.0449958450239,2006-10-01,North Korean nuclear test,t_event +/- 1,-0.0165870734068,0.000930259393186,3,True
single,event_window_omitted,lbrent,diplomatic_tension,0,429,1990-04-01,2026-03-01,-0.014335177486,HC3,0.440351393865,0.0327664006908,0.661751493798,-0.0682311105043,0.0395607555324,-0.0785561427429,0.0498857877709,0.0313392500373,0.64736970226,-0.0658836565758,0.0372133016039,-0.0757589788617,0.0470886238897,2011-02-01,Libyan uprising,t_event +/- 1,-0.0165870734068,0.00225189592083,3,True
single,event_window_omitted,lbrent,diplomatic_tension,0,429,1990-04-01,2026-03-01,-0.0161867240196,HC3,0.440561422548,0.0325138401377,0.618596086315,-0.0696672318962,0.037293783857,-0.0799126796885,0.0475392316493,0.0310955103422,0.602681271624,-0.0673342869879,0.0349608389487,-0.0771328043713,0.0447593563321,2013-07-01,Egyptian military takeover,t_event +/- 1,-0.0165870734068,0.000400349387199,3,True
single,event_window_omitted,lbrent,diplomatic_tension,0,429,1990-04-01,2026-03-01,-0.0172966396854,HC3,0.442538438735,0.0324727007301,0.594274697335,-0.0707094792582,0.0361161998875,-0.0809419635972,0.0463486842265,0.0310705676584,0.577740011957,-0.0684031755897,0.033809896219,-0.0781938332751,0.0436005539044,2015-11-01,Paris attacks,t_event +/- 1,-0.0165870734068,-0.000709566278551,3,True
single,event_window_omitted,lbrent,diplomatic_tension,0,429,1990-04-01,2026-03-01,-0.0173771850975,HC3,0.440091329974,0.032476354144,0.592600127612,-0.0707960340015,0.0360416638065,-0.081029669569,0.046275299374,0.0310743485286,0.576016242696,-0.06848993998,0.0337355697849,-0.0782817890566,0.0435274188616,2017-07-01,North Korean missile escalation,t_event +/- 1,-0.0165870734068,-0.000790111690717,3,True
single,event_window_omitted,lbrent,diplomatic_tension,0,429,1990-04-01,2026-03-01,-0.0116564176581,HC3,0.442249851716,0.0325634686117,0.720373284089,-0.0652185571101,0.0419057217939,-0.0754796433487,0.0521668080325,0.0310682546478,0.70752110088,-0.0627591489986,0.0394463136824,-0.0725490778304,0.0492362425142,2022-02-01,Russian invasion of Ukraine,t_event +/- 1,-0.0165870734068,0.0049306557487,3,True
single,event_window_omitted,lbrent,diplomatic_tension,0,429,1990-04-01,2026-03-01,-0.0196687012179,HC3,0.440784190063,0.0323284291526,0.542920469694,-0.0728442351631,0.0335068327273,-0.0830312580337,0.0436938555978,0.0309282795722,0.524811923869,-0.0705411940476,0.0312037916118,-0.0802870152832,0.0409496128474,2023-10-01,Israel-Hamas war outbreak,t_event +/- 1,-0.0165870734068,-0.00308162781112,3,True
single,event_window_omitted,lbrent,diplomatic_tension,12,422,1990-04-01,2025-08-01,-0.181173831658,HC3,0.469429643355,0.0809788209798,0.0252668073963,-0.314372139053,-0.0479755242631,-0.339889404289,-0.022458259027,0.0792064377838,0.0221746760794,-0.311456828124,-0.0508908351913,-0.336415597058,-0.025932066258,1990-08-01,Iraq invades Kuwait,t_event +/- 1,-0.180809647546,-0.00036418411156,3,True
single,event_window_omitted,lbrent,diplomatic_tension,12,422,1990-04-01,2025-08-01,-0.179770451331,HC3,0.450292043292,0.0820389971469,0.0284315032509,-0.314712593339,-0.044828309322,-0.340563931066,-0.0189769715948,0.0801981360541,0.0249885995397,-0.311684646294,-0.0478562563672,-0.336955909624,-0.0225849930373,1991-01-01,Gulf War air campaign,t_event +/- 1,-0.180809647546,0.00103919621576,3,True
single,event_window_omitted,lbrent,diplomatic_tension,12,422,1990-04-01,2025-08-01,-0.182175741528,HC3,0.448107516152,0.0806941505138,0.0239701235485,-0.314905807675,-0.049445675382,-0.340333370298,-0.0240181127583,0.078956702644,0.021038848372,-0.312047960244,-0.0523035228123,-0.336928035049,-0.0274234480081,1998-05-01,Indian and Pakistani nuclear tests,t_event +/- 1,-0.180809647546,-0.00136609398201,3,True
single,event_window_omitted,lbrent,diplomatic_tension,12,422,1990-04-01,2025-08-01,-0.181914883476,HC3,0.453928518853,0.0810907314303,0.0248742605132,-0.315297267181,-0.0485324997706,-0.340849796559,-0.0229799703925,0.0793900065762,0.0219398365688,-0.312499823736,-0.0513299432153,-0.337516437098,-0.0263133298541,2001-09-01,September 11 attacks,t_event +/- 1,-0.180809647546,-0.00110523592955,3,True
single,event_window_omitted,lbrent,diplomatic_tension,12,422,1990-04-01,2025-08-01,-0.179507521062,HC3,0.455488565663,0.0813087386052,0.02726328934,-0.313248494659,-0.045766547464,-0.338869720356,-0.020145321767,0.0795381954507,0.0240160781786,-0.31033621033,-0.0486788317933,-0.33539951954,-0.0236155225829,2003-03-01,Invasion of Iraq,t_event +/- 1,-0.180809647546,0.00130212648476,3,True
single,event_window_omitted,lbrent,diplomatic_tension,12,422,1990-04-01,2025-08-01,-0.179984195882,HC3,0.447440762546,0.0807394781562,0.0258008055079,-0.312788819365,-0.0471795723986,-0.338230665199,-0.0217377265653,0.0789758858147,0.0226684562297,-0.309887968106,-0.050080423658,-0.334774087726,-0.025194304038,2006-10-01,North Korean nuclear test,t_event +/- 1,-0.180809647546,0.00082545166438,3,True
single,event_window_omitted,lbrent,diplomatic_tension,12,422,1990-04-01,2025-08-01,-0.172086565799,HC3,0.447226584628,0.0809821096585,0.0335870427982,-0.305290282589,-0.0388828490088,-0.330808584121,-0.013364547476,0.0792447809923,0.0298871813463,-0.302432631231,-0.0417405003665,-0.327403482506,-0.016769649091,2011-02-01,Libyan uprising,t_event +/- 1,-0.180809647546,0.00872308174763,3,True
single,event_window_omitted,lbrent,diplomatic_tension,12,422,1990-04-01,2025-08-01,-0.182293932323,HC3,0.447474173151,0.0811635143168,0.024703471925,-0.315796033223,-0.0487918314232,-0.341371497243,-0.0232163674037,0.0793946114509,0.0216730696984,-0.312886446929,-0.0517014177179,-0.337904511333,-0.026683353313,2013-07-01,Egyptian military takeover,t_event +/- 1,-0.180809647546,-0.00148428477692,3,True
single,event_window_omitted,lbrent,diplomatic_tension,12,422,1990-04-01,2025-08-01,-0.187489569768,HC3,0.449472505717,0.0811139587157,0.0208088895139,-0.320910158958,-0.0540689805776,-0.346470007494,-0.0285091320413,0.0793647456817,0.0181580919018,-0.318032959554,-0.0569461799809,-0.343041612946,-0.0319375265892,2015-11-01,Paris attacks,t_event +/- 1,-0.180809647546,-0.00667992222126,3,True
single,event_window_omitted,lbrent,diplomatic_tension,12,422,1990-04-01,2025-08-01,-0.174122260076,HC3,0.446946271267,0.0810821980109,0.0317552236041,-0.307490607555,-0.0407539125964,-0.333040447965,-0.0152040721871,0.079277630384,0.0280661467896,-0.304522357949,-0.0437221622026,-0.329503560408,-0.0187409597435,2017-07-01,North Korean missile escalation,t_event +/- 1,-0.180809647546,0.00668738747046,3,True
single,event_window_omitted,lbrent,diplomatic_tension,12,422,1990-04-01,2025-08-01,-0.190489340739,HC3,0.449199831761,0.0822335180562,0.0205340378811,-0.32575144117,-0.0552272403068,-0.351664074451,-0.0293146070264,0.0803585375641,0.0177643863252,-0.322667372707,-0.0583113087697,-0.347989180215,-0.0329895012626,2022-02-01,Russian invasion of Ukraine,t_event +/- 1,-0.180809647546,-0.00967969319225,3,True
single,event_window_omitted,lbrent,diplomatic_tension,12,422,1990-04-01,2025-08-01,-0.183667544447,HC3,0.447675621364,0.0811229241603,0.0235701391211,-0.317102880481,-0.050232208413,-0.342665554122,-0.0246695347722,0.0793572692012,0.0206436635753,-0.314198636517,-0.0531364523763,-0.339204933993,-0.028130154901,2023-10-01,Israel-Hamas war outbreak,t_event +/- 1,-0.180809647546,-0.00285789690055,3,True
single,event_window_omitted,lbrent,diplomatic_tension,24,410,1990-04-01,2024-08-01,-0.308344897938,HC3,0.473232646003,0.104299850738,0.00311322636593,-0.479902885715,-0.136786910161,-0.512768848977,-0.103920946898,0.101967826798,0.00249503427268,-0.476067047678,-0.140622748198,-0.508198166043,-0.108491629833,1990-08-01,Iraq invades Kuwait,t_event +/- 1,-0.307917543159,-0.000427354778388,3,True
single,event_window_omitted,lbrent,diplomatic_tension,24,410,1990-04-01,2024-08-01,-0.311223234725,HC3,0.453850961276,0.106558675431,0.00349274233879,-0.48649665849,-0.135949810959,-0.520074400809,-0.10237206864,0.104147743308,0.00280546966759,-0.482531028044,-0.139915441405,-0.51534906068,-0.107097408769,1991-01-01,Gulf War air campaign,t_event +/- 1,-0.307917543159,-0.0033056915652,3,True
single,event_window_omitted,lbrent,diplomatic_tension,24,410,1990-04-01,2024-08-01,-0.306109564755,HC3,0.451670390283,0.104224522129,0.00331382128856,-0.477543647996,-0.134675481515,-0.510385874433,-0.101833255077,0.10191302238,0.00266774786972,-0.473741569251,-0.138477560259,-0.505855418177,-0.106363711334,1998-05-01,Indian and Pakistani nuclear tests,t_event +/- 1,-0.307917543159,0.00180797840418,3,True
single,event_window_omitted,lbrent,diplomatic_tension,24,410,1990-04-01,2024-08-01,-0.311020982909,HC3,0.45765550999,0.104757676523,0.00298812909848,-0.48333202709,-0.138709938728,-0.516342255999,-0.105699709819,0.10247995979,0.00240580011368,-0.479585516459,-0.142456449359,-0.511878013234,-0.110163952584,2001-09-01,September 11 attacks,t_event +/- 1,-0.307917543159,-0.00310343974962,3,True
single,event_window_omitted,lbrent,diplomatic_tension,24,410,1990-04-01,2024-08-01,-0.29970551517,HC3,0.459243234097,0.103930955027,0.00393035141056,-0.470656723499,-0.128754306841,-0.503406443902,-0.0960045864383,0.101716545997,0.00321415791406,-0.467014344774,-0.132396685566,-0.499066281956,-0.100344748384,2003-03-01,Invasion of Iraq,t_event +/- 1,-0.307917543159,0.00821202798927,3,True
single,event_window_omitted,lbrent,diplomatic_tension,24,410,1990-04-01,2024-08-01,-0.311187765845,HC3,0.451060463864,0.104442389507,0.00288704194982,-0.482980209034,-0.139395322656,-0.515891087739,-0.106484443951,0.102137992585,0.00231338784235,-0.479189813398,-0.143185718293,-0.511374552764,-0.111000978926,2006-10-01,North Korean nuclear test,t_event +/- 1,-0.307917543159,-0.00327022268562,3,True
single,event_window_omitted,lbrent,diplomatic_tension,24,410,1990-04-01,2024-08-01,-0.303498787217,HC3,0.450791608179,0.104835452702,0.00379156785436,-0.475937761828,-0.131059812607,-0.508972498817,-0.0980250756179,0.102583285618,0.00309080244467,-0.472233276631,-0.134764297804,-0.504558332445,-0.10243924199,2011-02-01,Libyan uprising,t_event +/- 1,-0.307917543159,0.0044187559422,3,True
single,event_window_omitted,lbrent,diplomatic_tension,24,410,1990-04-01,2024-08-01,-0.312387534178,HC3,0.451099753601,0.104748002328,0.00286113214434,-0.484682665723,-0.140092402632,-0.517689846194,-0.107085222162,0.102380895715,0.0022790685684,-0.480789121825,-0.14398594653,-0.513050402484,-0.111724665871,2013-07-01,Egyptian military takeover,t_event +/- 1,-0.307917543159,-0.00446999101823,3,True
single,event_window_omitted,lbrent,diplomatic_tension,24,410,1990-04-01,2024-08-01,-0.312713223341,HC3,0.453012550328,0.104949211202,0.00288566178858,-0.485339314032,-0.140087132649,-0.518409897503,-0.107016549179,0.102652776067,0.0023166100047,-0.481562014372,-0.14386443231,-0.513908967345,-0.111517479336,2015-11-01,Paris attacks,t_event +/- 1,-0.307917543159,-0.00479568018144,3,True
single,event_window_omitted,lbrent,diplomatic_tension,24,410,1990-04-01,2024-08-01,-0.308090307224,HC3,0.45049920482,0.104684357649,0.0032500586778,-0.480280752588,-0.135899861859,-0.513267877961,-0.102912736487,0.102368677978,0.00261579044971,-0.476471798483,-0.139708815965,-0.508729229206,-0.107451385242,2017-07-01,North Korean missile escalation,t_event +/- 1,-0.307917543159,-0.000172764064391,3,True
single,event_window_omitted,lbrent,diplomatic_tension,24,410,1990-04-01,2024-08-01,-0.315885279202,HC3,0.452911297638,0.107060009535,0.00317214758872,-0.491983324188,-0.139787234216,-0.525719042076,-0.106051516328,0.104570260918,0.00252112322114,-0.487888052143,-0.14388250626,-0.520839224454,-0.11093133395,2022-02-01,Russian invasion of Ukraine,t_event +/- 1,-0.307917543159,-0.00796773604239,3,True
single,event_window_omitted,lbrent,diplomatic_tension,24,410,1990-04-01,2024-08-01,-0.312111650868,HC3,0.451260899003,0.104982810244,0.00294924988988,-0.484793007065,-0.139430294671,-0.517874177941,-0.106349123795,0.102620515677,0.00235468465501,-0.480907378279,-0.143315923457,-0.51324416567,-0.110979136066,2023-10-01,Israel-Hamas war outbreak,t_event +/- 1,-0.307917543159,-0.00419410770855,3,True
single,event_window_omitted,lbrent,diplomatic_tension,48,386,1990-04-01,2022-08-01,-0.254818910023,HC3,0.483122005939,0.107281508759,0.0175377293297,-0.43128128881,-0.0783565312348,-0.465086803398,-0.044551016647,0.104999015381,0.015229732129,-0.427526921298,-0.082110898747,-0.460613198581,-0.0490246214639,1990-08-01,Iraq invades Kuwait,t_event +/- 1,-0.254957104636,0.00013819461328,3,True
single,event_window_omitted,lbrent,diplomatic_tension,48,386,1990-04-01,2022-08-01,-0.254384116466,HC3,0.46360280111,0.108608890914,0.0191702629174,-0.433029844606,-0.0757383883259,-0.467253631059,-0.0415146018725,0.106316727299,0.0167248744125,-0.429259570969,-0.0795086619623,-0.462761072926,-0.0460071600055,1991-01-01,Gulf War air campaign,t_event +/- 1,-0.254957104636,0.000572988170189,3,True
single,event_window_omitted,lbrent,diplomatic_tension,48,386,1990-04-01,2022-08-01,-0.255375852979,HC3,0.461197799019,0.107210788989,0.0172190049132,-0.431721908096,-0.0790297978627,-0.465505138152,-0.0452465678071,0.104971164482,0.0149817842164,-0.428038053603,-0.0827136523558,-0.461115554779,-0.0496361511794,1998-05-01,Indian and Pakistani nuclear tests,t_event +/- 1,-0.254957104636,-0.000418748343473,3,True
single,event_window_omitted,lbrent,diplomatic_tension,48,386,1990-04-01,2022-08-01,-0.236458257574,HC3,0.467155719473,0.107386409174,0.0276696603159,-0.413093182189,-0.0598233329596,-0.446931751984,-0.0259847631648,0.105120801372,0.024487344648,-0.409366588979,-0.0635499261692,-0.44249124229,-0.0304252728588,2001-09-01,September 11 attacks,t_event +/- 1,-0.254957104636,0.0184988470617,3,True
single,event_window_omitted,lbrent,diplomatic_tension,48,386,1990-04-01,2022-08-01,-0.24714861437,HC3,0.469037622657,0.10727499921,0.0212294386946,-0.423600285901,-0.0706969428387,-0.457403749263,-0.0368934794774,0.105008517078,0.0185923353731,-0.419872254546,-0.0744249741942,-0.452961525912,-0.0413357028281,2003-03-01,Invasion of Iraq,t_event +/- 1,-0.254957104636,0.00780849026592,3,True
single,event_window_omitted,lbrent,diplomatic_tension,48,386,1990-04-01,2022-08-01,-0.255102655342,HC3,0.460528848584,0.107082416207,0.0172047809232,-0.431237556023,-0.0789677546609,-0.464980334486,-0.0452249761984,0.104835406614,0.0149592732712,-0.427541554145,-0.0826637565393,-0.460576276611,-0.0496290340731,2006-10-01,North Korean nuclear test,t_event +/- 1,-0.254957104636,-0.000145550706096,3,True
single,event_window_omitted,lbrent,diplomatic_tension,48,386,1990-04-01,2022-08-01,-0.264728980669,HC3,0.460224913164,0.109132423161,0.0152764021402,-0.444235842723,-0.0852221186144,-0.47862459961,-0.0508333617276,0.106840135402,0.0132193513021,-0.440465364889,-0.0889925964486,-0.47413179816,-0.0553261631773,2011-02-01,Libyan uprising,t_event +/- 1,-0.254957104636,-0.00977187603267,3,True
single,event_window_omitted,lbrent,diplomatic_tension,48,386,1990-04-01,2022-08-01,-0.252599437808,HC3,0.460607847037,0.107096092818,0.0183428198677,-0.428756834511,-0.0764420411048,-0.462503922615,-0.0426949530007,0.104825123986,0.0159646673868,-0.425021423192,-0.0801774524241,-0.458052905496,-0.0471459701206,2013-07-01,Egyptian military takeover,t_event +/- 1,-0.254957104636,0.00235766682786,3,True
single,event_window_omitted,lbrent,diplomatic_tension,48,386,1990-04-01,2022-08-01,-0.261501951134,HC3,0.462658174019,0.107698874419,0.0151788127385,-0.43865083534,-0.0843530669269,-0.47258786617,-0.0504160360969,0.105440562257,0.0131349688828,-0.434936242391,-0.0880676598766,-0.468161655668,-0.0548422465993,2015-11-01,Paris attacks,t_event +/- 1,-0.254957104636,-0.00654484649773,3,True
single,event_window_omitted,lbrent,diplomatic_tension,48,386,1990-04-01,2022-08-01,-0.254528177862,HC3,0.459900835116,0.108723469075,0.0192290702587,-0.433362370305,-0.0756939854189,-0.467622261523,-0.0414340942004,0.106352389595,0.0166997202159,-0.429462291622,-0.0795940641012,-0.462975031138,-0.0460813245855,2017-07-01,North Korean missile escalation,t_event +/- 1,-0.254957104636,0.000428926774221,3,True
single,event_window_omitted,lbrent,diplomatic_tension,48,386,1990-04-01,2022-08-01,-0.25423123898,HC3,0.462556618077,0.109609782825,0.0203722166768,-0.434523287809,-0.0739391901498,-0.469062465671,-0.0394000122885,0.107319779085,0.0178404408834,-0.430756566851,-0.0777059111085,-0.464574140814,-0.0438883371448,2022-02-01,Russian invasion of Ukraine,t_event +/- 1,-0.254957104636,0.000725865656378,3,True
single,event_window_omitted,lbrent,diplomatic_tension,48,389,1990-04-01,2022-08-01,-0.254957104636,HC3,0.459778795542,0.107071155966,0.0172566603921,-0.431073483869,-0.0788407254029,-0.464812714113,-0.0451014951589,0.104830489684,0.0150120086447,-0.427387915809,-0.0825262934633,-0.460421088899,-0.0494931203726,2023-10-01,Israel-Hamas war outbreak,t_event +/- 1,-0.254957104636,0,0,True
single,event_window_omitted,lbrent,nuclear_threat,0,429,1990-04-01,2026-03-01,0.0294207843594,HC3,0.453551645233,0.01572496958,0.0613506671706,0.00355551111204,0.0552860576067,-0.00139958967538,0.0602411583941,0.0147806969397,0.0465373202226,0.00510870138929,0.0537328673294,0.000451150691224,0.0583904180275,1990-08-01,Iraq invades Kuwait,t_event +/- 1,0.0247333491122,0.00468743524715,3,True
single,event_window_omitted,lbrent,nuclear_threat,0,429,1990-04-01,2026-03-01,0.0228789833617,HC3,0.428826202526,0.0160003805166,0.152745017686,-0.00343930056363,0.049197267287,-0.00848118618976,0.0542391529131,0.0150151688391,0.12757750116,-0.00181877156265,0.047576738286,-0.0065502067848,0.0523081735081,1991-01-01,Gulf War air campaign,t_event +/- 1,0.0247333491122,-0.00185436575054,3,True
single,event_window_omitted,lbrent,nuclear_threat,0,429,1990-04-01,2026-03-01,0.0180696688581,HC3,0.42829025502,0.014594318555,0.215667728969,-0.00593584894995,0.0420751866662,-0.0105346698886,0.0466740076048,0.0138305398948,0.191380896195,-0.00467954485056,0.0408188825668,-0.00903769122246,0.0451770289387,1998-05-01,Indian and Pakistani nuclear tests,t_event +/- 1,0.0247333491122,-0.0066636802541,3,True
single,event_window_omitted,lbrent,nuclear_threat,0,429,1990-04-01,2026-03-01,0.0247396663519,HC3,0.433573662985,0.0160274616184,0.12269015638,-0.00162316202196,0.0511024947257,-0.00667358118377,0.0561529138875,0.0150470571512,0.10014457238,-1.05401781847e-05,0.0494898728819,-0.00475202373775,0.0542313564415,2001-09-01,September 11 attacks,t_event +/- 1,0.0247333491122,6.3172396658e-06,3,True
single,event_window_omitted,lbrent,nuclear_threat,0,429,1990-04-01,2026-03-01,0.0259239240214,HC3,0.437280610166,0.01586301589,0.102209142297,-0.000168415199573,0.0520162632424,-0.00516701580909,0.0570148638519,0.0149306324264,0.0825123782112,0.00136521912222,0.0504826289206,-0.00333957780067,0.0551874258435,2003-03-01,Invasion of Iraq,t_event +/- 1,0.0247333491122,0.00119057490919,3,True
single,event_window_omitted,lbrent,nuclear_threat,0,429,1990-04-01,2026-03-01,0.0260374750456,HC3,0.426812338,0.0165234205646,0.115073731235,-0.00114113319977,0.053216083291,-0.00634783416248,0.0584227842537,0.015484805171,0.0926686545703,0.000567237097515,0.0515077129937,-0.0043121853971,0.0563871354884,2006-10-01,North Korean nuclear test,t_event +/- 1,0.0247333491122,0.00130412593341,3,True
single,event_window_omitted,lbrent,nuclear_threat,0,429,1990-04-01,2026-03-01,0.0237674679477,HC3,0.426827735986,0.0164299640252,0.148010999087,-0.00325741796986,0.0507923538652,-0.00843466980901,0.0559696057043,0.0154314058937,0.123511347939,-0.00161493600561,0.0491498719009,-0.00647753183488,0.0540124677302,2011-02-01,Libyan uprising,t_event +/- 1,0.0247333491122,-0.000965881164562,3,True
single,event_window_omitted,lbrent,nuclear_threat,0,429,1990-04-01,2026-03-01,0.0250097864725,HC3,0.42637924865,0.0160229491884,0.118553752811,-0.00134561961446,0.0513651925595,-0.00639461686284,0.0564141898079,0.0150448774552,0.0964434912397,0.000263165223356,0.0497564077217,-0.00447763149142,0.0544972044365,2013-07-01,Egyptian military takeover,t_event +/- 1,0.0247333491122,0.000276437360324,3,True
single,event_window_omitted,lbrent,nuclear_threat,0,429,1990-04-01,2026-03-01,0.024056974863,HC3,0.427699359484,0.0160457367661,0.133802258757,-0.00233591345381,0.0504498631798,-0.00739209130395,0.05550604103,0.0150641572167,0.110272872415,-0.000721358771909,0.0488353084979,-0.00546823073925,0.0535821804653,2015-11-01,Paris attacks,t_event +/- 1,0.0247333491122,-0.000676374249207,3,True
single,event_window_omitted,lbrent,nuclear_threat,0,429,1990-04-01,2026-03-01,0.0252383511505,HC3,0.427136014579,0.0170942965474,0.139831336334,-0.00287926452578,0.0533559668267,-0.00826585442357,0.0587425567245,0.0160912681412,0.116776126398,-0.00122942961386,0.0517061319148,-0.00629995487189,0.0567766571728,2017-07-01,North Korean missile escalation,t_event +/- 1,0.0247333491122,0.000505002038247,3,True
single,event_window_omitted,lbrent,nuclear_threat,0,429,1990-04-01,2026-03-01,0.0229622690536,HC3,0.428333880496,0.0159772832844,0.150666195366,-0.00331802330556,0.0492425614127,-0.0083526307546,0.0542771688618,0.0149692082052,0.125037810042,-0.00165988735538,0.0475844254625,-0.00637683990575,0.0523013780129,2022-02-01,Russian invasion of Ukraine,t_event +/- 1,0.0247333491122,-0.00177108005863,3,True
single,event_window_omitted,lbrent,nuclear_threat,0,429,1990-04-01,2026-03-01,0.0247358707182,HC3,0.427094992211,0.0160474304711,0.123213986571,-0.00165980349542,0.0511315449319,-0.00671651504955,0.056188256486,0.0150681191785,0.100672290813,-4.89797639299e-05,0.0495207212004,-0.00479710018647,0.0542688416229,2023-10-01,Israel-Hamas war outbreak,t_event +/- 1,0.0247333491122,2.52160601542e-06,3,True
single,event_window_omitted,lbrent,nuclear_threat,12,422,1990-04-01,2025-08-01,0.0885540105286,HC3,0.458895815755,0.0473793942085,0.0616171685564,0.0106218421221,0.166486178935,-0.00430789572931,0.181415916787,0.0456452751251,0.0523738944665,0.0134742141859,0.163633806871,-0.000909084781055,0.178017105838,1990-08-01,Iraq invades Kuwait,t_event +/- 1,0.0883900101636,0.000164000364997,3,True
single,event_window_omitted,lbrent,nuclear_threat,12,422,1990-04-01,2025-08-01,0.0859020805843,HC3,0.433569550339,0.0474285162484,0.0701113600141,0.00788911361211,0.163915047556,-0.00705610310283,0.178860264271,0.0456531140025,0.05988683048,0.0108093904357,0.160994770733,-0.00357637864268,0.175380539811,1991-01-01,Gulf War air campaign,t_event +/- 1,0.0883900101636,-0.00248792957938,3,True
single,event_window_omitted,lbrent,nuclear_threat,12,422,1990-04-01,2025-08-01,0.0914505031462,HC3,0.432946232233,0.0458390836042,0.0460392364018,0.0160519202236,0.166849086069,0.00160755019758,0.181293456095,0.0445112946622,0.0399228743755,0.0182359386808,0.164665067612,0.00420996870302,0.178691037589,1998-05-01,Indian and Pakistani nuclear tests,t_event +/- 1,0.0883900101636,0.00306049298256,3,True
single,event_window_omitted,lbrent,nuclear_threat,12,422,1990-04-01,2025-08-01,0.0897520489425,HC3,0.438458293968,0.0473411142159,0.0579787713573,0.0118828455207,0.167621252364,-0.00303482990854,0.182538927794,0.0455521907491,0.048802571474,0.0148253627734,0.164678735112,0.000471395657485,0.179032702228,2001-09-01,September 11 attacks,t_event +/- 1,0.0883900101636,0.00136203877891,3,True
single,event_window_omitted,lbrent,nuclear_threat,12,422,1990-04-01,2025-08-01,0.0865925333002,HC3,0.44224424518,0.0470253569514,0.0655628351132,0.00924270436012,0.16394236224,-0.00557547268455,0.178760539285,0.045310437769,0.0559924239782,0.0120634953971,0.161121571203,-0.00221429285079,0.175399359451,2003-03-01,Invasion of Iraq,t_event +/- 1,0.0883900101636,-0.0017974768634,3,True
single,event_window_omitted,lbrent,nuclear_threat,12,422,1990-04-01,2025-08-01,0.0928456643745,HC3,0.431422998804,0.0475240614917,0.0507419218546,0.0146755394623,0.171015789287,-0.000299784548423,0.185991113297,0.0456899068108,0.0421452951325,0.0176924554417,0.167998873307,0.00329509256832,0.182396236181,2006-10-01,North Korean nuclear test,t_event +/- 1,0.0883900101636,0.00445565421082,3,True
single,event_window_omitted,lbrent,nuclear_threat,12,422,1990-04-01,2025-08-01,0.0835084961072,HC3,0.431498816621,0.0478143233146,0.0807212733435,0.00486093298292,0.162156059232,-0.0102058555346,0.177222847749,0.0460142646801,0.0695486082576,0.00782176595669,0.159195226258,-0.00667780544083,0.173694797655,2011-02-01,Libyan uprising,t_event +/- 1,0.0883900101636,-0.00488151405641,3,True
single,event_window_omitted,lbrent,nuclear_threat,12,422,1990-04-01,2025-08-01,0.0892382665626,HC3,0.431032606,0.0473194602773,0.0593127143363,0.0114046807001,0.167071852425,-0.00350617134876,0.181982704474,0.0455390193706,0.050042550584,0.0143332453831,0.164143287742,-1.65712950205e-05,0.17849310442,2013-07-01,Egyptian military takeover,t_event +/- 1,0.0883900101636,0.000848256398922,3,True
single,event_window_omitted,lbrent,nuclear_threat,12,422,1990-04-01,2025-08-01,0.0864805897234,HC3,0.432338846164,0.047494467586,0.0686287380604,0.00835914245439,0.164602036992,-0.00660685621013,0.179568035657,0.0457078016215,0.0584868152603,0.0112979464463,0.161663233001,-0.00310505526726,0.176066234714,2015-11-01,Paris attacks,t_event +/- 1,0.0883900101636,-0.00190942044023,3,True
single,event_window_omitted,lbrent,nuclear_threat,12,422,1990-04-01,2025-08-01,0.08298128881,HC3,0.43175093576,0.0507727292942,0.102181748794,-0.00053241911975,0.16649499674,-0.0165314320034,0.182494009623,0.0488746995097,0.0895384701203,0.00258956205538,0.163373015565,-0.0128113619841,0.178773939604,2017-07-01,North Korean missile escalation,t_event +/- 1,0.0883900101636,-0.00540872135364,3,True
single,event_window_omitted,lbrent,nuclear_threat,12,422,1990-04-01,2025-08-01,0.0926394619055,HC3,0.433050649366,0.0479556575378,0.0533874850079,0.0137594246716,0.171519499139,-0.00135189972351,0.186630823534,0.0461126911693,0.0445392833238,0.0167908345872,0.168488089224,0.00226024798344,0.183018675828,2022-02-01,Russian invasion of Ukraine,t_event +/- 1,0.0883900101636,0.00424945174183,3,True
single,event_window_omitted,lbrent,nuclear_threat,12,422,1990-04-01,2025-08-01,0.0864219346832,HC3,0.431753019107,0.047422379328,0.0683962630474,0.00841906204683,0.16442480732,-0.00652422086092,0.179368090227,0.0456543527159,0.0583629817714,0.0113272070323,0.161516662334,-0.00305895237753,0.175902821744,2023-10-01,Israel-Hamas war outbreak,t_event +/- 1,0.0883900101636,-0.00196807548045,3,True
single,event_window_omitted,lbrent,nuclear_threat,24,410,1990-04-01,2024-08-01,0.0976050905314,HC3,0.462195459949,0.0499049678301,0.0504864650721,0.0155187231931,0.17969145787,-0.000206849065336,0.195417030128,0.0484503071746,0.043952850798,0.0179114270483,0.177298754014,0.00264423342919,0.192565947634,1990-08-01,Iraq invades Kuwait,t_event +/- 1,0.0980116919863,-0.000406601454918,3,True
single,event_window_omitted,lbrent,nuclear_threat,24,410,1990-04-01,2024-08-01,0.0959411694354,HC3,0.436875538296,0.0501175416356,0.0555788801146,0.0135051493023,0.178377189569,-0.00228740716393,0.194169746035,0.0486306877378,0.0485123801302,0.0159508063288,0.175931532542,0.000626772925934,0.191255565945,1991-01-01,Gulf War air campaign,t_event +/- 1,0.0980116919863,-0.00207052255084,3,True
single,event_window_omitted,lbrent,nuclear_threat,24,410,1990-04-01,2024-08-01,0.0971881011385,HC3,0.436276351219,0.053153487983,0.0674831546485,0.00975839364454,0.184617808633,-0.00699082096087,0.201367023238,0.0515470572703,0.059372505777,0.0124007370289,0.181975465248,-0.00384227462019,0.198218476897,1998-05-01,Indian and Pakistani nuclear tests,t_event +/- 1,0.0980116919863,-0.00082359084774,3,True
single,event_window_omitted,lbrent,nuclear_threat,24,410,1990-04-01,2024-08-01,0.0988984155238,HC3,0.441772888487,0.0500379196031,0.0481016413393,0.0165933619794,0.181203469068,0.000825895240295,0.196970935807,0.0485360482447,0.0415871401374,0.0190637205307,0.178733110517,0.00376950901236,0.194027322035,2001-09-01,September 11 attacks,t_event +/- 1,0.0980116919863,0.000886723537497,3,True
single,event_window_omitted,lbrent,nuclear_threat,24,410,1990-04-01,2024-08-01,0.0982243526912,HC3,0.445736790945,0.0492636137173,0.0461682354113,0.0171929189916,0.179255786391,0.001669444057,0.194779261325,0.0478711828505,0.0401845141415,0.0194832639532,0.176965441429,0.00439855840696,0.192050146975,2003-03-01,Invasion of Iraq,t_event +/- 1,0.0980116919863,0.000212660704931,3,True
single,event_window_omitted,lbrent,nuclear_threat,24,410,1990-04-01,2024-08-01,0.094271960898,HC3,0.434666288245,0.0515624389153,0.0675035105315,0.00945929623374,0.179084625562,-0.006788562331,0.195332484127,0.0500257803475,0.0595017569998,0.0119868746524,0.176557047144,-0.00377676688152,0.192320688678,2006-10-01,North Korean nuclear test,t_event +/- 1,0.0980116919863,-0.00373973108826,3,True
single,event_window_omitted,lbrent,nuclear_threat,24,410,1990-04-01,2024-08-01,0.0952176418972,HC3,0.434752605891,0.0507742088597,0.060749383616,0.0117015002988,0.178733783496,-0.00429797881125,0.194733262606,0.049275706055,0.0533169935352,0.0141663180721,0.176268965722,-0.00136096728335,0.191796251078,2011-02-01,Libyan uprising,t_event +/- 1,0.0980116919863,-0.00279405008907,3,True
single,event_window_omitted,lbrent,nuclear_threat,24,410,1990-04-01,2024-08-01,0.0961464107399,HC3,0.434267421883,0.0498052294864,0.0535513397268,0.014224098378,0.178068723102,-0.00147004529525,0.193762866775,0.0483361123755,0.0466877700451,0.0166405809863,0.175652240494,0.00140937133122,0.190883450149,2013-07-01,Egyptian military takeover,t_event +/- 1,0.0980116919863,-0.00186528124637,3,True
single,event_window_omitted,lbrent,nuclear_threat,24,410,1990-04-01,2024-08-01,0.0977775998926,HC3,0.435583188872,0.0501863211874,0.0513800533576,0.0152284474642,0.180326752321,-0.000585782151233,0.196140981936,0.048670103348,0.0445385233649,0.0177224038765,0.177832795909,0.00238595020661,0.193169249579,2015-11-01,Paris attacks,t_event +/- 1,0.0980116919863,-0.000234092093717,3,True
single,event_window_omitted,lbrent,nuclear_threat,24,410,1990-04-01,2024-08-01,0.113024262518,HC3,0.435014849026,0.0516955905389,0.0287905628322,0.027992582923,0.198055942114,0.0117027669025,0.214345758134,0.0505010385806,0.0252172613135,0.0299574460442,0.196091078992,0.0140440457185,0.212004479318,2017-07-01,North Korean missile escalation,t_event +/- 1,0.0980116919863,0.0150125705321,3,True
single,event_window_omitted,lbrent,nuclear_threat,24,410,1990-04-01,2024-08-01,0.100844751029,HC3,0.436319022022,0.0507059228913,0.0467215154568,0.0174409298537,0.184248572205,0.00146296835951,0.200226533699,0.0491439312517,0.0401668858172,0.0200101774674,0.181679324591,0.00452441571733,0.197165086341,2022-02-01,Russian invasion of Ukraine,t_event +/- 1,0.0980116919863,0.00283305904307,3,True
single,event_window_omitted,lbrent,nuclear_threat,24,410,1990-04-01,2024-08-01,0.0934772244072,HC3,0.434992853085,0.0499141403161,0.0611014812792,0.0113757696721,0.175578679142,-0.00435269293165,0.191307141746,0.048433508426,0.0536054226884,0.0138111924067,0.173143256408,-0.00145070775266,0.188405156567,2023-10-01,Israel-Hamas war outbreak,t_event +/- 1,0.0980116919863,-0.00453446757911,3,True
single,event_window_omitted,lbrent,nuclear_threat,48,386,1990-04-01,2022-08-01,0.00809388018628,HC3,0.472583688943,0.053759258709,0.880324487023,-0.0803322314834,0.096519991856,-0.0972723307189,0.113460091091,0.0528841464732,0.878359418512,-0.0788927999484,0.095080560321,-0.0955571422543,0.111744902627,1990-08-01,Iraq invades Kuwait,t_event +/- 1,0.014845668432,-0.00675178824569,3,True
single,event_window_omitted,lbrent,nuclear_threat,48,386,1990-04-01,2022-08-01,0.00859690919483,HC3,0.446587128598,0.0538263177915,0.87310501573,-0.07993950485,0.0971333232397,-0.096900735097,0.114094553487,0.0529542383242,0.871033386111,-0.0785050617751,0.0956988801648,-0.0951914907493,0.112385309139,1991-01-01,Gulf War air campaign,t_event +/- 1,0.014845668432,-0.00624875923715,3,True
single,event_window_omitted,lbrent,nuclear_threat,48,386,1990-04-01,2022-08-01,0.0130040000266,HC3,0.445793441814,0.057838353377,0.822108795854,-0.0821316253024,0.108139625356,-0.100357089517,0.126365089571,0.0568188620099,0.81897177656,-0.0804547112296,0.106462711283,-0.0983589231553,0.124366923209,1998-05-01,Indian and Pakistani nuclear tests,t_event +/- 1,0.014845668432,-0.00184166840533,3,True
single,event_window_omitted,lbrent,nuclear_threat,48,386,1990-04-01,2022-08-01,0.0218411878082,HC3,0.451376379375,0.0537205149489,0.684323314606,-0.0665211960472,0.110203571664,-0.0834490867226,0.127131462339,0.0528105679997,0.679184592616,-0.0650244665075,0.108706842124,-0.0816656234744,0.125347999091,2001-09-01,September 11 attacks,t_event +/- 1,0.014845668432,0.00699551937624,3,True
single,event_window_omitted,lbrent,nuclear_threat,48,386,1990-04-01,2022-08-01,0.0165238131695,HC3,0.455787515748,0.0534973966891,0.757419390827,-0.071471573807,0.104519200146,-0.0883291576078,0.121376783947,0.0525999419828,0.753413737416,-0.0699953921784,0.103043018517,-0.0865701787057,0.119617805045,2003-03-01,Invasion of Iraq,t_event +/- 1,0.014845668432,0.00167814473751,3,True
single,event_window_omitted,lbrent,nuclear_threat,48,386,1990-04-01,2022-08-01,0.0162156428525,HC3,0.444122144024,0.0543842633274,0.765575002466,-0.0732385099306,0.105669795636,-0.0903755545949,0.1228068403,0.053500794078,0.761820033065,-0.0717853323314,0.104216618036,-0.0886439866846,0.12107527239,2006-10-01,North Korean nuclear test,t_event +/- 1,0.014845668432,0.00136997442057,3,True
single,event_window_omitted,lbrent,nuclear_threat,48,386,1990-04-01,2022-08-01,0.0193585493215,HC3,0.444204548622,0.0553522271711,0.726538422886,-0.0716877623008,0.110404860944,-0.089129822398,0.127846921041,0.0544200840071,0.722047003342,-0.0701545232366,0.10887162188,-0.087302855368,0.126019954011,2011-02-01,Libyan uprising,t_event +/- 1,0.014845668432,0.00451288088952,3,True
single,event_window_omitted,lbrent,nuclear_threat,48,386,1990-04-01,2022-08-01,0.0129710380684,HC3,0.443713827118,0.0537811371884,0.80941412106,-0.0754910604975,0.101433136634,-0.0924380538685,0.118380130005,0.0528941428165,0.806281167652,-0.0740320845878,0.0999741607247,-0.0906995768451,0.116641652982,2013-07-01,Egyptian military takeover,t_event +/- 1,0.014845668432,-0.00187463036355,3,True
single,event_window_omitted,lbrent,nuclear_threat,48,386,1990-04-01,2022-08-01,0.0132614542332,HC3,0.445094712203,0.0540972592525,0.8063472864,-0.0757206188564,0.102243527323,-0.092767225564,0.11929013403,0.0531927807205,0.803121548128,-0.0742328840625,0.100755792529,-0.0909944802165,0.117517388683,2015-11-01,Paris attacks,t_event +/- 1,0.014845668432,-0.00158421419876,3,True
single,event_window_omitted,lbrent,nuclear_threat,48,386,1990-04-01,2022-08-01,0.0187086914578,HC3,0.444411777889,0.0583687348223,0.74856969725,-0.0772993337152,0.114716716631,-0.095691926617,0.133109309533,0.0573530482026,0.744271364367,-0.075628677895,0.113046060811,-0.0937012174229,0.131118600338,2017-07-01,North Korean missile escalation,t_event +/- 1,0.014845668432,0.00386302302579,3,True
single,event_window_omitted,lbrent,nuclear_threat,48,386,1990-04-01,2022-08-01,0.0135435011821,HC3,0.445991378315,0.0546677058516,0.804333829516,-0.0763768730651,0.103463875429,-0.0936032334045,0.120690235769,0.0537406153376,0.801028606516,-0.0748519448705,0.101938947235,-0.0917861693865,0.118873171751,2022-02-01,Russian invasion of Ukraine,t_event +/- 1,0.014845668432,-0.00130216724987,3,True
single,event_window_omitted,lbrent,nuclear_threat,48,389,1990-04-01,2022-08-01,0.014845668432,HC3,0.443639308591,0.0537984516515,0.782586673986,-0.0736449098913,0.103336246755,-0.0905973592289,0.120288696093,0.0528986077934,0.778983587147,-0.0721647984577,0.101856135322,-0.0888336976755,0.118525034539,2023-10-01,Israel-Hamas war outbreak,t_event +/- 1,0.014845668432,0,0,True
