model,outcome,horizon,n,event,partial_r2,excluded_instrument_wald_F_hc3,excluded_instrument_wald_chi2_hc3,relevance_p_value_hc3,excluded_instrument_wald_chi2,excluded_instrument_wald_F,excluded_instrument_df,relevance_p_value,diagnostic_type
single,lwti,0,432,gpr_ai,0.73644779366,145.654359484,145.654359484,1.54491243394e-33,184.787882483,184.787882483,1,4.36621604068e-42,single-instrument relevance
single,lwti,1,432,gpr_ai,0.73644779366,145.654359484,145.654359484,1.54491243394e-33,184.787882483,184.787882483,1,4.36621604068e-42,single-instrument relevance
single,lwti,2,432,gpr_ai,0.73644779366,145.654359484,145.654359484,1.54491243394e-33,184.787882483,184.787882483,1,4.36621604068e-42,single-instrument relevance
single,lwti,3,432,gpr_ai,0.73644779366,145.654359484,145.654359484,1.54491243394e-33,184.787882483,184.787882483,1,4.36621604068e-42,single-instrument relevance
single,lwti,4,432,gpr_ai,0.73644779366,145.654359484,145.654359484,1.54491243394e-33,184.787882483,184.787882483,1,4.36621604068e-42,single-instrument relevance
single,lwti,5,432,gpr_ai,0.73644779366,145.654359484,145.654359484,1.54491243394e-33,184.787882483,184.787882483,1,4.36621604068e-42,single-instrument relevance
single,lwti,6,431,gpr_ai,0.732970931827,134.751867158,134.751867158,3.74120316179e-31,173.003085883,173.003085883,1,1.63416278147e-39,single-instrument relevance
single,lwti,7,430,gpr_ai,0.733507159323,129.865494019,129.865494019,4.38507802992e-30,167.536138342,167.536138342,1,2.55458851755e-38,single-instrument relevance
single,lwti,8,429,gpr_ai,0.731977784805,128.965875255,128.965875255,6.89944353551e-30,166.471442505,166.471442505,1,4.36400254083e-38,single-instrument relevance
single,lwti,9,428,gpr_ai,0.730987627083,127.163202338,127.163202338,1.71107961544e-29,164.279920767,164.279920767,1,1.31404950839e-37,single-instrument relevance
single,lwti,10,427,gpr_ai,0.730152099983,124.408465687,124.408465687,6.85703965027e-29,161.278567648,161.278567648,1,5.94707533027e-37,single-instrument relevance
single,lwti,11,426,gpr_ai,0.73000126864,124.385153743,124.385153743,6.93807274532e-29,161.270588072,161.270588072,1,5.97099623575e-37,single-instrument relevance
single,lwti,12,425,gpr_ai,0.729699427965,124.419021612,124.419021612,6.82065891153e-29,161.307557871,161.307557871,1,5.86097316722e-37,single-instrument relevance
single,lwti,13,424,gpr_ai,0.730945463803,124.738141973,124.738141973,5.80741113236e-29,161.682473438,161.682473438,1,4.85355322143e-37,single-instrument relevance
single,lwti,14,423,gpr_ai,0.731459558479,115.864729258,115.864729258,5.08847323981e-27,151.972617742,151.972617742,1,6.42407471313e-35,single-instrument relevance
single,lwti,15,422,gpr_ai,0.729526725596,114.095370508,114.095370508,1.24189457492e-26,149.783154182,149.783154182,1,1.93355837579e-34,single-instrument relevance
single,lwti,16,421,gpr_ai,0.729445138694,114.207108128,114.207108128,1.17384898522e-26,149.971516336,149.971516336,1,1.75867498688e-34,single-instrument relevance
single,lwti,17,420,gpr_ai,0.729564308696,113.919996212,113.919996212,1.35673549407e-26,149.713244344,149.713244344,1,2.00280229802e-34,single-instrument relevance
single,lwti,18,419,gpr_ai,0.729176971917,113.849660366,113.849660366,1.40572469666e-26,149.659922875,149.659922875,1,2.05727828783e-34,single-instrument relevance
single,lwti,19,418,gpr_ai,0.728708065492,113.997213616,113.997213616,1.30491727067e-26,149.871644736,149.871644736,1,1.84933340905e-34,single-instrument relevance
single,lwti,20,417,gpr_ai,0.728939238864,113.625586528,113.625586528,1.57390269671e-26,149.517796076,149.517796076,1,2.20983134468e-34,single-instrument relevance
single,lwti,21,416,gpr_ai,0.728002647296,113.056862727,113.056862727,2.09674616756e-26,148.739371484,148.739371484,1,3.26972056546e-34,single-instrument relevance
single,lwti,22,415,gpr_ai,0.727971385888,112.357938979,112.357938979,2.98290144583e-26,147.981624759,147.981624759,1,4.78793067957e-34,single-instrument relevance
single,lwti,23,414,gpr_ai,0.727616191969,112.3336963,112.3336963,3.01959844927e-26,147.952446977,147.952446977,1,4.85876605036e-34,single-instrument relevance
single,lwti,24,413,gpr_ai,0.727603413321,112.229173328,112.229173328,3.18305953266e-26,147.890179579,147.890179579,1,5.01345814841e-34,single-instrument relevance
single,lwti,25,412,gpr_ai,0.726632571925,111.91600764,111.91600764,3.72772811419e-26,147.481870725,147.481870725,1,6.15733831079e-34,single-instrument relevance
single,lwti,26,411,gpr_ai,0.726315310594,111.377018313,111.377018313,4.89231706956e-26,146.789486384,146.789486384,1,8.72470535166e-34,single-instrument relevance
single,lwti,27,410,gpr_ai,0.725924759169,109.851397289,109.851397289,1.0561902058e-25,145.083965052,145.083965052,1,2.05875251702e-33,single-instrument relevance
single,lwti,28,409,gpr_ai,0.725955027648,109.570049911,109.570049911,1.21725926326e-25,144.885878879,144.885878879,1,2.27462982386e-33,single-instrument relevance
single,lwti,29,408,gpr_ai,0.725050903766,109.144925788,109.144925788,1.50843637571e-25,144.253570052,144.253570052,1,3.12717283365e-33,single-instrument relevance
single,lwti,30,407,gpr_ai,0.725199220069,107.655778339,107.655778339,3.19758205451e-25,142.654495976,142.654495976,1,6.99478440977e-33,single-instrument relevance
single,lwti,31,406,gpr_ai,0.724379417394,107.618438704,107.618438704,3.25839617351e-25,142.588020693,142.588020693,1,7.23284398567e-33,single-instrument relevance
single,lwti,32,405,gpr_ai,0.724366611981,107.795265665,107.795265665,2.98027426266e-25,142.876891267,142.876891267,1,6.25385958646e-33,single-instrument relevance
single,lwti,33,404,gpr_ai,0.724950829671,108.353767217,108.353767217,2.24841701579e-25,143.612710577,143.612710577,1,4.31784060731e-33,single-instrument relevance
single,lwti,34,403,gpr_ai,0.735799451678,98.6759246563,98.6759246563,2.97395747143e-23,133.73424198,133.73424198,1,6.24608974708e-31,single-instrument relevance
single,lwti,35,402,gpr_ai,0.724406432107,87.3533114568,87.3533114568,9.07680387261e-21,119.41637959,119.41637959,1,8.48998880272e-28,single-instrument relevance
single,lwti,36,401,gpr_ai,0.724296483177,87.3112989632,87.3112989632,9.27167168606e-21,119.361394186,119.361394186,1,8.72861716194e-28,single-instrument relevance
single,lwti,37,400,gpr_ai,0.724257912404,87.1327687454,87.1327687454,1.01475267348e-20,119.284587115,119.284587115,1,9.07321944019e-28,single-instrument relevance
single,lwti,38,399,gpr_ai,0.724225423357,87.1214917287,87.1214917287,1.02055513451e-20,119.274969277,119.274969277,1,9.11731854927e-28,single-instrument relevance
single,lwti,39,398,gpr_ai,0.723911816709,86.9133191827,86.9133191827,1.13383208715e-20,119.014284489,119.014284489,1,1.03978024738e-27,single-instrument relevance
single,lwti,40,397,gpr_ai,0.723889444902,86.7201183923,86.7201183923,1.25018550167e-20,118.950504015,118.950504015,1,1.07375658335e-27,single-instrument relevance
single,lwti,41,396,gpr_ai,0.723796021164,86.7741552451,86.7741552451,1.21648901379e-20,119.013754139,119.013754139,1,1.04005828763e-27,single-instrument relevance
single,lwti,42,395,gpr_ai,0.723905743288,85.4978290007,85.4978290007,2.31956130197e-20,117.646259211,117.646259211,1,2.07240302635e-27,single-instrument relevance
single,lwti,43,394,gpr_ai,0.721715036641,84.1040007107,84.1040007107,4.69419827321e-20,115.830883496,115.830883496,1,5.17606115864e-27,single-instrument relevance
single,lwti,44,393,gpr_ai,0.721615223523,83.7117344223,83.7117344223,5.72444331844e-20,115.454236397,115.454236397,1,6.2586806385e-27,single-instrument relevance
single,lwti,45,392,gpr_ai,0.721188978652,83.7128272044,83.7128272044,5.72127988812e-20,115.434971241,115.434971241,1,6.31977769195e-27,single-instrument relevance
single,lwti,46,391,gpr_ai,0.721198568703,83.1089305704,83.1089305704,7.76540698931e-20,114.913503383,114.913503383,1,8.22060724742e-27,single-instrument relevance
single,lwti,47,390,gpr_ai,0.720622661167,82.9682050225,82.9682050225,8.33838635483e-20,114.703739068,114.703739068,1,9.13784440011e-27,single-instrument relevance
single,lwti,48,389,gpr_ai,0.720811641724,81.9718029815,81.9718029815,1.38042078931e-19,113.627979305,113.627979305,1,1.57200455114e-26,single-instrument relevance
single,lwti,0,432,military_conflict,0.370046295747,32.8169387756,32.8169387756,1.01258643356e-08,40.925294602,40.925294602,1,1.58160776825e-10,single-instrument relevance
single,lwti,1,432,military_conflict,0.370046295747,32.8169387756,32.8169387756,1.01258643356e-08,40.925294602,40.925294602,1,1.58160776825e-10,single-instrument relevance
single,lwti,2,432,military_conflict,0.370046295747,32.8169387756,32.8169387756,1.01258643356e-08,40.925294602,40.925294602,1,1.58160776825e-10,single-instrument relevance
single,lwti,3,432,military_conflict,0.370046295747,32.8169387756,32.8169387756,1.01258643356e-08,40.925294602,40.925294602,1,1.58160776825e-10,single-instrument relevance
single,lwti,4,432,military_conflict,0.370046295747,32.8169387756,32.8169387756,1.01258643356e-08,40.925294602,40.925294602,1,1.58160776825e-10,single-instrument relevance
single,lwti,5,432,military_conflict,0.370046295747,32.8169387756,32.8169387756,1.01258643356e-08,40.925294602,40.925294602,1,1.58160776825e-10,single-instrument relevance
single,lwti,6,431,military_conflict,0.353892501006,26.9447024873,26.9447024873,2.09360184347e-07,34.1602799813,34.1602799813,1,5.07544096849e-09,single-instrument relevance
single,lwti,7,430,military_conflict,0.353932879858,26.8508189365,26.8508189365,2.19781198526e-07,34.0619068359,34.0619068359,1,5.33862251897e-09,single-instrument relevance
single,lwti,8,429,military_conflict,0.353859450668,26.7866121464,26.7866121464,2.27205952547e-07,33.9799912014,33.9799912014,1,5.56817429557e-09,single-instrument relevance
single,lwti,9,428,military_conflict,0.35204341477,26.5060517214,26.5060517214,2.6271381748e-07,33.6458971845,33.6458971845,1,6.61141793184e-09,single-instrument relevance
single,lwti,10,427,military_conflict,0.350792292259,26.1814619397,26.1814619397,3.10791851541e-07,33.2960573601,33.2960573601,1,7.91429316523e-09,single-instrument relevance
single,lwti,11,426,military_conflict,0.350608646624,26.1499834851,26.1499834851,3.15899811114e-07,33.2567753049,33.2567753049,1,8.07578903387e-09,single-instrument relevance
single,lwti,12,425,military_conflict,0.350391218274,26.1307523138,26.1307523138,3.19061746537e-07,33.2351107484,33.2351107484,1,8.16626390981e-09,single-instrument relevance
single,lwti,13,424,military_conflict,0.351612099559,26.0711689519,26.0711689519,3.29061115616e-07,33.1876828467,33.1876828467,1,8.36789060898e-09,single-instrument relevance
single,lwti,14,423,military_conflict,0.353548418699,24.1136991882,24.1136991882,9.08119614279e-07,31.0931119023,31.0931119023,1,2.4594260118e-08,single-instrument relevance
single,lwti,15,422,military_conflict,0.348615759683,23.5497543398,23.5497543398,1.21724966283e-06,30.3957465092,30.3957465092,1,3.52299806635e-08,single-instrument relevance
single,lwti,16,421,military_conflict,0.347554702505,23.4611938322,23.4611938322,1.27458937414e-06,30.2837702702,30.2837702702,1,3.73235902786e-08,single-instrument relevance
single,lwti,17,420,military_conflict,0.347567352226,23.3785275886,23.3785275886,1.3305550435e-06,30.1956333464,30.1956333464,1,3.90587879991e-08,single-instrument relevance
single,lwti,18,419,military_conflict,0.346806920663,23.3145638451,23.3145638451,1.37554492306e-06,30.1167121001,30.1167121001,1,4.06810325492e-08,single-instrument relevance
single,lwti,19,418,military_conflict,0.346802550348,23.2738368991,23.2738368991,1.40498268957e-06,30.0856755883,30.0856755883,1,4.13373358354e-08,single-instrument relevance
single,lwti,20,417,military_conflict,0.346627368479,23.2674215362,23.2674215362,1.40967702914e-06,30.0787476431,30.0787476431,1,4.14852775361e-08,single-instrument relevance
single,lwti,21,416,military_conflict,0.347150508662,23.326936134,23.326936134,1.36672523756e-06,30.1602565833,30.1602565833,1,3.97777929749e-08,single-instrument relevance
single,lwti,22,415,military_conflict,0.348728718267,22.605417516,22.605417516,1.98922893494e-06,29.3739931335,29.3739931335,1,5.96731031137e-08,single-instrument relevance
single,lwti,23,414,military_conflict,0.346469913434,22.4350292174,22.4350292174,2.17373170291e-06,29.1538264488,29.1538264488,1,6.68535792331e-08,single-instrument relevance
single,lwti,24,413,military_conflict,0.346672430736,22.33362701,22.33362701,2.29158488218e-06,29.0355066905,29.0355066905,1,7.1063772031e-08,single-instrument relevance
single,lwti,25,412,military_conflict,0.344709459484,22.1541120829,22.1541120829,2.51616449516e-06,28.8038037372,28.8038037372,1,8.00936576424e-08,single-instrument relevance
single,lwti,26,411,military_conflict,0.344648197988,22.1684859135,22.1684859135,2.49739636216e-06,28.8208569613,28.8208569613,1,7.93915386125e-08,single-instrument relevance
single,lwti,27,410,military_conflict,0.344709630055,22.1218747324,22.1218747324,2.55877348575e-06,28.7789256631,28.7789256631,1,8.11291175644e-08,single-instrument relevance
single,lwti,28,409,military_conflict,0.34682023148,21.7247688489,21.7247688489,3.14701682091e-06,28.3542136748,28.3542136748,1,1.0102666544e-07,single-instrument relevance
single,lwti,29,408,military_conflict,0.343535399804,21.2933695747,21.2933695747,3.94092251398e-06,27.8143138455,27.8143138455,1,1.33534499937e-07,single-instrument relevance
single,lwti,30,407,military_conflict,0.34391827919,21.1191990687,21.1191990687,4.31582415413e-06,27.6329934169,27.6329934169,1,1.46655795155e-07,single-instrument relevance
single,lwti,31,406,military_conflict,0.343226393424,21.0657989529,21.0657989529,4.43778614097e-06,27.5708425923,27.5708425923,1,1.51444585238e-07,single-instrument relevance
single,lwti,32,405,military_conflict,0.342504826434,21.0812426509,21.0812426509,4.40216259843e-06,27.5900792396,27.5900792396,1,1.49945868704e-07,single-instrument relevance
single,lwti,33,404,military_conflict,0.342244476298,21.1314344205,21.1314344205,4.28835650984e-06,27.6651838166,27.6651838166,1,1.44235447446e-07,single-instrument relevance
single,lwti,34,403,military_conflict,0.368020346379,19.2986653861,19.2986653861,1.11784458117e-05,26.2930099394,26.2930099394,1,2.93348487558e-07,single-instrument relevance
single,lwti,35,402,military_conflict,0.349201549643,16.4561074999,16.4561074999,4.9789519243e-05,22.7246080319,22.7246080319,1,1.86958268146e-06,single-instrument relevance
single,lwti,36,401,military_conflict,0.348751995632,16.4287503597,16.4287503597,5.0513244172e-05,22.6895459832,22.6895459832,1,1.90400924706e-06,single-instrument relevance
single,lwti,37,400,military_conflict,0.348762335038,16.3992672798,16.3992672798,5.13050584195e-05,22.671789172,22.671789172,1,1.92168607358e-06,single-instrument relevance
single,lwti,38,399,military_conflict,0.348403516889,16.3691935594,16.3691935594,5.21255958668e-05,22.6292572634,22.6292572634,1,1.96469871852e-06,single-instrument relevance
single,lwti,39,398,military_conflict,0.34841330904,16.3454668663,16.3454668663,5.27822623189e-05,22.6005608335,22.6005608335,1,1.99426382764e-06,single-instrument relevance
single,lwti,40,397,military_conflict,0.347261047903,16.2716073071,16.2716073071,5.48801557626e-05,22.5009197113,22.5009197113,1,2.10043005989e-06,single-instrument relevance
single,lwti,41,396,military_conflict,0.347392567237,16.2994554812,16.2994554812,5.40794893815e-05,22.544106117,22.544106117,1,2.05373656277e-06,single-instrument relevance
single,lwti,42,395,military_conflict,0.348127138633,16.0629068915,16.0629068915,6.12725506001e-05,22.2915076212,22.2915076212,1,2.34240243144e-06,single-instrument relevance
single,lwti,43,394,military_conflict,0.346216123629,15.9533067945,15.9533067945,6.49242628568e-05,22.1362000301,22.1362000301,1,2.53975070226e-06,single-instrument relevance
single,lwti,44,393,military_conflict,0.346253386725,15.8988291578,15.8988291578,6.68200413522e-05,22.0772678763,22.0772678763,1,2.61892806497e-06,single-instrument relevance
single,lwti,45,392,military_conflict,0.345006705923,15.8447414687,15.8447414687,6.87573386474e-05,22.0023877465,22.0023877465,1,2.72311483617e-06,single-instrument relevance
single,lwti,46,391,military_conflict,0.345188116824,15.7597453503,15.7597453503,7.19165118609e-05,21.9220304048,21.9220304048,1,2.83955332594e-06,single-instrument relevance
single,lwti,47,390,military_conflict,0.344477028348,15.7239141371,15.7239141371,7.32916796583e-05,21.8765221404,21.8765221404,1,2.90769743518e-06,single-instrument relevance
single,lwti,48,389,military_conflict,0.344925053625,15.6133688318,15.6133688318,7.77032727017e-05,21.7575390203,21.7575390203,1,3.09371755515e-06,single-instrument relevance
single,lwti,0,432,diplomatic_tension,0.762072307655,353.591831928,353.591831928,6.99807434123e-79,381.295614891,381.295614891,1,6.49960212453e-85,single-instrument relevance
single,lwti,1,432,diplomatic_tension,0.762072307655,353.591831928,353.591831928,6.99807434123e-79,381.295614891,381.295614891,1,6.49960212453e-85,single-instrument relevance
single,lwti,2,432,diplomatic_tension,0.762072307655,353.591831928,353.591831928,6.99807434123e-79,381.295614891,381.295614891,1,6.49960212453e-85,single-instrument relevance
single,lwti,3,432,diplomatic_tension,0.762072307655,353.591831928,353.591831928,6.99807434123e-79,381.295614891,381.295614891,1,6.49960212453e-85,single-instrument relevance
single,lwti,4,432,diplomatic_tension,0.762072307655,353.591831928,353.591831928,6.99807434123e-79,381.295614891,381.295614891,1,6.49960212453e-85,single-instrument relevance
single,lwti,5,432,diplomatic_tension,0.762072307655,353.591831928,353.591831928,6.99807434123e-79,381.295614891,381.295614891,1,6.49960212453e-85,single-instrument relevance
single,lwti,6,431,diplomatic_tension,0.759505523489,355.34514309,355.34514309,2.90525172033e-79,383.086440781,383.086440781,1,2.64851015303e-85,single-instrument relevance
single,lwti,7,430,diplomatic_tension,0.769565893173,361.897937458,361.897937458,1.08721770127e-80,391.594386839,391.594386839,1,3.72202348673e-87,single-instrument relevance
single,lwti,8,429,diplomatic_tension,0.768123835361,350.247433009,350.247433009,3.74332570341e-78,379.846681014,379.846681014,1,1.343820352e-84,single-instrument relevance
single,lwti,9,428,diplomatic_tension,0.768129563193,350.208483263,350.208483263,3.81715205027e-78,379.904525406,379.904525406,1,1.30541190935e-84,single-instrument relevance
single,lwti,10,427,diplomatic_tension,0.768104343719,350.219386176,350.219386176,3.79634086747e-78,380.037551295,380.037551295,1,1.22119702792e-84,single-instrument relevance
single,lwti,11,426,diplomatic_tension,0.76814301515,350.283725378,350.283725378,3.67582185647e-78,380.232551376,380.232551376,1,1.1074680255e-84,single-instrument relevance
single,lwti,12,425,diplomatic_tension,0.76819027094,350.629554605,350.629554605,3.09061934766e-78,380.722922058,380.722922058,1,8.66104194812e-85,single-instrument relevance
single,lwti,13,424,diplomatic_tension,0.767721998126,349.212339534,349.212339534,6.2901988462e-78,379.327540968,379.327540968,1,1.74327731432e-84,single-instrument relevance
single,lwti,14,423,diplomatic_tension,0.769316049658,348.113345853,348.113345853,1.09141119209e-77,378.275861416,378.275861416,1,2.95349012521e-84,single-instrument relevance
single,lwti,15,422,diplomatic_tension,0.770216429181,339.801041909,339.801041909,7.05017943355e-76,369.907887872,369.907887872,1,1.95997159593e-82,single-instrument relevance
single,lwti,16,421,diplomatic_tension,0.776099538169,341.009992143,341.009992143,3.84514949219e-76,372.197906879,372.197906879,1,6.21792428689e-83,single-instrument relevance
single,lwti,17,420,diplomatic_tension,0.776096355259,333.199297835,333.199297835,1.93190622124e-74,364.442943802,364.442943802,1,3.03502279412e-81,single-instrument relevance
single,lwti,18,419,diplomatic_tension,0.806109810752,384.930634784,384.930634784,1.05075754453e-85,422.557998584,422.557998584,1,6.77129288944e-94,single-instrument relevance
single,lwti,19,418,diplomatic_tension,0.804079458391,398.734579877,398.734579877,1.03848871796e-88,434.88298611,434.88298611,1,1.40643709462e-96,single-instrument relevance
single,lwti,20,417,diplomatic_tension,0.803105181673,392.462540248,392.462540248,2.40870457822e-87,428.274803616,428.274803616,1,3.85814567388e-95,single-instrument relevance
single,lwti,21,416,diplomatic_tension,0.8032011114,392.337408071,392.337408071,2.56462896293e-87,428.177574731,428.177574731,1,4.05079888236e-95,single-instrument relevance
single,lwti,22,415,diplomatic_tension,0.802265655995,388.528338767,388.528338767,1.73085714594e-86,424.128079748,424.128079748,1,3.08269968099e-94,single-instrument relevance
single,lwti,23,414,diplomatic_tension,0.801833171264,386.85105637,386.85105637,4.01248241408e-86,422.327046635,422.327046635,1,7.6022183344e-94,single-instrument relevance
single,lwti,24,413,diplomatic_tension,0.80173449245,383.539209925,383.539209925,2.11071160773e-85,418.889359729,418.889359729,1,4.25785637507e-93,single-instrument relevance
single,lwti,25,412,diplomatic_tension,0.801178756723,381.725718773,381.725718773,5.23898749792e-85,416.959388339,416.959388339,1,1.12015214205e-92,single-instrument relevance
single,lwti,26,411,diplomatic_tension,0.801347573139,381.272215717,381.272215717,6.57629210027e-85,416.48444736,416.48444736,1,1.42120081389e-92,single-instrument relevance
single,lwti,27,410,diplomatic_tension,0.800872108681,375.083819109,375.083819109,1.46321858829e-83,410.020949631,410.020949631,1,3.62715633301e-91,single-instrument relevance
single,lwti,28,409,diplomatic_tension,0.800484915069,373.608040635,373.608040635,3.06635178272e-83,408.452197105,408.452197105,1,7.96241745405e-91,single-instrument relevance
single,lwti,29,408,diplomatic_tension,0.800719778519,373.296422189,373.296422189,3.58483605361e-83,408.159601873,408.159601873,1,9.22010882171e-91,single-instrument relevance
single,lwti,30,407,diplomatic_tension,0.801085667333,368.906160488,368.906160488,3.2386037291e-82,403.720984951,403.720984951,1,8.52967050599e-90,single-instrument relevance
single,lwti,31,406,diplomatic_tension,0.800471459632,365.436504623,365.436504623,1.84427199358e-81,400.051682271,400.051682271,1,5.36641276158e-89,single-instrument relevance
single,lwti,32,405,diplomatic_tension,0.800511600441,365.30572997,365.30572997,1.96924444291e-81,399.952365977,399.952365977,1,5.64032309002e-89,single-instrument relevance
single,lwti,33,404,diplomatic_tension,0.799999835761,363.834958733,363.834958733,4.11665842158e-81,398.396701921,398.396701921,1,1.23013909119e-88,single-instrument relevance
single,lwti,34,403,diplomatic_tension,0.800053385464,363.424215327,363.424215327,5.05802045813e-81,397.984112672,397.984112672,1,1.51276239453e-88,single-instrument relevance
single,lwti,35,402,diplomatic_tension,0.799206386762,354.628289196,354.628289196,4.16181412039e-79,388.827388062,388.827388062,1,1.4899005189e-86,single-instrument relevance
single,lwti,36,401,diplomatic_tension,0.798109316686,347.909593723,347.909593723,1.20881274422e-77,381.705412653,381.705412653,1,5.292590243e-85,single-instrument relevance
single,lwti,37,400,diplomatic_tension,0.79608962698,338.160014807,338.160014807,1.60542414795e-75,371.450746799,371.450746799,1,9.04322233891e-83,single-instrument relevance
single,lwti,38,399,diplomatic_tension,0.795550190717,337.432654485,337.432654485,2.31205905467e-75,370.698642342,370.698642342,1,1.31849472266e-82,single-instrument relevance
single,lwti,39,398,diplomatic_tension,0.795502588817,335.427530738,335.427530738,6.31964425839e-75,368.650264789,368.650264789,1,3.68192323114e-82,single-instrument relevance
single,lwti,40,397,diplomatic_tension,0.793278874294,324.746073665,324.746073665,1.3400685267e-72,357.507748787,357.507748787,1,9.82357715396e-80,single-instrument relevance
single,lwti,41,396,diplomatic_tension,0.793243774915,324.750833608,324.750833608,1.3368732561e-72,357.60750433,357.60750433,1,9.34432148142e-80,single-instrument relevance
single,lwti,42,395,diplomatic_tension,0.792077087717,323.607973475,323.607973475,2.37148312544e-72,356.434125946,356.434125946,1,1.68288089426e-79,single-instrument relevance
single,lwti,43,394,diplomatic_tension,0.790764890019,320.044730003,320.044730003,1.41630921121e-71,352.720715304,352.720715304,1,1.08310799258e-78,single-instrument relevance
single,lwti,44,393,diplomatic_tension,0.789610455881,316.792230117,316.792230117,7.23825397268e-71,349.233115112,349.233115112,1,6.22501166729e-78,single-instrument relevance
single,lwti,45,392,diplomatic_tension,0.789610366634,316.764507357,316.764507357,7.33960391334e-71,349.200477844,349.200477844,1,6.32772274901e-78,single-instrument relevance
single,lwti,46,391,diplomatic_tension,0.789629475431,316.860905403,316.860905403,6.99317493236e-71,349.304994281,349.304994281,1,6.00464546472e-78,single-instrument relevance
single,lwti,47,390,diplomatic_tension,0.789693135355,317.171218088,317.171218088,5.98521304088e-71,349.669291401,349.669291401,1,5.00214392879e-78,single-instrument relevance
single,lwti,48,389,diplomatic_tension,0.788719574968,313.726041953,313.726041953,3.36935601379e-70,346.100831446,346.100831446,1,2.99400290414e-77,single-instrument relevance
single,lwti,0,432,terrorism,0.273786266919,2.6359222475,2.6359222475,0.10447138113,6.94923159446,6.94923159446,1,0.00838552437678,single-instrument relevance
single,lwti,1,432,terrorism,0.273786266919,2.6359222475,2.6359222475,0.10447138113,6.94923159446,6.94923159446,1,0.00838552437678,single-instrument relevance
single,lwti,2,432,terrorism,0.273786266919,2.6359222475,2.6359222475,0.10447138113,6.94923159446,6.94923159446,1,0.00838552437678,single-instrument relevance
single,lwti,3,432,terrorism,0.273786266919,2.6359222475,2.6359222475,0.10447138113,6.94923159446,6.94923159446,1,0.00838552437678,single-instrument relevance
single,lwti,4,432,terrorism,0.273786266919,2.6359222475,2.6359222475,0.10447138113,6.94923159446,6.94923159446,1,0.00838552437678,single-instrument relevance
single,lwti,5,432,terrorism,0.273786266919,2.6359222475,2.6359222475,0.10447138113,6.94923159446,6.94923159446,1,0.00838552437678,single-instrument relevance
single,lwti,6,431,terrorism,0.273453086727,2.62891940472,2.62891940472,0.10493310715,6.93447839899,6.93447839899,1,0.00845497162841,single-instrument relevance
single,lwti,7,430,terrorism,0.273142045647,2.63937484617,2.63937484617,0.104244556759,6.96623529366,6.96623529366,1,0.00830620692913,single-instrument relevance
single,lwti,8,429,terrorism,0.27175452986,2.61262248521,2.61262248521,0.106016311804,6.95462759866,6.95462759866,1,0.00836026995034,single-instrument relevance
single,lwti,9,428,terrorism,0.269252025971,2.57459067472,2.57459067472,0.10859218815,6.85898776526,6.85898776526,1,0.00881964978474,single-instrument relevance
single,lwti,10,427,terrorism,0.269705354704,2.58203441035,2.58203441035,0.108082669214,6.88047661006,6.88047661006,1,0.0087142322948,single-instrument relevance
single,lwti,11,426,terrorism,0.270550850535,2.59728392576,2.59728392576,0.107047026877,6.93303095224,6.93303095224,1,0.00846181677482,single-instrument relevance
single,lwti,12,425,terrorism,0.270335026004,2.58492895464,2.58492895464,0.107885248946,6.90443256266,6.90443256266,1,0.00859823107099,single-instrument relevance
single,lwti,13,424,terrorism,0.269602304229,2.57822350674,2.57822350674,0.108343194322,6.88530287552,6.88530287552,1,0.00869073404638,single-instrument relevance
single,lwti,14,423,terrorism,0.269674992146,2.57444935387,2.57444935387,0.108601886955,6.88096294024,6.88096294024,1,0.00871186149416,single-instrument relevance
single,lwti,15,422,terrorism,0.269101097415,2.56788127595,2.56788127595,0.109053703722,6.86211748805,6.86211748805,1,0.00880421550476,single-instrument relevance
single,lwti,16,421,terrorism,0.26776850361,2.54874338114,2.54874338114,0.110382017555,6.80988502713,6.80988502713,1,0.0090654601636,single-instrument relevance
single,lwti,17,420,terrorism,0.270539500039,2.59899823771,2.59899823771,0.106931285295,6.94628195008,6.94628195008,1,0.00839936231094,single-instrument relevance
single,lwti,18,419,terrorism,0.269815735899,2.55787339326,2.55787339326,0.109746120581,6.83535857213,6.83535857213,1,0.0089370751623,single-instrument relevance
single,lwti,19,418,terrorism,0.26968826752,2.55525079799,2.55525079799,0.109928368606,6.83955117945,6.83955117945,1,0.00891612378087,single-instrument relevance
single,lwti,20,417,terrorism,0.268907457955,2.5447569015,2.5447569015,0.110660942169,6.80997877936,6.80997877936,1,0.00906498421245,single-instrument relevance
single,lwti,21,416,terrorism,0.269347476483,2.54621480611,2.54621480611,0.110558846194,6.81402114006,6.81402114006,1,0.00904448671157,single-instrument relevance
single,lwti,22,415,terrorism,0.268745401507,2.53805097972,2.53805097972,0.111131890546,6.79306826431,6.79306826431,1,0.00915124898668,single-instrument relevance
single,lwti,23,414,terrorism,0.268707969622,2.53661976678,2.53661976678,0.111232688108,6.79853751184,6.79853751184,1,0.00912325739493,single-instrument relevance
single,lwti,24,413,terrorism,0.268650682762,2.53530434861,2.53530434861,0.111325419201,6.7979433339,6.7979433339,1,0.00912629414592,single-instrument relevance
single,lwti,25,412,terrorism,0.269080690188,2.55422217495,2.55422217495,0.109999939969,6.86483541133,6.86483541133,1,0.00879083445283,single-instrument relevance
single,lwti,26,411,terrorism,0.270170997482,2.55379690581,2.55379690581,0.11002954507,6.88167842031,6.88167842031,1,0.00870837481559,single-instrument relevance
single,lwti,27,410,terrorism,0.270418276039,2.55301060372,2.55301060372,0.11008430655,6.87995448027,6.87995448027,1,0.00871677834928,single-instrument relevance
single,lwti,28,409,terrorism,0.270370623651,2.552972354,2.552972354,0.110086971191,6.87935319621,6.87935319621,1,0.00871971132602,single-instrument relevance
single,lwti,29,408,terrorism,0.271769426202,2.57891921216,2.57891921216,0.108295582345,6.95152951944,6.95152951944,1,0.00837476007928,single-instrument relevance
single,lwti,30,407,terrorism,0.276287499225,2.64413206376,2.64413206376,0.103932906358,7.1333944167,7.1333944167,1,0.00756613601075,single-instrument relevance
single,lwti,31,406,terrorism,0.277664738005,2.64536600928,2.64536600928,0.10385223602,7.14121600705,7.14121600705,1,0.0075332059726,single-instrument relevance
single,lwti,32,405,terrorism,0.27776523664,2.64760474154,2.64760474154,0.10370605179,7.14676919763,7.14676919763,1,0.0075099151917,single-instrument relevance
single,lwti,33,404,terrorism,0.277090727088,2.64076100684,2.64076100684,0.104153642366,7.12792008107,7.12792008107,1,0.00758927126832,single-instrument relevance
single,lwti,34,403,terrorism,0.281769083331,2.73886577575,2.73886577575,0.0979342561853,7.40992257888,7.40992257888,1,0.00648651146764,single-instrument relevance
single,lwti,35,402,terrorism,0.293829040213,2.87786643478,2.87786643478,0.0898049398346,7.80437661831,7.80437661831,1,0.0052119843161,single-instrument relevance
single,lwti,36,401,terrorism,0.299587821783,2.91445717598,2.91445717598,0.0877889482142,7.90845012017,7.90845012017,1,0.00492044076624,single-instrument relevance
single,lwti,37,400,terrorism,0.301130040615,2.93300164224,2.93300164224,0.0867859983884,7.95862382424,7.95862382424,1,0.00478587891838,single-instrument relevance
single,lwti,38,399,terrorism,0.301107958393,2.92058996418,2.92058996418,0.0874558832137,7.92486714226,7.92486714226,1,0.00487599253377,single-instrument relevance
single,lwti,39,398,terrorism,0.300964809706,2.92013958372,2.92013958372,0.0874802962561,7.92308549958,7.92308549958,1,0.0048807963846,single-instrument relevance
single,lwti,40,397,terrorism,0.30100025139,2.91775011122,2.91775011122,0.0876099420376,7.91750308515,7.91750308515,1,0.00489587951936,single-instrument relevance
single,lwti,41,396,terrorism,0.30085659805,2.91571469365,2.91571469365,0.0877205419889,7.91162317038,7.91162317038,1,0.00491181782975,single-instrument relevance
single,lwti,42,395,terrorism,0.300448577213,2.91367187397,2.91367187397,0.0878316962468,7.90531925761,7.90531925761,1,0.00492896417331,single-instrument relevance
single,lwti,43,394,terrorism,0.300320479224,2.90700587013,2.90700587013,0.0881954707019,7.88718465617,7.88718465617,1,0.00497863028857,single-instrument relevance
single,lwti,44,393,terrorism,0.300320412028,2.9069964518,2.9069964518,0.0881959858286,7.88674060544,7.88674060544,1,0.00497985280748,single-instrument relevance
single,lwti,45,392,terrorism,0.300642780746,2.91445388517,2.91445388517,0.087789127303,7.90721581547,7.90721581547,1,0.0049237992218,single-instrument relevance
single,lwti,46,391,terrorism,0.300797594894,2.91421029832,2.91421029832,0.087802384607,7.90591551552,7.90591551552,1,0.00492733977202,single-instrument relevance
single,lwti,47,390,terrorism,0.300230170994,2.92678123426,2.92678123426,0.087121029922,7.93958767319,7.93958767319,1,0.00483648536209,single-instrument relevance
single,lwti,48,389,terrorism,0.303490487259,2.95830814386,2.95830814386,0.0854372955266,8.03488640503,8.03488640503,1,0.00458848876659,single-instrument relevance
single,lwti,0,432,civil_war,0.493294460126,121.332239942,121.332239942,3.23208182498e-28,137.601887771,137.601887771,1,8.9054692074e-32,single-instrument relevance
single,lwti,1,432,civil_war,0.493294460126,121.332239942,121.332239942,3.23208182498e-28,137.601887771,137.601887771,1,8.9054692074e-32,single-instrument relevance
single,lwti,2,432,civil_war,0.493294460126,121.332239942,121.332239942,3.23208182498e-28,137.601887771,137.601887771,1,8.9054692074e-32,single-instrument relevance
single,lwti,3,432,civil_war,0.493294460126,121.332239942,121.332239942,3.23208182498e-28,137.601887771,137.601887771,1,8.9054692074e-32,single-instrument relevance
single,lwti,4,432,civil_war,0.493294460126,121.332239942,121.332239942,3.23208182498e-28,137.601887771,137.601887771,1,8.9054692074e-32,single-instrument relevance
single,lwti,5,432,civil_war,0.493294460126,121.332239942,121.332239942,3.23208182498e-28,137.601887771,137.601887771,1,8.9054692074e-32,single-instrument relevance
single,lwti,6,431,civil_war,0.497725892367,120.735194032,120.735194032,4.36700183e-28,136.904462858,136.904462858,1,1.26528562253e-31,single-instrument relevance
single,lwti,7,430,civil_war,0.496392629703,119.625878154,119.625878154,7.63907160566e-28,135.92952315,135.92952315,1,2.06739749591e-31,single-instrument relevance
single,lwti,8,429,civil_war,0.492957992379,118.340180502,118.340180502,1.46061196493e-27,134.685813964,134.685813964,1,3.8677598853e-31,single-instrument relevance
single,lwti,9,428,civil_war,0.493286457693,118.779547744,118.779547744,1.1704039669e-27,135.189444253,135.189444253,1,3.00122602236e-31,single-instrument relevance
single,lwti,10,427,civil_war,0.492957956061,118.193864184,118.193864184,1.5724300125e-27,134.537847189,134.537847189,1,4.16701775488e-31,single-instrument relevance
single,lwti,11,426,civil_war,0.493295681261,118.578313988,118.578313988,1.29537460754e-27,135.005634704,135.005634704,1,3.292332307e-31,single-instrument relevance
single,lwti,12,425,civil_war,0.493714139266,117.971838939,117.971838939,1.75867319971e-27,134.335177685,134.335177685,1,4.61484518345e-31,single-instrument relevance
single,lwti,13,424,civil_war,0.493569659875,118.029235845,118.029235845,1.70851053654e-27,134.395675164,134.395675164,1,4.47634869814e-31,single-instrument relevance
single,lwti,14,423,civil_war,0.493930661097,118.454017158,118.454017158,1.37914567396e-27,134.906835232,134.906835232,1,3.46030510572e-31,single-instrument relevance
single,lwti,15,422,civil_war,0.49422682452,117.99504106,117.99504106,1.73822047208e-27,134.401914455,134.401914455,1,4.46230374402e-31,single-instrument relevance
single,lwti,16,421,civil_war,0.493860306378,117.923529215,117.923529215,1.80203391928e-27,134.31744257,134.31744257,1,4.65625252535e-31,single-instrument relevance
single,lwti,17,420,civil_war,0.495388178949,119.498080924,119.498080924,8.14741374421e-28,136.240684635,136.240684635,1,1.76752945054e-31,single-instrument relevance
single,lwti,18,419,civil_war,0.499502381035,120.040996812,120.040996812,6.19667249303e-28,136.94322968,136.94322968,1,1.24082304679e-31,single-instrument relevance
single,lwti,19,418,civil_war,0.516070404322,120.379984753,120.379984753,5.22330865803e-28,137.515134194,137.515134194,1,9.30315231572e-32,single-instrument relevance
single,lwti,20,417,civil_war,0.51931046263,111.242926477,111.242926477,5.23467058479e-26,127.248839142,127.248839142,1,1.63881695429e-29,single-instrument relevance
single,lwti,21,416,civil_war,0.485639632237,99.8695035041,99.8695035041,1.62776493482e-23,114.059833751,114.059833751,1,1.26435184312e-26,single-instrument relevance
single,lwti,22,415,civil_war,0.489430905104,100.827664781,100.827664781,1.00344969775e-23,115.259062554,115.259062554,1,6.90598352507e-27,single-instrument relevance
single,lwti,23,414,civil_war,0.488676006614,100.619351682,100.619351682,1.1147328868e-23,114.972171622,114.972171622,1,7.98096246501e-27,single-instrument relevance
single,lwti,24,413,civil_war,0.488501368156,100.515108267,100.515108267,1.17497276468e-23,114.877054493,114.877054493,1,8.37310258923e-27,single-instrument relevance
single,lwti,25,412,civil_war,0.48798077755,100.39802301,100.39802301,1.24652452511e-23,114.732656031,114.732656031,1,9.00555947474e-27,single-instrument relevance
single,lwti,26,411,civil_war,0.48755961511,100.185045927,100.185045927,1.38803550367e-23,114.464799241,114.464799241,1,1.03079930122e-26,single-instrument relevance
single,lwti,27,410,civil_war,0.487582877166,100.157013998,100.157013998,1.40782035668e-23,114.435726066,114.435726066,1,1.04602366874e-26,single-instrument relevance
single,lwti,28,409,civil_war,0.487725039431,100.208110145,100.208110145,1.37196556051e-23,114.503305591,114.503305591,1,1.01097578765e-26,single-instrument relevance
single,lwti,29,408,civil_war,0.487100725571,100.024908838,100.024908838,1.50492429602e-23,114.290790957,114.290790957,1,1.1253415428e-26,single-instrument relevance
single,lwti,30,407,civil_war,0.487320381685,100.0012526,100.0012526,1.52300708446e-23,114.246364383,114.246364383,1,1.15083872544e-26,single-instrument relevance
single,lwti,31,406,civil_war,0.487327125272,100.004417026,100.004417026,1.52057566859e-23,114.246915371,114.246915371,1,1.15051899227e-26,single-instrument relevance
single,lwti,32,405,civil_war,0.487298920389,99.9984550218,99.9984550218,1.52515986741e-23,114.238318484,114.238318484,1,1.1555178235e-26,single-instrument relevance
single,lwti,33,404,civil_war,0.487993755944,99.7938529163,99.7938529163,1.69114331281e-23,114.083442811,114.083442811,1,1.2493873858e-26,single-instrument relevance
single,lwti,34,403,civil_war,0.497955951797,103.016908617,103.016908617,3.32299960024e-24,118.374998444,118.374998444,1,1.43519658011e-27,single-instrument relevance
single,lwti,35,402,civil_war,0.505724328116,103.231832824,103.231832824,2.98137020786e-24,118.683420664,118.683420664,1,1.22852069715e-27,single-instrument relevance
single,lwti,36,401,civil_war,0.506349850566,103.353774063,103.353774063,2.80340014814e-24,118.841553184,118.841553184,1,1.13438370914e-27,single-instrument relevance
single,lwti,37,400,civil_war,0.50594542793,103.289967016,103.289967016,2.89515779013e-24,118.72546409,118.72546409,1,1.20275507384e-27,single-instrument relevance
single,lwti,38,399,civil_war,0.505853632131,103.215141813,103.215141813,3.00659393515e-24,118.598261918,118.598261918,1,1.28241268887e-27,single-instrument relevance
single,lwti,39,398,civil_war,0.505852467586,103.179959445,103.179959445,3.06046341128e-24,118.579935537,118.579935537,1,1.29431606984e-27,single-instrument relevance
single,lwti,40,397,civil_war,0.505810539722,102.776750699,102.776750699,3.75126141006e-24,118.318650711,118.318650711,1,1.47655237614e-27,single-instrument relevance
single,lwti,41,396,civil_war,0.497917406747,104.323276832,104.323276832,1.71858134622e-24,120.609395237,120.609395237,1,4.65289232321e-28,single-instrument relevance
single,lwti,42,395,civil_war,0.49759347526,104.17457513,104.17457513,1.85252604729e-24,120.419230861,120.419230861,1,5.12098912136e-28,single-instrument relevance
single,lwti,43,394,civil_war,0.497530104493,104.131438309,104.131438309,1.89330094046e-24,120.357058824,120.357058824,1,5.28402289741e-28,single-instrument relevance
single,lwti,44,393,civil_war,0.49746643326,104.08030647,104.08030647,1.94279726609e-24,120.302553834,120.302553834,1,5.43121616146e-28,single-instrument relevance
single,lwti,45,392,civil_war,0.497466659871,104.069986127,104.069986127,1.95294339373e-24,120.289268487,120.289268487,1,5.46771114224e-28,single-instrument relevance
single,lwti,46,391,civil_war,0.497649134234,104.398916283,104.398916283,1.65421018831e-24,120.743336473,120.743336473,1,4.34911462949e-28,single-instrument relevance
single,lwti,47,390,civil_war,0.497060454396,104.334764159,104.334764159,1.70864633969e-24,120.617730017,120.617730017,1,4.63338471042e-28,single-instrument relevance
single,lwti,48,389,civil_war,0.497192948255,104.319866199,104.319866199,1.72154219776e-24,120.632742192,120.632742192,1,4.5984547233e-28,single-instrument relevance
single,lwti,0,432,nuclear_threat,0.547017674668,116.645871964,116.645871964,3.4318597821e-27,132.61121384,132.61121384,1,1.0997028361e-30,single-instrument relevance
single,lwti,1,432,nuclear_threat,0.547017674668,116.645871964,116.645871964,3.4318597821e-27,132.61121384,132.61121384,1,1.0997028361e-30,single-instrument relevance
single,lwti,2,432,nuclear_threat,0.547017674668,116.645871964,116.645871964,3.4318597821e-27,132.61121384,132.61121384,1,1.0997028361e-30,single-instrument relevance
single,lwti,3,432,nuclear_threat,0.547017674668,116.645871964,116.645871964,3.4318597821e-27,132.61121384,132.61121384,1,1.0997028361e-30,single-instrument relevance
single,lwti,4,432,nuclear_threat,0.547017674668,116.645871964,116.645871964,3.4318597821e-27,132.61121384,132.61121384,1,1.0997028361e-30,single-instrument relevance
single,lwti,5,432,nuclear_threat,0.547017674668,116.645871964,116.645871964,3.4318597821e-27,132.61121384,132.61121384,1,1.0997028361e-30,single-instrument relevance
single,lwti,6,431,nuclear_threat,0.546209243911,115.676313914,115.676313914,5.59562903316e-27,131.748031899,131.748031899,1,1.69867498621e-30,single-instrument relevance
single,lwti,7,430,nuclear_threat,0.544286987116,115.054877945,115.054877945,7.65494848004e-27,131.157891244,131.157891244,1,2.28674777105e-30,single-instrument relevance
single,lwti,8,429,nuclear_threat,0.543433855096,114.502427675,114.502427675,1.01142347325e-26,130.542258917,130.542258917,1,3.11822699069e-30,single-instrument relevance
single,lwti,9,428,nuclear_threat,0.543198998293,114.170817988,114.170817988,1.19552974217e-26,130.244038198,130.244038198,1,3.62372161981e-30,single-instrument relevance
single,lwti,10,427,nuclear_threat,0.542769949665,114.260627313,114.260627313,1.14259063119e-26,130.352580033,130.352580033,1,3.43089204917e-30,single-instrument relevance
single,lwti,11,426,nuclear_threat,0.54298117619,114.244245309,114.244245309,1.15206923312e-26,130.326229431,130.326229431,1,3.47674040892e-30,single-instrument relevance
single,lwti,12,425,nuclear_threat,0.543564764069,114.58399343,114.58399343,9.70664640533e-27,130.734852597,130.734852597,1,2.82990029427e-30,single-instrument relevance
single,lwti,13,424,nuclear_threat,0.544784377959,114.75960769,114.75960769,8.88399016611e-27,130.951426372,130.951426372,1,2.53739807413e-30,single-instrument relevance
single,lwti,14,423,nuclear_threat,0.546218274062,115.011161601,115.011161601,7.82557580163e-27,131.333570471,131.333570471,1,2.09306931892e-30,single-instrument relevance
single,lwti,15,422,nuclear_threat,0.547513435338,114.993082545,114.993082545,7.89724637347e-27,131.302792162,131.302792162,1,2.12577445671e-30,single-instrument relevance
single,lwti,16,421,nuclear_threat,0.547883189745,115.00926004,115.00926004,7.83308341753e-27,131.366905365,131.366905365,1,2.05821496307e-30,single-instrument relevance
single,lwti,17,420,nuclear_threat,0.547747491829,115.009050369,115.009050369,7.83391167031e-27,131.368669142,131.368669142,1,2.05638704532e-30,single-instrument relevance
single,lwti,18,419,nuclear_threat,0.548084561348,114.958123798,114.958123798,8.0377002419e-27,131.304206574,131.304206574,1,2.12426035403e-30,single-instrument relevance
single,lwti,19,418,nuclear_threat,0.548078460873,114.883795243,114.883795243,8.34468886399e-27,131.223524427,131.223524427,1,2.21237712819e-30,single-instrument relevance
single,lwti,20,417,nuclear_threat,0.548067110999,114.830713,114.830713,8.57107887171e-27,131.159531626,131.159531626,1,2.28485889161e-30,single-instrument relevance
single,lwti,21,416,nuclear_threat,0.547818626105,114.59791028,114.59791028,9.63876236247e-27,130.904337442,130.904337442,1,2.598308928e-30,single-instrument relevance
single,lwti,22,415,nuclear_threat,0.547885157973,114.444731838,114.444731838,1.04128384671e-26,130.764261446,130.764261446,1,2.78828371386e-30,single-instrument relevance
single,lwti,23,414,nuclear_threat,0.547457995735,114.447243853,114.447243853,1.03996558525e-26,130.763401317,130.763401317,1,2.78949215308e-30,single-instrument relevance
single,lwti,24,413,nuclear_threat,0.546751218327,114.148141489,114.148141489,1.2092801753e-26,130.435605224,130.435605224,1,3.29035034734e-30,single-instrument relevance
single,lwti,25,412,nuclear_threat,0.551894701875,115.84921974,115.84921974,5.12842409117e-27,132.523064809,132.523064809,1,1.1496322893e-30,single-instrument relevance
single,lwti,26,411,nuclear_threat,0.553396252923,115.787620042,115.787620042,5.29021978862e-27,132.548835981,132.548835981,1,1.13480490674e-30,single-instrument relevance
single,lwti,27,410,nuclear_threat,0.55320476514,115.990870309,115.990870309,4.77489632725e-27,132.793788269,132.793788269,1,1.00307960079e-30,single-instrument relevance
single,lwti,28,409,nuclear_threat,0.554483462514,116.099820005,116.099820005,4.519655389e-27,132.91460786,132.91460786,1,9.43854709871e-31,single-instrument relevance
single,lwti,29,408,nuclear_threat,0.554457488917,115.892096256,115.892096256,5.0187364773e-27,132.700568063,132.700568063,1,1.05130367511e-30,single-instrument relevance
single,lwti,30,407,nuclear_threat,0.554590692332,116.059568096,116.059568096,4.61232569192e-27,132.920031472,132.920031472,1,9.41279700479e-31,single-instrument relevance
single,lwti,31,406,nuclear_threat,0.555779587191,116.086868106,116.086868106,4.54926899314e-27,132.937391872,132.937391872,1,9.33084515115e-31,single-instrument relevance
single,lwti,32,405,nuclear_threat,0.555954945292,116.005492435,116.005492435,4.73982025772e-27,132.848573408,132.848573408,1,9.75777253262e-31,single-instrument relevance
single,lwti,33,404,nuclear_threat,0.555952969859,115.981992303,115.981992303,4.79631974501e-27,132.816254273,132.816254273,1,9.91792379758e-31,single-instrument relevance
single,lwti,34,403,nuclear_threat,0.55625853181,115.923495508,115.923495508,4.9399013995e-27,132.750760271,132.750760271,1,1.02505733797e-30,single-instrument relevance
single,lwti,35,402,nuclear_threat,0.556311028116,116.033139291,116.033139291,4.6742027322e-27,132.873863531,132.873863531,1,9.63425806827e-31,single-instrument relevance
single,lwti,36,401,nuclear_threat,0.555644269438,115.631874278,115.631874278,5.72243558903e-27,132.413199839,132.413199839,1,1.21504762738e-30,single-instrument relevance
single,lwti,37,400,nuclear_threat,0.555415965671,115.423401369,115.423401369,6.35675642958e-27,132.18426839,132.18426839,1,1.36356363918e-30,single-instrument relevance
single,lwti,38,399,nuclear_threat,0.555477549712,115.420328067,115.420328067,6.36661540875e-27,132.188215782,132.188215782,1,1.36085501007e-30,single-instrument relevance
single,lwti,39,398,nuclear_threat,0.555675057471,115.256939307,115.256939307,6.91338159077e-27,132.010332795,132.010332795,1,1.48842444989e-30,single-instrument relevance
single,lwti,40,397,nuclear_threat,0.555546883181,115.080191719,115.080191719,7.55785371541e-27,131.83481189,131.83481189,1,1.62601805655e-30,single-instrument relevance
single,lwti,41,396,nuclear_threat,0.555530923613,115.101590536,115.101590536,7.47673669416e-27,131.879343554,131.879343554,1,1.58994891987e-30,single-instrument relevance
single,lwti,42,395,nuclear_threat,0.555268183074,115.099099568,115.099099568,7.48613431049e-27,131.878867266,131.878867266,1,1.5903304319e-30,single-instrument relevance
single,lwti,43,394,nuclear_threat,0.55526175612,115.072359839,115.072359839,7.58776173751e-27,131.83809128,131.83809128,1,1.62333417323e-30,single-instrument relevance
single,lwti,44,393,nuclear_threat,0.555160050752,114.931377353,114.931377353,8.14684412476e-27,131.691407208,131.691407208,1,1.7478258962e-30,single-instrument relevance
single,lwti,45,392,nuclear_threat,0.555406510274,114.830177468,114.830177468,8.57339388028e-27,131.626462796,131.626462796,1,1.80595204794e-30,single-instrument relevance
single,lwti,46,391,nuclear_threat,0.555322159679,114.60003267,114.60003267,9.62845151513e-27,131.429262611,131.429262611,1,1.99456635199e-30,single-instrument relevance
single,lwti,47,390,nuclear_threat,0.555172791661,114.837990258,114.837990258,8.53968249023e-27,131.745833399,131.745833399,1,1.70055726225e-30,single-instrument relevance
single,lwti,48,389,nuclear_threat,0.557805956286,112.694606759,112.694606759,2.517061381e-26,129.518211914,129.518211914,1,5.2234988453e-30,single-instrument relevance
single,lwti,0,432,coup,0.35297534999,7.66219699855,7.66219699855,0.00563897966672,14.913213408,14.913213408,1,0.000112571745955,single-instrument relevance
single,lwti,1,432,coup,0.35297534999,7.66219699855,7.66219699855,0.00563897966672,14.913213408,14.913213408,1,0.000112571745955,single-instrument relevance
single,lwti,2,432,coup,0.35297534999,7.66219699855,7.66219699855,0.00563897966672,14.913213408,14.913213408,1,0.000112571745955,single-instrument relevance
single,lwti,3,432,coup,0.35297534999,7.66219699855,7.66219699855,0.00563897966672,14.913213408,14.913213408,1,0.000112571745955,single-instrument relevance
single,lwti,4,432,coup,0.35297534999,7.66219699855,7.66219699855,0.00563897966672,14.913213408,14.913213408,1,0.000112571745955,single-instrument relevance
single,lwti,5,432,coup,0.35297534999,7.66219699855,7.66219699855,0.00563897966672,14.913213408,14.913213408,1,0.000112571745955,single-instrument relevance
single,lwti,6,431,coup,0.357973093561,7.38326810316,7.38326810316,0.00658334332655,14.5285319565,14.5285319565,1,0.000138052780458,single-instrument relevance
single,lwti,7,430,coup,0.363826118867,6.11136260287,6.11136260287,0.0134315538962,12.8749433732,12.8749433732,1,0.00033301080203,single-instrument relevance
single,lwti,8,429,coup,0.343398509661,5.37012429161,5.37012429161,0.0204845178431,11.7627786322,11.7627786322,1,0.000604269530989,single-instrument relevance
single,lwti,9,428,coup,0.343242910875,5.36781225385,5.36781225385,0.0205116886764,11.7573253268,11.7573253268,1,0.000606042505871,single-instrument relevance
single,lwti,10,427,coup,0.343281464378,5.36781532476,5.36781532476,0.0205116525626,11.7574734608,11.7574734608,1,0.000605994275317,single-instrument relevance
single,lwti,11,426,coup,0.343170959642,5.36767347979,5.36767347979,0.0205133207207,11.756162795,11.756162795,1,0.000606421146194,single-instrument relevance
single,lwti,12,425,coup,0.34041424404,5.29287978317,5.29287978317,0.0214127826797,11.6163136389,11.6163136389,1,0.000653758472127,single-instrument relevance
single,lwti,13,424,coup,0.341121657547,5.30499069962,5.30499069962,0.0212644131962,11.639155186,11.639155186,1,0.000645779252783,single-instrument relevance
single,lwti,14,423,coup,0.340926697923,5.28817984637,5.28817984637,0.0214706493772,11.6059692584,11.6059692584,1,0.000657404754858,single-instrument relevance
single,lwti,15,422,coup,0.340319444849,5.28857944626,5.28857944626,0.0214657231202,11.6044908589,11.6044908589,1,0.000657927549757,single-instrument relevance
single,lwti,16,421,coup,0.341482682077,5.30346291365,5.30346291365,0.0212830711211,11.6425462644,11.6425462644,1,0.000644603064147,single-instrument relevance
single,lwti,17,420,coup,0.341562589066,5.30618176271,5.30618176271,0.0212498792101,11.6511274424,11.6511274424,1,0.000641636355558,single-instrument relevance
single,lwti,18,419,coup,0.34155942071,5.30594213935,5.30594213935,0.0212528023954,11.6502231143,11.6502231143,1,0.000641948351211,single-instrument relevance
single,lwti,19,418,coup,0.343744743279,5.18752765354,5.18752765354,0.0227495578775,11.4723271931,11.4723271931,1,0.000706401675539,single-instrument relevance
single,lwti,20,417,coup,0.348571966381,4.52588175462,4.52588175462,0.0333858671941,10.5531157355,10.5531157355,1,0.00115992396472,single-instrument relevance
single,lwti,21,416,coup,0.329685826753,4.02411029984,4.02411029984,0.0448542721717,9.69105437503,9.69105437503,1,0.0018516725774,single-instrument relevance
single,lwti,22,415,coup,0.330302074473,4.04041854742,4.04041854742,0.0444228029839,9.73377449681,9.73377449681,1,0.00180912594745,single-instrument relevance
single,lwti,23,414,coup,0.329907282431,4.03475069668,4.03475069668,0.0445722604225,9.71923510161,9.71923510161,1,0.00182349392057,single-instrument relevance
single,lwti,24,413,coup,0.331097809222,4.05908574674,4.05908574674,0.0439342798366,9.78253679652,9.78253679652,1,0.00176177081022,single-instrument relevance
single,lwti,25,412,coup,0.330881318063,4.05219941556,4.05219941556,0.0441138345856,9.77756472142,9.77756472142,1,0.00176654133647,single-instrument relevance
single,lwti,26,411,coup,0.330708135631,4.0515495823,4.0515495823,0.0441308182205,9.77545326102,9.77545326102,1,0.00176857116418,single-instrument relevance
single,lwti,27,410,coup,0.331078896987,4.05428949893,4.05428949893,0.0440592561029,9.78272134459,9.78272134459,1,0.0017615939945,single-instrument relevance
single,lwti,28,409,coup,0.331210304384,4.05639943236,4.05639943236,0.044004231348,9.78690503681,9.78690503681,1,0.0017575904152,single-instrument relevance
single,lwti,29,408,coup,0.33173753193,4.06208313408,4.06208313408,0.0438563661019,9.8018885593,9.8018885593,1,0.00174332743905,single-instrument relevance
single,lwti,30,407,coup,0.33273403629,4.08303102098,4.08303102098,0.0433158912608,9.85373070916,9.85373070916,1,0.00169487697235,single-instrument relevance
single,lwti,31,406,coup,0.332952634002,4.08207287364,4.08207287364,0.043340458798,9.8524118391,9.8524118391,1,0.00169609248373,single-instrument relevance
single,lwti,32,405,coup,0.332941425657,4.08269332244,4.08269332244,0.0433245484048,9.85373412366,9.85373412366,1,0.00169487382658,single-instrument relevance
single,lwti,33,404,coup,0.33286029852,4.08015581735,4.08015581735,0.0433896574107,9.84756617529,9.84756617529,1,0.00170056598606,single-instrument relevance
single,lwti,34,403,coup,0.332788969697,4.07904347525,4.07904347525,0.0434182310704,9.84460312345,9.84460312345,1,0.00170330735486,single-instrument relevance
single,lwti,35,402,coup,0.333481501198,4.05777697667,4.05777697667,0.043968345524,9.80418388293,9.80418388293,1,0.00174115287877,single-instrument relevance
single,lwti,36,401,coup,0.333731679147,3.95540149058,3.95540149058,0.0467211716244,9.66191017687,9.66191017687,1,0.00188127905603,single-instrument relevance
single,lwti,37,400,coup,0.328770737832,3.84974968421,3.84974968421,0.0497534155309,9.4583551003,9.4583551003,1,0.00210189475389,single-instrument relevance
single,lwti,38,399,coup,0.330904711536,3.7678235121,3.7678235121,0.0522475765951,9.31149637082,9.31149637082,1,0.00227720421784,single-instrument relevance
single,lwti,39,398,coup,0.321152618132,3.58549124916,3.58549124916,0.0582861811232,9.01320638208,9.01320638208,1,0.00268035789356,single-instrument relevance
single,lwti,40,397,coup,0.321467247901,3.58577316589,3.58577316589,0.0582762924529,9.01543462981,9.01543462981,1,0.00267709222398,single-instrument relevance
single,lwti,41,396,coup,0.321957162778,3.59485454374,3.59485454374,0.0579587004748,9.03714054578,9.03714054578,1,0.00264549107768,single-instrument relevance
single,lwti,42,395,coup,0.321742883177,3.58617164486,3.58617164486,0.0582623182195,9.01485580597,9.01485580597,1,0.00267794014656,single-instrument relevance
single,lwti,43,394,coup,0.321716959008,3.58615654348,3.58615654348,0.0582628477438,9.01443297507,9.01443297507,1,0.00267855972647,single-instrument relevance
single,lwti,44,393,coup,0.321349349637,3.58532671427,3.58532671427,0.058291953266,9.01049655335,9.01049655335,1,0.00268433480808,single-instrument relevance
single,lwti,45,392,coup,0.322006358961,3.59260212525,3.59260212525,0.05803729972,9.03601002952,9.03601002952,1,0.00264712758352,single-instrument relevance
single,lwti,46,391,coup,0.322164438284,3.59310967582,3.59310967582,0.0580195786174,9.03715075231,9.03715075231,1,0.00264547630766,single-instrument relevance
single,lwti,47,390,coup,0.322026925712,3.59053952344,3.59053952344,0.0581093745428,9.0315127079,9.0315127079,1,0.00265364797189,single-instrument relevance
single,lwti,48,389,coup,0.32210899927,3.59287361533,3.59287361533,0.0580278199425,9.03752204045,9.03752204045,1,0.00264493906776,single-instrument relevance
single,lwti,0,432,sanctions,0.214400241865,3.42902267273,3.42902267273,0.064060000047,8.10267976243,8.10267976243,1,0.0044199863605,single-instrument relevance
single,lwti,1,432,sanctions,0.214400241865,3.42902267273,3.42902267273,0.064060000047,8.10267976243,8.10267976243,1,0.0044199863605,single-instrument relevance
single,lwti,2,432,sanctions,0.214400241865,3.42902267273,3.42902267273,0.064060000047,8.10267976243,8.10267976243,1,0.0044199863605,single-instrument relevance
single,lwti,3,432,sanctions,0.214400241865,3.42902267273,3.42902267273,0.064060000047,8.10267976243,8.10267976243,1,0.0044199863605,single-instrument relevance
single,lwti,4,432,sanctions,0.214400241865,3.42902267273,3.42902267273,0.064060000047,8.10267976243,8.10267976243,1,0.0044199863605,single-instrument relevance
single,lwti,5,432,sanctions,0.214400241865,3.42902267273,3.42902267273,0.064060000047,8.10267976243,8.10267976243,1,0.0044199863605,single-instrument relevance
single,lwti,6,431,sanctions,0.214170426903,3.4227307534,3.4227307534,0.0643045614967,8.0877220718,8.0877220718,1,0.00445661422179,single-instrument relevance
single,lwti,7,430,sanctions,0.213566699485,3.36759646512,3.36759646512,0.0664906941241,8.03046144826,8.03046144826,1,0.00459971195264,single-instrument relevance
single,lwti,8,429,sanctions,0.212825649193,3.34384412575,3.34384412575,0.0674568404974,7.97303071625,7.97303071625,1,0.00474793792218,single-instrument relevance
single,lwti,9,428,sanctions,0.212452893181,3.30370261393,3.30370261393,0.0691239093125,7.89442479981,7.89442479981,1,0.00495874048778,single-instrument relevance
single,lwti,10,427,sanctions,0.209059699683,3.04615714782,3.04615714782,0.0809284226328,7.55859599039,7.55859599039,1,0.00597245033058,single-instrument relevance
single,lwti,11,426,sanctions,0.205245953035,2.93759785398,2.93759785398,0.0865393423129,7.34316095181,7.34316095181,1,0.00673183636468,single-instrument relevance
single,lwti,12,425,sanctions,0.203994835319,2.86032443312,2.86032443312,0.0907891853138,7.26721703675,7.26721703675,1,0.00702245294376,single-instrument relevance
single,lwti,13,424,sanctions,0.204744929732,2.80484352331,2.80484352331,0.0939800134393,7.16450088344,7.16450088344,1,0.00743603780932,single-instrument relevance
single,lwti,14,423,sanctions,0.202750369374,2.71458071406,2.71458071406,0.0994350948818,6.98747930444,6.98747930444,1,0.00820818706446,single-instrument relevance
single,lwti,15,422,sanctions,0.23113379381,2.57492723354,2.57492723354,0.108569094055,7.10224943184,7.10224943184,1,0.00769872733839,single-instrument relevance
single,lwti,16,421,sanctions,0.354843021394,6.30030275914,6.30030275914,0.0120717353253,13.1176252904,13.1176252904,1,0.000292530595375,single-instrument relevance
single,lwti,17,420,sanctions,0.345161307851,4.48469081255,4.48469081255,0.0341997321066,10.4014845641,10.4014845641,1,0.00125914042927,single-instrument relevance
single,lwti,18,419,sanctions,0.341242251573,4.41695278226,4.41695278226,0.0355835281416,10.2581857842,10.2581857842,1,0.00136079435239,single-instrument relevance
single,lwti,19,418,sanctions,0.339535749228,4.3689517547,4.3689517547,0.0365995000099,10.149428517,10.149428517,1,0.00144345983366,single-instrument relevance
single,lwti,20,417,sanctions,0.334687486141,4.26534637626,4.26534637626,0.0388973184398,9.95630839629,9.95630839629,1,0.00160299161695,single-instrument relevance
single,lwti,21,416,sanctions,0.333729254172,4.24860215876,4.24860215876,0.0392826514961,9.91712894696,9.91712894696,1,0.00163747615445,single-instrument relevance
single,lwti,22,415,sanctions,0.333645297541,4.24391150917,4.24391150917,0.039391313356,9.90974052654,9.90974052654,1,0.00164406296076,single-instrument relevance
single,lwti,23,414,sanctions,0.332560980869,4.19103182561,4.19103182561,0.0406383559073,9.84118640801,9.84118640801,1,0.00170647400496,single-instrument relevance
single,lwti,24,413,sanctions,0.329284433738,4.12782453149,4.12782453149,0.0421835462847,9.72970629425,9.72970629425,1,0.00181313458595,single-instrument relevance
single,lwti,25,412,sanctions,0.329370963566,4.12710098101,4.12710098101,0.0422015876823,9.72791647346,9.72791647346,1,0.00181490105158,single-instrument relevance
single,lwti,26,411,sanctions,0.329042626254,4.1198530301,4.1198530301,0.0423827601751,9.71413630638,9.71413630638,1,0.00182855994421,single-instrument relevance
single,lwti,27,410,sanctions,0.328632780242,4.10366302195,4.10366302195,0.0427904110898,9.69510968669,9.69510968669,1,0.00184759053576,single-instrument relevance
single,lwti,28,409,sanctions,0.327658625401,4.08620167533,4.08620167533,0.0432346979528,9.65684939847,9.65684939847,1,0.00188646879171,single-instrument relevance
single,lwti,29,408,sanctions,0.327849882798,4.09229387089,4.09229387089,0.0430791395065,9.68034484136,9.68034484136,1,0.00186249670305,single-instrument relevance
single,lwti,30,407,sanctions,0.327660426866,4.06518651704,4.06518651704,0.0437758503076,9.64715022599,9.64715022599,1,0.00189645570994,single-instrument relevance
single,lwti,31,406,sanctions,0.325767514892,4.03073692818,4.03073692818,0.0446784209333,9.58401778424,9.58401778424,1,0.00196278412941,single-instrument relevance
single,lwti,32,405,sanctions,0.326197820283,4.04029855495,4.04029855495,0.044425961633,9.60928650176,9.60928650176,1,0.00193595846797,single-instrument relevance
single,lwti,33,404,sanctions,0.327872455243,4.06413743375,4.06413743375,0.043803050858,9.66978357719,9.66978357719,1,0.00187323378257,single-instrument relevance
single,lwti,34,403,sanctions,0.32806852576,4.07169774655,4.07169774655,0.0436074246175,9.71591314282,9.71591314282,1,0.00182679291078,single-instrument relevance
single,lwti,35,402,sanctions,0.328131219243,4.06581547373,4.06581547373,0.0437595512889,9.70127520257,9.70127520257,1,0.00184140184804,single-instrument relevance
single,lwti,36,401,sanctions,0.328031308072,4.06592344769,4.06592344769,0.0437567538537,9.7145073233,9.7145073233,1,0.0018281908312,single-instrument relevance
single,lwti,37,400,sanctions,0.327306633355,4.05194217894,4.05194217894,0.0441205567381,9.68101618391,9.68101618391,1,0.00186181629689,single-instrument relevance
single,lwti,38,399,sanctions,0.327330512139,4.05268483951,4.05268483951,0.0441011523379,9.68169809546,9.68169809546,1,0.00186112543696,single-instrument relevance
single,lwti,39,398,sanctions,0.326780519374,4.04206334525,4.04206334525,0.0443795295941,9.65557054381,9.65557054381,1,0.0018877825291,single-instrument relevance
single,lwti,40,397,sanctions,0.32676049566,4.04342736331,4.04342736331,0.044343676965,9.67755003392,9.67755003392,1,0.00186533195203,single-instrument relevance
single,lwti,41,396,sanctions,0.326725636474,4.04234918829,4.04234918829,0.0443720138061,9.6745828571,9.6745828571,1,0.00186834685257,single-instrument relevance
single,lwti,42,395,sanctions,0.32651446617,4.03735726495,4.03735726495,0.0445034613232,9.67695788183,9.67695788183,1,0.00186593323412,single-instrument relevance
single,lwti,43,394,sanctions,0.326378999107,4.03465086489,4.03465086489,0.0445748976591,9.67214650037,9.67214650037,1,0.00187082608786,single-instrument relevance
single,lwti,44,393,sanctions,0.326090490399,4.02765532416,4.02765532416,0.0447601071803,9.6725288568,9.6725288568,1,0.00187043678168,single-instrument relevance
single,lwti,45,392,sanctions,0.32565552168,4.01975844671,4.01975844671,0.0449701539091,9.65492770127,9.65492770127,1,0.00188844325636,single-instrument relevance
single,lwti,46,391,sanctions,0.326024369423,4.03127793156,4.03127793156,0.0446640963794,9.70061421447,9.70061421447,1,0.00184206431361,single-instrument relevance
single,lwti,47,390,sanctions,0.326543291535,3.95958718493,3.95958718493,0.0466051313935,9.59776146527,9.59776146527,1,0.00194814721521,single-instrument relevance
single,lwti,48,389,sanctions,0.323074461511,3.89067022946,3.89067022946,0.0485550431041,9.46790632408,9.46790632408,1,0.00209097885622,single-instrument relevance
single,lwti,0,432,other,0.766240381391,371.937361672,371.937361672,7.08554655795e-83,413.82872128,413.82872128,1,5.37924723747e-92,single-instrument relevance
single,lwti,1,432,other,0.766240381391,371.937361672,371.937361672,7.08554655795e-83,413.82872128,413.82872128,1,5.37924723747e-92,single-instrument relevance
single,lwti,2,432,other,0.766240381391,371.937361672,371.937361672,7.08554655795e-83,413.82872128,413.82872128,1,5.37924723747e-92,single-instrument relevance
single,lwti,3,432,other,0.766240381391,371.937361672,371.937361672,7.08554655795e-83,413.82872128,413.82872128,1,5.37924723747e-92,single-instrument relevance
single,lwti,4,432,other,0.766240381391,371.937361672,371.937361672,7.08554655795e-83,413.82872128,413.82872128,1,5.37924723747e-92,single-instrument relevance
single,lwti,5,432,other,0.766240381391,371.937361672,371.937361672,7.08554655795e-83,413.82872128,413.82872128,1,5.37924723747e-92,single-instrument relevance
single,lwti,6,431,other,0.763725215796,366.69975029,366.69975029,9.78969939235e-82,408.304780361,408.304780361,1,8.5730249776e-91,single-instrument relevance
single,lwti,7,430,other,0.764014525752,362.690968412,362.690968412,7.30532098339e-81,404.189931086,404.189931086,1,6.74296717491e-90,single-instrument relevance
single,lwti,8,429,other,0.76353295954,362.17257903,362.17257903,9.47359956469e-81,403.611747175,403.611747175,1,9.00972244379e-90,single-instrument relevance
single,lwti,9,428,other,0.764249336512,360.746167314,360.746167314,1.93690640535e-80,402.107560513,402.107560513,1,1.91490925972e-89,single-instrument relevance
single,lwti,10,427,other,0.765488150776,345.714984864,345.714984864,3.63311024496e-77,386.870423578,386.870423578,1,3.97371568659e-86,single-instrument relevance
single,lwti,11,426,other,0.763560423781,333.952481665,333.952481665,1.32417946315e-74,374.298945084,374.298945084,1,2.16867715987e-83,single-instrument relevance
single,lwti,12,425,other,0.763438969192,332.512644965,332.512644965,2.72606446204e-74,372.835294627,372.835294627,1,4.51719523379e-83,single-instrument relevance
single,lwti,13,424,other,0.764433218089,320.894967402,320.894967402,9.24610459478e-72,361.038385433,361.038385433,1,1.67293632739e-80,single-instrument relevance
single,lwti,14,423,other,0.76362049241,315.848536298,315.848536298,1.16197857366e-70,355.57134984,355.57134984,1,2.59373841194e-79,single-instrument relevance
single,lwti,15,422,other,0.763943598147,313.858359313,313.858359313,3.15299703225e-70,353.51232034,353.51232034,1,7.2827069772e-79,single-instrument relevance
single,lwti,16,421,other,0.763518772748,311.9373658,311.9373658,8.26393256676e-70,351.371769654,351.371769654,1,2.13019311083e-78,single-instrument relevance
single,lwti,17,420,other,0.763038780434,309.967863753,309.967863753,2.21934775397e-69,349.277632821,349.277632821,1,6.0875949746e-78,single-instrument relevance
single,lwti,18,419,other,0.763035559714,309.86284111,309.86284111,2.33939659562e-69,349.190307629,349.190307629,1,6.36007394279e-78,single-instrument relevance
single,lwti,19,418,other,0.763164010842,308.965283528,308.965283528,3.66971136201e-69,348.322236576,348.322236576,1,9.82876232267e-78,single-instrument relevance
single,lwti,20,417,other,0.762837590163,308.616616891,308.616616891,4.37106767435e-69,347.928859683,347.928859683,1,1.19719122135e-77,single-instrument relevance
single,lwti,21,416,other,0.762814007185,308.677852115,308.677852115,4.23884624103e-69,348.053682496,348.053682496,1,1.12455615224e-77,single-instrument relevance
single,lwti,22,415,other,0.762774340082,307.347390843,307.347390843,8.26200842385e-69,346.721041542,346.721041542,1,2.19375811843e-77,single-instrument relevance
single,lwti,23,414,other,0.761744885106,302.839918971,302.839918971,7.92607584177e-68,341.993006397,341.993006397,1,2.34872918384e-76,single-instrument relevance
single,lwti,24,413,other,0.762242593653,302.475285632,302.475285632,9.51693841991e-68,341.58799482,341.58799482,1,2.8776364083e-76,single-instrument relevance
single,lwti,25,412,other,0.762423487497,295.569802833,295.569802833,3.04078500926e-66,334.383545928,334.383545928,1,1.06675324561e-74,single-instrument relevance
single,lwti,26,411,other,0.761851523061,293.32525952,293.32525952,9.37618882874e-66,331.913604886,331.913604886,1,3.68133427845e-74,single-instrument relevance
single,lwti,27,410,other,0.762076124127,291.6528848,291.6528848,2.16975724272e-65,330.215254107,330.215254107,1,8.62789342273e-74,single-instrument relevance
single,lwti,28,409,other,0.761897160833,291.472588189,291.472588189,2.3751740093e-65,330.012737543,330.012737543,1,9.55021401812e-74,single-instrument relevance
single,lwti,29,408,other,0.761993317283,291.390503356,291.390503356,2.47503119045e-65,329.977792982,329.977792982,1,9.71905582082e-74,single-instrument relevance
single,lwti,30,407,other,0.763369378196,287.347592824,287.347592824,1.88148535652e-64,325.770902212,325.770902212,1,8.01508751892e-73,single-instrument relevance
single,lwti,31,406,other,0.762097024202,281.484729395,281.484729395,3.56492897633e-63,319.330746659,319.330746659,1,2.0261872453e-71,single-instrument relevance
single,lwti,32,405,other,0.761679347158,277.516460054,277.516460054,2.61102475581e-62,315.186239491,315.186239491,1,1.61982094297e-70,single-instrument relevance
single,lwti,33,404,other,0.761392638422,277.187392186,277.187392186,3.07980330875e-62,314.800198157,314.800198157,1,1.96589031212e-70,single-instrument relevance
single,lwti,34,403,other,0.762002728042,276.91267891,276.91267891,3.53500473572e-62,314.494696384,314.494696384,1,2.29143565232e-70,single-instrument relevance
single,lwti,35,402,other,0.761024031833,273.02337692,273.02337692,2.48880433076e-61,310.372705513,310.372705513,1,1.81147965094e-69,single-instrument relevance
single,lwti,36,401,other,0.763022906003,268.654829391,268.654829391,2.22887640556e-60,305.884964723,305.884964723,1,1.72058638621e-68,single-instrument relevance
single,lwti,37,400,other,0.761461156118,265.56538346,265.56538346,1.05061543602e-59,302.396198048,302.396198048,1,9.90210038706e-68,single-instrument relevance
single,lwti,38,399,other,0.761565196187,265.250979046,265.250979046,1.23018707498e-59,302.065885845,302.065885845,1,1.16866351617e-67,single-instrument relevance
single,lwti,39,398,other,0.761413057371,263.692822176,263.692822176,2.68899795454e-59,300.479432211,300.479432211,1,2.59011777932e-67,single-instrument relevance
single,lwti,40,397,other,0.761621928294,263.005671932,263.005671932,3.79634458108e-59,299.829554791,299.829554791,1,3.58843988391e-67,single-instrument relevance
single,lwti,41,396,other,0.761837540062,262.411316743,262.411316743,5.11582665678e-59,299.183652816,299.183652816,1,4.96165679792e-67,single-instrument relevance
single,lwti,42,395,other,0.763076760143,256.828847716,256.828847716,8.42883682298e-58,293.416789546,293.416789546,1,8.95537049952e-66,single-instrument relevance
single,lwti,43,394,other,0.763118494572,250.393009762,250.393009762,2.13186780978e-56,286.625010977,286.625010977,1,2.70365013284e-64,single-instrument relevance
single,lwti,44,393,other,0.763054778376,243.437245069,243.437245069,7.00252048287e-55,279.38792975,279.38792975,1,1.02088626655e-62,single-instrument relevance
single,lwti,45,392,other,0.763881100491,242.810957899,242.810957899,9.58971676675e-55,278.758586771,278.758586771,1,1.39998601558e-62,single-instrument relevance
single,lwti,46,391,other,0.766526266621,235.314888389,235.314888389,4.13342641054e-53,271.059768747,271.059768747,1,6.66712993821e-61,single-instrument relevance
single,lwti,47,390,other,0.76532172122,234.776741137,234.776741137,5.41577266411e-53,270.440903699,270.440903699,1,9.0952889094e-61,single-instrument relevance
single,lwti,48,389,other,0.766625218085,233.04069117,233.04069117,1.29490243238e-52,268.704504699,268.704504699,1,2.17399868309e-60,single-instrument relevance
joint,lwti,0,432,military_conflict,0.395125210147,34.7592510723,104.277753217,1.8685983382e-22,119.730560705,39.9101869015,3,8.81991772951e-26,joint excluded-instrument relevance; not conditional strength
joint,lwti,0,432,diplomatic_tension,0.764824533949,136.761328438,410.283985313,1.31069488787e-88,460.37338104,153.45779368,3,1.84342707407e-99,joint excluded-instrument relevance; not conditional strength
joint,lwti,0,432,nuclear_threat,0.546791035905,42.830856851,128.492570553,1.14264996697e-27,145.935494351,48.6451647838,3,1.98370234505e-31,joint excluded-instrument relevance; not conditional strength
joint,lwti,1,432,military_conflict,0.395125210147,34.7592510723,104.277753217,1.8685983382e-22,119.730560705,39.9101869015,3,8.81991772951e-26,joint excluded-instrument relevance; not conditional strength
joint,lwti,1,432,diplomatic_tension,0.764824533949,136.761328438,410.283985313,1.31069488787e-88,460.37338104,153.45779368,3,1.84342707407e-99,joint excluded-instrument relevance; not conditional strength
joint,lwti,1,432,nuclear_threat,0.546791035905,42.830856851,128.492570553,1.14264996697e-27,145.935494351,48.6451647838,3,1.98370234505e-31,joint excluded-instrument relevance; not conditional strength
joint,lwti,2,432,military_conflict,0.395125210147,34.7592510723,104.277753217,1.8685983382e-22,119.730560705,39.9101869015,3,8.81991772951e-26,joint excluded-instrument relevance; not conditional strength
joint,lwti,2,432,diplomatic_tension,0.764824533949,136.761328438,410.283985313,1.31069488787e-88,460.37338104,153.45779368,3,1.84342707407e-99,joint excluded-instrument relevance; not conditional strength
joint,lwti,2,432,nuclear_threat,0.546791035905,42.830856851,128.492570553,1.14264996697e-27,145.935494351,48.6451647838,3,1.98370234505e-31,joint excluded-instrument relevance; not conditional strength
joint,lwti,3,432,military_conflict,0.395125210147,34.7592510723,104.277753217,1.8685983382e-22,119.730560705,39.9101869015,3,8.81991772951e-26,joint excluded-instrument relevance; not conditional strength
joint,lwti,3,432,diplomatic_tension,0.764824533949,136.761328438,410.283985313,1.31069488787e-88,460.37338104,153.45779368,3,1.84342707407e-99,joint excluded-instrument relevance; not conditional strength
joint,lwti,3,432,nuclear_threat,0.546791035905,42.830856851,128.492570553,1.14264996697e-27,145.935494351,48.6451647838,3,1.98370234505e-31,joint excluded-instrument relevance; not conditional strength
joint,lwti,4,432,military_conflict,0.395125210147,34.7592510723,104.277753217,1.8685983382e-22,119.730560705,39.9101869015,3,8.81991772951e-26,joint excluded-instrument relevance; not conditional strength
joint,lwti,4,432,diplomatic_tension,0.764824533949,136.761328438,410.283985313,1.31069488787e-88,460.37338104,153.45779368,3,1.84342707407e-99,joint excluded-instrument relevance; not conditional strength
joint,lwti,4,432,nuclear_threat,0.546791035905,42.830856851,128.492570553,1.14264996697e-27,145.935494351,48.6451647838,3,1.98370234505e-31,joint excluded-instrument relevance; not conditional strength
joint,lwti,5,432,military_conflict,0.395125210147,34.7592510723,104.277753217,1.8685983382e-22,119.730560705,39.9101869015,3,8.81991772951e-26,joint excluded-instrument relevance; not conditional strength
joint,lwti,5,432,diplomatic_tension,0.764824533949,136.761328438,410.283985313,1.31069488787e-88,460.37338104,153.45779368,3,1.84342707407e-99,joint excluded-instrument relevance; not conditional strength
joint,lwti,5,432,nuclear_threat,0.546791035905,42.830856851,128.492570553,1.14264996697e-27,145.935494351,48.6451647838,3,1.98370234505e-31,joint excluded-instrument relevance; not conditional strength
joint,lwti,6,431,military_conflict,0.382156776044,33.2829824127,99.848947238,1.67484408873e-21,112.711671059,37.5705570197,3,2.86219516102e-24,joint excluded-instrument relevance; not conditional strength
joint,lwti,6,431,diplomatic_tension,0.760609621483,142.130259774,426.390779321,4.2489110971e-92,469.689784614,156.563261538,3,1.76573893304e-101,joint excluded-instrument relevance; not conditional strength
joint,lwti,6,431,nuclear_threat,0.545417701523,43.0799534156,129.239860247,7.8864480042e-28,147.067409303,49.0224697677,3,1.13067972205e-31,joint excluded-instrument relevance; not conditional strength
joint,lwti,7,430,military_conflict,0.382080292266,33.6691837586,101.007551276,9.43720587828e-22,114.009114659,38.0030382195,3,1.50454629767e-24,joint excluded-instrument relevance; not conditional strength
joint,lwti,7,430,diplomatic_tension,0.770296633848,146.28622912,438.85868736,8.45542658129e-95,483.239531248,161.079843749,3,2.0454379108e-104,joint excluded-instrument relevance; not conditional strength
joint,lwti,7,430,nuclear_threat,0.54560365601,43.9894430019,131.968329006,2.03643554737e-28,150.001008068,50.0003360226,3,2.63359491096e-32,joint excluded-instrument relevance; not conditional strength
joint,lwti,8,429,military_conflict,0.383583489796,34.1604360618,102.481308185,4.54890125884e-22,115.735028874,38.5783429579,3,6.39492264942e-25,joint excluded-instrument relevance; not conditional strength
joint,lwti,8,429,diplomatic_tension,0.768734214867,142.547256083,427.641768249,2.27647060657e-92,472.151094084,157.383698028,3,5.17118512592e-102,joint excluded-instrument relevance; not conditional strength
joint,lwti,8,429,nuclear_threat,0.544839156186,44.3484195633,133.04525869,1.19332062865e-28,151.16139847,50.3871328234,3,1.47987477206e-32,joint excluded-instrument relevance; not conditional strength
joint,lwti,9,428,military_conflict,0.381982510555,33.8652109016,101.595632705,7.05309262388e-22,114.760269781,38.2534232602,3,1.03680237808e-24,joint excluded-instrument relevance; not conditional strength
joint,lwti,9,428,diplomatic_tension,0.76875117035,142.286745162,426.860235486,3.36181931747e-92,471.344471055,157.114823685,3,7.73350415537e-102,joint excluded-instrument relevance; not conditional strength
joint,lwti,9,428,nuclear_threat,0.544163589323,44.3894847385,133.168454215,1.12254459743e-28,151.360689334,50.4535631115,3,1.34039220449e-32,joint excluded-instrument relevance; not conditional strength
joint,lwti,10,427,military_conflict,0.380627555109,33.3634335303,100.090300591,1.48620677033e-21,113.109145273,37.7030484245,3,2.35039057259e-24,joint excluded-instrument relevance; not conditional strength
joint,lwti,10,427,diplomatic_tension,0.768715254242,142.269655992,426.808967975,3.4489032096e-92,471.55571288,157.185237627,3,6.95989408221e-102,joint excluded-instrument relevance; not conditional strength
joint,lwti,10,427,nuclear_threat,0.543895070646,44.4008760755,133.202628226,1.10366612043e-28,151.40984711,50.4699490366,3,1.30805804577e-32,joint excluded-instrument relevance; not conditional strength
joint,lwti,11,426,military_conflict,0.380556445052,33.331273045,99.9938191349,1.55892264184e-21,113.010056539,37.6700188465,3,2.46870870276e-24,joint excluded-instrument relevance; not conditional strength
joint,lwti,11,426,diplomatic_tension,0.768780621461,142.331793302,426.995379905,3.14265385868e-92,471.909640569,157.303213523,3,5.83324802207e-102,joint excluded-instrument relevance; not conditional strength
joint,lwti,11,426,nuclear_threat,0.544229936502,44.3931248011,133.179374403,1.11647720287e-28,151.38376094,50.4612536467,3,1.32511822113e-32,joint excluded-instrument relevance; not conditional strength
joint,lwti,12,425,military_conflict,0.380535569786,33.2984872243,99.8954616729,1.63671503053e-21,112.907813019,37.635937673,3,2.59703970203e-24,joint excluded-instrument relevance; not conditional strength
joint,lwti,12,425,diplomatic_tension,0.768831532197,142.665130337,427.995391011,1.90832568091e-92,473.181232256,157.727077419,3,3.09292713714e-102,joint excluded-instrument relevance; not conditional strength
joint,lwti,12,425,nuclear_threat,0.544704937721,44.5375947847,133.612784354,9.00391236312e-29,151.881008081,50.6270026936,3,1.03509845357e-32,joint excluded-instrument relevance; not conditional strength
joint,lwti,13,424,military_conflict,0.381672382809,33.2861619895,99.8584859684,1.6669532331e-21,112.911348264,37.637116088,3,2.59249305615e-24,joint excluded-instrument relevance; not conditional strength
joint,lwti,13,424,diplomatic_tension,0.768545107619,142.504952069,427.514856208,2.42524988931e-92,472.97363848,157.657879493,3,3.43046677562e-102,joint excluded-instrument relevance; not conditional strength
joint,lwti,13,424,nuclear_threat,0.546331753931,44.3666049295,133.099814788,1.16144368664e-28,151.371543541,50.4571811802,3,1.33318464168e-32,joint excluded-instrument relevance; not conditional strength
joint,lwti,14,423,military_conflict,0.383260792528,32.2694352367,96.8083057101,7.54498682103e-21,109.658286037,36.5527620122,3,1.29979289759e-23,joint excluded-instrument relevance; not conditional strength
joint,lwti,14,423,diplomatic_tension,0.770637199135,143.975120759,431.925362277,2.68686419142e-93,480.481365106,160.160455035,3,8.09984378736e-104,joint excluded-instrument relevance; not conditional strength
joint,lwti,14,423,nuclear_threat,0.548581869155,43.8265168584,131.479550575,2.59545657922e-28,149.676276136,49.8920920455,3,3.09456188725e-32,joint excluded-instrument relevance; not conditional strength
joint,lwti,15,422,military_conflict,0.378700525997,31.2272219159,93.6816657478,3.54499746728e-20,106.194222981,35.3980743271,3,7.23171575774e-23,joint excluded-instrument relevance; not conditional strength
joint,lwti,15,422,diplomatic_tension,0.771925685822,141.429404,424.288211999,1.21276297559e-91,473.389121057,157.796373686,3,2.78818887514e-102,joint excluded-instrument relevance; not conditional strength
joint,lwti,15,422,nuclear_threat,0.550835090342,43.994235347,131.982706041,2.02195758294e-28,150.156010273,50.0520034243,3,2.43843966302e-32,joint excluded-instrument relevance; not conditional strength
joint,lwti,16,421,military_conflict,0.378038091207,31.3149772185,93.9449316556,3.11204053492e-20,106.543624542,35.5145415141,3,6.08233032815e-23,joint excluded-instrument relevance; not conditional strength
joint,lwti,16,421,diplomatic_tension,0.77762086545,138.814146567,416.442439701,6.07337215233e-90,464.756896462,154.918965487,3,2.06921996786e-100,joint excluded-instrument relevance; not conditional strength
joint,lwti,16,421,nuclear_threat,0.551272961901,44.9766778049,134.930033415,4.68266966726e-29,153.465908993,51.1553029978,3,4.71031613363e-33,joint excluded-instrument relevance; not conditional strength
joint,lwti,17,420,military_conflict,0.378088996929,31.6853264641,95.0559793923,1.79591155747e-20,107.830808112,35.9436027039,3,3.21456335948e-23,joint excluded-instrument relevance; not conditional strength
joint,lwti,17,420,diplomatic_tension,0.777579372216,136.994840205,410.984520614,9.24168062891e-89,459.70480431,153.23493477,3,2.57330542659e-99,joint excluded-instrument relevance; not conditional strength
joint,lwti,17,420,nuclear_threat,0.551262047934,44.9191002565,134.75730077,5.10185150555e-29,153.297997732,51.0993325773,3,5.1200811805e-33,joint excluded-instrument relevance; not conditional strength
joint,lwti,18,419,military_conflict,0.377586638875,31.3661091647,94.0983274941,2.88458094813e-20,106.905775514,35.6352585046,3,5.08338887204e-23,joint excluded-instrument relevance; not conditional strength
joint,lwti,18,419,diplomatic_tension,0.807884976188,165.074594489,495.223783466,5.17293355723e-107,559.22275523,186.407585077,3,6.96351691081e-121,joint excluded-instrument relevance; not conditional strength
joint,lwti,18,419,nuclear_threat,0.552211480391,45.3055950057,135.916785017,2.86934322753e-29,154.510059273,51.5033530911,3,2.80394417914e-33,joint excluded-instrument relevance; not conditional strength
joint,lwti,19,418,military_conflict,0.379609748486,32.5528787461,97.6586362382,4.95304950246e-21,110.41087785,36.80362595,3,8.95178909122e-24,joint excluded-instrument relevance; not conditional strength
joint,lwti,19,418,diplomatic_tension,0.805720641632,174.975077493,524.925232479,1.89124521187e-113,589.197478583,196.399159528,3,2.2141083968e-127,joint excluded-instrument relevance; not conditional strength
joint,lwti,19,418,nuclear_threat,0.55235343179,45.9923047623,137.976914287,1.03193201505e-29,156.744363108,52.248121036,3,9.24005852528e-34,joint excluded-instrument relevance; not conditional strength
joint,lwti,20,417,military_conflict,0.379793014824,32.5420119352,97.6260358057,5.03362321019e-21,110.382927575,36.7943091917,3,9.07664101279e-24,joint excluded-instrument relevance; not conditional strength
joint,lwti,20,417,diplomatic_tension,0.804737944117,172.551504144,517.654512431,7.12110634064e-112,581.628897215,193.876299072,3,9.68049425929e-126,joint excluded-instrument relevance; not conditional strength
joint,lwti,20,417,nuclear_threat,0.55229175445,46.031632815,138.094898445,9.73226941586e-30,156.901330583,52.3004435275,3,8.54681483668e-34,joint excluded-instrument relevance; not conditional strength
joint,lwti,21,416,military_conflict,0.380158360329,32.5412140972,97.6236422916,5.03959028946e-21,110.416614625,36.8055382083,3,8.92637648359e-24,joint excluded-instrument relevance; not conditional strength
joint,lwti,21,416,diplomatic_tension,0.804880357597,172.212706369,516.638119107,1.18257675883e-111,580.584663085,193.528221028,3,1.63027631762e-125,joint excluded-instrument relevance; not conditional strength
joint,lwti,21,416,nuclear_threat,0.551735737382,45.9925586556,137.977675967,1.03154189573e-29,156.765007193,52.2550023975,3,9.14576747416e-34,joint excluded-instrument relevance; not conditional strength
joint,lwti,22,415,military_conflict,0.382588641404,32.2529107033,96.75873211,7.73239908839e-21,109.616408511,36.5388028369,3,1.32704692344e-23,joint excluded-instrument relevance; not conditional strength
joint,lwti,22,415,diplomatic_tension,0.803731722331,167.825039529,503.475118587,8.42473438572e-109,565.745034707,188.581678236,3,2.68560844388e-122,joint excluded-instrument relevance; not conditional strength
joint,lwti,22,415,nuclear_threat,0.552468300765,46.0484084139,138.145225242,9.49213263829e-30,156.95778397,52.3192613233,3,8.31041547844e-34,joint excluded-instrument relevance; not conditional strength
joint,lwti,23,414,military_conflict,0.379927533762,31.9863948488,95.9591845463,1.1485985973e-20,108.716802213,36.238934071,3,2.07241044562e-23,joint excluded-instrument relevance; not conditional strength
joint,lwti,23,414,diplomatic_tension,0.803264380329,166.665776881,499.997330642,4.77803223003e-108,561.650772776,187.216924259,3,2.07266324968e-121,joint excluded-instrument relevance; not conditional strength
joint,lwti,23,414,nuclear_threat,0.552199214815,46.0473831756,138.142149527,9.5066370839e-30,156.954775951,52.3182586505,3,8.32284506863e-34,joint excluded-instrument relevance; not conditional strength
joint,lwti,24,413,military_conflict,0.380253330636,31.9754895922,95.9264687765,1.16734673377e-20,108.688479531,36.2294931769,3,2.10169843149e-23,joint excluded-instrument relevance; not conditional strength
joint,lwti,24,413,diplomatic_tension,0.803276800133,165.871056642,497.613169926,1.57010690443e-107,559.192166974,186.397388991,3,7.07064372312e-121,joint excluded-instrument relevance; not conditional strength
joint,lwti,24,413,nuclear_threat,0.551899220777,45.992086355,137.976259065,1.03226772636e-29,156.792032682,52.2640108939,3,9.02378227868e-34,joint excluded-instrument relevance; not conditional strength
joint,lwti,25,412,military_conflict,0.378563663236,31.9749861159,95.9249583476,1.1682196526e-20,108.673078246,36.2243594153,3,2.11779796033e-23,joint excluded-instrument relevance; not conditional strength
joint,lwti,25,412,diplomatic_tension,0.802846161796,165.555232674,496.665698022,2.51917268404e-107,558.63887799,186.21295933,3,9.31944253383e-121,joint excluded-instrument relevance; not conditional strength
joint,lwti,25,412,nuclear_threat,0.55730064746,46.2394711347,138.718413404,7.14141004658e-30,157.835618967,52.6118729892,3,5.37278256709e-34,joint excluded-instrument relevance; not conditional strength
joint,lwti,26,411,military_conflict,0.378724284357,32.0139474873,96.0418424619,1.10256075968e-20,108.828292466,36.2760974887,3,1.96103145878e-23,joint excluded-instrument relevance; not conditional strength
joint,lwti,26,411,diplomatic_tension,0.803005536112,165.327358403,495.982075208,3.54329124931e-107,557.911110931,185.97037031,3,1.34011009646e-120,joint excluded-instrument relevance; not conditional strength
joint,lwti,26,411,nuclear_threat,0.558508244934,46.1719169148,138.515750744,7.89729962756e-30,157.723558238,52.5745194127,3,5.68042246778e-34,joint excluded-instrument relevance; not conditional strength
joint,lwti,27,410,military_conflict,0.378709451305,32.206017601,96.6180528031,8.28996660941e-21,109.54630674,36.51543558,3,1.37395414929e-23,joint excluded-instrument relevance; not conditional strength
joint,lwti,27,410,diplomatic_tension,0.802611593711,163.858715335,491.576146004,3.19309935935e-106,553.39130945,184.463769817,3,1.27891854898e-119,joint excluded-instrument relevance; not conditional strength
joint,lwti,27,410,nuclear_threat,0.55849129491,46.1124572497,138.337371749,8.62853887915e-30,157.541287871,52.5137626237,3,6.21888009218e-34,joint excluded-instrument relevance; not conditional strength
joint,lwti,28,409,military_conflict,0.381558738133,32.2986975027,96.896092508,7.22418240358e-21,109.930577134,36.6435257112,3,1.13573203168e-23,joint excluded-instrument relevance; not conditional strength
joint,lwti,28,409,diplomatic_tension,0.802191798909,162.558122848,487.674368543,2.23742884992e-105,549.023851482,183.007950494,3,1.1311233871e-118,joint excluded-instrument relevance; not conditional strength
joint,lwti,28,409,nuclear_threat,0.559497248565,46.1478738574,138.443621572,8.18520877766e-30,157.683142422,52.5610474741,3,5.79564615174e-34,joint excluded-instrument relevance; not conditional strength
joint,lwti,29,408,military_conflict,0.37850987899,31.8886136663,95.6658409989,1.32805376605e-20,108.60537457,36.2017915232,3,2.19004627611e-23,joint excluded-instrument relevance; not conditional strength
joint,lwti,29,408,diplomatic_tension,0.802292312971,162.235791911,486.707375733,3.62493156205e-105,548.019618172,182.673206057,3,1.86715496148e-118,joint excluded-instrument relevance; not conditional strength
joint,lwti,29,408,nuclear_threat,0.558886897589,46.312134861,138.936404583,6.40890670334e-30,158.257931484,52.7526438281,3,4.3558036472e-34,joint excluded-instrument relevance; not conditional strength
joint,lwti,30,407,military_conflict,0.378850521395,31.9430909557,95.8292728671,1.2248700569e-20,108.810540463,36.2701801544,3,1.97835656764e-23,joint excluded-instrument relevance; not conditional strength
joint,lwti,30,407,diplomatic_tension,0.802687792884,162.040156729,486.120470187,4.85829400544e-105,547.863630493,182.621210164,3,2.01832483529e-118,joint excluded-instrument relevance; not conditional strength
joint,lwti,30,407,nuclear_threat,0.559179674801,46.2255655501,138.67669665,7.29085158663e-30,158.011176913,52.6703923042,3,4.92397383358e-34,joint excluded-instrument relevance; not conditional strength
joint,lwti,31,406,military_conflict,0.378623647996,32.0579519617,96.1738558852,1.03282902087e-20,109.201914541,36.4006381804,3,1.62961301548e-23,joint excluded-instrument relevance; not conditional strength
joint,lwti,31,406,diplomatic_tension,0.802081373692,161.203853517,483.611560551,1.69889910258e-104,545.624042916,181.874680972,3,6.17198806391e-118,joint excluded-instrument relevance; not conditional strength
joint,lwti,31,406,nuclear_threat,0.560541209058,45.9630268136,137.889080441,1.07792277973e-29,157.170180748,52.3900602493,3,7.4781012316e-34,joint excluded-instrument relevance; not conditional strength
joint,lwti,32,405,military_conflict,0.377808330697,32.0601563475,96.1804690424,1.02945420864e-20,109.238954755,36.4129849182,3,1.59997660853e-23,joint excluded-instrument relevance; not conditional strength
joint,lwti,32,405,diplomatic_tension,0.802151967443,161.004964325,483.014892974,2.28804905616e-104,545.169487474,181.723162491,3,7.74373029244e-118,joint excluded-instrument relevance; not conditional strength
joint,lwti,32,405,nuclear_threat,0.560075997973,45.9190901553,137.757270466,1.15081390094e-29,157.038239364,52.346079788,3,7.98476167964e-34,joint excluded-instrument relevance; not conditional strength
joint,lwti,33,404,military_conflict,0.377513525898,32.0137245246,96.0411735738,1.10292580313e-20,109.121545894,36.3738486315,3,1.69581821141e-23,joint excluded-instrument relevance; not conditional strength
joint,lwti,33,404,diplomatic_tension,0.801629839675,160.376655625,481.129966876,5.86038673609e-104,543.535088511,181.178362837,3,1.75067628445e-117,joint excluded-instrument relevance; not conditional strength
joint,lwti,33,404,nuclear_threat,0.559695037024,45.9182268814,137.754680644,1.15229438985e-29,157.072512805,52.3575042685,3,7.84994058828e-34,joint excluded-instrument relevance; not conditional strength
joint,lwti,34,403,military_conflict,0.402370063355,33.5578503916,100.673551175,1.11343600341e-21,115.245136631,38.4150455436,3,8.15283189948e-25,joint excluded-instrument relevance; not conditional strength
joint,lwti,34,403,diplomatic_tension,0.801825077639,157.503899058,472.511697175,4.31967629807e-102,535.782914466,178.594304822,3,8.384191481e-116,joint excluded-instrument relevance; not conditional strength
joint,lwti,34,403,nuclear_threat,0.561337590308,45.3490305776,136.047091733,2.6896257065e-29,155.345061812,51.7816872705,3,1.85185248618e-33,joint excluded-instrument relevance; not conditional strength
joint,lwti,35,402,military_conflict,0.383948934602,28.9114462664,86.7343387993,1.10112483983e-18,99.8316216552,33.2772072184,3,1.68927221226e-21,joint excluded-instrument relevance; not conditional strength
joint,lwti,35,402,diplomatic_tension,0.801240593318,148.022529908,444.067589724,6.28908414151e-96,502.953564944,167.651188315,3,1.09291397725e-108,joint excluded-instrument relevance; not conditional strength
joint,lwti,35,402,nuclear_threat,0.561648511446,45.3939382112,136.181814634,2.51564281436e-29,155.560835879,51.8536119597,3,1.66360128998e-33,joint excluded-instrument relevance; not conditional strength
joint,lwti,36,401,military_conflict,0.383403921457,29.0510755862,87.1532267587,8.95156810338e-19,100.311444405,33.437148135,3,1.33207421135e-21,joint excluded-instrument relevance; not conditional strength
joint,lwti,36,401,diplomatic_tension,0.800225465477,146.266067703,438.79820311,8.71444466917e-95,498.302156501,166.100718834,3,1.11331212839e-107,joint excluded-instrument relevance; not conditional strength
joint,lwti,36,401,nuclear_threat,0.561235770091,45.6680640268,137.00419208,1.67247878834e-29,156.478089234,52.159363078,3,1.05470447181e-33,joint excluded-instrument relevance; not conditional strength
joint,lwti,37,400,military_conflict,0.383466028048,29.2198672286,87.6596016859,6.96901452012e-19,100.947422942,33.6491409806,3,9.7223962255e-22,joint excluded-instrument relevance; not conditional strength
joint,lwti,37,400,diplomatic_tension,0.798296314333,143.466620455,430.399861366,5.75094583049e-93,489.261635667,163.087211889,3,1.01340093764e-105,joint excluded-instrument relevance; not conditional strength
joint,lwti,37,400,nuclear_threat,0.560340687147,45.1642781435,135.492834431,3.54138874306e-29,154.829619784,51.6098732612,3,2.39232750014e-33,joint excluded-instrument relevance; not conditional strength
joint,lwti,38,399,military_conflict,0.383897291688,29.4110832041,88.2332496122,5.24796020568e-19,101.590053841,33.8633512803,3,7.07260373117e-22,joint excluded-instrument relevance; not conditional strength
joint,lwti,38,399,diplomatic_tension,0.797708711416,143.018368999,429.055106996,1.12479297489e-92,487.893361445,162.631120482,3,2.00582306592e-105,joint excluded-instrument relevance; not conditional strength
joint,lwti,38,399,nuclear_threat,0.560251385576,45.2219542193,135.665862658,3.2499308938e-29,155.017123184,51.6723743947,3,2.17953712254e-33,joint excluded-instrument relevance; not conditional strength
joint,lwti,39,398,military_conflict,0.383704085585,29.4409370588,88.3228111765,5.02062705184e-19,101.714416722,33.9048055739,3,6.65020222343e-22,joint excluded-instrument relevance; not conditional strength
joint,lwti,39,398,diplomatic_tension,0.797621538924,142.574874568,427.724623705,2.18429899646e-92,486.814067786,162.271355929,3,3.43699838586e-105,joint excluded-instrument relevance; not conditional strength
joint,lwti,39,398,nuclear_threat,0.560287316515,45.2394427416,135.718328225,3.16638793822e-29,155.102180395,51.7007267982,3,2.08935356978e-33,joint excluded-instrument relevance; not conditional strength
joint,lwti,40,397,military_conflict,0.382511667279,28.8489525318,86.5468575954,1.20805912635e-18,99.8226684852,33.2742228284,3,1.69677672416e-21,joint excluded-instrument relevance; not conditional strength
joint,lwti,40,397,diplomatic_tension,0.795417229816,138.156258049,414.468774148,1.62547116926e-89,471.589122112,157.196374037,3,6.84483884015e-102,joint excluded-instrument relevance; not conditional strength
joint,lwti,40,397,nuclear_threat,0.559281096427,44.6523416809,133.957025043,7.58981013904e-29,153.209574502,51.0698581675,3,5.3500029698e-33,joint excluded-instrument relevance; not conditional strength
joint,lwti,41,396,military_conflict,0.382595012373,28.7888303044,86.3664909132,1.32072207339e-18,99.6514046191,33.217134873,3,1.84692202396e-21,joint excluded-instrument relevance; not conditional strength
joint,lwti,41,396,diplomatic_tension,0.795375776105,138.185778447,414.557335342,1.55522999454e-89,471.870363946,157.290121315,3,5.94868887189e-102,joint excluded-instrument relevance; not conditional strength
joint,lwti,41,396,nuclear_threat,0.559237860283,44.6429334046,133.928800214,7.69688089772e-29,153.198430941,51.0661436471,3,5.37970206246e-33,joint excluded-instrument relevance; not conditional strength
joint,lwti,42,395,military_conflict,0.385701932913,29.096354697,87.2890640911,8.3701472995e-19,100.775725925,33.5919086418,3,1.05850842676e-21,joint excluded-instrument relevance; not conditional strength
joint,lwti,42,395,diplomatic_tension,0.793927836011,136.757725025,410.273175074,1.31778125425e-88,466.715865776,155.571955259,3,7.78630376636e-101,joint excluded-instrument relevance; not conditional strength
joint,lwti,42,395,nuclear_threat,0.559228955856,44.5807974095,133.742392229,8.44295980862e-29,153.028690316,51.0095634387,3,5.85301031265e-33,joint excluded-instrument relevance; not conditional strength
joint,lwti,43,394,military_conflict,0.384154227668,29.5708204212,88.7124612635,4.14077367863e-19,102.336483933,34.1121613109,3,4.88712492625e-22,joint excluded-instrument relevance; not conditional strength
joint,lwti,43,394,diplomatic_tension,0.792880598898,137.280964979,411.842894938,6.02293546747e-89,470.047653302,156.682551101,3,1.47700165593e-101,joint excluded-instrument relevance; not conditional strength
joint,lwti,43,394,nuclear_threat,0.559171607497,44.4163593819,133.249078146,1.0785141245e-28,152.509154923,50.8363849744,3,7.57645374687e-33,joint excluded-instrument relevance; not conditional strength
joint,lwti,44,393,military_conflict,0.383636979307,29.5025876197,88.507762859,4.58184624979e-19,102.140525003,34.0468416678,3,5.38514115226e-22,joint excluded-instrument relevance; not conditional strength
joint,lwti,44,393,diplomatic_tension,0.791756001671,136.044559557,408.13367867,3.83088602177e-88,465.790954924,155.263651641,3,1.23521984805e-100,joint excluded-instrument relevance; not conditional strength
joint,lwti,44,393,nuclear_threat,0.558825750044,44.2915141938,132.874542581,1.2988319774e-28,152.117577745,50.7058592483,3,9.20332616069e-33,joint excluded-instrument relevance; not conditional strength
joint,lwti,45,392,military_conflict,0.382591868033,29.4237732977,88.2713198931,5.15009565833e-19,101.884175086,33.9613916952,3,6.11402892075e-22,joint excluded-instrument relevance; not conditional strength
joint,lwti,45,392,diplomatic_tension,0.791760811662,136.020882263,408.062646788,3.96904475578e-88,465.729396944,155.243132315,3,1.27374599024e-100,joint excluded-instrument relevance; not conditional strength
joint,lwti,45,392,nuclear_threat,0.558319240927,44.1951181534,132.58535446,1.49928167811e-28,151.845639846,50.6152132821,3,1.05344497279e-32,joint excluded-instrument relevance; not conditional strength
joint,lwti,46,391,military_conflict,0.383000096668,29.4414941842,88.3244825527,5.01647955022e-19,101.941850374,33.9806167912,3,5.94188175471e-22,joint excluded-instrument relevance; not conditional strength
joint,lwti,46,391,diplomatic_tension,0.79173747221,135.852545368,407.557636104,5.1059913913e-88,465.196764112,155.065588037,3,1.66148015123e-100,joint excluded-instrument relevance; not conditional strength
joint,lwti,46,391,nuclear_threat,0.558026969074,44.0903514229,132.271054269,1.75236631495e-28,151.52549685,50.50849895,3,1.23503039299e-32,joint excluded-instrument relevance; not conditional strength
joint,lwti,47,390,military_conflict,0.382274252668,29.4615421209,88.3846263627,4.86949092158e-19,102.01781922,34.00593974,3,5.72250602212e-22,joint excluded-instrument relevance; not conditional strength
joint,lwti,47,390,diplomatic_tension,0.791871670457,136.635788077,409.90736423,1.58155892673e-88,468.015654558,156.005218186,3,4.07086907167e-101,joint excluded-instrument relevance; not conditional strength
joint,lwti,47,390,nuclear_threat,0.558140345167,44.2533437002,132.760031101,1.37478366605e-28,152.189843132,50.7299477105,3,8.87880235406e-33,joint excluded-instrument relevance; not conditional strength
joint,lwti,48,389,military_conflict,0.382108760142,29.5614414077,88.6843242232,4.19878845096e-19,102.441724896,34.1472416321,3,4.63894917416e-22,joint excluded-instrument relevance; not conditional strength
joint,lwti,48,389,diplomatic_tension,0.791360685424,135.71930005,407.157900149,6.23260483433e-88,465.020536572,155.006845524,3,1.81418076062e-100,joint excluded-instrument relevance; not conditional strength
joint,lwti,48,389,nuclear_threat,0.560503093259,43.4953459737,130.486037921,4.24942147401e-28,149.731146157,49.9103820525,3,3.01136116866e-32,joint excluded-instrument relevance; not conditional strength
single,lbrent,0,432,gpr_ai,0.735966482604,145.136509748,145.136509748,2.00501038334e-33,184.715530271,184.715530271,1,4.52793773782e-42,single-instrument relevance
single,lbrent,1,432,gpr_ai,0.735966482604,145.136509748,145.136509748,2.00501038334e-33,184.715530271,184.715530271,1,4.52793773782e-42,single-instrument relevance
single,lbrent,2,432,gpr_ai,0.735966482604,145.136509748,145.136509748,2.00501038334e-33,184.715530271,184.715530271,1,4.52793773782e-42,single-instrument relevance
single,lbrent,3,432,gpr_ai,0.735966482604,145.136509748,145.136509748,2.00501038334e-33,184.715530271,184.715530271,1,4.52793773782e-42,single-instrument relevance
single,lbrent,4,432,gpr_ai,0.735966482604,145.136509748,145.136509748,2.00501038334e-33,184.715530271,184.715530271,1,4.52793773782e-42,single-instrument relevance
single,lbrent,5,432,gpr_ai,0.735966482604,145.136509748,145.136509748,2.00501038334e-33,184.715530271,184.715530271,1,4.52793773782e-42,single-instrument relevance
single,lbrent,6,431,gpr_ai,0.732318860751,133.992272378,133.992272378,5.48485432406e-31,172.650308796,172.650308796,1,1.95136335171e-39,single-instrument relevance
single,lbrent,7,430,gpr_ai,0.732784208234,128.829759243,128.829759243,7.38919556972e-30,166.893800977,166.893800977,1,3.52880125068e-38,single-instrument relevance
single,lbrent,8,429,gpr_ai,0.731271959292,127.999866175,127.999866175,1.12250540216e-29,165.905450674,165.905450674,1,5.8012216593e-38,single-instrument relevance
single,lbrent,9,428,gpr_ai,0.730290177664,126.240662945,126.240662945,2.72366800727e-29,163.757366247,163.757366247,1,1.70909668036e-37,single-instrument relevance
single,lbrent,10,427,gpr_ai,0.729474124446,123.51603702,123.51603702,1.07513775887e-28,160.78980762,160.78980762,1,7.60479409873e-37,single-instrument relevance
single,lbrent,11,426,gpr_ai,0.729335050749,123.493327521,123.493327521,1.08751367308e-28,160.790077026,160.790077026,1,7.60376348714e-37,single-instrument relevance
single,lbrent,12,425,gpr_ai,0.729041400535,123.53558119,123.53558119,1.06459967741e-28,160.84028687,160.84028687,1,7.41410429408e-37,single-instrument relevance
single,lbrent,13,424,gpr_ai,0.730270726723,123.81714997,123.81714997,9.237570491e-29,161.16809493,161.16809493,1,6.28693958828e-37,single-instrument relevance
single,lbrent,14,423,gpr_ai,0.730708459351,114.798399369,114.798399369,8.71189034929e-27,151.256487904,151.256487904,1,9.21146621408e-35,single-instrument relevance
single,lbrent,15,422,gpr_ai,0.728652114316,112.828477463,112.828477463,2.35272266657e-26,148.828608627,148.828608627,1,3.12611171753e-34,single-instrument relevance
single,lbrent,16,421,gpr_ai,0.728570361271,112.946322389,112.946322389,2.21696175778e-26,149.032403942,149.032403942,1,2.82135427747e-34,single-instrument relevance
single,lbrent,17,420,gpr_ai,0.72868813456,112.630484515,112.630484515,2.59979594634e-26,148.748899641,148.748899641,1,3.25407753687e-34,single-instrument relevance
single,lbrent,18,419,gpr_ai,0.728300157174,112.567141705,112.567141705,2.6841949576e-26,148.705649182,148.705649182,1,3.32569134503e-34,single-instrument relevance
single,lbrent,19,418,gpr_ai,0.727826506886,112.69520985,112.69520985,2.51629586787e-26,148.88991123,148.88991123,1,3.03112985011e-34,single-instrument relevance
single,lbrent,20,417,gpr_ai,0.728047572344,112.339801671,112.339801671,3.01031421091e-26,148.552952786,148.552952786,1,3.59136648041e-34,single-instrument relevance
single,lbrent,21,416,gpr_ai,0.727127259551,111.833791175,111.833791175,3.88556479256e-26,147.849825416,147.849825416,1,5.11633147319e-34,single-instrument relevance
single,lbrent,22,415,gpr_ai,0.727087747733,111.138283046,111.138283046,5.51840066899e-26,147.092531411,147.092531411,1,7.49037291084e-34,single-instrument relevance
single,lbrent,23,414,gpr_ai,0.726731318473,111.124978424,111.124978424,5.55555997184e-26,147.079671604,147.079671604,1,7.53901568339e-34,single-instrument relevance
single,lbrent,24,413,gpr_ai,0.726711051729,111.019531204,111.019531204,5.85906084603e-26,147.022049313,147.022049313,1,7.76088303625e-34,single-instrument relevance
single,lbrent,25,412,gpr_ai,0.725749925837,110.728376723,110.728376723,6.78596753479e-26,146.638611037,146.638611037,1,9.41311349876e-34,single-instrument relevance
single,lbrent,26,411,gpr_ai,0.725468604033,110.242603637,110.242603637,8.67030250041e-26,146.011365241,146.011365241,1,1.29079275375e-33,single-instrument relevance
single,lbrent,27,410,gpr_ai,0.725144222887,108.876884039,108.876884039,1.72685583177e-25,144.468439676,144.468439676,1,2.80656214182e-33,single-instrument relevance
single,lbrent,28,409,gpr_ai,0.725198306308,108.578431432,108.578431432,2.00747344924e-25,144.243932552,144.243932552,1,3.14238182851e-33,single-instrument relevance
single,lbrent,29,408,gpr_ai,0.724191719014,108.00053835,108.00053835,2.68705182964e-25,143.413971692,143.413971692,1,4.77220249307e-33,single-instrument relevance
single,lbrent,30,407,gpr_ai,0.724342799978,106.527730234,106.527730234,5.6496392456e-25,141.828241441,141.828241441,1,1.06032122805e-32,single-instrument relevance
single,lbrent,31,406,gpr_ai,0.723516958329,106.493789525,106.493789525,5.74723297362e-25,141.764046104,141.764046104,1,1.09515165864e-32,single-instrument relevance
single,lbrent,32,405,gpr_ai,0.723512951732,106.675061763,106.675061763,5.24485336614e-25,142.071026984,142.071026984,1,9.38319846014e-33,single-instrument relevance
single,lbrent,33,404,gpr_ai,0.724119065844,107.267730097,107.267730097,3.88915697693e-25,142.861773279,142.861773279,1,6.30164048317e-33,single-instrument relevance
single,lbrent,34,403,gpr_ai,0.735011865391,97.5274432682,97.5274432682,5.31149934496e-23,132.890504496,132.890504496,1,9.55383940676e-31,single-instrument relevance
single,lbrent,35,402,gpr_ai,0.72342797005,86.0798093586,86.0798093586,1.72818335481e-20,118.3448403,118.3448403,1,1.45718462417e-27,single-instrument relevance
single,lbrent,36,401,gpr_ai,0.723320328345,86.0396301267,86.0396301267,1.76365558628e-20,118.291571691,118.291571691,1,1.49684864212e-27,single-instrument relevance
single,lbrent,37,400,gpr_ai,0.723287919722,85.8759066913,85.8759066913,1.91588908496e-20,118.228221505,118.228221505,1,1.54542751318e-27,single-instrument relevance
single,lbrent,38,399,gpr_ai,0.723267460913,85.8584634236,85.8584634236,1.93286383492e-20,118.212290803,118.212290803,1,1.5578898006e-27,single-instrument relevance
single,lbrent,39,398,gpr_ai,0.722912540607,85.6335824213,85.6335824213,2.16566102059e-20,117.931886655,117.931886655,1,1.7944568837e-27,single-instrument relevance
single,lbrent,40,397,gpr_ai,0.722885566007,85.4342645019,85.4342645019,2.39533707088e-20,117.855299755,117.855299755,1,1.86510131812e-27,single-instrument relevance
single,lbrent,41,396,gpr_ai,0.722780181614,85.4890308295,85.4890308295,2.32990495726e-20,117.920231927,117.920231927,1,1.80503210687e-27,single-instrument relevance
single,lbrent,42,395,gpr_ai,0.722869362022,84.1573951873,84.1573951873,4.56911667432e-20,116.49398623,116.49398623,1,3.70500995294e-27,single-instrument relevance
single,lbrent,43,394,gpr_ai,0.72072602205,82.7995998622,82.7995998622,9.08083574308e-20,114.719439777,114.719439777,1,9.0657798508e-27,single-instrument relevance
single,lbrent,44,393,gpr_ai,0.720650890666,82.4685068878,82.4685068878,1.07367270555e-19,114.40527151,114.40527151,1,1.06221263341e-26,single-instrument relevance
single,lbrent,45,392,gpr_ai,0.720237277571,82.4908685203,82.4908685203,1.06159440682e-19,114.418140092,114.418140092,1,1.05534163203e-26,single-instrument relevance
single,lbrent,46,391,gpr_ai,0.720243371046,81.8641629146,81.8641629146,1.45768602529e-19,113.865894524,113.865894524,1,1.39426277429e-26,single-instrument relevance
single,lbrent,47,390,gpr_ai,0.719673444604,81.7215267201,81.7215267201,1.56677626545e-19,113.659447479,113.659447479,1,1.54725344271e-26,single-instrument relevance
single,lbrent,48,389,gpr_ai,0.719877406171,80.8198244601,80.8198244601,2.47264907542e-19,112.683314902,112.683314902,1,2.5314373918e-26,single-instrument relevance
single,lbrent,0,432,military_conflict,0.369137472687,32.7324706471,32.7324706471,1.05755729219e-08,41.0234914404,41.0234914404,1,1.50410437079e-10,single-instrument relevance
single,lbrent,1,432,military_conflict,0.369137472687,32.7324706471,32.7324706471,1.05755729219e-08,41.0234914404,41.0234914404,1,1.50410437079e-10,single-instrument relevance
single,lbrent,2,432,military_conflict,0.369137472687,32.7324706471,32.7324706471,1.05755729219e-08,41.0234914404,41.0234914404,1,1.50410437079e-10,single-instrument relevance
single,lbrent,3,432,military_conflict,0.369137472687,32.7324706471,32.7324706471,1.05755729219e-08,41.0234914404,41.0234914404,1,1.50410437079e-10,single-instrument relevance
single,lbrent,4,432,military_conflict,0.369137472687,32.7324706471,32.7324706471,1.05755729219e-08,41.0234914404,41.0234914404,1,1.50410437079e-10,single-instrument relevance
single,lbrent,5,432,military_conflict,0.369137472687,32.7324706471,32.7324706471,1.05755729219e-08,41.0234914404,41.0234914404,1,1.50410437079e-10,single-instrument relevance
single,lbrent,6,431,military_conflict,0.35288718805,26.8060393953,26.8060393953,2.24933277322e-07,34.1735241029,34.1735241029,1,5.04101527023e-09,single-instrument relevance
single,lbrent,7,430,military_conflict,0.35290778202,26.7085078014,26.7085078014,2.36577560254e-07,34.07321976,34.07321976,1,5.30767415907e-09,single-instrument relevance
single,lbrent,8,429,military_conflict,0.352827864766,26.6433578884,26.6433578884,2.4469052528e-07,33.990047914,33.990047914,1,5.53946849957e-09,single-instrument relevance
single,lbrent,9,428,military_conflict,0.351038090287,26.3632083077,26.3632083077,2.82877803012e-07,33.6551838227,33.6551838227,1,6.57992950535e-09,single-instrument relevance
single,lbrent,10,427,military_conflict,0.349785082661,26.0385561665,26.0385561665,3.34666652954e-07,33.304335163,33.304335163,1,7.88067636773e-09,single-instrument relevance
single,lbrent,11,426,military_conflict,0.349597935676,26.0092649818,26.0092649818,3.39782817941e-07,33.26798134,33.26798134,1,8.02938536504e-09,single-instrument relevance
single,lbrent,12,425,military_conflict,0.349396256753,25.9898873476,25.9898873476,3.43210442855e-07,33.2460998876,33.2460998876,1,8.12024523325e-09,single-instrument relevance
single,lbrent,13,424,military_conflict,0.350575034942,25.9366082001,25.9366082001,3.52814485778e-07,33.2054471257,33.2054471257,1,8.29179315969e-09,single-instrument relevance
single,lbrent,14,423,military_conflict,0.352346308924,23.9906654008,23.9906654008,9.68038912509e-07,31.1116716729,31.1116716729,1,2.43602207725e-08,single-instrument relevance
single,lbrent,15,422,military_conflict,0.347285562365,23.4142708107,23.4142708107,1.30606034918e-06,30.4003153297,30.4003153297,1,3.51471019515e-08,single-instrument relevance
single,lbrent,16,421,military_conflict,0.34622908,23.3281636286,23.3281636286,1.36585330679e-06,30.2903786753,30.2903786753,1,3.71966429349e-08,single-instrument relevance
single,lbrent,17,420,military_conflict,0.34622169655,23.2483427721,23.2483427721,1.42373077446e-06,30.2055115762,30.2055115762,1,3.88603562816e-08,single-instrument relevance
single,lbrent,18,419,military_conflict,0.345473095527,23.1877733378,23.1877733378,1.46928529795e-06,30.1289880986,30.1289880986,1,4.04243325874e-08,single-instrument relevance
single,lbrent,19,418,military_conflict,0.345466652342,23.1453843787,23.1453843787,1.5020330928e-06,30.0958005352,30.0958005352,1,4.11220744414e-08,single-instrument relevance
single,lbrent,20,417,military_conflict,0.345284018716,23.1400894923,23.1400894923,1.50617478687e-06,30.0905171476,30.0905171476,1,4.12342614003e-08,single-instrument relevance
single,lbrent,21,416,military_conflict,0.345812040988,23.2047151651,23.2047151651,1.4563979826e-06,30.1787900097,30.1787900097,1,3.93994771773e-08,single-instrument relevance
single,lbrent,22,415,military_conflict,0.347262079429,22.5109716534,22.5109716534,2.08946760291e-06,29.4161390317,29.4161390317,1,5.83893566163e-08,single-instrument relevance
single,lbrent,23,414,military_conflict,0.344989915612,22.343714477,22.343714477,2.27957929761e-06,29.1984187769,29.1984187769,1,6.53325010333e-08,single-instrument relevance
single,lbrent,24,413,military_conflict,0.345175104382,22.2389707324,22.2389707324,2.40737636525e-06,29.0762063801,29.0762063801,1,6.95863884183e-08,single-instrument relevance
single,lbrent,25,412,military_conflict,0.34323703804,22.0598092441,22.0598092441,2.64285641468e-06,28.8443805621,28.8443805621,1,7.84331295884e-08,single-instrument relevance
single,lbrent,26,411,military_conflict,0.343199170206,22.0748275693,22.0748275693,2.62225957432e-06,28.8624713076,28.8624713076,1,7.77039616052e-08,single-instrument relevance
single,lbrent,27,410,military_conflict,0.343257108832,22.030537707,22.030537707,2.68346842503e-06,28.8226218962,28.8226218962,1,7.93192254309e-08,single-instrument relevance
single,lbrent,28,409,military_conflict,0.345429124574,21.621846785,21.621846785,3.32048092061e-06,28.3828581838,28.3828581838,1,9.95428234159e-08,single-instrument relevance
single,lbrent,29,408,military_conflict,0.342069054937,21.1814695713,21.1814695713,4.1778440736e-06,27.8296920036,27.8296920036,1,1.32477316945e-07,single-instrument relevance
single,lbrent,30,407,military_conflict,0.342437388682,21.0098220588,21.0098220588,4.56934851633e-06,27.6502921124,27.6502921124,1,1.45350115948e-07,single-instrument relevance
single,lbrent,31,406,military_conflict,0.34174527967,20.9571613183,20.9571613183,4.69668845893e-06,27.5894607354,27.5894607354,1,1.49993823969e-07,single-instrument relevance
single,lbrent,32,405,military_conflict,0.341063451904,20.9779544181,20.9779544181,4.64598819818e-06,27.6161815758,27.6161815758,1,1.47935989374e-07,single-instrument relevance
single,lbrent,33,404,military_conflict,0.340819662267,21.0340812841,21.0340812841,4.51185821231e-06,27.7000035774,27.7000035774,1,1.41662449031e-07,single-instrument relevance
single,lbrent,34,403,military_conflict,0.366617300143,19.1402824912,19.1402824912,1.2145427082e-05,26.28009429,26.28009429,1,2.95316863502e-07,single-instrument relevance
single,lbrent,35,402,military_conflict,0.347723605012,16.2999548628,16.2999548628,5.40652393193e-05,22.69114029,22.69114029,1,1.90243012376e-06,single-instrument relevance
single,lbrent,36,401,military_conflict,0.347300632441,16.2730358653,16.2730358653,5.48387945237e-05,22.6564657057,22.6564657057,1,1.9370727918e-06,single-instrument relevance
single,lbrent,37,400,military_conflict,0.347314121729,16.2427214719,16.2427214719,5.5723254589e-05,22.6381021782,22.6381021782,1,1.95567500253e-06,single-instrument relevance
single,lbrent,38,399,military_conflict,0.346963734555,16.2145566002,16.2145566002,5.65578513101e-05,22.5977005528,22.5977005528,1,1.99723504217e-06,single-instrument relevance
single,lbrent,39,398,military_conflict,0.346939441411,16.1883467494,16.1883467494,5.73458049141e-05,22.5659759884,22.5659759884,1,2.03048929504e-06,single-instrument relevance
single,lbrent,40,397,military_conflict,0.345833607671,16.114173996,16.114173996,5.96360285146e-05,22.4668839352,22.4668839352,1,2.13797905985e-06,single-instrument relevance
single,lbrent,41,396,military_conflict,0.345976343629,16.1443612167,16.1443612167,5.86930439289e-05,22.5137585519,22.5137585519,1,2.08643843941e-06,single-instrument relevance
single,lbrent,42,395,military_conflict,0.346673711115,15.9038806545,15.9038806545,6.66419356345e-05,22.2564725606,22.2564725606,1,2.38553293414e-06,single-instrument relevance
single,lbrent,43,394,military_conflict,0.344806890255,15.7964590309,15.7964590309,7.05343904509e-05,22.1031990892,22.1031990892,1,2.58378797832e-06,single-instrument relevance
single,lbrent,44,393,military_conflict,0.344787754775,15.744270747,15.744270747,7.25071993554e-05,22.0457412279,22.0457412279,1,2.66229716324e-06,single-instrument relevance
single,lbrent,45,392,military_conflict,0.343568078958,15.692096169,15.692096169,7.45349833672e-05,21.9729606201,21.9729606201,1,2.76518844728e-06,single-instrument relevance
single,lbrent,46,391,military_conflict,0.343756163465,15.6091875856,15.6091875856,7.78752815062e-05,21.8948739762,21.8948739762,1,2.88002215016e-06,single-instrument relevance
single,lbrent,47,390,military_conflict,0.343034393514,15.574784811,15.574784811,7.93051698885e-05,21.8511810404,21.8511810404,1,2.94635195942e-06,single-instrument relevance
single,lbrent,48,389,military_conflict,0.343373196545,15.477917617,15.477917617,8.34747872146e-05,21.7462134859,21.7462134859,1,3.11203484131e-06,single-instrument relevance
single,lbrent,0,432,diplomatic_tension,0.762358760378,352.722280703,352.722280703,1.08225818798e-78,380.173518753,380.173518753,1,1.14073169379e-84,single-instrument relevance
single,lbrent,1,432,diplomatic_tension,0.762358760378,352.722280703,352.722280703,1.08225818798e-78,380.173518753,380.173518753,1,1.14073169379e-84,single-instrument relevance
single,lbrent,2,432,diplomatic_tension,0.762358760378,352.722280703,352.722280703,1.08225818798e-78,380.173518753,380.173518753,1,1.14073169379e-84,single-instrument relevance
single,lbrent,3,432,diplomatic_tension,0.762358760378,352.722280703,352.722280703,1.08225818798e-78,380.173518753,380.173518753,1,1.14073169379e-84,single-instrument relevance
single,lbrent,4,432,diplomatic_tension,0.762358760378,352.722280703,352.722280703,1.08225818798e-78,380.173518753,380.173518753,1,1.14073169379e-84,single-instrument relevance
single,lbrent,5,432,diplomatic_tension,0.762358760378,352.722280703,352.722280703,1.08225818798e-78,380.173518753,380.173518753,1,1.14073169379e-84,single-instrument relevance
single,lbrent,6,431,diplomatic_tension,0.759747438066,354.020302248,354.020302248,5.64515534723e-79,381.534879223,381.534879223,1,5.76495165371e-85,single-instrument relevance
single,lbrent,7,430,diplomatic_tension,0.769697505653,360.173687614,360.173687614,2.5808573858e-80,389.538790564,389.538790564,1,1.04299748996e-86,single-instrument relevance
single,lbrent,8,429,diplomatic_tension,0.768244709511,348.704535341,348.704535341,8.11422154183e-78,377.99031577,377.99031577,1,3.40803537527e-84,single-instrument relevance
single,lbrent,9,428,diplomatic_tension,0.768249940609,348.675054495,348.675054495,8.23506062897e-78,378.06102543,378.06102543,1,3.28934389987e-84,single-instrument relevance
single,lbrent,10,427,diplomatic_tension,0.768225170102,348.688865441,348.688865441,8.17822848388e-78,378.201442673,378.201442673,1,3.06575784859e-84,single-instrument relevance
single,lbrent,11,426,diplomatic_tension,0.76826437986,348.749283419,348.749283419,7.93418336027e-78,378.392534607,378.392534607,1,2.78569551958e-84,single-instrument relevance
single,lbrent,12,425,diplomatic_tension,0.768303090562,349.080398932,349.080398932,6.72042142478e-78,378.870382262,378.870382262,1,2.19228860442e-84,single-instrument relevance
single,lbrent,13,424,diplomatic_tension,0.767845675885,347.716598152,347.716598152,1.33164141637e-77,377.53584361,377.53584361,1,4.28007467417e-84,single-instrument relevance
single,lbrent,14,423,diplomatic_tension,0.76945620694,346.55799831,346.55799831,2.38064524948e-77,376.419618868,376.419618868,1,7.48990091014e-84,single-instrument relevance
single,lbrent,15,422,diplomatic_tension,0.770464516003,338.367169104,338.367169104,1.4470202202e-75,368.1827221,368.1827221,1,4.65451496513e-82,single-instrument relevance
single,lbrent,16,421,diplomatic_tension,0.776360506928,339.680703893,339.680703893,7.48872196781e-76,370.577763454,370.577763454,1,1.40086845412e-82,single-instrument relevance
single,lbrent,17,420,diplomatic_tension,0.776345487493,331.810929285,331.810929285,3.87585715641e-74,362.749604678,362.749604678,1,7.09368153136e-81,single-instrument relevance
single,lbrent,18,419,diplomatic_tension,0.806155011871,382.690253216,382.690253216,3.2303993165e-85,419.970205512,419.970205512,1,2.47703069983e-93,single-instrument relevance
single,lbrent,19,418,diplomatic_tension,0.80413536708,395.653141575,395.653141575,4.86635594135e-88,431.447747782,431.447747782,1,7.86660025153e-96,single-instrument relevance
single,lbrent,20,417,diplomatic_tension,0.803119163156,389.364207634,389.364207634,1.13838801226e-86,424.816918558,424.816918558,1,2.18273505141e-94,single-instrument relevance
single,lbrent,21,416,diplomatic_tension,0.803199813505,389.245340686,389.245340686,1.20828089648e-86,424.732050607,424.732050607,1,2.27757688777e-94,single-instrument relevance
single,lbrent,22,415,diplomatic_tension,0.802223213557,385.295328439,385.295328439,8.7519679091e-86,420.535328398,420.535328398,1,1.86606120639e-93,single-instrument relevance
single,lbrent,23,414,diplomatic_tension,0.801799697912,383.641247241,383.641247241,2.00546142017e-85,418.768661977,418.768661977,1,4.52337375152e-93,single-instrument relevance
single,lbrent,24,413,diplomatic_tension,0.801689286967,380.234199013,380.234199013,1.10655366358e-84,415.242997172,415.242997172,1,2.64775675984e-92,single-instrument relevance
single,lbrent,25,412,diplomatic_tension,0.801142773773,378.458978864,378.458978864,2.69443387926e-84,413.354224384,413.354224384,1,6.82346755899e-92,single-instrument relevance
single,lbrent,26,411,diplomatic_tension,0.801319005261,378.036982521,378.036982521,3.32923054531e-84,412.912273254,412.912273254,1,8.51539469741e-92,single-instrument relevance
single,lbrent,27,410,diplomatic_tension,0.800863648759,371.778564146,371.778564146,7.67269683438e-83,406.39695437,406.39695437,1,2.23061858407e-90,single-instrument relevance
single,lbrent,28,409,diplomatic_tension,0.800477695859,370.319433033,370.319433033,1.59457045673e-82,404.844019083,404.844019083,1,4.85811999809e-90,single-instrument relevance
single,lbrent,29,408,diplomatic_tension,0.800692170954,369.95759514,369.95759514,1.91173177813e-82,404.496397341,404.496397341,1,5.78281054456e-90,single-instrument relevance
single,lbrent,30,407,diplomatic_tension,0.801068326366,365.656812365,365.656812365,1.65141258162e-81,400.144861552,400.144861552,1,5.12153479958e-89,single-instrument relevance
single,lbrent,31,406,diplomatic_tension,0.800446179923,362.229939043,362.229939043,9.2050309735e-81,396.518182331,396.518182331,1,3.15421126848e-88,single-instrument relevance
single,lbrent,32,405,diplomatic_tension,0.800484870313,362.091545575,362.091545575,9.86641868271e-81,396.412708047,396.412708047,1,3.32545986008e-88,single-instrument relevance
single,lbrent,33,404,diplomatic_tension,0.79995935036,360.639239387,360.639239387,2.04358055327e-80,394.869263802,394.869263802,1,7.20857231395e-88,single-instrument relevance
single,lbrent,34,403,diplomatic_tension,0.800023073617,360.216372147,360.216372147,2.52621079356e-80,394.442232564,394.442232564,1,8.9291825009e-88,single-instrument relevance
single,lbrent,35,402,diplomatic_tension,0.799169874759,351.57058339,351.57058339,1.92807968558e-78,385.423215167,385.423215167,1,8.20849942841e-86,single-instrument relevance
single,lbrent,36,401,diplomatic_tension,0.79807906788,344.947934324,344.947934324,5.33729317567e-77,378.403372162,378.403372162,1,2.77060181159e-84,single-instrument relevance
single,lbrent,37,400,diplomatic_tension,0.796050173264,335.288064673,335.288064673,6.77746179389e-75,368.223580581,368.223580581,1,4.56013980565e-82,single-instrument relevance
single,lbrent,38,399,diplomatic_tension,0.795479918839,334.500153284,334.500153284,1.00616160861e-74,367.401371806,367.401371806,1,6.88654408038e-82,single-instrument relevance
single,lbrent,39,398,diplomatic_tension,0.795429024132,332.620732838,332.620732838,2.58223034671e-74,365.481493211,365.481493211,1,1.80313912465e-81,single-instrument relevance
single,lbrent,40,397,diplomatic_tension,0.793201534897,322.129173013,322.129173013,4.97881500265e-72,354.5031864,354.5031864,1,4.43123310861e-79,single-instrument relevance
single,lbrent,41,396,diplomatic_tension,0.793172322101,322.12587931,322.12587931,4.98704646724e-72,354.596677465,354.596677465,1,4.22830521853e-79,single-instrument relevance
single,lbrent,42,395,diplomatic_tension,0.79200124113,321.057515089,321.057515089,8.52221974119e-72,353.496851978,353.496851978,1,7.33941080799e-79,single-instrument relevance
single,lbrent,43,394,diplomatic_tension,0.790625859671,317.326089812,317.326089812,5.53788966676e-71,349.615002873,349.615002873,1,5.14017983917e-78,single-instrument relevance
single,lbrent,44,393,diplomatic_tension,0.789462065963,314.053165854,314.053165854,2.85948594439e-70,346.112040209,346.112040209,1,2.97722236701e-77,single-instrument relevance
single,lbrent,45,392,diplomatic_tension,0.789462388337,314.023754605,314.023754605,2.90198221933e-70,346.07844141,346.07844141,1,3.02780652167e-77,single-instrument relevance
single,lbrent,46,391,diplomatic_tension,0.789472828238,314.088972755,314.088972755,2.80858773483e-70,346.147022536,346.147022536,1,2.92545307159e-77,single-instrument relevance
single,lbrent,47,390,diplomatic_tension,0.789538666941,314.345562192,314.345562192,2.46941507692e-70,346.457512899,346.457512899,1,2.50367196883e-77,single-instrument relevance
single,lbrent,48,389,diplomatic_tension,0.788529482079,310.910938439,310.910938439,1.38287781424e-69,342.907527887,342.907527887,1,1.48480891633e-76,single-instrument relevance
single,lbrent,0,432,terrorism,0.274581776738,2.64961310033,2.64961310033,0.103575102132,6.9927655892,6.9927655892,1,0.00818398053127,single-instrument relevance
single,lbrent,1,432,terrorism,0.274581776738,2.64961310033,2.64961310033,0.103575102132,6.9927655892,6.9927655892,1,0.00818398053127,single-instrument relevance
single,lbrent,2,432,terrorism,0.274581776738,2.64961310033,2.64961310033,0.103575102132,6.9927655892,6.9927655892,1,0.00818398053127,single-instrument relevance
single,lbrent,3,432,terrorism,0.274581776738,2.64961310033,2.64961310033,0.103575102132,6.9927655892,6.9927655892,1,0.00818398053127,single-instrument relevance
single,lbrent,4,432,terrorism,0.274581776738,2.64961310033,2.64961310033,0.103575102132,6.9927655892,6.9927655892,1,0.00818398053127,single-instrument relevance
single,lbrent,5,432,terrorism,0.274581776738,2.64961310033,2.64961310033,0.103575102132,6.9927655892,6.9927655892,1,0.00818398053127,single-instrument relevance
single,lbrent,6,431,terrorism,0.274189812704,2.64171755387,2.64171755387,0.104090955768,6.97517343395,6.97517343395,1,0.00826482124221,single-instrument relevance
single,lbrent,7,430,terrorism,0.273825396748,2.65117421628,2.65117421628,0.103473438788,7.00406211152,7.00406211152,1,0.0081324968564,single-instrument relevance
single,lbrent,8,429,terrorism,0.272346908805,2.62295671096,2.62295671096,0.105328014741,6.98880356964,6.98880356964,1,0.00820211622752,single-instrument relevance
single,lbrent,9,428,terrorism,0.269928888616,2.58599455141,2.58599455141,0.10781267044,6.89570883613,6.89570883613,1,0.00864028963974,single-instrument relevance
single,lbrent,10,427,terrorism,0.270349251955,2.59318382468,2.59318382468,0.107324402743,6.91693691245,6.91693691245,1,0.00853831056504,single-instrument relevance
single,lbrent,11,426,terrorism,0.271156312619,2.60808291159,2.60808291159,0.106320221708,6.96998334524,6.96998334524,1,0.00828882681918,single-instrument relevance
single,lbrent,12,425,terrorism,0.270961616247,2.59643139092,2.59643139092,0.107104636849,6.94362600141,6.94362600141,1,0.00841184239488,single-instrument relevance
single,lbrent,13,424,terrorism,0.270289409886,2.59014179146,2.59014179146,0.107530709017,6.92561789519,6.92561789519,1,0.00849696299427,single-instrument relevance
single,lbrent,14,423,terrorism,0.270259632358,2.5857890122,2.5857890122,0.107826665679,6.92111148284,6.92111148284,1,0.00851840142409,single-instrument relevance
single,lbrent,15,422,terrorism,0.269695319058,2.57916304879,2.57916304879,0.108278900341,6.90206198434,6.90206198434,1,0.00860963925703,single-instrument relevance
single,lbrent,16,421,terrorism,0.268386596465,2.56046120916,2.56046120916,0.109566614959,6.85112047494,6.85112047494,1,0.00885856989747,single-instrument relevance
single,lbrent,17,420,terrorism,0.271138684577,2.6102182157,2.6102182157,0.106177151097,6.98612565719,6.98612565719,1,0.00821439734855,single-instrument relevance
single,lbrent,18,419,terrorism,0.270426066902,2.56758873028,2.56758873028,0.109073875867,6.87086545992,6.87086545992,1,0.00876122121374,single-instrument relevance
single,lbrent,19,418,terrorism,0.270307022448,2.56516244742,2.56516244742,0.109241335474,6.87599039558,6.87599039558,1,0.00873613321366,single-instrument relevance
single,lbrent,20,417,terrorism,0.269538088255,2.55485686373,2.55485686373,0.109955772413,6.84683641616,6.84683641616,1,0.00887983737226,single-instrument relevance
single,lbrent,21,416,terrorism,0.269957960811,2.55648610128,2.55648610128,0.109842484134,6.85157708441,6.85157708441,1,0.00885630621521,single-instrument relevance
single,lbrent,22,415,terrorism,0.269302425264,2.54834808882,2.54834808882,0.110409640664,6.83001755995,6.83001755995,1,0.00896383839993,single-instrument relevance
single,lbrent,23,414,terrorism,0.269243988179,2.54650321397,2.54650321397,0.110538661484,6.83400473427,6.83400473427,1,0.00894385134836,single-instrument relevance
single,lbrent,24,413,terrorism,0.269176619121,2.54496725827,2.54496725827,0.110646204641,6.83334221494,6.83334221494,1,0.00894716928566,single-instrument relevance
single,lbrent,25,412,terrorism,0.269620915547,2.5644956611,2.5644956611,0.109287405875,6.90309966903,6.90309966903,1,0.00860464359157,single-instrument relevance
single,lbrent,26,411,terrorism,0.270990001028,2.56713061008,2.56713061008,0.109105473247,6.92670457795,6.92670457795,1,0.00849180156776,single-instrument relevance
single,lbrent,27,410,terrorism,0.271264637603,2.56593310988,2.56593310988,0.109188114527,6.92349724091,6.92349724091,1,0.00850704473166,single-instrument relevance
single,lbrent,28,409,terrorism,0.271220503353,2.56602293634,2.56602293634,0.109181913083,6.9232221535,6.9232221535,1,0.00850835341289,single-instrument relevance
single,lbrent,29,408,terrorism,0.272602722793,2.59205017347,2.59205017347,0.107401234493,6.99550350586,6.99550350586,1,0.00817147199981,single-instrument relevance
single,lbrent,30,407,terrorism,0.27714018225,2.65719118267,2.65719118267,0.103082621154,7.1772299612,7.1772299612,1,0.00738346168629,single-instrument relevance
single,lbrent,31,406,terrorism,0.278529703192,2.65908046018,2.65908046018,0.102960241165,7.18721088264,7.18721088264,1,0.00734250238006,single-instrument relevance
single,lbrent,32,405,terrorism,0.278619411026,2.66121568148,2.66121568148,0.102822121255,7.19242893446,7.19242893446,1,0.00732118125804,single-instrument relevance
single,lbrent,33,404,terrorism,0.277904381448,2.65395066285,2.65395066285,0.103292900201,7.17240934915,7.17240934915,1,0.00740332787706,single-instrument relevance
single,lbrent,34,403,terrorism,0.282646283447,2.75187044706,2.75187044706,0.097140729256,7.45328790941,7.45328790941,1,0.00633206780412,single-instrument relevance
single,lbrent,35,402,terrorism,0.294603856803,2.88716583397,2.88716583397,0.0892878696913,7.8373744736,7.8373744736,1,0.00511768838081,single-instrument relevance
single,lbrent,36,401,terrorism,0.300393128003,2.92380755309,2.92380755309,0.0872816871072,7.94152109054,7.94152109054,1,0.00483132071309,single-instrument relevance
single,lbrent,37,400,terrorism,0.301915827338,2.94124289204,2.94124289204,0.0863442705627,7.98870816692,7.98870816692,1,0.00470699884313,single-instrument relevance
single,lbrent,38,399,terrorism,0.301736758671,2.92817441925,2.92817441925,0.0870458713827,7.9533374952,7.9533374952,1,0.00479987796027,single-instrument relevance
single,lbrent,39,398,terrorism,0.301596071462,2.92813766064,2.92813766064,0.0870478535076,7.95300433051,7.95300433051,1,0.00480076162954,single-instrument relevance
single,lbrent,40,397,terrorism,0.301637944474,2.92626481871,2.92626481871,0.087148906984,7.94914358444,7.94914358444,1,0.00481101377411,single-instrument relevance
single,lbrent,41,396,terrorism,0.301500315657,2.92422905794,2.92422905794,0.0872588952304,7.94323071149,7.94323071149,1,0.00482675856181,single-instrument relevance
single,lbrent,42,395,terrorism,0.30106690031,2.9219247253,2.9219247253,0.0873835753137,7.9361786407,7.9361786407,1,0.00484560545993,single-instrument relevance
single,lbrent,43,394,terrorism,0.300814478642,2.9144832882,2.9144832882,0.087787527179,7.91633749722,7.91633749722,1,0.00489903481153,single-instrument relevance
single,lbrent,44,393,terrorism,0.300815470337,2.91450218325,2.91450218325,0.0877864989198,7.91586131902,7.91586131902,1,0.0049003244406,single-instrument relevance
single,lbrent,45,392,terrorism,0.301151654103,2.92198101559,2.92198101559,0.087380527328,7.93634902759,7.93634902759,1,0.00484514921252,single-instrument relevance
single,lbrent,46,391,terrorism,0.301344596138,2.9215852485,2.9215852485,0.0874019596195,7.93418797836,7.93418797836,1,0.00485093912872,single-instrument relevance
single,lbrent,47,390,terrorism,0.300732414125,2.93546675724,2.93546675724,0.086653613304,7.97138748475,7.97138748475,1,0.00475224989768,single-instrument relevance
single,lbrent,48,389,terrorism,0.303928134919,2.96724413952,2.96724413952,0.0849664855473,8.06840937261,8.06840937261,1,0.00450436405398,single-instrument relevance
single,lbrent,0,432,civil_war,0.491832148314,121.415637169,121.415637169,3.09903176912e-28,137.90369261,137.90369261,1,7.64982739085e-32,single-instrument relevance
single,lbrent,1,432,civil_war,0.491832148314,121.415637169,121.415637169,3.09903176912e-28,137.90369261,137.90369261,1,7.64982739085e-32,single-instrument relevance
single,lbrent,2,432,civil_war,0.491832148314,121.415637169,121.415637169,3.09903176912e-28,137.90369261,137.90369261,1,7.64982739085e-32,single-instrument relevance
single,lbrent,3,432,civil_war,0.491832148314,121.415637169,121.415637169,3.09903176912e-28,137.90369261,137.90369261,1,7.64982739085e-32,single-instrument relevance
single,lbrent,4,432,civil_war,0.491832148314,121.415637169,121.415637169,3.09903176912e-28,137.90369261,137.90369261,1,7.64982739085e-32,single-instrument relevance
single,lbrent,5,432,civil_war,0.491832148314,121.415637169,121.415637169,3.09903176912e-28,137.90369261,137.90369261,1,7.64982739085e-32,single-instrument relevance
single,lbrent,6,431,civil_war,0.496339653743,120.906786567,120.906786567,4.00515231567e-28,137.30644328,137.30644328,1,1.03340829507e-31,single-instrument relevance
single,lbrent,7,430,civil_war,0.495128295915,119.848860148,119.848860148,6.82688772222e-28,136.396929385,136.396929385,1,1.63377850809e-31,single-instrument relevance
single,lbrent,8,429,civil_war,0.491420698427,118.441033303,118.441033303,1.38820296275e-27,135.040012204,135.040012204,1,3.23581875285e-31,single-instrument relevance
single,lbrent,9,428,civil_war,0.491774396467,118.909200173,118.909200173,1.09634957158e-27,135.572051187,135.572051187,1,2.47520811257e-31,single-instrument relevance
single,lbrent,10,427,civil_war,0.491394556615,118.244651737,118.244651737,1.53267888849e-27,134.832558416,134.832558416,1,3.59220636161e-31,single-instrument relevance
single,lbrent,11,426,civil_war,0.491703573439,118.608715742,118.608715742,1.275671808e-27,135.27760499,135.27760499,1,2.87088172851e-31,single-instrument relevance
single,lbrent,12,425,civil_war,0.492061173291,117.917859952,117.917859952,1.80719200218e-27,134.515190727,134.515190727,1,4.21484090124e-31,single-instrument relevance
single,lbrent,13,424,civil_war,0.491939607596,117.991515079,117.991515079,1.74131323587e-27,134.597865955,134.597865955,1,4.04293705703e-31,single-instrument relevance
single,lbrent,14,423,civil_war,0.492273814863,118.412542206,118.412542206,1.40828685023e-27,135.110075909,135.110075909,1,3.12362594866e-31,single-instrument relevance
single,lbrent,15,422,civil_war,0.492625983563,117.932627208,117.932627208,1.79378702138e-27,134.588631644,134.588631644,1,4.06178442404e-31,single-instrument relevance
single,lbrent,16,421,civil_war,0.492319540408,117.9052508,117.9052508,1.818717231e-27,134.554606162,134.554606162,1,4.1319925164e-31,single-instrument relevance
single,lbrent,17,420,civil_war,0.493843493933,119.508594957,119.508594957,8.10434425144e-28,136.508498455,136.508498455,1,1.54451178568e-31,single-instrument relevance
single,lbrent,18,419,civil_war,0.497881116703,119.961792923,119.961792923,6.44909058329e-28,137.133683536,137.133683536,1,1.12734225627e-31,single-instrument relevance
single,lbrent,19,418,civil_war,0.514480144128,120.602511711,120.602511711,4.66906518299e-28,138.058967631,138.058967631,1,7.07445764068e-32,single-instrument relevance
single,lbrent,20,417,civil_war,0.517939656666,111.961832384,111.961832384,3.64255518281e-26,128.243408351,128.243408351,1,9.92881378342e-30,single-instrument relevance
single,lbrent,21,416,civil_war,0.483709330021,100.843876658,100.843876658,9.95270177152e-24,115.241158911,115.241158911,1,6.96861443399e-27,single-instrument relevance
single,lbrent,22,415,civil_war,0.487469836373,101.833146876,101.833146876,6.04009524672e-24,116.484136867,116.484136867,1,3.72345576433e-27,single-instrument relevance
single,lbrent,23,414,civil_war,0.486787109835,101.663952387,101.663952387,6.57867177303e-24,116.224549505,116.224549505,1,4.24415606034e-27,single-instrument relevance
single,lbrent,24,413,civil_war,0.486646042174,101.58531226,101.58531226,6.84509666276e-24,116.152245374,116.152245374,1,4.40174506984e-27,single-instrument relevance
single,lbrent,25,412,civil_war,0.486060694573,101.454887593,101.454887593,7.31096443827e-24,115.990328344,115.990328344,1,4.77620138994e-27,single-instrument relevance
single,lbrent,26,411,civil_war,0.485578477398,101.204347519,101.204347519,8.29670312877e-24,115.681971431,115.681971431,1,5.57968853614e-27,single-instrument relevance
single,lbrent,27,410,civil_war,0.485606150332,101.18799474,101.18799474,8.36548143458e-24,115.66745434,115.66745434,1,5.6206831361e-27,single-instrument relevance
single,lbrent,28,409,civil_war,0.485747497097,101.241124879,101.241124879,8.14408014832e-24,115.737696995,115.737696995,1,5.42508392204e-27,single-instrument relevance
single,lbrent,29,408,civil_war,0.485179017549,101.112010288,101.112010288,8.69262209734e-24,115.586886153,115.586886153,1,5.85373500605e-27,single-instrument relevance
single,lbrent,30,407,civil_war,0.485392299023,101.083999605,101.083999605,8.81641998746e-24,115.533206725,115.533206725,1,6.01434852945e-27,single-instrument relevance
single,lbrent,31,406,civil_war,0.485401284743,101.088126299,101.088126299,8.79807121183e-24,115.535214376,115.535214376,1,6.00826286507e-27,single-instrument relevance
single,lbrent,32,405,civil_war,0.485380469466,101.088490524,101.088490524,8.79645357132e-24,115.534188169,115.534188169,1,6.01137277074e-27,single-instrument relevance
single,lbrent,33,404,civil_war,0.486064359825,100.839410155,100.839410155,9.97517022389e-24,115.333791795,115.333791795,1,6.65058559719e-27,single-instrument relevance
single,lbrent,34,403,civil_war,0.496113992551,104.102833312,104.102833312,1.92083345387e-24,119.720271151,119.720271151,1,7.28408282323e-28,single-instrument relevance
single,lbrent,35,402,civil_war,0.503880583691,104.388472337,104.388472337,1.66295268227e-24,120.127339765,120.127339765,1,5.93274626079e-28,single-instrument relevance
single,lbrent,36,401,civil_war,0.504510724831,104.495739521,104.495739521,1.57531779041e-24,120.269372559,120.269372559,1,5.52282464626e-28,single-instrument relevance
single,lbrent,37,400,civil_war,0.504134871504,104.44103896,104.44103896,1.61941394324e-24,120.163549666,120.163549666,1,5.82543681657e-28,single-instrument relevance
single,lbrent,38,399,civil_war,0.504152880856,104.403491438,104.403491438,1.6503948778e-24,120.070834759,120.070834759,1,6.10416424548e-28,single-instrument relevance
single,lbrent,39,398,civil_war,0.504144343751,104.385280186,104.385280186,1.66563400055e-24,120.058060569,120.058060569,1,6.14359848343e-28,single-instrument relevance
single,lbrent,40,397,civil_war,0.504109725303,103.963152436,103.963152436,2.06113875543e-24,119.799608587,119.799608587,1,6.99850736813e-28,single-instrument relevance
single,lbrent,41,396,civil_war,0.496090782721,105.687629754,105.687629754,8.63245850114e-25,122.311621595,122.311621595,1,1.9728502443e-28,single-instrument relevance
single,lbrent,42,395,civil_war,0.49582242832,105.564600527,105.564600527,9.18540488285e-25,122.149726943,122.149726943,1,2.14058355334e-28,single-instrument relevance
single,lbrent,43,394,civil_war,0.495769068577,105.526841214,105.526841214,9.36211374153e-25,122.093809872,122.093809872,1,2.20177169336e-28,single-instrument relevance
single,lbrent,44,393,civil_war,0.495692464533,105.47351745,105.47351745,9.61746883076e-25,122.033345893,122.033345893,1,2.26990530257e-28,single-instrument relevance
single,lbrent,45,392,civil_war,0.495707047266,105.474245207,105.474245207,9.61393730958e-25,122.03162249,122.03162249,1,2.27187791575e-28,single-instrument relevance
single,lbrent,46,391,civil_war,0.495888088013,105.811653662,105.811653662,8.10873264514e-25,122.501418059,122.501418059,1,1.79287055476e-28,single-instrument relevance
single,lbrent,47,390,civil_war,0.49532515672,105.746253008,105.746253008,8.38081750306e-25,122.382875911,122.382875911,1,1.90325493261e-28,single-instrument relevance
single,lbrent,48,389,civil_war,0.495470430653,105.703247868,105.703247868,8.56468830579e-25,122.363946625,122.363946625,1,1.92150035005e-28,single-instrument relevance
single,lbrent,0,432,nuclear_threat,0.547199886989,115.878565884,115.878565884,5.05309436865e-27,131.627161245,131.627161245,1,1.80531675646e-30,single-instrument relevance
single,lbrent,1,432,nuclear_threat,0.547199886989,115.878565884,115.878565884,5.05309436865e-27,131.627161245,131.627161245,1,1.80531675646e-30,single-instrument relevance
single,lbrent,2,432,nuclear_threat,0.547199886989,115.878565884,115.878565884,5.05309436865e-27,131.627161245,131.627161245,1,1.80531675646e-30,single-instrument relevance
single,lbrent,3,432,nuclear_threat,0.547199886989,115.878565884,115.878565884,5.05309436865e-27,131.627161245,131.627161245,1,1.80531675646e-30,single-instrument relevance
single,lbrent,4,432,nuclear_threat,0.547199886989,115.878565884,115.878565884,5.05309436865e-27,131.627161245,131.627161245,1,1.80531675646e-30,single-instrument relevance
single,lbrent,5,432,nuclear_threat,0.547199886989,115.878565884,115.878565884,5.05309436865e-27,131.627161245,131.627161245,1,1.80531675646e-30,single-instrument relevance
single,lbrent,6,431,nuclear_threat,0.546432099242,114.954589693,114.954589693,8.05203753953e-27,130.830946353,130.830946353,1,2.69617105096e-30,single-instrument relevance
single,lbrent,7,430,nuclear_threat,0.544564111957,114.336743877,114.336743877,1.09956263971e-26,130.241559158,130.241559158,1,3.62825009918e-30,single-instrument relevance
single,lbrent,8,429,nuclear_threat,0.543683729706,113.793818094,113.793818094,1.44587587208e-26,129.632657855,129.632657855,1,4.93084036233e-30,single-instrument relevance
single,lbrent,9,428,nuclear_threat,0.543430037171,113.454234944,113.454234944,1.71596562158e-26,129.320104296,129.320104296,1,5.77174949649e-30,single-instrument relevance
single,lbrent,10,427,nuclear_threat,0.543004636749,113.529747052,113.529747052,1.6518450192e-26,129.410969459,129.410969459,1,5.5134838128e-30,single-instrument relevance
single,lbrent,11,426,nuclear_threat,0.54323611066,113.522986031,113.522986031,1.65748706858e-26,129.395273924,129.395273924,1,5.55725457326e-30,single-instrument relevance
single,lbrent,12,425,nuclear_threat,0.543823788853,113.838652005,113.838652005,1.41355058253e-26,129.775097312,129.775097312,1,4.58939756854e-30,single-instrument relevance
single,lbrent,13,424,nuclear_threat,0.544994569507,113.976351608,113.976351608,1.31871874841e-26,129.949169226,129.949169226,1,4.20406761767e-30,single-instrument relevance
single,lbrent,14,423,nuclear_threat,0.546476670847,114.275348173,114.275348173,1.13413971704e-26,130.400611187,130.400611187,1,3.34887090075e-30,single-instrument relevance
single,lbrent,15,422,nuclear_threat,0.547808764764,114.262794831,114.262794831,1.14134236563e-26,130.378516258,130.378516258,1,3.38635520805e-30,single-instrument relevance
single,lbrent,16,421,nuclear_threat,0.548147155167,114.252087554,114.252087554,1.14752194968e-26,130.405355728,130.405355728,1,3.34087600913e-30,single-instrument relevance
single,lbrent,17,420,nuclear_threat,0.548001573788,114.24375983,114.24375983,1.1523513269e-26,130.397592892,130.397592892,1,3.353966898e-30,single-instrument relevance
single,lbrent,18,419,nuclear_threat,0.548346476133,114.224215237,114.224215237,1.16376552971e-26,130.367405183,130.367405183,1,3.40536354904e-30,single-instrument relevance
single,lbrent,19,418,nuclear_threat,0.548353342227,114.158872736,114.158872736,1.20275342447e-26,130.30020888,130.30020888,1,3.52261576317e-30,single-instrument relevance
single,lbrent,20,417,nuclear_threat,0.548353056677,114.108225054,114.108225054,1.23386983924e-26,130.238858633,130.238858633,1,3.63318960757e-30,single-instrument relevance
single,lbrent,21,416,nuclear_threat,0.548077800433,113.868641356,113.868641356,1.39233267515e-26,129.975986549,129.975986549,1,4.14765134207e-30,single-instrument relevance
single,lbrent,22,415,nuclear_threat,0.54814294,113.725732695,113.725732695,1.49638497772e-26,129.848551892,129.848551892,1,4.42266630122e-30,single-instrument relevance
single,lbrent,23,414,nuclear_threat,0.547711112072,113.689151483,113.689151483,1.5242476358e-26,129.801476813,129.801476813,1,4.5288085868e-30,single-instrument relevance
single,lbrent,24,413,nuclear_threat,0.547002916054,113.342815015,113.342815015,1.81515143917e-26,129.422254692,129.422254692,1,5.48222547187e-30,single-instrument relevance
single,lbrent,25,412,nuclear_threat,0.552095778574,114.8291056,114.8291056,8.57802924818e-27,131.264082249,131.264082249,1,2.16763433834e-30,single-instrument relevance
single,lbrent,26,411,nuclear_threat,0.553553177052,114.718423849,114.718423849,9.07042560362e-27,131.231251811,131.231251811,1,2.20378174362e-30,single-instrument relevance
single,lbrent,27,410,nuclear_threat,0.553318334632,114.854204644,114.854204644,8.47014156629e-27,131.394562622,131.394562622,1,2.02973804827e-30,single-instrument relevance
single,lbrent,28,409,nuclear_threat,0.554545003843,114.947964973,114.947964973,8.07898191961e-27,131.497320425,131.497320425,1,1.92734363699e-30,single-instrument relevance
single,lbrent,29,408,nuclear_threat,0.554565255612,114.782944026,114.782944026,8.78005494778e-27,131.33798314,131.33798314,1,2.08842182898e-30,single-instrument relevance
single,lbrent,30,407,nuclear_threat,0.554694580079,114.959864578,114.959864578,8.03064756352e-27,131.568447038,131.568447038,1,1.85950994312e-30,single-instrument relevance
single,lbrent,31,406,nuclear_threat,0.555875818033,114.961413662,114.961413662,8.02437673369e-27,131.557552049,131.557552049,1,1.86974353669e-30,single-instrument relevance
single,lbrent,32,405,nuclear_threat,0.556027522924,114.867740494,114.867740494,8.41252240945e-27,131.453390462,131.453390462,1,1.97047040417e-30,single-instrument relevance
single,lbrent,33,404,nuclear_threat,0.556058942665,114.887131215,114.887131215,8.33066270729e-27,131.470155753,131.470155753,1,1.95389892051e-30,single-instrument relevance
single,lbrent,34,403,nuclear_threat,0.556367077578,114.813289101,114.813289101,8.64672095858e-27,131.387180288,131.387180288,1,2.03730038765e-30,single-instrument relevance
single,lbrent,35,402,nuclear_threat,0.556381361365,114.79490746,114.79490746,8.72724471267e-27,131.365941903,131.365941903,1,2.0592141488e-30,single-instrument relevance
single,lbrent,36,401,nuclear_threat,0.555699801097,114.384800059,114.384800059,1.0732354004e-26,130.897894563,130.897894563,1,2.60675592475e-30,single-instrument relevance
single,lbrent,37,400,nuclear_threat,0.555495947811,114.187775409,114.187775409,1.18534949613e-26,130.687509707,130.687509707,1,2.89820433758e-30,single-instrument relevance
single,lbrent,38,399,nuclear_threat,0.555546871603,114.177721331,114.177721331,1.19137486655e-26,130.682852611,130.682852611,1,2.90501180564e-30,single-instrument relevance
single,lbrent,39,398,nuclear_threat,0.55577271416,114.072235782,114.072235782,1.25646867699e-26,130.564920168,130.564920168,1,3.0828313205e-30,single-instrument relevance
single,lbrent,40,397,nuclear_threat,0.55567081324,113.911703007,113.911703007,1.36242177394e-26,130.41647173,130.41647173,1,3.32221942274e-30,single-instrument relevance
single,lbrent,41,396,nuclear_threat,0.55565162818,113.92434961,113.92434961,1.35376006965e-26,130.447401648,130.447401648,1,3.27085456691e-30,single-instrument relevance
single,lbrent,42,395,nuclear_threat,0.555406666782,113.91687615,113.91687615,1.35887199063e-26,130.441526881,130.441526881,1,3.28054922554e-30,single-instrument relevance
single,lbrent,43,394,nuclear_threat,0.555401636773,113.894288958,113.894288958,1.37443950097e-26,130.405887792,130.405887792,1,3.33998063407e-30,single-instrument relevance
single,lbrent,44,393,nuclear_threat,0.555335524229,113.785649338,113.785649338,1.45184468613e-26,130.29654847,130.29654847,1,3.5291176124e-30,single-instrument relevance
single,lbrent,45,392,nuclear_threat,0.555555651751,113.665594187,113.665594187,1.54246448143e-26,130.208811184,130.208811184,1,3.68860496227e-30,single-instrument relevance
single,lbrent,46,391,nuclear_threat,0.555475575743,113.425144531,113.425144531,1.74132658143e-26,130.006312192,130.006312192,1,4.08476620891e-30,single-instrument relevance
single,lbrent,47,390,nuclear_threat,0.555273264278,113.552210492,113.552210492,1.633236918e-26,130.195903627,130.195903627,1,3.71266868408e-30,single-instrument relevance
single,lbrent,48,389,nuclear_threat,0.558148894866,111.529102271,111.529102271,4.53104909199e-26,128.07674057,128.07674057,1,1.07985877779e-29,single-instrument relevance
single,lbrent,0,432,coup,0.352601455446,7.65667585522,7.65667585522,0.00565626251723,14.9141529511,14.9141529511,1,0.000112515696788,single-instrument relevance
single,lbrent,1,432,coup,0.352601455446,7.65667585522,7.65667585522,0.00565626251723,14.9141529511,14.9141529511,1,0.000112515696788,single-instrument relevance
single,lbrent,2,432,coup,0.352601455446,7.65667585522,7.65667585522,0.00565626251723,14.9141529511,14.9141529511,1,0.000112515696788,single-instrument relevance
single,lbrent,3,432,coup,0.352601455446,7.65667585522,7.65667585522,0.00565626251723,14.9141529511,14.9141529511,1,0.000112515696788,single-instrument relevance
single,lbrent,4,432,coup,0.352601455446,7.65667585522,7.65667585522,0.00565626251723,14.9141529511,14.9141529511,1,0.000112515696788,single-instrument relevance
single,lbrent,5,432,coup,0.352601455446,7.65667585522,7.65667585522,0.00565626251723,14.9141529511,14.9141529511,1,0.000112515696788,single-instrument relevance
single,lbrent,6,431,coup,0.35771230932,7.38076097567,7.38076097567,0.00659252696939,14.5332966846,14.5332966846,1,0.000137704078903,single-instrument relevance
single,lbrent,7,430,coup,0.363628308857,6.10460004051,6.10460004051,0.0134830461022,12.8748174324,12.8748174324,1,0.000333033212962,single-instrument relevance
single,lbrent,8,429,coup,0.343199081987,5.36708155689,5.36708155689,0.0205202835047,11.7684194433,11.7684194433,1,0.000602441104918,single-instrument relevance
single,lbrent,9,428,coup,0.343045799616,5.36486789563,5.36486789563,0.0205463444608,11.763207349,11.763207349,1,0.000604130369151,single-instrument relevance
single,lbrent,10,427,coup,0.343084263905,5.36502747723,5.36502747723,0.0205444645963,11.7638526008,11.7638526008,1,0.000603920980848,single-instrument relevance
single,lbrent,11,426,coup,0.342967676535,5.36481904926,5.36481904926,0.0205469199046,11.762322551,11.762322551,1,0.000604417610888,single-instrument relevance
single,lbrent,12,425,coup,0.340240684502,5.29084572481,5.29084572481,0.0214378066273,11.6243503574,11.6243503574,1,0.00065093972011,single-instrument relevance
single,lbrent,13,424,coup,0.340943772503,5.30241754959,5.30241754959,0.0212958472837,11.6460241815,11.6460241815,1,0.000643399003049,single-instrument relevance
single,lbrent,14,423,coup,0.340757245691,5.2846286518,5.2846286518,0.0215144798682,11.6107643199,11.6107643199,1,0.000655712000321,single-instrument relevance
single,lbrent,15,422,coup,0.340155534214,5.2845987866,5.2845987866,0.0215148488709,11.6085563085,11.6085563085,1,0.000656490925871,single-instrument relevance
single,lbrent,16,421,coup,0.341285392281,5.29957842417,5.29957842417,0.021330586402,11.6472488998,11.6472488998,1,0.000642975544378,single-instrument relevance
single,lbrent,17,420,coup,0.341362765633,5.30212404359,5.30212404359,0.0212994358637,11.6552472007,11.6552472007,1,0.000640216964545,single-instrument relevance
single,lbrent,18,419,coup,0.341357013442,5.30197250319,5.30197250319,0.0213012889322,11.6545147234,11.6545147234,1,0.000640469094844,single-instrument relevance
single,lbrent,19,418,coup,0.343562688596,5.18136429723,5.18136429723,0.0228303908003,11.4732896636,11.4732896636,1,0.000706035934326,single-instrument relevance
single,lbrent,20,417,coup,0.348347993245,4.51875952954,4.51875952954,0.0335251302752,10.5524208251,10.5524208251,1,0.00116036013008,single-instrument relevance
single,lbrent,21,416,coup,0.329534988906,4.02060733378,4.02060733378,0.0449475249038,9.69719592254,9.69719592254,1,0.001845494103,single-instrument relevance
single,lbrent,22,415,coup,0.330109985802,4.03590006001,4.03590006001,0.0445419097469,9.73781694024,9.73781694024,1,0.00180515158746,single-instrument relevance
single,lbrent,23,414,coup,0.329703407639,4.03020923529,4.03020923529,0.0446923977152,9.72326569551,9.72326569551,1,0.00181949930093,single-instrument relevance
single,lbrent,24,413,coup,0.33086320715,4.05441148342,4.05441148342,0.0440560729096,9.78680142294,9.78680142294,1,0.00175768945694,single-instrument relevance
single,lbrent,25,412,coup,0.330616326926,4.04699311042,4.04699311042,0.0442500967776,9.78051976393,9.78051976393,1,0.0017637045043,single-instrument relevance
single,lbrent,26,411,coup,0.330442022766,4.04664622795,4.04664622795,0.0442591912972,9.77926387905,9.77926387905,1,0.00176490958562,single-instrument relevance
single,lbrent,27,410,coup,0.330798783909,4.049538565,4.049538565,0.0441834205227,9.78697354946,9.78697354946,1,0.00175752492889,single-instrument relevance
single,lbrent,28,409,coup,0.330947015172,4.0522308328,4.0522308328,0.0441130136587,9.79273633435,9.79273633435,1,0.00175202553861,single-instrument relevance
single,lbrent,29,408,coup,0.331496931237,4.05822577251,4.05822577251,0.0439566607857,9.80848455163,9.80848455163,1,0.00173708587671,single-instrument relevance
single,lbrent,30,407,coup,0.332476401982,4.07884728924,4.07884728924,0.0434232727172,9.85972338959,9.85972338959,1,0.00168936503926,single-instrument relevance
single,lbrent,31,406,coup,0.332713308916,4.07820387771,4.07820387771,0.0434398116215,9.85919671044,9.85919671044,1,0.00168984873814,single-instrument relevance
single,lbrent,32,405,coup,0.332704809689,4.07885706234,4.07885706234,0.0434230215507,9.86058368253,9.86058368253,1,0.00168857525322,single-instrument relevance
single,lbrent,33,404,coup,0.33262116503,4.07642963683,4.07642963683,0.0434854528538,9.85469653097,9.85469653097,1,0.00169398740098,single-instrument relevance
single,lbrent,34,403,coup,0.332535759638,4.07516790476,4.07516790476,0.0435179408104,9.85134387198,9.85134387198,1,0.00169707740236,single-instrument relevance
single,lbrent,35,402,coup,0.333264682063,4.05339558443,4.05339558443,0.0440825902478,9.80989562997,9.80989562997,1,0.00173575356433,single-instrument relevance
single,lbrent,36,401,coup,0.333510735915,3.95140972245,3.95140972245,0.0468321194226,9.66739504209,9.66739504209,1,0.00187567076656,single-instrument relevance
single,lbrent,37,400,coup,0.328529592448,3.84518486056,3.84518486056,0.0498890218298,9.46236458747,9.46236458747,1,0.00209730537285,single-instrument relevance
single,lbrent,38,399,coup,0.33064552484,3.76419396231,3.76419396231,0.0523610891398,9.31610643488,9.31610643488,1,0.00227148169702,single-instrument relevance
single,lbrent,39,398,coup,0.321126483415,3.58700691652,3.58700691652,0.0582330376832,9.02705426832,9.02705426832,1,0.00266012808256,single-instrument relevance
single,lbrent,40,397,coup,0.321456227388,3.58711314715,3.58711314715,0.058229314878,9.02896171904,9.02896171904,1,0.00265735373786,single-instrument relevance
single,lbrent,41,396,coup,0.321942394026,3.59576624131,3.59576624131,0.0579269184954,9.04957507128,9.04957507128,1,0.00262755881432,single-instrument relevance
single,lbrent,42,395,coup,0.321707560138,3.58688689252,3.58688689252,0.0582372441751,9.02680482367,9.02680482367,1,0.00266049111161,single-instrument relevance
single,lbrent,43,394,coup,0.321684175321,3.58690942879,3.58690942879,0.0582364543197,9.02663823725,9.02663823725,1,0.00266073358103,single-instrument relevance
single,lbrent,44,393,coup,0.321316924192,3.58634878221,3.58634878221,0.0582561073442,9.02336577842,9.02336577842,1,0.00266550125312,single-instrument relevance
single,lbrent,45,392,coup,0.322030315317,3.594520171,3.594520171,0.0579703614246,9.05103518867,9.05103518867,1,0.00262546123953,single-instrument relevance
single,lbrent,46,391,coup,0.322212159451,3.59506573662,3.59506573662,0.0579513365962,9.05213574995,9.05213574995,1,0.00262388131929,single-instrument relevance
single,lbrent,47,390,coup,0.322093399065,3.59281468368,3.59281468368,0.0580298775536,9.04744596297,9.04744596297,1,0.00263062049718,single-instrument relevance
single,lbrent,48,389,coup,0.322159712316,3.59461807791,3.59461807791,0.0579669467507,9.05202407953,9.05202407953,1,0.00262404158472,single-instrument relevance
single,lbrent,0,432,sanctions,0.214547816979,3.43570771926,3.43570771926,0.0638012446035,8.13752217446,8.13752217446,1,0.0043358493385,single-instrument relevance
single,lbrent,1,432,sanctions,0.214547816979,3.43570771926,3.43570771926,0.0638012446035,8.13752217446,8.13752217446,1,0.0043358493385,single-instrument relevance
single,lbrent,2,432,sanctions,0.214547816979,3.43570771926,3.43570771926,0.0638012446035,8.13752217446,8.13752217446,1,0.0043358493385,single-instrument relevance
single,lbrent,3,432,sanctions,0.214547816979,3.43570771926,3.43570771926,0.0638012446035,8.13752217446,8.13752217446,1,0.0043358493385,single-instrument relevance
single,lbrent,4,432,sanctions,0.214547816979,3.43570771926,3.43570771926,0.0638012446035,8.13752217446,8.13752217446,1,0.0043358493385,single-instrument relevance
single,lbrent,5,432,sanctions,0.214547816979,3.43570771926,3.43570771926,0.0638012446035,8.13752217446,8.13752217446,1,0.0043358493385,single-instrument relevance
single,lbrent,6,431,sanctions,0.214283976777,3.42867625336,3.42867625336,0.0640734392284,8.12090829819,8.12090829819,1,0.00437576301006,single-instrument relevance
single,lbrent,7,430,sanctions,0.213679926699,3.37476040297,3.37476040297,0.0662022050691,8.06525211947,8.06525211947,1,0.00451221962964,single-instrument relevance
single,lbrent,8,429,sanctions,0.212951444419,3.35077606119,3.35077606119,0.0671733373693,8.00696287012,8.00696287012,1,0.00465978246755,single-instrument relevance
single,lbrent,9,428,sanctions,0.212609093329,3.31099465045,3.31099465045,0.0688178273523,7.92881672042,7.92881672042,1,0.00486536043712,single-instrument relevance
single,lbrent,10,427,sanctions,0.209318648122,3.05116394775,3.05116394775,0.0806793031083,7.59003725472,7.59003725472,1,0.00586917365018,single-instrument relevance
single,lbrent,11,426,sanctions,0.205640831523,2.94241758866,2.94241758866,0.0862815056868,7.37505150042,7.37505150042,1,0.00661348970257,single-instrument relevance
single,lbrent,12,425,sanctions,0.204359267062,2.86352035048,2.86352035048,0.0906090004838,7.29747210159,7.29747210159,1,0.0069051694152,single-instrument relevance
single,lbrent,13,424,sanctions,0.20515219906,2.80527181796,2.80527181796,0.0939549193589,7.18916935387,7.18916935387,1,0.00733449257668,single-instrument relevance
single,lbrent,14,423,sanctions,0.203399534443,2.71622620598,2.71622620598,0.099332613188,7.01500044345,7.01500044345,1,0.00808296130216,single-instrument relevance
single,lbrent,15,422,sanctions,0.232057106209,2.57976808448,2.57976808448,0.108237519209,7.13569908807,7.13569908807,1,0.00755641774505,single-instrument relevance
single,lbrent,16,421,sanctions,0.355889749269,6.37850833676,6.37850833676,0.0115510473301,13.2649352094,13.2649352094,1,0.000270416803765,single-instrument relevance
single,lbrent,17,420,sanctions,0.347074645499,4.56255513154,4.56255513154,0.0326782856173,10.5651005098,10.5651005098,1,0.00115242768297,single-instrument relevance
single,lbrent,18,419,sanctions,0.343225870165,4.49554885559,4.49554885559,0.0339832029543,10.4226989925,10.4226989925,1,0.00124475847557,single-instrument relevance
single,lbrent,19,418,sanctions,0.341506282159,4.44764764468,4.44764764468,0.0349493573341,10.3137746853,10.3137746853,1,0.001320409344,single-instrument relevance
single,lbrent,20,417,sanctions,0.336657073067,4.34262171021,4.34262171021,0.0371696463701,10.118140999,10.118140999,1,0.00146817009689,single-instrument relevance
single,lbrent,21,416,sanctions,0.335677125691,4.32504071138,4.32504071138,0.0375555158157,10.0767029807,10.0767029807,1,0.00150155775827,single-instrument relevance
single,lbrent,22,415,sanctions,0.335614026747,4.31989218654,4.31989218654,0.037669308828,10.0685801242,10.0685801242,1,0.00150819215136,single-instrument relevance
single,lbrent,23,414,sanctions,0.334509225101,4.26329965594,4.26329965594,0.0389442059934,9.99551906268,9.99551906268,1,0.00156921591654,single-instrument relevance
single,lbrent,24,413,sanctions,0.331244469181,4.20031320478,4.20031320478,0.0404165139334,9.88256454688,9.88256454688,1,0.00166852225849,single-instrument relevance
single,lbrent,25,412,sanctions,0.331321818025,4.19922457311,4.19922457311,0.0404424682809,9.88008126096,9.88008126096,1,0.00167077560134,single-instrument relevance
single,lbrent,26,411,sanctions,0.330987334603,4.19144440596,4.19144440596,0.0406284673794,9.86526232395,9.86526232395,1,0.00168428660317,single-instrument relevance
single,lbrent,27,410,sanctions,0.330578193729,4.17379823852,4.17379823852,0.0410536679432,9.84229201076,9.84229201076,1,0.00170544866769,single-instrument relevance
single,lbrent,28,409,sanctions,0.329603671771,4.15600001245,4.15600001245,0.0414872692239,9.80332570206,9.80332570206,1,0.00174196558648,single-instrument relevance
single,lbrent,29,408,sanctions,0.329786427449,4.161737044,4.161737044,0.0413469803826,9.82444603176,9.82444603176,1,0.00172207559894,single-instrument relevance
single,lbrent,30,407,sanctions,0.329601101403,4.1344910289,4.1344910289,0.0420177011599,9.79131948166,9.79131948166,1,0.00175337601381,single-instrument relevance
single,lbrent,31,406,sanctions,0.327663394791,4.09873934245,4.09873934245,0.0429152011418,9.72513657888,9.72513657888,1,0.00181764813058,single-instrument relevance
single,lbrent,32,405,sanctions,0.32810954411,4.10945260458,4.10945260458,0.0426441627633,9.7536281891,9.7536281891,1,0.0017896914322,single-instrument relevance
single,lbrent,33,404,sanctions,0.329801397524,4.1322160208,4.1322160208,0.0420742202892,9.81096020417,9.81096020417,1,0.00173474909963,single-instrument relevance
single,lbrent,34,403,sanctions,0.329926933645,4.13915570344,4.13915570344,0.0419020637627,9.85786954188,9.85786954188,1,0.00169106822393,single-instrument relevance
single,lbrent,35,402,sanctions,0.329950618421,4.13302126194,4.13302126194,0.0420542061635,9.84263268582,9.84263268582,1,0.00170513285108,single-instrument relevance
single,lbrent,36,401,sanctions,0.329855453822,4.13326055039,4.13326055039,0.0420482606201,9.8565690171,9.8565690171,1,0.00169226409271,single-instrument relevance
single,lbrent,37,400,sanctions,0.329075285247,4.11818229567,4.11818229567,0.0424246383131,9.82077715083,9.82077715083,1,0.00172551416417,single-instrument relevance
single,lbrent,38,399,sanctions,0.329058953625,4.11819802226,4.11819802226,0.0424242439122,9.81986337552,9.81986337552,1,0.00172637165842,single-instrument relevance
single,lbrent,39,398,sanctions,0.328470700252,4.10754560505,4.10754560505,0.0426922765828,9.79410600019,9.79410600019,1,0.00175072104157,single-instrument relevance
single,lbrent,40,397,sanctions,0.328493392827,4.11030802548,4.11030802548,0.0426225989199,9.81831900327,9.81831900327,1,0.00172782189167,single-instrument relevance
single,lbrent,41,396,sanctions,0.328463373953,4.10904011417,4.10904011417,0.04265456511,9.81494927835,9.81494927835,1,0.00173099049779,single-instrument relevance
single,lbrent,42,395,sanctions,0.328258635016,4.10390814446,4.10390814446,0.0427842084691,9.81891493178,9.81891493178,1,0.00172726214247,single-instrument relevance
single,lbrent,43,394,sanctions,0.32811541155,4.10117873408,4.10117873408,0.0428533272992,9.81444862808,9.81444862808,1,0.00173146176936,single-instrument relevance
single,lbrent,44,393,sanctions,0.327791623736,4.09239782804,4.09239782804,0.0430764901727,9.81080247082,9.81080247082,1,0.00173489788964,single-instrument relevance
single,lbrent,45,392,sanctions,0.327351892943,4.08417946157,4.08417946157,0.0432864637775,9.7919595915,9.7919595915,1,0.00175276576161,single-instrument relevance
single,lbrent,46,391,sanctions,0.327819233092,4.0976013547,4.0976013547,0.0429440977104,9.84146852979,9.84146852979,1,0.00170621230555,single-instrument relevance
single,lbrent,47,390,sanctions,0.328268612391,4.02473111312,4.02473111312,0.0448377667157,9.73632126243,9.73632126243,1,0.00180662104252,single-instrument relevance
single,lbrent,48,389,sanctions,0.32492651449,3.9563746933,3.9563746933,0.0466941643224,9.60941384822,9.60941384822,1,0.00193582422051,single-instrument relevance
single,lbrent,0,432,other,0.766468491594,370.628598406,370.628598406,1.36561745429e-82,412.305075668,412.305075668,1,1.1544472358e-91,single-instrument relevance
single,lbrent,1,432,other,0.766468491594,370.628598406,370.628598406,1.36561745429e-82,412.305075668,412.305075668,1,1.1544472358e-91,single-instrument relevance
single,lbrent,2,432,other,0.766468491594,370.628598406,370.628598406,1.36561745429e-82,412.305075668,412.305075668,1,1.1544472358e-91,single-instrument relevance
single,lbrent,3,432,other,0.766468491594,370.628598406,370.628598406,1.36561745429e-82,412.305075668,412.305075668,1,1.1544472358e-91,single-instrument relevance
single,lbrent,4,432,other,0.766468491594,370.628598406,370.628598406,1.36561745429e-82,412.305075668,412.305075668,1,1.1544472358e-91,single-instrument relevance
single,lbrent,5,432,other,0.766468491594,370.628598406,370.628598406,1.36561745429e-82,412.305075668,412.305075668,1,1.1544472358e-91,single-instrument relevance
single,lbrent,6,431,other,0.763858173438,365.119901164,365.119901164,2.16153232088e-81,406.487984509,406.487984509,1,2.13113015797e-90,single-instrument relevance
single,lbrent,7,430,other,0.764133921785,361.075919111,361.075919111,1.64174849617e-80,402.343095656,402.343095656,1,1.70167202913e-89,single-instrument relevance
single,lbrent,8,429,other,0.763647274883,360.523492718,360.523492718,2.16568432844e-80,401.731834178,401.731834178,1,2.31173545599e-89,single-instrument relevance
single,lbrent,9,428,other,0.764367298785,359.063712819,359.063712819,4.50254982143e-80,400.188203147,400.188203147,1,5.01147095176e-89,single-instrument relevance
single,lbrent,10,427,other,0.765631093345,343.969770036,343.969770036,8.71645399275e-77,384.901662653,384.901662653,1,1.06612958654e-85,single-instrument relevance
single,lbrent,11,426,other,0.763741173296,332.303428054,332.303428054,3.02763040537e-74,372.434398174,372.434398174,1,5.52274255421e-83,single-instrument relevance
single,lbrent,12,425,other,0.763637221588,330.927971403,330.927971403,6.03496554635e-74,371.031643796,371.031643796,1,1.11576853242e-82,single-instrument relevance
single,lbrent,13,424,other,0.764664257709,319.151320172,319.151320172,2.21698541685e-71,359.07459116,359.07459116,1,4.47805870423e-80,single-instrument relevance
single,lbrent,14,423,other,0.763908697415,314.038446205,314.038446205,2.88067597982e-70,353.550506347,353.550506347,1,7.14459353416e-79,single-instrument relevance
single,lbrent,15,422,other,0.764245209609,312.044104567,312.044104567,7.83312241764e-70,351.497038292,351.497038292,1,2.00050789194e-78,single-instrument relevance
single,lbrent,16,421,other,0.763809849813,310.138072315,310.138072315,2.03772976324e-69,349.371324698,349.371324698,1,5.80821795633e-78,single-instrument relevance
single,lbrent,17,420,other,0.763319970806,308.151953173,308.151953173,5.51839872811e-69,347.261201698,347.261201698,1,1.67324039933e-77,single-instrument relevance
single,lbrent,18,419,other,0.76331814301,308.06334745,308.06334745,5.76920024928e-69,347.189321025,347.189321025,1,1.73464947439e-77,single-instrument relevance
single,lbrent,19,418,other,0.763439720182,307.181395753,307.181395753,8.97940517369e-69,346.339106368,346.339106368,1,2.65682458698e-77,single-instrument relevance
single,lbrent,20,417,other,0.763120841818,306.856969762,306.856969762,1.05663201405e-68,345.973866065,345.973866065,1,3.19081495953e-77,single-instrument relevance
single,lbrent,21,416,other,0.763095588956,306.921838195,306.921838195,1.02280338978e-68,346.101687447,346.101687447,1,2.99271806468e-77,single-instrument relevance
single,lbrent,22,415,other,0.763067584826,305.625468426,305.625468426,1.9597852978e-68,344.795379892,344.795379892,1,5.76160312174e-77,single-instrument relevance
single,lbrent,23,414,other,0.762054210187,301.187268006,301.187268006,1.81596442042e-67,340.144139384,340.144139384,1,5.93580503172e-76,single-instrument relevance
single,lbrent,24,413,other,0.762533344256,300.853902328,300.853902328,2.14652366372e-67,339.770780323,339.770780323,1,7.15798225322e-76,single-instrument relevance
single,lbrent,25,412,other,0.762692828098,293.873993972,293.873993972,7.11978773069e-66,332.497049094,332.497049094,1,2.74746928664e-74,single-instrument relevance
single,lbrent,26,411,other,0.762118408898,291.470569785,291.470569785,2.37758042565e-65,329.861504499,329.861504499,1,1.03027196341e-73,single-instrument relevance
single,lbrent,27,410,other,0.762375724077,289.765910223,289.765910223,5.59193903932e-65,328.131208072,328.131208072,1,2.45367018756e-73,single-instrument relevance
single,lbrent,28,409,other,0.762190380678,289.554217435,289.554217435,6.21854174201e-65,327.890515701,327.890515701,1,2.76847275985e-73,single-instrument relevance
single,lbrent,29,408,other,0.762283522619,289.475952182,289.475952182,6.46758195586e-65,327.861520046,327.861520046,1,2.80902541989e-73,single-instrument relevance
single,lbrent,30,407,other,0.763647661494,285.475950844,285.475950844,4.81207083597e-64,323.704599916,323.704599916,1,2.25929759384e-72,single-instrument relevance
single,lbrent,31,406,other,0.762402816521,279.731244082,279.731244082,8.59335607214e-63,317.389476794,317.389476794,1,5.36459435175e-71,single-instrument relevance
single,lbrent,32,405,other,0.761982996899,275.797312233,275.797312233,6.1866987784e-62,313.28784643,313.28784643,1,4.19760391352e-70,single-instrument relevance
single,lbrent,33,404,other,0.761692808234,275.450877829,275.450877829,7.36134607147e-62,312.884853463,312.884853463,1,5.13792799065e-70,single-instrument relevance
single,lbrent,34,403,other,0.762300139771,275.237270901,275.237270901,8.19423938619e-62,312.640958113,312.640958113,1,5.80654081416e-70,single-instrument relevance
single,lbrent,35,402,other,0.761292108877,271.234353338,271.234353338,6.10786675659e-61,308.398857794,308.398857794,1,4.8755724245e-69,single-instrument relevance
single,lbrent,36,401,other,0.76327326723,266.908854232,266.908854232,5.3533437155e-60,303.947809662,303.947809662,1,4.54668651439e-68,single-instrument relevance
single,lbrent,37,400,other,0.761752476394,263.991771615,263.991771615,2.31435627498e-59,300.649409665,300.649409665,1,2.37841359731e-67,single-instrument relevance
single,lbrent,38,399,other,0.76186952958,263.619916646,263.619916646,2.7892105834e-59,300.258823204,300.258823204,1,2.89322754706e-67,single-instrument relevance
single,lbrent,39,398,other,0.761751756192,262.130531244,262.130531244,5.89004148106e-59,298.744031828,298.744031828,1,6.18595013915e-67,single-instrument relevance
single,lbrent,40,397,other,0.761948353698,261.468695417,261.468695417,8.2106778971e-59,298.124522017,298.124522017,1,8.44071154233e-67,single-instrument relevance
single,lbrent,41,396,other,0.762146178545,260.911226747,260.911226747,1.08615494234e-58,297.515647616,297.515647616,1,1.14560649299e-66,single-instrument relevance
single,lbrent,42,395,other,0.763377710168,255.407402798,255.407402798,1.7203880496e-57,291.834924875,291.834924875,1,1.98037331691e-65,single-instrument relevance
single,lbrent,43,394,other,0.763462304644,248.79550712,248.79550712,4.75370772833e-56,284.857285223,284.857285223,1,6.56358925501e-64,single-instrument relevance
single,lbrent,44,393,other,0.763452542656,241.776549967,241.776549967,1.61192252044e-54,277.566664985,277.566664985,1,2.54606874301e-62,single-instrument relevance
single,lbrent,45,392,other,0.764276066556,241.145639898,241.145639898,2.2126224757e-54,276.92975334,276.92975334,1,3.50484681116e-62,single-instrument relevance
single,lbrent,46,391,other,0.766840849568,233.781082755,233.781082755,8.92853146308e-53,269.376034901,269.376034901,1,1.55203066559e-60,single-instrument relevance
single,lbrent,47,390,other,0.765577803658,233.086869964,233.086869964,1.265222147e-52,268.580113843,268.580113843,1,2.3140365787e-60,single-instrument relevance
single,lbrent,48,389,other,0.766847789579,231.352050621,231.352050621,3.0233370596e-52,266.820582355,266.820582355,1,5.59582882623e-60,single-instrument relevance
joint,lbrent,0,432,military_conflict,0.394303063392,34.7996721071,104.399016321,1.75967180934e-22,119.885469183,39.9618230609,3,8.1677564145e-26,joint excluded-instrument relevance; not conditional strength
joint,lbrent,0,432,diplomatic_tension,0.765019946645,136.315714131,408.947142393,2.55321918145e-88,458.901610131,152.967203377,3,3.84171061972e-99,joint excluded-instrument relevance; not conditional strength
joint,lbrent,0,432,nuclear_threat,0.546416364107,42.0373530266,126.11205908,3.72251412691e-27,143.097472549,47.6991575163,3,8.11967145323e-31,joint excluded-instrument relevance; not conditional strength
joint,lbrent,1,432,military_conflict,0.394303063392,34.7996721071,104.399016321,1.75967180934e-22,119.885469183,39.9618230609,3,8.1677564145e-26,joint excluded-instrument relevance; not conditional strength
joint,lbrent,1,432,diplomatic_tension,0.765019946645,136.315714131,408.947142393,2.55321918145e-88,458.901610131,152.967203377,3,3.84171061972e-99,joint excluded-instrument relevance; not conditional strength
joint,lbrent,1,432,nuclear_threat,0.546416364107,42.0373530266,126.11205908,3.72251412691e-27,143.097472549,47.6991575163,3,8.11967145323e-31,joint excluded-instrument relevance; not conditional strength
joint,lbrent,2,432,military_conflict,0.394303063392,34.7996721071,104.399016321,1.75967180934e-22,119.885469183,39.9618230609,3,8.1677564145e-26,joint excluded-instrument relevance; not conditional strength
joint,lbrent,2,432,diplomatic_tension,0.765019946645,136.315714131,408.947142393,2.55321918145e-88,458.901610131,152.967203377,3,3.84171061972e-99,joint excluded-instrument relevance; not conditional strength
joint,lbrent,2,432,nuclear_threat,0.546416364107,42.0373530266,126.11205908,3.72251412691e-27,143.097472549,47.6991575163,3,8.11967145323e-31,joint excluded-instrument relevance; not conditional strength
joint,lbrent,3,432,military_conflict,0.394303063392,34.7996721071,104.399016321,1.75967180934e-22,119.885469183,39.9618230609,3,8.1677564145e-26,joint excluded-instrument relevance; not conditional strength
joint,lbrent,3,432,diplomatic_tension,0.765019946645,136.315714131,408.947142393,2.55321918145e-88,458.901610131,152.967203377,3,3.84171061972e-99,joint excluded-instrument relevance; not conditional strength
joint,lbrent,3,432,nuclear_threat,0.546416364107,42.0373530266,126.11205908,3.72251412691e-27,143.097472549,47.6991575163,3,8.11967145323e-31,joint excluded-instrument relevance; not conditional strength
joint,lbrent,4,432,military_conflict,0.394303063392,34.7996721071,104.399016321,1.75967180934e-22,119.885469183,39.9618230609,3,8.1677564145e-26,joint excluded-instrument relevance; not conditional strength
joint,lbrent,4,432,diplomatic_tension,0.765019946645,136.315714131,408.947142393,2.55321918145e-88,458.901610131,152.967203377,3,3.84171061972e-99,joint excluded-instrument relevance; not conditional strength
joint,lbrent,4,432,nuclear_threat,0.546416364107,42.0373530266,126.11205908,3.72251412691e-27,143.097472549,47.6991575163,3,8.11967145323e-31,joint excluded-instrument relevance; not conditional strength
joint,lbrent,5,432,military_conflict,0.394303063392,34.7996721071,104.399016321,1.75967180934e-22,119.885469183,39.9618230609,3,8.1677564145e-26,joint excluded-instrument relevance; not conditional strength
joint,lbrent,5,432,diplomatic_tension,0.765019946645,136.315714131,408.947142393,2.55321918145e-88,458.901610131,152.967203377,3,3.84171061972e-99,joint excluded-instrument relevance; not conditional strength
joint,lbrent,5,432,nuclear_threat,0.546416364107,42.0373530266,126.11205908,3.72251412691e-27,143.097472549,47.6991575163,3,8.11967145323e-31,joint excluded-instrument relevance; not conditional strength
joint,lbrent,6,431,military_conflict,0.381143875766,33.1996469263,99.598940779,1.89552193839e-21,112.551039166,37.5170130552,3,3.09938612066e-24,joint excluded-instrument relevance; not conditional strength
joint,lbrent,6,431,diplomatic_tension,0.760771525493,141.122660451,423.367981352,1.91925290763e-91,466.446167673,155.482055891,3,8.90780207258e-101,joint excluded-instrument relevance; not conditional strength
joint,lbrent,6,431,nuclear_threat,0.545122969595,42.209333296,126.627999888,2.88186802037e-27,143.969664948,47.9898883159,3,5.26557479425e-31,joint excluded-instrument relevance; not conditional strength
joint,lbrent,7,430,military_conflict,0.381060541802,33.5965749102,100.789724731,1.05119696488e-21,113.888060186,37.9626867288,3,1.59759046026e-24,joint excluded-instrument relevance; not conditional strength
joint,lbrent,7,430,diplomatic_tension,0.770312728219,144.964984431,434.894953294,6.10784815147e-94,478.970888092,159.656962697,3,1.72104282331e-103,joint excluded-instrument relevance; not conditional strength
joint,lbrent,7,430,nuclear_threat,0.54533461603,43.0645685658,129.193705697,8.06914256732e-28,146.708249813,48.9027499377,3,1.35146943681e-31,joint excluded-instrument relevance; not conditional strength
joint,lbrent,8,429,military_conflict,0.382530777819,34.0128872425,102.038661728,5.66374744877e-22,115.384666592,38.4615555308,3,7.60796043088e-25,joint excluded-instrument relevance; not conditional strength
joint,lbrent,8,429,diplomatic_tension,0.768738366747,141.287141431,423.861424293,1.50049374632e-91,468.08059437,156.02686479,3,3.94108347844e-101,joint excluded-instrument relevance; not conditional strength
joint,lbrent,8,429,nuclear_threat,0.544519097875,43.3667259411,130.100177823,5.14617840389e-28,147.671985374,49.2239951247,3,8.37406953589e-32,joint excluded-instrument relevance; not conditional strength
joint,lbrent,9,428,military_conflict,0.380962549288,33.7235635257,101.170690577,8.70486179785e-22,114.431827415,38.1439424718,3,1.22012566444e-24,joint excluded-instrument relevance; not conditional strength
joint,lbrent,9,428,diplomatic_tension,0.768756095824,141.025399263,423.076197788,2.21995002003e-91,467.26739835,155.75579945,3,5.91320496455e-101,joint excluded-instrument relevance; not conditional strength
joint,lbrent,9,428,nuclear_threat,0.543835909681,43.3950863116,130.185258935,4.93343643489e-28,147.822775145,49.2742583818,3,7.76983252698e-32,joint excluded-instrument relevance; not conditional strength
joint,lbrent,10,427,military_conflict,0.379615270563,33.2235102173,99.6705306518,1.82951618429e-21,112.784862649,37.5949542162,3,2.76022457505e-24,joint excluded-instrument relevance; not conditional strength
joint,lbrent,10,427,diplomatic_tension,0.768720124515,141.021366065,423.064098195,2.23338918596e-91,467.531459286,155.843819762,3,5.18328377937e-101,joint excluded-instrument relevance; not conditional strength
joint,lbrent,10,427,nuclear_threat,0.543564808546,43.4065868686,130.219760606,4.84969326141e-28,147.870914025,49.2903046749,3,7.58626830938e-32,joint excluded-instrument relevance; not conditional strength
joint,lbrent,11,426,military_conflict,0.379539220248,33.1902629013,99.570788704,1.92212563829e-21,112.682748363,37.560916121,3,2.90352093412e-24,joint excluded-instrument relevance; not conditional strength
joint,lbrent,11,426,diplomatic_tension,0.768786410937,141.07746287,423.232388611,2.05355607344e-91,467.870939382,155.956979794,3,4.37567206846e-101,joint excluded-instrument relevance; not conditional strength
joint,lbrent,11,426,nuclear_threat,0.543928897979,43.4026556752,130.207967026,4.87815777116e-28,147.858053709,49.2860179032,3,7.63487875994e-32,joint excluded-instrument relevance; not conditional strength
joint,lbrent,12,425,military_conflict,0.37953065455,33.1524750017,99.457425005,2.03308644921e-21,112.564196039,37.5213986798,3,3.079240768e-24,joint excluded-instrument relevance; not conditional strength
joint,lbrent,12,425,diplomatic_tension,0.768826319239,141.395773189,424.187319566,1.27536073811e-91,469.097861879,156.36595396,3,2.37240161175e-101,joint excluded-instrument relevance; not conditional strength
joint,lbrent,12,425,nuclear_threat,0.544400594724,43.529280035,130.587840105,4.04008549074e-28,148.294134764,49.4313782546,3,6.14807808196e-32,joint excluded-instrument relevance; not conditional strength
joint,lbrent,13,424,military_conflict,0.380641067743,33.138951775,99.416855325,2.0743334733e-21,112.564957999,37.5216526663,3,3.07807810052e-24,joint excluded-instrument relevance; not conditional strength
joint,lbrent,13,424,diplomatic_tension,0.768556864998,141.236286278,423.708858833,1.61914428156e-91,468.874135751,156.291378584,3,2.65256828213e-101,joint excluded-instrument relevance; not conditional strength
joint,lbrent,13,424,nuclear_threat,0.545949825371,43.3709337715,130.112801314,5.11404368557e-28,147.821549234,49.2738497448,3,7.77456473785e-32,joint excluded-instrument relevance; not conditional strength
joint,lbrent,14,423,military_conflict,0.382109611417,32.1109957703,96.332987311,9.54608386225e-21,109.253136393,36.417712131,3,1.58877287312e-23,joint excluded-instrument relevance; not conditional strength
joint,lbrent,14,423,diplomatic_tension,0.770673669469,142.957171478,428.871514435,1.23266965899e-92,477.240983102,159.080327701,3,4.07993595194e-103,joint excluded-instrument relevance; not conditional strength
joint,lbrent,14,423,nuclear_threat,0.548231382689,42.8646335789,128.593900737,1.08662130253e-27,146.257218184,48.7524060615,3,1.69077896484e-31,joint excluded-instrument relevance; not conditional strength
joint,lbrent,15,422,military_conflict,0.377445903071,31.0939875781,93.2819627342,4.32017287553e-20,105.859031743,35.2863439143,3,8.53794416796e-23,joint excluded-instrument relevance; not conditional strength
joint,lbrent,15,422,diplomatic_tension,0.772109989547,140.534540003,421.603620008,4.62760017116e-91,470.658628258,156.886209419,3,1.08890585342e-101,joint excluded-instrument relevance; not conditional strength
joint,lbrent,15,422,nuclear_threat,0.550517335808,43.0177368011,129.053210403,8.65172805918e-28,146.696816257,48.8989387522,3,1.35916535616e-31,joint excluded-instrument relevance; not conditional strength
joint,lbrent,16,421,military_conflict,0.376766175737,31.1682291781,93.5046875342,3.86940470029e-20,106.165056172,35.3883520573,3,7.33696224526e-23,joint excluded-instrument relevance; not conditional strength
joint,lbrent,16,421,diplomatic_tension,0.777818616807,137.95043399,413.851301969,2.21176742675e-89,462.09145864,154.030486213,3,7.82267944627e-100,joint excluded-instrument relevance; not conditional strength
joint,lbrent,16,421,nuclear_threat,0.550925234254,43.9060081723,131.718024517,2.30577783382e-28,149.675109217,49.8917030722,3,3.09635605488e-32,joint excluded-instrument relevance; not conditional strength
joint,lbrent,17,420,military_conflict,0.37683167467,31.5529197439,94.6587592317,2.1859966025e-20,107.500299222,35.833433074,3,3.78648761918e-23,joint excluded-instrument relevance; not conditional strength
joint,lbrent,17,420,diplomatic_tension,0.777766772437,136.08001976,408.24005928,3.63291546302e-88,456.867820396,152.289273465,3,1.05973226533e-98,joint excluded-instrument relevance; not conditional strength
joint,lbrent,17,420,nuclear_threat,0.550907699608,43.8540997753,131.562299326,2.49103422932e-28,149.524733282,49.8415777608,3,3.3364851932e-32,joint excluded-instrument relevance; not conditional strength
joint,lbrent,18,419,military_conflict,0.376334168237,31.2526082084,93.7578246252,3.41390198202e-20,106.627757857,35.5425859523,3,5.83403407459e-23,joint excluded-instrument relevance; not conditional strength
joint,lbrent,18,419,diplomatic_tension,0.80786467447,163.796433327,491.389299982,3.50512340051e-106,555.265168722,185.088389574,3,5.01962102427e-120,joint excluded-instrument relevance; not conditional strength
joint,lbrent,18,419,nuclear_threat,0.551835480039,44.2533881734,132.76016452,1.3746926381e-28,150.776700038,50.2589000125,3,1.7914926269e-32,joint excluded-instrument relevance; not conditional strength
joint,lbrent,19,418,military_conflict,0.378388317715,32.4963539276,97.4890617828,5.38673261674e-21,110.303787301,36.7679291002,3,9.43967969983e-24,joint excluded-instrument relevance; not conditional strength
joint,lbrent,19,418,diplomatic_tension,0.805699282194,173.469742889,520.409228668,1.80101163305e-112,584.717221588,194.905740529,3,2.0721559923e-126,joint excluded-instrument relevance; not conditional strength
joint,lbrent,19,418,nuclear_threat,0.551981948876,45.0130474784,135.039142435,4.43581858788e-29,153.223192956,51.0743976522,3,5.31393046409e-33,joint excluded-instrument relevance; not conditional strength
joint,lbrent,20,417,military_conflict,0.378557543028,32.4849541727,97.454862518,5.47869373014e-21,110.267717598,36.7559058659,3,9.60992348049e-24,joint excluded-instrument relevance; not conditional strength
joint,lbrent,20,417,diplomatic_tension,0.804679487405,171.136278515,513.408835545,5.92520059979e-111,577.458164352,192.486054784,3,7.7625302584e-125,joint excluded-instrument relevance; not conditional strength
joint,lbrent,20,417,nuclear_threat,0.551930564656,45.0520951775,135.156285533,4.18525608806e-29,153.375653194,51.1252177314,3,4.92632139399e-33,joint excluded-instrument relevance; not conditional strength
joint,lbrent,21,416,military_conflict,0.378933174772,32.4893385603,97.4680156808,5.44314084614e-21,110.316961584,36.7723205281,3,9.37825365208e-24,joint excluded-instrument relevance; not conditional strength
joint,lbrent,21,416,diplomatic_tension,0.804804664825,170.823813276,512.471439829,9.4593360425e-111,576.499780029,192.166593343,3,1.25243262268e-124,joint excluded-instrument relevance; not conditional strength
joint,lbrent,21,416,nuclear_threat,0.551308157391,45.008496563,135.025489689,4.46598022472e-29,153.221528632,51.0738428774,3,5.31832584147e-33,joint excluded-instrument relevance; not conditional strength
joint,lbrent,22,415,military_conflict,0.381251620481,32.1763456211,96.5290368632,8.66335707513e-21,109.434151389,36.4780504629,3,1.45247273255e-23,joint excluded-instrument relevance; not conditional strength
joint,lbrent,22,415,diplomatic_tension,0.803594597777,166.382751313,499.14825394,7.29887863134e-108,561.480564638,187.160188213,3,2.25643792942e-121,joint excluded-instrument relevance; not conditional strength
joint,lbrent,22,415,nuclear_threat,0.551990552002,45.1085564205,135.325669262,3.84776783509e-29,153.560082253,51.1866940843,3,4.49502487969e-33,joint excluded-instrument relevance; not conditional strength
joint,lbrent,23,414,military_conflict,0.378561671458,31.9221166899,95.7663500698,1.26361213987e-20,108.566441921,36.1888139736,3,2.23270296093e-23,joint excluded-instrument relevance; not conditional strength
joint,lbrent,23,414,diplomatic_tension,0.803131917999,165.163965597,495.491896792,4.52515949484e-107,557.15463371,185.718211237,3,1.95485180656e-120,joint excluded-instrument relevance; not conditional strength
joint,lbrent,23,414,nuclear_threat,0.551714512164,45.0948174911,135.284452473,3.92729731642e-29,153.510301199,51.1701003997,3,4.60757498635e-33,joint excluded-instrument relevance; not conditional strength
joint,lbrent,24,413,military_conflict,0.378859831752,31.9088119532,95.7264358597,1.28882028021e-20,108.529860504,36.1766201679,3,2.2735401841e-23,joint excluded-instrument relevance; not conditional strength
joint,lbrent,24,413,diplomatic_tension,0.803131292879,164.357393784,493.072181352,1.5135949509e-106,554.667699454,184.889233151,3,6.76358251735e-120,joint excluded-instrument relevance; not conditional strength
joint,lbrent,24,413,nuclear_threat,0.551405143922,45.0316377943,135.094913383,4.31471021488e-29,153.31971948,51.10657316,3,5.0651277367e-33,joint excluded-instrument relevance; not conditional strength
joint,lbrent,25,412,military_conflict,0.377190692072,31.9012739974,95.7038219922,1.30332473153e-20,108.495318871,36.1651062905,3,2.31278559005e-23,joint excluded-instrument relevance; not conditional strength
joint,lbrent,25,412,diplomatic_tension,0.802717125034,164.087808753,492.26342626,2.2660713509e-106,554.272179055,184.757393018,3,8.2396471502e-120,joint excluded-instrument relevance; not conditional strength
joint,lbrent,25,412,nuclear_threat,0.556768839407,45.2536689361,135.761006808,3.10001557484e-29,154.280661211,51.4268870704,3,3.14241823448e-33,joint excluded-instrument relevance; not conditional strength
joint,lbrent,26,411,military_conflict,0.377377038884,31.9454587428,95.8363762285,1.22057174523e-20,108.663025268,36.2210084226,3,2.12837315992e-23,joint excluded-instrument relevance; not conditional strength
joint,lbrent,26,411,diplomatic_tension,0.802885119557,163.885133659,491.655400978,3.06928558037e-106,553.619892165,184.539964055,3,1.14102755887e-119,joint excluded-instrument relevance; not conditional strength
joint,lbrent,26,411,nuclear_threat,0.55794057157,45.1713899071,135.514169721,3.50408311945e-29,154.111314273,51.3704380908,3,3.41823374881e-33,joint excluded-instrument relevance; not conditional strength
joint,lbrent,27,410,military_conflict,0.377350652907,32.136049753,96.408149259,9.19750398335e-21,109.376742889,36.4589142962,3,1.49438386372e-23,joint excluded-instrument relevance; not conditional strength
joint,lbrent,27,410,diplomatic_tension,0.802517356319,162.362814996,487.088444988,2.9972359293e-105,548.926569411,182.975523137,3,1.18739762184e-118,joint excluded-instrument relevance; not conditional strength
joint,lbrent,27,410,nuclear_threat,0.557908469076,45.1362650389,135.408795117,3.69223833461e-29,154.004603836,51.3348679454,3,3.6043349254e-33,joint excluded-instrument relevance; not conditional strength
joint,lbrent,28,409,military_conflict,0.380273751872,32.2257040355,96.6771121065,8.05115608626e-21,109.752836592,36.5842788641,3,1.24029957578e-23,joint excluded-instrument relevance; not conditional strength
joint,lbrent,28,409,diplomatic_tension,0.802095435969,161.02991216,483.089736479,2.20417857677e-104,544.428236637,181.476078879,3,1.12102790069e-117,joint excluded-instrument relevance; not conditional strength
joint,lbrent,28,409,nuclear_threat,0.558861846825,45.1632285659,135.489685698,3.54692795864e-29,154.114456635,51.371485545,3,3.41290165257e-33,joint excluded-instrument relevance; not conditional strength
joint,lbrent,29,408,military_conflict,0.377120896669,31.7918918998,95.3756756994,1.53312658678e-20,108.355145551,36.1183818502,3,2.4791221908e-23,joint excluded-instrument relevance; not conditional strength
joint,lbrent,29,408,diplomatic_tension,0.80217765364,160.70431154,482.112934621,3.5885491752e-104,543.407060339,181.13568678,3,1.86618994729e-117,joint excluded-instrument relevance; not conditional strength
joint,lbrent,29,408,nuclear_threat,0.558307602305,45.3299287169,135.989786151,2.76723107952e-29,154.692398408,51.5641328027,3,2.56110733395e-33,joint excluded-instrument relevance; not conditional strength
joint,lbrent,30,407,military_conflict,0.377456006121,31.8420500793,95.5261502378,1.42310928177e-20,108.547609054,36.1825363512,3,2.25363437089e-23,joint excluded-instrument relevance; not conditional strength
joint,lbrent,30,407,diplomatic_tension,0.802583841085,160.536634501,481.609903504,4.61237881723e-104,543.34803246,181.11601082,3,1.92198539903e-117,joint excluded-instrument relevance; not conditional strength
joint,lbrent,30,407,nuclear_threat,0.558601175233,45.2477721337,135.743316401,3.12735663311e-29,154.462282247,51.4874274156,3,2.87129430851e-33,joint excluded-instrument relevance; not conditional strength
joint,lbrent,31,406,military_conflict,0.377223374269,31.9594793625,95.8784380876,1.19542697244e-20,108.942829357,36.3142764522,3,1.85283831986e-23,joint excluded-instrument relevance; not conditional strength
joint,lbrent,31,406,diplomatic_tension,0.801977699958,159.761352583,479.28405775,1.47207213974e-103,541.309147754,180.436382585,3,5.3171008844e-117,joint excluded-instrument relevance; not conditional strength
joint,lbrent,31,406,nuclear_threat,0.559963673103,44.9955058257,134.986517477,4.55321049908e-29,153.65334254,51.2177808468,3,4.29151900269e-33,joint excluded-instrument relevance; not conditional strength
joint,lbrent,32,405,military_conflict,0.376432023571,31.965834056,95.897502168,1.18420158229e-20,108.99368626,36.3312287533,3,1.80673152512e-23,joint excluded-instrument relevance; not conditional strength
joint,lbrent,32,405,diplomatic_tension,0.802047236411,159.539266886,478.617800657,2.05259926057e-103,540.76703248,180.255677493,3,6.96910418097e-117,joint excluded-instrument relevance; not conditional strength
joint,lbrent,32,405,nuclear_threat,0.559478082452,44.9468885532,134.84066566,4.89505640822e-29,153.50435618,51.1681187265,3,4.62120308233e-33,joint excluded-instrument relevance; not conditional strength
joint,lbrent,33,404,military_conflict,0.37613281987,31.9124873696,95.7374621088,1.28180672431e-20,108.854409063,36.2848030211,3,1.93581827865e-23,joint excluded-instrument relevance; not conditional strength
joint,lbrent,33,404,diplomatic_tension,0.801518961081,158.946484176,476.839452529,4.98497044131e-103,539.252477522,179.750825841,3,1.48406048437e-116,joint excluded-instrument relevance; not conditional strength
joint,lbrent,33,404,nuclear_threat,0.559135786425,44.9519949744,134.855984923,4.8579772392e-29,153.566798878,51.1889329595,3,4.48005122256e-33,joint excluded-instrument relevance; not conditional strength
joint,lbrent,34,403,military_conflict,0.401006890043,33.3657516342,100.097254903,1.48109842445e-21,114.751916442,38.250638814,3,1.04110456571e-24,joint excluded-instrument relevance; not conditional strength
joint,lbrent,34,403,diplomatic_tension,0.801736881129,156.201222173,468.603666518,3.03580207996e-101,532.060584056,177.353528019,3,5.37336966569e-115,joint excluded-instrument relevance; not conditional strength
joint,lbrent,34,403,nuclear_threat,0.560795633006,44.4250734959,133.275220488,1.06461130245e-28,151.990344016,50.6634480054,3,9.80378794739e-33,joint excluded-instrument relevance; not conditional strength
joint,lbrent,35,402,military_conflict,0.382552096184,28.6767274018,86.0301822055,1.55959463969e-18,99.2224170401,33.0741390134,3,2.28393381938e-21,joint excluded-instrument relevance; not conditional strength
joint,lbrent,35,402,diplomatic_tension,0.801151612355,146.75988295,440.279648849,4.16175432604e-95,499.402590298,166.467530099,3,6.42891791308e-108,joint excluded-instrument relevance; not conditional strength
joint,lbrent,35,402,nuclear_threat,0.561012665142,44.4249862291,133.274958687,1.06474963897e-28,152.054140409,50.6847134697,3,9.49796683329e-33,joint excluded-instrument relevance; not conditional strength
joint,lbrent,36,401,military_conflict,0.382031839639,28.8207181187,86.462154356,1.25971816865e-18,99.7157815695,33.2385938565,3,1.78898536201e-21,joint excluded-instrument relevance; not conditional strength
joint,lbrent,36,401,diplomatic_tension,0.800150764535,145.062392859,435.187178576,5.27931424632e-94,494.939006885,164.979668962,3,5.9628096416e-107,joint excluded-instrument relevance; not conditional strength
joint,lbrent,36,401,nuclear_threat,0.560596371953,44.7059210341,134.117763102,7.00783210438e-29,152.985269331,50.9950897771,3,5.98063369779e-33,joint excluded-instrument relevance; not conditional strength
joint,lbrent,37,400,military_conflict,0.382090405708,28.9511378959,86.8534136877,1.03817615094e-18,100.245647284,33.4152157614,3,1.37618355601e-21,joint excluded-instrument relevance; not conditional strength
joint,lbrent,37,400,diplomatic_tension,0.798211336444,142.251805444,426.755416333,3.54227665939e-92,485.856203466,161.952067822,3,5.5430779612e-105,joint excluded-instrument relevance; not conditional strength
joint,lbrent,37,400,nuclear_threat,0.55972028919,44.148689179,132.446067537,1.60658656588e-28,151.178300658,50.392766886,3,1.46750188341e-32,joint excluded-instrument relevance; not conditional strength
joint,lbrent,38,399,military_conflict,0.382529497071,29.1343682993,87.4031048979,7.91127875257e-19,100.869428283,33.6231427611,3,1.01052028129e-21,joint excluded-instrument relevance; not conditional strength
joint,lbrent,38,399,diplomatic_tension,0.797588989429,141.773364562,425.320093687,7.24820837051e-92,484.394904252,161.464968084,3,1.14925569922e-104,joint excluded-instrument relevance; not conditional strength
joint,lbrent,38,399,nuclear_threat,0.559616589404,44.2011725419,132.603517626,1.48582772916e-28,151.348132537,50.4493775123,3,1.3487789692e-32,joint excluded-instrument relevance; not conditional strength
joint,lbrent,39,398,military_conflict,0.382285076199,29.1512786715,87.4538360144,7.71531706912e-19,100.965439556,33.6551465186,3,9.63605043436e-22,joint excluded-instrument relevance; not conditional strength
joint,lbrent,39,398,diplomatic_tension,0.797498077159,141.391277592,424.173832777,1.28396974487e-91,483.523823052,161.174607684,3,1.7749262244e-104,joint excluded-instrument relevance; not conditional strength
joint,lbrent,39,398,nuclear_threat,0.55966522399,44.198146565,132.594439695,1.49253684088e-28,151.364301428,50.4547671427,3,1.33798933589e-32,joint excluded-instrument relevance; not conditional strength
joint,lbrent,40,397,military_conflict,0.381119502253,28.525936243,85.5778087289,1.95040293574e-18,98.9811160171,32.993705339,3,2.57373008716e-21,joint excluded-instrument relevance; not conditional strength
joint,lbrent,40,397,diplomatic_tension,0.795293955705,137.010563676,411.031691029,9.02677945639e-89,468.382105696,156.127368565,3,3.39064652707e-101,joint excluded-instrument relevance; not conditional strength
joint,lbrent,40,397,nuclear_threat,0.558668965764,43.551259361,130.653778083,3.91003172355e-28,149.295360979,49.7651203264,3,3.73910601031e-32,joint excluded-instrument relevance; not conditional strength
joint,lbrent,41,396,military_conflict,0.381210699297,28.468423729,85.405271187,2.1240369124e-18,98.8182616554,32.9394205518,3,2.78981771254e-21,joint excluded-instrument relevance; not conditional strength
joint,lbrent,41,396,diplomatic_tension,0.795260573936,137.04057369,411.121721071,8.63038925974e-89,468.664189403,156.221396468,3,2.94549982762e-101,joint excluded-instrument relevance; not conditional strength
joint,lbrent,41,396,nuclear_threat,0.55863596663,43.54098603,130.62295809,3.97029059779e-28,149.279655039,49.7598850129,3,3.76838906452e-32,joint excluded-instrument relevance; not conditional strength
joint,lbrent,42,395,military_conflict,0.384234837617,28.7236602187,86.1709806562,1.45473825841e-18,99.7708476375,33.2569492125,3,1.7408721997e-21,joint excluded-instrument relevance; not conditional strength
joint,lbrent,42,395,diplomatic_tension,0.793798482497,135.605168714,406.815506143,7.39328951565e-88,463.470759806,154.490253269,3,3.93086846813e-100,joint excluded-instrument relevance; not conditional strength
joint,lbrent,42,395,nuclear_threat,0.558632765093,43.4757556476,130.427266943,4.37517476093e-28,149.102473898,49.7008246327,3,4.11505489861e-32,joint excluded-instrument relevance; not conditional strength
joint,lbrent,43,394,military_conflict,0.382768593921,29.2077368115,87.6232104344,7.09554001935e-19,101.375603594,33.7918678648,3,7.86496008963e-22,joint excluded-instrument relevance; not conditional strength
joint,lbrent,43,394,diplomatic_tension,0.792696942218,136.025254956,408.075764869,3.9431598918e-88,466.492237513,155.497412504,3,8.70538483946e-101,joint excluded-instrument relevance; not conditional strength
joint,lbrent,43,394,nuclear_threat,0.558575460093,43.3181598208,129.954479463,5.53201279401e-28,148.60912149,49.53637383,3,5.25769678821e-32,joint excluded-instrument relevance; not conditional strength
joint,lbrent,44,393,military_conflict,0.382195827392,29.1495280748,87.4485842245,7.73537616947e-19,101.204369307,33.7347897691,3,8.56090195787e-22,joint excluded-instrument relevance; not conditional strength
joint,lbrent,44,393,diplomatic_tension,0.791557633077,134.744307479,404.232922438,2.68078818906e-87,462.06252526,154.020841753,3,7.93642286395e-100,joint excluded-instrument relevance; not conditional strength
joint,lbrent,44,393,nuclear_threat,0.558289914554,43.2402283739,129.720685122,6.21249210917e-28,148.374639489,49.4582131629,3,5.90709953745e-32,joint excluded-instrument relevance; not conditional strength
joint,lbrent,45,392,military_conflict,0.381171519559,29.0698519594,87.2095558782,8.70571801881e-19,100.946913824,33.6489712746,3,9.72484741213e-22,joint excluded-instrument relevance; not conditional strength
joint,lbrent,45,392,diplomatic_tension,0.79156042134,134.712965178,404.138895535,2.80950569304e-87,461.961664896,153.987221632,3,8.34601476234e-100,joint excluded-instrument relevance; not conditional strength
joint,lbrent,45,392,nuclear_threat,0.557723577907,43.1246541508,129.373962452,7.37875882286e-28,148.039234192,49.3464113972,3,6.97785115928e-32,joint excluded-instrument relevance; not conditional strength
joint,lbrent,46,391,military_conflict,0.381588673441,29.087670614,87.263011842,8.47865359913e-19,101.003419456,33.6678064853,3,9.45653274901e-22,joint excluded-instrument relevance; not conditional strength
joint,lbrent,46,391,diplomatic_tension,0.791520939515,134.51665597,403.549967911,3.76876289363e-87,461.342227396,153.780742465,3,1.13683695269e-99,joint excluded-instrument relevance; not conditional strength
joint,lbrent,46,391,nuclear_threat,0.557429435446,43.0147019078,129.044105723,8.69090150875e-28,147.702408516,49.2341361719,3,8.24848899816e-32,joint excluded-instrument relevance; not conditional strength
joint,lbrent,47,390,military_conflict,0.380872159886,29.1043644677,87.3130934031,8.27129759466e-19,101.073259517,33.6910865057,3,9.13510545359e-22,joint excluded-instrument relevance; not conditional strength
joint,lbrent,47,390,diplomatic_tension,0.79165863817,135.261159111,405.783477333,1.23706080767e-87,464.049525182,154.683175061,3,2.94497113635e-100,joint excluded-instrument relevance; not conditional strength
joint,lbrent,47,390,nuclear_threat,0.557476869988,43.1131660093,129.339498028,7.5060281739e-28,148.145663299,49.3818877662,3,6.61858125573e-32,joint excluded-instrument relevance; not conditional strength
joint,lbrent,48,389,military_conflict,0.380632216622,29.2029071943,87.6087215829,7.1465518959e-19,101.50012327,33.8333744235,3,7.39467124909e-22,joint excluded-instrument relevance; not conditional strength
joint,lbrent,48,389,diplomatic_tension,0.791112128792,134.383503518,403.150510555,4.5996616364e-87,461.174458644,153.724819548,3,1.23608991481e-99,joint excluded-instrument relevance; not conditional strength
joint,lbrent,48,389,nuclear_threat,0.560125218802,42.4460515398,127.338154619,2.02610365297e-27,145.964209393,48.6547364645,3,1.95561456752e-31,joint excluded-instrument relevance; not conditional strength
