model,outcome,event,horizon,n,augmented_price_lags,conventional_price_lags,augmented_beta,augmented_hc3_se,conventional_beta,conventional_hac6_se,comparison
single,lwti,military_conflict,0,432,3,2,0.065124540943,0.0255318862199,0.0662844145822,0.018165651298,Matched observations; distinct regressions and covariance estimators
single,lwti,military_conflict,1,432,3,2,0.0473526791375,0.0407235137015,0.0508191168904,0.0263540014265,Matched observations; distinct regressions and covariance estimators
single,lwti,military_conflict,2,432,3,2,0.0155723003004,0.0507065908479,0.0223997107294,0.0331103463968,Matched observations; distinct regressions and covariance estimators
single,lwti,military_conflict,3,432,3,2,-0.00030824478444,0.0463131075184,0.00633427919157,0.031601679286,Matched observations; distinct regressions and covariance estimators
single,lwti,military_conflict,4,432,3,2,-0.00668024763771,0.0400928845331,-4.07406004217e-06,0.0278692571657,Matched observations; distinct regressions and covariance estimators
single,lwti,military_conflict,5,432,3,2,0.00230098233755,0.0384630535991,0.00922319173156,0.0294635561863,Matched observations; distinct regressions and covariance estimators
single,lwti,military_conflict,6,431,3,2,-0.0471543597054,0.0360937384125,-0.0398880577702,0.0267540211439,Matched observations; distinct regressions and covariance estimators
single,lwti,military_conflict,7,430,3,2,-0.0430706134081,0.0353173381922,-0.0359428479514,0.0280922300812,Matched observations; distinct regressions and covariance estimators
single,lwti,military_conflict,8,429,3,2,-0.0427894599761,0.0394953311001,-0.0372486382368,0.0324143380166,Matched observations; distinct regressions and covariance estimators
single,lwti,military_conflict,9,428,3,2,-0.0239959805324,0.0410796110723,-0.0199654435288,0.0302809792097,Matched observations; distinct regressions and covariance estimators
single,lwti,military_conflict,10,427,3,2,-0.00636447364324,0.0456641330015,-0.00283486752654,0.0309247936473,Matched observations; distinct regressions and covariance estimators
single,lwti,military_conflict,11,426,3,2,0.010337233002,0.0503931720801,0.0144540619885,0.0355048856621,Matched observations; distinct regressions and covariance estimators
single,lwti,military_conflict,12,425,3,2,-0.00153839171121,0.0484596934426,0.00266486283445,0.0358413615181,Matched observations; distinct regressions and covariance estimators
single,lwti,military_conflict,13,424,3,2,-0.00519790642702,0.0541333819234,-0.000892680785068,0.0393933823001,Matched observations; distinct regressions and covariance estimators
single,lwti,military_conflict,14,423,3,2,0.0209008138072,0.0575724687921,0.0251114468081,0.0448699860571,Matched observations; distinct regressions and covariance estimators
single,lwti,military_conflict,15,422,3,2,0.0178376210336,0.0523022812486,0.0215435748705,0.0431862997828,Matched observations; distinct regressions and covariance estimators
single,lwti,military_conflict,16,421,3,2,-0.0049637516902,0.0530351700312,0.000848975931821,0.0444487930786,Matched observations; distinct regressions and covariance estimators
single,lwti,military_conflict,17,420,3,2,0.0102798925685,0.0542901006905,0.0165934976048,0.0471964646166,Matched observations; distinct regressions and covariance estimators
single,lwti,military_conflict,18,419,3,2,0.00186956874838,0.0575724933346,0.00699789247975,0.0478899140512,Matched observations; distinct regressions and covariance estimators
single,lwti,military_conflict,19,418,3,2,0.0120770629934,0.0581544170744,0.0167873715016,0.0501233343887,Matched observations; distinct regressions and covariance estimators
single,lwti,military_conflict,20,417,3,2,0.0351417038751,0.0579797764893,0.0380191111165,0.0483636744737,Matched observations; distinct regressions and covariance estimators
single,lwti,military_conflict,21,416,3,2,0.0275239358089,0.058978644602,0.0321553152016,0.0478201865277,Matched observations; distinct regressions and covariance estimators
single,lwti,military_conflict,22,415,3,2,0.0174347157956,0.0609192369922,0.0234060581121,0.0493885107974,Matched observations; distinct regressions and covariance estimators
single,lwti,military_conflict,23,414,3,2,0.00833351203494,0.0617462759216,0.0123844467172,0.0462801524384,Matched observations; distinct regressions and covariance estimators
single,lwti,military_conflict,24,413,3,2,0.00589755499183,0.0630980691638,0.0113525459255,0.0462087423327,Matched observations; distinct regressions and covariance estimators
single,lwti,military_conflict,25,412,3,2,0.0277269569479,0.0637534337964,0.0336908986176,0.046623305653,Matched observations; distinct regressions and covariance estimators
single,lwti,military_conflict,26,411,3,2,0.0131240666597,0.0641226720689,0.0203248687522,0.0449436025365,Matched observations; distinct regressions and covariance estimators
single,lwti,military_conflict,27,410,3,2,0.00492571627977,0.0651002554863,0.0127915098212,0.0442646547368,Matched observations; distinct regressions and covariance estimators
single,lwti,military_conflict,28,409,3,2,-0.00426775842002,0.065628620814,0.0020359459554,0.0443093065319,Matched observations; distinct regressions and covariance estimators
single,lwti,military_conflict,29,408,3,2,0.00799319891409,0.0687701811101,0.0143360054286,0.041887518453,Matched observations; distinct regressions and covariance estimators
single,lwti,military_conflict,30,407,3,2,-0.00777190186023,0.0669935289971,-0.000924796853295,0.0419274360806,Matched observations; distinct regressions and covariance estimators
single,lwti,military_conflict,31,406,3,2,0.000996532934105,0.067080872793,0.00740019744693,0.0427379252931,Matched observations; distinct regressions and covariance estimators
single,lwti,military_conflict,32,405,3,2,-0.0205873655805,0.0664937154832,-0.0143854984164,0.041662379959,Matched observations; distinct regressions and covariance estimators
single,lwti,military_conflict,33,404,3,2,-0.0181954279841,0.0680811452456,-0.0129798803659,0.0424245940773,Matched observations; distinct regressions and covariance estimators
single,lwti,military_conflict,34,403,3,2,0.000681888901103,0.0778388304926,0.00431781580927,0.0419292861721,Matched observations; distinct regressions and covariance estimators
single,lwti,military_conflict,35,402,3,2,0.0025300902924,0.0899241433332,0.00455863890454,0.0486347396381,Matched observations; distinct regressions and covariance estimators
single,lwti,military_conflict,36,401,3,2,-0.00231802104475,0.0948200294404,0.000847015607152,0.0494326406453,Matched observations; distinct regressions and covariance estimators
single,lwti,military_conflict,37,400,3,2,0.00227346586108,0.0992509094716,0.00788645153186,0.0519044819514,Matched observations; distinct regressions and covariance estimators
single,lwti,military_conflict,38,399,3,2,-0.022985925748,0.094086263483,-0.0166156455943,0.0516977464877,Matched observations; distinct regressions and covariance estimators
single,lwti,military_conflict,39,398,3,2,-0.00388617700505,0.0909398091061,0.00138945770789,0.0508350699194,Matched observations; distinct regressions and covariance estimators
single,lwti,military_conflict,40,397,3,2,-1.50769987786e-05,0.0922223785729,0.00487328200935,0.0518529498042,Matched observations; distinct regressions and covariance estimators
single,lwti,military_conflict,41,396,3,2,0.0141266543752,0.0917347704521,0.019121979977,0.0514309946651,Matched observations; distinct regressions and covariance estimators
single,lwti,military_conflict,42,395,3,2,0.0266964258508,0.0961436547793,0.0306706409443,0.050468062641,Matched observations; distinct regressions and covariance estimators
single,lwti,military_conflict,43,394,3,2,0.00926314148589,0.100715909099,0.0127066358764,0.0486070269923,Matched observations; distinct regressions and covariance estimators
single,lwti,military_conflict,44,393,3,2,0.0212971289441,0.107858410614,0.0248723981632,0.0495915070671,Matched observations; distinct regressions and covariance estimators
single,lwti,military_conflict,45,392,3,2,0.0524517704135,0.108678669391,0.055661172843,0.0520009650858,Matched observations; distinct regressions and covariance estimators
single,lwti,military_conflict,46,391,3,2,0.0575927899112,0.106565342191,0.061755937622,0.0501353529621,Matched observations; distinct regressions and covariance estimators
single,lwti,military_conflict,47,390,3,2,0.0395620561419,0.091460823968,0.0444063692536,0.0544523731907,Matched observations; distinct regressions and covariance estimators
single,lwti,military_conflict,48,389,3,2,0.0465391798434,0.0839305395243,0.0488972248449,0.0495829200838,Matched observations; distinct regressions and covariance estimators
single,lwti,diplomatic_tension,0,432,3,2,-0.0121237005105,0.0311944506794,-0.0134771000911,0.0349418008108,Matched observations; distinct regressions and covariance estimators
single,lwti,diplomatic_tension,1,432,3,2,-0.0273772974067,0.0495933264867,-0.0311874968174,0.049973428458,Matched observations; distinct regressions and covariance estimators
single,lwti,diplomatic_tension,2,432,3,2,-0.0433949340563,0.0606318229719,-0.050655129554,0.049503003846,Matched observations; distinct regressions and covariance estimators
single,lwti,diplomatic_tension,3,432,3,2,-0.0373765749857,0.0651152323201,-0.0444214060372,0.0529897320118,Matched observations; distinct regressions and covariance estimators
single,lwti,diplomatic_tension,4,432,3,2,0.0124033190398,0.0658214391527,0.00537127931794,0.0555895018934,Matched observations; distinct regressions and covariance estimators
single,lwti,diplomatic_tension,5,432,3,2,-0.00729442083791,0.0638682515479,-0.0146870455111,0.0538713974258,Matched observations; distinct regressions and covariance estimators
single,lwti,diplomatic_tension,6,431,3,2,-0.0133168452654,0.0661959375692,-0.0206051605974,0.0553825130554,Matched observations; distinct regressions and covariance estimators
single,lwti,diplomatic_tension,7,430,3,2,-0.0277074228923,0.0785841635013,-0.0345192790413,0.0572023581011,Matched observations; distinct regressions and covariance estimators
single,lwti,diplomatic_tension,8,429,3,2,-0.132620793905,0.089663015949,-0.137657603653,0.0667329514289,Matched observations; distinct regressions and covariance estimators
single,lwti,diplomatic_tension,9,428,3,2,-0.144622850903,0.0731984390855,-0.148162637471,0.0566487126757,Matched observations; distinct regressions and covariance estimators
single,lwti,diplomatic_tension,10,427,3,2,-0.171001894531,0.0744478554697,-0.174015626603,0.0638885903239,Matched observations; distinct regressions and covariance estimators
single,lwti,diplomatic_tension,11,426,3,2,-0.1865169966,0.0734777832913,-0.19016924716,0.0663599096037,Matched observations; distinct regressions and covariance estimators
single,lwti,diplomatic_tension,12,425,3,2,-0.19529046305,0.0753288673089,-0.198961983931,0.06590378634,Matched observations; distinct regressions and covariance estimators
single,lwti,diplomatic_tension,13,424,3,2,-0.177120522154,0.079672149504,-0.18023022967,0.0632725816144,Matched observations; distinct regressions and covariance estimators
single,lwti,diplomatic_tension,14,423,3,2,-0.169393156874,0.0813972837112,-0.172026095752,0.0665870670343,Matched observations; distinct regressions and covariance estimators
single,lwti,diplomatic_tension,15,422,3,2,-0.192231337587,0.083398609125,-0.194435026656,0.0746807101938,Matched observations; distinct regressions and covariance estimators
single,lwti,diplomatic_tension,16,421,3,2,-0.204706988964,0.0965502711708,-0.208344474184,0.0789362757543,Matched observations; distinct regressions and covariance estimators
single,lwti,diplomatic_tension,17,420,3,2,-0.209690000428,0.104067038664,-0.213068436592,0.0718509006938,Matched observations; distinct regressions and covariance estimators
single,lwti,diplomatic_tension,18,419,3,2,-0.242301221524,0.11030149153,-0.245165972904,0.0865117135169,Matched observations; distinct regressions and covariance estimators
single,lwti,diplomatic_tension,19,418,3,2,-0.212648257914,0.106725554368,-0.215255973014,0.0751142517592,Matched observations; distinct regressions and covariance estimators
single,lwti,diplomatic_tension,20,417,3,2,-0.156728709051,0.118110105202,-0.157967652907,0.077312938491,Matched observations; distinct regressions and covariance estimators
single,lwti,diplomatic_tension,21,416,3,2,-0.208757445969,0.101626307326,-0.211249217452,0.0734385456013,Matched observations; distinct regressions and covariance estimators
single,lwti,diplomatic_tension,22,415,3,2,-0.251093173764,0.0939205991438,-0.254749969207,0.0767678217311,Matched observations; distinct regressions and covariance estimators
single,lwti,diplomatic_tension,23,414,3,2,-0.305664570955,0.10417569787,-0.30773117298,0.0854444334063,Matched observations; distinct regressions and covariance estimators
single,lwti,diplomatic_tension,24,413,3,2,-0.306418676153,0.0969542323432,-0.309688756003,0.0775186346063,Matched observations; distinct regressions and covariance estimators
single,lwti,diplomatic_tension,25,412,3,2,-0.327804477111,0.102164250917,-0.33174647245,0.0847910286185,Matched observations; distinct regressions and covariance estimators
single,lwti,diplomatic_tension,26,411,3,2,-0.297383945226,0.0960587570326,-0.302520702632,0.0820341179464,Matched observations; distinct regressions and covariance estimators
single,lwti,diplomatic_tension,27,410,3,2,-0.262812279768,0.0924774811536,-0.268978081271,0.0766451291862,Matched observations; distinct regressions and covariance estimators
single,lwti,diplomatic_tension,28,409,3,2,-0.236236141693,0.09282553999,-0.24092935565,0.077215254312,Matched observations; distinct regressions and covariance estimators
single,lwti,diplomatic_tension,29,408,3,2,-0.211904514039,0.0929403627691,-0.216544514264,0.0776105827188,Matched observations; distinct regressions and covariance estimators
single,lwti,diplomatic_tension,30,407,3,2,-0.20559837783,0.0953360522047,-0.210597440982,0.080019083535,Matched observations; distinct regressions and covariance estimators
single,lwti,diplomatic_tension,31,406,3,2,-0.148876741204,0.0973531042054,-0.153816785468,0.0805211403989,Matched observations; distinct regressions and covariance estimators
single,lwti,diplomatic_tension,32,405,3,2,-0.120991871679,0.0994577818528,-0.125795377077,0.0809265448119,Matched observations; distinct regressions and covariance estimators
single,lwti,diplomatic_tension,33,404,3,2,-0.123881959979,0.0979228265996,-0.127887074249,0.0838423001301,Matched observations; distinct regressions and covariance estimators
single,lwti,diplomatic_tension,34,403,3,2,-0.153409176037,0.0998392853618,-0.156521800367,0.0837629634427,Matched observations; distinct regressions and covariance estimators
single,lwti,diplomatic_tension,35,402,3,2,-0.213633138386,0.10356437553,-0.21481286562,0.087420293468,Matched observations; distinct regressions and covariance estimators
single,lwti,diplomatic_tension,36,401,3,2,-0.160158995623,0.0972459754789,-0.162361932483,0.0836527895168,Matched observations; distinct regressions and covariance estimators
single,lwti,diplomatic_tension,37,400,3,2,-0.0938944379615,0.103085015951,-0.0985346862893,0.0819177710845,Matched observations; distinct regressions and covariance estimators
single,lwti,diplomatic_tension,38,399,3,2,-0.142535683981,0.103114154243,-0.14802524679,0.0820824119131,Matched observations; distinct regressions and covariance estimators
single,lwti,diplomatic_tension,39,398,3,2,-0.18132980831,0.11029346818,-0.185506934101,0.101388683619,Matched observations; distinct regressions and covariance estimators
single,lwti,diplomatic_tension,40,397,3,2,-0.204207507052,0.117225215653,-0.207973540509,0.115173700162,Matched observations; distinct regressions and covariance estimators
single,lwti,diplomatic_tension,41,396,3,2,-0.190620342,0.117059404021,-0.194534893505,0.109113351815,Matched observations; distinct regressions and covariance estimators
single,lwti,diplomatic_tension,42,395,3,2,-0.164304887151,0.111700806887,-0.167245112119,0.0955000337198,Matched observations; distinct regressions and covariance estimators
single,lwti,diplomatic_tension,43,394,3,2,-0.164999015463,0.113734959839,-0.167709973184,0.0893636454579,Matched observations; distinct regressions and covariance estimators
single,lwti,diplomatic_tension,44,393,3,2,-0.144921440294,0.11416201797,-0.147705469987,0.0984122863484,Matched observations; distinct regressions and covariance estimators
single,lwti,diplomatic_tension,45,392,3,2,-0.17339678756,0.11044641938,-0.175623342149,0.0962861530675,Matched observations; distinct regressions and covariance estimators
single,lwti,diplomatic_tension,46,391,3,2,-0.165656367516,0.113397851593,-0.168972396964,0.0988220344377,Matched observations; distinct regressions and covariance estimators
single,lwti,diplomatic_tension,47,390,3,2,-0.216184781725,0.108565421558,-0.220127252768,0.0946768017828,Matched observations; distinct regressions and covariance estimators
single,lwti,diplomatic_tension,48,389,3,2,-0.226655004576,0.103810974449,-0.227225520536,0.0953656690814,Matched observations; distinct regressions and covariance estimators
single,lwti,nuclear_threat,0,432,3,2,0.0190881634422,0.0150749736068,0.0196567034586,0.0113067120079,Matched observations; distinct regressions and covariance estimators
single,lwti,nuclear_threat,1,432,3,2,0.0255623997954,0.0247284289285,0.0272785568952,0.0179575442379,Matched observations; distinct regressions and covariance estimators
single,lwti,nuclear_threat,2,432,3,2,0.0249727805729,0.0265892056767,0.0283693233479,0.0185600465719,Matched observations; distinct regressions and covariance estimators
single,lwti,nuclear_threat,3,432,3,2,0.0214919734582,0.0288480190632,0.0248113994706,0.0205816811567,Matched observations; distinct regressions and covariance estimators
single,lwti,nuclear_threat,4,432,3,2,0.0383488238156,0.0291956719421,0.041592410015,0.02013418074,Matched observations; distinct regressions and covariance estimators
single,lwti,nuclear_threat,5,432,3,2,0.0428044309127,0.033420588611,0.0462570310408,0.02430898611,Matched observations; distinct regressions and covariance estimators
single,lwti,nuclear_threat,6,431,3,2,0.0475476891369,0.0400434743309,0.0512246516555,0.0288731196031,Matched observations; distinct regressions and covariance estimators
single,lwti,nuclear_threat,7,430,3,2,0.0242043934943,0.0433991377807,0.0279622375995,0.0313874914169,Matched observations; distinct regressions and covariance estimators
single,lwti,nuclear_threat,8,429,3,2,0.0394582364562,0.0433294482539,0.0424354467815,0.0281998097541,Matched observations; distinct regressions and covariance estimators
single,lwti,nuclear_threat,9,428,3,2,0.0322151420306,0.0454481213238,0.034722495857,0.0346809537119,Matched observations; distinct regressions and covariance estimators
single,lwti,nuclear_threat,10,427,3,2,0.0370605716247,0.0420853995157,0.0394403044019,0.0333697406235,Matched observations; distinct regressions and covariance estimators
single,lwti,nuclear_threat,11,426,3,2,0.0827561849267,0.0436789067108,0.0852986153318,0.0356969458598,Matched observations; distinct regressions and covariance estimators
single,lwti,nuclear_threat,12,425,3,2,0.0822149437182,0.0438151086026,0.0847731521797,0.0366461864001,Matched observations; distinct regressions and covariance estimators
single,lwti,nuclear_threat,13,424,3,2,0.0806726552885,0.0425930028964,0.0830466670415,0.0344478171518,Matched observations; distinct regressions and covariance estimators
single,lwti,nuclear_threat,14,423,3,2,0.0753685620158,0.0428427051887,0.0776364475083,0.035447820376,Matched observations; distinct regressions and covariance estimators
single,lwti,nuclear_threat,15,422,3,2,0.0822591856346,0.0436666299781,0.0844877873514,0.0348792936048,Matched observations; distinct regressions and covariance estimators
single,lwti,nuclear_threat,16,421,3,2,0.0883085125749,0.0466966175711,0.0914860486542,0.0366470876367,Matched observations; distinct regressions and covariance estimators
single,lwti,nuclear_threat,17,420,3,2,0.0901019745097,0.0469997254988,0.0933694182381,0.0387167949168,Matched observations; distinct regressions and covariance estimators
single,lwti,nuclear_threat,18,419,3,2,0.118492141152,0.047445616033,0.120986539611,0.0395442914673,Matched observations; distinct regressions and covariance estimators
single,lwti,nuclear_threat,19,418,3,2,0.131425127266,0.0478275048142,0.133633517124,0.041117051423,Matched observations; distinct regressions and covariance estimators
single,lwti,nuclear_threat,20,417,3,2,0.124208787096,0.0492651718542,0.125597427457,0.041506241463,Matched observations; distinct regressions and covariance estimators
single,lwti,nuclear_threat,21,416,3,2,0.105204019291,0.049416811144,0.107283591849,0.0420799366655,Matched observations; distinct regressions and covariance estimators
single,lwti,nuclear_threat,22,415,3,2,0.107191708582,0.0494097104482,0.109685145196,0.043230647268,Matched observations; distinct regressions and covariance estimators
single,lwti,nuclear_threat,23,414,3,2,0.0932314423889,0.0468829148219,0.0950041183517,0.0427879065116,Matched observations; distinct regressions and covariance estimators
single,lwti,nuclear_threat,24,413,3,2,0.0810225368937,0.0464452989897,0.0833669421402,0.0413641552553,Matched observations; distinct regressions and covariance estimators
single,lwti,nuclear_threat,25,412,3,2,0.0978616986061,0.0509711685423,0.100376762868,0.0417551250907,Matched observations; distinct regressions and covariance estimators
single,lwti,nuclear_threat,26,411,3,2,0.0795982317949,0.0576374217223,0.0828212797452,0.0441314622552,Matched observations; distinct regressions and covariance estimators
single,lwti,nuclear_threat,27,410,3,2,0.057731127033,0.0590624058114,0.0613776336801,0.0478799020013,Matched observations; distinct regressions and covariance estimators
single,lwti,nuclear_threat,28,409,3,2,0.057657691979,0.0555839696536,0.0604436062663,0.0467725793343,Matched observations; distinct regressions and covariance estimators
single,lwti,nuclear_threat,29,408,3,2,0.0552976083811,0.0557076439418,0.0578268187987,0.0448009704444,Matched observations; distinct regressions and covariance estimators
single,lwti,nuclear_threat,30,407,3,2,0.0698364142247,0.0596278075671,0.0723923319138,0.0416897002282,Matched observations; distinct regressions and covariance estimators
single,lwti,nuclear_threat,31,406,3,2,0.05479007473,0.0779383122728,0.0573332366037,0.0424202529986,Matched observations; distinct regressions and covariance estimators
single,lwti,nuclear_threat,32,405,3,2,-0.00207959873931,0.0886631614805,0.000692353320234,0.0645963723716,Matched observations; distinct regressions and covariance estimators
single,lwti,nuclear_threat,33,404,3,2,0.0094158135087,0.0711856408441,0.0116683377652,0.0574927775363,Matched observations; distinct regressions and covariance estimators
single,lwti,nuclear_threat,34,403,3,2,0.0215796731188,0.0615418903153,0.0233193030925,0.044013597931,Matched observations; distinct regressions and covariance estimators
single,lwti,nuclear_threat,35,402,3,2,0.016301590915,0.064746719481,0.0171896633255,0.0413079887967,Matched observations; distinct regressions and covariance estimators
single,lwti,nuclear_threat,36,401,3,2,0.00216977702369,0.0644239973447,0.00357833839348,0.0476968319642,Matched observations; distinct regressions and covariance estimators
single,lwti,nuclear_threat,37,400,3,2,0.00371609915939,0.0612779227403,0.00616880198124,0.0478530265236,Matched observations; distinct regressions and covariance estimators
single,lwti,nuclear_threat,38,399,3,2,0.00370611989579,0.0596908048967,0.00640393486504,0.0440825666291,Matched observations; distinct regressions and covariance estimators
single,lwti,nuclear_threat,39,398,3,2,0.0117784357906,0.0580577018936,0.0139808413,0.043538456395,Matched observations; distinct regressions and covariance estimators
single,lwti,nuclear_threat,40,397,3,2,0.0163521578704,0.058514286799,0.0183778214783,0.0403554203334,Matched observations; distinct regressions and covariance estimators
single,lwti,nuclear_threat,41,396,3,2,0.0107715954213,0.0595085815905,0.0128295768436,0.0394709289089,Matched observations; distinct regressions and covariance estimators
single,lwti,nuclear_threat,42,395,3,2,0.0122782550981,0.0607061446584,0.0139063597275,0.0387798766336,Matched observations; distinct regressions and covariance estimators
single,lwti,nuclear_threat,43,394,3,2,-0.00161494580408,0.0606245451966,-0.000149398337312,0.040580882877,Matched observations; distinct regressions and covariance estimators
single,lwti,nuclear_threat,44,393,3,2,0.0120781851202,0.0568311129347,0.013501551979,0.0390513385839,Matched observations; distinct regressions and covariance estimators
single,lwti,nuclear_threat,45,392,3,2,0.00908978662326,0.0555865039316,0.0103149400049,0.0409450336819,Matched observations; distinct regressions and covariance estimators
single,lwti,nuclear_threat,46,391,3,2,0.0165489074377,0.0536105869197,0.0181403973847,0.0391047718593,Matched observations; distinct regressions and covariance estimators
single,lwti,nuclear_threat,47,390,3,2,0.00784722210737,0.0521678040326,0.00969638067928,0.039617743895,Matched observations; distinct regressions and covariance estimators
single,lwti,nuclear_threat,48,389,3,2,0.00362429046817,0.0518542148811,0.00447354199109,0.0387254432514,Matched observations; distinct regressions and covariance estimators
joint,lwti,military_conflict,0,432,3,2,0.0713456273969,0.0276472811174,0.0723816573766,0.0203931376822,Matched observations; distinct regressions and covariance estimators
joint,lwti,diplomatic_tension,0,432,3,2,0.0354198250985,0.0327969505264,0.0350796238693,0.0334253135865,Matched observations; distinct regressions and covariance estimators
joint,lwti,nuclear_threat,0,432,3,2,0.0304570180382,0.0159642739163,0.0310346152669,0.0110233495309,Matched observations; distinct regressions and covariance estimators
joint,lwti,military_conflict,1,432,3,2,0.0532733750702,0.0439688906372,0.0567752034106,0.0277719191896,Matched observations; distinct regressions and covariance estimators
joint,lwti,diplomatic_tension,1,432,3,2,0.00864217662063,0.0549535196251,0.0074922810298,0.0468590535864,Matched observations; distinct regressions and covariance estimators
joint,lwti,nuclear_threat,1,432,3,2,0.0381118142352,0.0262066765173,0.040064119076,0.0184807606724,Matched observations; distinct regressions and covariance estimators
joint,lwti,military_conflict,2,432,3,2,0.0176435107017,0.0564840639099,0.0250449429681,0.0355138558064,Matched observations; distinct regressions and covariance estimators
joint,lwti,diplomatic_tension,2,432,3,2,-0.0316305644107,0.0689185893585,-0.0340609731863,0.0480682867794,Matched observations; distinct regressions and covariance estimators
joint,lwti,nuclear_threat,2,432,3,2,0.0349155627615,0.0276376257364,0.0390419363693,0.0185707239551,Matched observations; distinct regressions and covariance estimators
joint,lwti,military_conflict,3,432,3,2,-0.00418722137985,0.052460754582,0.00319812856444,0.0338375675744,Matched observations; distinct regressions and covariance estimators
joint,lwti,diplomatic_tension,3,432,3,2,-0.033988715189,0.0752394415689,-0.0364138430115,0.0521940817601,Matched observations; distinct regressions and covariance estimators
joint,lwti,nuclear_threat,3,432,3,2,0.0279867880478,0.0300340047934,0.0321041955978,0.020696402724,Matched observations; distinct regressions and covariance estimators
joint,lwti,military_conflict,4,432,3,2,-0.00145035323139,0.0453615650544,0.00576266487341,0.0310484241437,Matched observations; distinct regressions and covariance estimators
joint,lwti,diplomatic_tension,4,432,3,2,0.0215776523904,0.0740512712924,0.0192091131848,0.0560295929792,Matched observations; distinct regressions and covariance estimators
joint,lwti,nuclear_threat,4,432,3,2,0.0500072859611,0.0311649666275,0.0540286167615,0.0199431773079,Matched observations; distinct regressions and covariance estimators
joint,lwti,military_conflict,5,432,3,2,0.0102142017613,0.042943333238,0.0174542793995,0.0320056641636,Matched observations; distinct regressions and covariance estimators
joint,lwti,diplomatic_tension,5,432,3,2,0.00654618435863,0.068653114788,0.00416875961236,0.0535913405814,Matched observations; distinct regressions and covariance estimators
joint,lwti,nuclear_threat,5,432,3,2,0.0564969991526,0.0360822246048,0.0605334159176,0.025580875319,Matched observations; distinct regressions and covariance estimators
joint,lwti,military_conflict,6,431,3,2,-0.0521025143005,0.0398597207359,-0.0443522683188,0.0266711157008,Matched observations; distinct regressions and covariance estimators
joint,lwti,diplomatic_tension,6,431,3,2,-0.0337572411868,0.0706284657002,-0.0362543591903,0.0530308591559,Matched observations; distinct regressions and covariance estimators
joint,lwti,nuclear_threat,6,431,3,2,0.055999827313,0.0421736435209,0.0602422778392,0.0296783100016,Matched observations; distinct regressions and covariance estimators
joint,lwti,military_conflict,7,430,3,2,-0.0416245230653,0.0388323161729,-0.0340043054404,0.0281363658398,Matched observations; distinct regressions and covariance estimators
joint,lwti,diplomatic_tension,7,430,3,2,-0.0417756428727,0.0848356758447,-0.044240152359,0.0588006381936,Matched observations; distinct regressions and covariance estimators
joint,lwti,nuclear_threat,7,430,3,2,0.0356735272326,0.0460429604956,0.039847198431,0.0338724780434,Matched observations; distinct regressions and covariance estimators
joint,lwti,military_conflict,8,429,3,2,-0.0540172503949,0.0471379494873,-0.0483884851765,0.0329751460651,Matched observations; distinct regressions and covariance estimators
joint,lwti,diplomatic_tension,8,429,3,2,-0.156280762704,0.0951858612376,-0.158353789929,0.0679396656727,Matched observations; distinct regressions and covariance estimators
joint,lwti,nuclear_threat,8,429,3,2,0.0480807602546,0.0449240017865,0.0512044584831,0.0299306111612,Matched observations; distinct regressions and covariance estimators
joint,lwti,military_conflict,9,428,3,2,-0.037204326383,0.0504356416477,-0.033051573237,0.0327484878744,Matched observations; distinct regressions and covariance estimators
joint,lwti,diplomatic_tension,9,428,3,2,-0.158295683699,0.0785353213197,-0.159902499345,0.057778898639,Matched observations; distinct regressions and covariance estimators
joint,lwti,nuclear_threat,9,428,3,2,0.042902751142,0.0467094171765,0.045278980161,0.036523871057,Matched observations; distinct regressions and covariance estimators
joint,lwti,military_conflict,10,427,3,2,-0.0202411014807,0.0503420720893,-0.0165434952208,0.0316408668024,Matched observations; distinct regressions and covariance estimators
joint,lwti,diplomatic_tension,10,427,3,2,-0.169357286077,0.0808153763626,-0.170818798071,0.0657521022965,Matched observations; distinct regressions and covariance estimators
joint,lwti,nuclear_threat,10,427,3,2,0.0484205651176,0.0431107312051,0.0505849194027,0.0341481001437,Matched observations; distinct regressions and covariance estimators
joint,lwti,military_conflict,11,426,3,2,-0.000485649617212,0.0505869746904,0.00330346676161,0.0341431245352,Matched observations; distinct regressions and covariance estimators
joint,lwti,diplomatic_tension,11,426,3,2,-0.169823933642,0.0794206525661,-0.171377544427,0.066725763687,Matched observations; distinct regressions and covariance estimators
joint,lwti,nuclear_threat,11,426,3,2,0.0969988931502,0.0437975973872,0.0992299592441,0.0345125617056,Matched observations; distinct regressions and covariance estimators
joint,lwti,military_conflict,12,425,3,2,-0.0163787099009,0.0481952999973,-0.012465910976,0.0344068119977,Matched observations; distinct regressions and covariance estimators
joint,lwti,diplomatic_tension,12,425,3,2,-0.187825957335,0.0814546408283,-0.18937339781,0.0670315136493,Matched observations; distinct regressions and covariance estimators
joint,lwti,nuclear_threat,12,425,3,2,0.0926260778176,0.0427019825997,0.0949216566301,0.0345703969962,Matched observations; distinct regressions and covariance estimators
joint,lwti,military_conflict,13,424,3,2,-0.0244596484747,0.0533226351437,-0.0202335431589,0.0369265937007,Matched observations; distinct regressions and covariance estimators
joint,lwti,diplomatic_tension,13,424,3,2,-0.174578553488,0.0888680859096,-0.17565438055,0.0671029442003,Matched observations; distinct regressions and covariance estimators
joint,lwti,nuclear_threat,13,424,3,2,0.09127084859,0.0414207366567,0.0935206660358,0.0330027544803,Matched observations; distinct regressions and covariance estimators
joint,lwti,military_conflict,14,423,3,2,0.014864094213,0.0552337629296,0.0188689785371,0.0421484317207,Matched observations; distinct regressions and covariance estimators
joint,lwti,diplomatic_tension,14,423,3,2,-0.143243521999,0.0912369826531,-0.144099561672,0.0727577912676,Matched observations; distinct regressions and covariance estimators
joint,lwti,nuclear_threat,14,423,3,2,0.095365384611,0.0410469561247,0.0973953555129,0.0346266539386,Matched observations; distinct regressions and covariance estimators
joint,lwti,military_conflict,15,422,3,2,0.00216182795746,0.0544386977677,0.00573239401245,0.0420911730302,Matched observations; distinct regressions and covariance estimators
joint,lwti,diplomatic_tension,15,422,3,2,-0.172880903807,0.0930815587748,-0.173556628883,0.0811215735918,Matched observations; distinct regressions and covariance estimators
joint,lwti,nuclear_threat,15,422,3,2,0.0973837892786,0.0409969674136,0.0992417551564,0.0342946845171,Matched observations; distinct regressions and covariance estimators
joint,lwti,military_conflict,16,421,3,2,-0.0274935117096,0.0579346575,-0.0213780592156,0.0418084501918,Matched observations; distinct regressions and covariance estimators
joint,lwti,diplomatic_tension,16,421,3,2,-0.20366099151,0.1061009146,-0.204571825874,0.081376720595,Matched observations; distinct regressions and covariance estimators
joint,lwti,nuclear_threat,16,421,3,2,0.102649593864,0.0428822133612,0.10578163037,0.0341472641821,Matched observations; distinct regressions and covariance estimators
joint,lwti,military_conflict,17,420,3,2,-0.00650403823748,0.0562586823127,-0.000213390015633,0.0441992315294,Matched observations; distinct regressions and covariance estimators
joint,lwti,diplomatic_tension,17,420,3,2,-0.189941742711,0.110635816555,-0.190405560534,0.075297545369,Matched observations; distinct regressions and covariance estimators
joint,lwti,nuclear_threat,17,420,3,2,0.108692262608,0.0433062282779,0.111852278284,0.0360158889029,Matched observations; distinct regressions and covariance estimators
joint,lwti,military_conflict,18,419,3,2,-0.0229902903455,0.0585205751335,-0.0183906414806,0.0443114893714,Matched observations; distinct regressions and covariance estimators
joint,lwti,diplomatic_tension,18,419,3,2,-0.224880168033,0.111626824923,-0.225591705518,0.0904995081215,Matched observations; distinct regressions and covariance estimators
joint,lwti,nuclear_threat,18,419,3,2,0.13610033461,0.0420892099085,0.138350076089,0.0355518677746,Matched observations; distinct regressions and covariance estimators
joint,lwti,military_conflict,19,418,3,2,-0.0120148394005,0.0623625404994,-0.008202506653,0.04695884989,Matched observations; distinct regressions and covariance estimators
joint,lwti,diplomatic_tension,19,418,3,2,-0.202674415163,0.108146781445,-0.20326349552,0.0758377861669,Matched observations; distinct regressions and covariance estimators
joint,lwti,nuclear_threat,19,418,3,2,0.150852234854,0.0416810088974,0.152716855686,0.0369695491454,Matched observations; distinct regressions and covariance estimators
joint,lwti,military_conflict,20,417,3,2,0.0193225318761,0.0642191526332,0.0207012526159,0.0469141888148,Matched observations; distinct regressions and covariance estimators
joint,lwti,diplomatic_tension,20,417,3,2,-0.133099281763,0.125770885126,-0.133379707591,0.085400270182,Matched observations; distinct regressions and covariance estimators
joint,lwti,nuclear_threat,20,417,3,2,0.152254662129,0.0444003413459,0.152939058295,0.039342849222,Matched observations; distinct regressions and covariance estimators
joint,lwti,military_conflict,21,416,3,2,0.00879373366935,0.0626596120672,0.0119217381151,0.043627709178,Matched observations; distinct regressions and covariance estimators
joint,lwti,diplomatic_tension,21,416,3,2,-0.194449772573,0.105973225492,-0.195039738395,0.0720003032186,Matched observations; distinct regressions and covariance estimators
joint,lwti,nuclear_threat,21,416,3,2,0.135139326096,0.0432532215818,0.13663334095,0.0392214294862,Matched observations; distinct regressions and covariance estimators
joint,lwti,military_conflict,22,415,3,2,0.000377550935077,0.062329506507,0.00434636468846,0.0448656168397,Matched observations; distinct regressions and covariance estimators
joint,lwti,diplomatic_tension,22,415,3,2,-0.24903659518,0.0984887518507,-0.250019416415,0.0754938155049,Matched observations; distinct regressions and covariance estimators
joint,lwti,nuclear_threat,22,415,3,2,0.138027489008,0.0440683631018,0.139857353259,0.0390635106547,Matched observations; distinct regressions and covariance estimators
joint,lwti,military_conflict,23,414,3,2,-0.0146624095741,0.061300449568,-0.0126713269379,0.0416802216007,Matched observations; distinct regressions and covariance estimators
joint,lwti,diplomatic_tension,23,414,3,2,-0.311448142101,0.109031548511,-0.311942161343,0.0867022490805,Matched observations; distinct regressions and covariance estimators
joint,lwti,nuclear_threat,23,414,3,2,0.119897391021,0.0436311056606,0.120813991919,0.0400460922396,Matched observations; distinct regressions and covariance estimators
joint,lwti,military_conflict,24,413,3,2,-0.0161406549078,0.0613432339727,-0.012531083361,0.0400844192512,Matched observations; distinct regressions and covariance estimators
joint,lwti,diplomatic_tension,24,413,3,2,-0.309666592153,0.101750202891,-0.310650387099,0.0774855753945,Matched observations; distinct regressions and covariance estimators
joint,lwti,nuclear_threat,24,413,3,2,0.106967260478,0.04398726333,0.108670974863,0.0395992987217,Matched observations; distinct regressions and covariance estimators
joint,lwti,military_conflict,25,412,3,2,0.00402295322294,0.0637304968049,0.00786343824019,0.0424469391784,Matched observations; distinct regressions and covariance estimators
joint,lwti,diplomatic_tension,25,412,3,2,-0.325646742153,0.110012993063,-0.326681046258,0.0894698095104,Matched observations; distinct regressions and covariance estimators
joint,lwti,nuclear_threat,25,412,3,2,0.124418727905,0.0484254175214,0.126223717146,0.0408135451616,Matched observations; distinct regressions and covariance estimators
joint,lwti,military_conflict,26,411,3,2,-0.00907702154122,0.0637307666842,-0.00370590446432,0.0414286864272,Matched observations; distinct regressions and covariance estimators
joint,lwti,diplomatic_tension,26,411,3,2,-0.303879859438,0.10416028284,-0.305439028906,0.0841713758795,Matched observations; distinct regressions and covariance estimators
joint,lwti,nuclear_threat,26,411,3,2,0.104887009031,0.0548260835747,0.107567620681,0.0416574779846,Matched observations; distinct regressions and covariance estimators
joint,lwti,military_conflict,27,410,3,2,-0.0179820181038,0.0640478443695,-0.0114589798016,0.0410899422145,Matched observations; distinct regressions and covariance estimators
joint,lwti,diplomatic_tension,27,410,3,2,-0.270166216799,0.101510884786,-0.27244216537,0.0781611048886,Matched observations; distinct regressions and covariance estimators
joint,lwti,nuclear_threat,27,410,3,2,0.0795119262499,0.0562768681841,0.0828218000432,0.0444911359347,Matched observations; distinct regressions and covariance estimators
joint,lwti,military_conflict,28,409,3,2,-0.0234012788619,0.0676114803031,-0.0186408211956,0.0416356047762,Matched observations; distinct regressions and covariance estimators
joint,lwti,diplomatic_tension,28,409,3,2,-0.247577713598,0.102847151639,-0.249166720897,0.0780193493313,Matched observations; distinct regressions and covariance estimators
joint,lwti,nuclear_threat,28,409,3,2,0.0798603679079,0.0535210744892,0.0822819267922,0.0439779163349,Matched observations; distinct regressions and covariance estimators
joint,lwti,military_conflict,29,408,3,2,-0.0103773016298,0.071587073939,-0.00582529726955,0.040801783489,Matched observations; distinct regressions and covariance estimators
joint,lwti,diplomatic_tension,29,408,3,2,-0.219600066179,0.105465810328,-0.220860484585,0.0796790335796,Matched observations; distinct regressions and covariance estimators
joint,lwti,nuclear_threat,29,408,3,2,0.077882575029,0.0535428216486,0.0800215098285,0.0425774085809,Matched observations; distinct regressions and covariance estimators
joint,lwti,military_conflict,30,407,3,2,-0.0282454278638,0.0689123882118,-0.0234311524264,0.0408065755018,Matched observations; distinct regressions and covariance estimators
joint,lwti,diplomatic_tension,30,407,3,2,-0.227435709025,0.106556801048,-0.228698649905,0.0822796780383,Matched observations; distinct regressions and covariance estimators
joint,lwti,nuclear_threat,30,407,3,2,0.0874987331319,0.0575601331318,0.0897391092919,0.040829614849,Matched observations; distinct regressions and covariance estimators
joint,lwti,military_conflict,31,406,3,2,-0.0184446128937,0.0666193461268,-0.0137131058065,0.0431830426804,Matched observations; distinct regressions and covariance estimators
joint,lwti,diplomatic_tension,31,406,3,2,-0.168813206968,0.110851755572,-0.170072433982,0.0856233472971,Matched observations; distinct regressions and covariance estimators
joint,lwti,nuclear_threat,31,406,3,2,0.0705807089126,0.0740975144627,0.0727854210475,0.0408208855524,Matched observations; distinct regressions and covariance estimators
joint,lwti,military_conflict,32,405,3,2,-0.0432176735138,0.0659591376805,-0.037901789664,0.0416046969873,Matched observations; distinct regressions and covariance estimators
joint,lwti,diplomatic_tension,32,405,3,2,-0.151540534444,0.113127876548,-0.153066294375,0.0865936366134,Matched observations; distinct regressions and covariance estimators
joint,lwti,nuclear_threat,32,405,3,2,0.0117658823526,0.0843590139896,0.0143416244012,0.0591449658855,Matched observations; distinct regressions and covariance estimators
joint,lwti,military_conflict,33,404,3,2,-0.0382980260637,0.0672148384792,-0.0344918066761,0.0436423756262,Matched observations; distinct regressions and covariance estimators
joint,lwti,diplomatic_tension,33,404,3,2,-0.152979933546,0.110456871657,-0.154194432006,0.091328415855,Matched observations; distinct regressions and covariance estimators
joint,lwti,nuclear_threat,33,404,3,2,0.0266981628295,0.067602448099,0.0285978535525,0.0512505293137,Matched observations; distinct regressions and covariance estimators
joint,lwti,military_conflict,34,403,3,2,-0.0125805378032,0.0728695759962,-0.0104424768791,0.0419174846506,Matched observations; distinct regressions and covariance estimators
joint,lwti,diplomatic_tension,34,403,3,2,-0.169671075089,0.114140924227,-0.17071973278,0.0895576136752,Matched observations; distinct regressions and covariance estimators
joint,lwti,nuclear_threat,34,403,3,2,0.0424182874593,0.0590070915699,0.043632664961,0.0416050332788,Matched observations; distinct regressions and covariance estimators
joint,lwti,military_conflict,35,402,3,2,-0.0210003740372,0.0828707920978,-0.0207012580514,0.0470154718467,Matched observations; distinct regressions and covariance estimators
joint,lwti,diplomatic_tension,35,402,3,2,-0.233942494616,0.117467659648,-0.234066623678,0.0940337434783,Matched observations; distinct regressions and covariance estimators
joint,lwti,nuclear_threat,35,402,3,2,0.0324879334034,0.0621586042881,0.0326343306635,0.0403939159855,Matched observations; distinct regressions and covariance estimators
joint,lwti,military_conflict,36,401,3,2,-0.028209309761,0.0883600000073,-0.0261969377593,0.0496476831091,Matched observations; distinct regressions and covariance estimators
joint,lwti,diplomatic_tension,36,401,3,2,-0.18434777022,0.114437631844,-0.185000058686,0.0920281914074,Matched observations; distinct regressions and covariance estimators
joint,lwti,nuclear_threat,36,401,3,2,0.0152182924125,0.061914881437,0.0161514637307,0.0441834692757,Matched observations; distinct regressions and covariance estimators
joint,lwti,military_conflict,37,400,3,2,-0.0121654889487,0.0899336627707,-0.00752425194096,0.0496497214278,Matched observations; distinct regressions and covariance estimators
joint,lwti,diplomatic_tension,37,400,3,2,-0.105731201419,0.119875458041,-0.107311939728,0.0876806132417,Matched observations; distinct regressions and covariance estimators
joint,lwti,nuclear_threat,37,400,3,2,0.0193689768056,0.0572479797919,0.0215093415843,0.0408185153203,Matched observations; distinct regressions and covariance estimators
joint,lwti,military_conflict,38,399,3,2,-0.045311413234,0.08632914546,-0.0400040313599,0.0497566926222,Matched observations; distinct regressions and covariance estimators
joint,lwti,diplomatic_tension,38,399,3,2,-0.172572759788,0.119646076625,-0.174900763616,0.0893173138026,Matched observations; distinct regressions and covariance estimators
joint,lwti,nuclear_threat,38,399,3,2,0.0170001594236,0.056136494157,0.0195540928926,0.0366427665809,Matched observations; distinct regressions and covariance estimators
joint,lwti,military_conflict,39,398,3,2,-0.0254031774777,0.0854727218436,-0.0213488721159,0.0494570240347,Matched observations; distinct regressions and covariance estimators
joint,lwti,diplomatic_tension,39,398,3,2,-0.200256011425,0.128081879443,-0.201800120341,0.108976372612,Matched observations; distinct regressions and covariance estimators
joint,lwti,nuclear_threat,39,398,3,2,0.0254700862667,0.0546455773033,0.0273763524236,0.0360951852512,Matched observations; distinct regressions and covariance estimators
joint,lwti,military_conflict,40,397,3,2,-0.0270573214645,0.0880913899425,-0.0234423709607,0.0507438924212,Matched observations; distinct regressions and covariance estimators
joint,lwti,diplomatic_tension,40,397,3,2,-0.22260662903,0.136248946712,-0.223965662993,0.121901231242,Matched observations; distinct regressions and covariance estimators
joint,lwti,nuclear_threat,40,397,3,2,0.0263007443209,0.0557148123752,0.028007427385,0.0343617360446,Matched observations; distinct regressions and covariance estimators
joint,lwti,military_conflict,41,396,3,2,-0.00951882063168,0.0884457797566,-0.00582246889622,0.0502001612051,Matched observations; distinct regressions and covariance estimators
joint,lwti,diplomatic_tension,41,396,3,2,-0.197437821917,0.136602821328,-0.198829392011,0.116106077375,Matched observations; distinct regressions and covariance estimators
joint,lwti,nuclear_threat,41,396,3,2,0.0204197302192,0.0576301089941,0.02216549853,0.0371527074453,Matched observations; distinct regressions and covariance estimators
joint,lwti,military_conflict,42,395,3,2,0.00581383584724,0.0903195868244,0.00850069678767,0.048710506575,Matched observations; distinct regressions and covariance estimators
joint,lwti,diplomatic_tension,42,395,3,2,-0.162686088486,0.134856421271,-0.163715353652,0.1042362396,Matched observations; distinct regressions and covariance estimators
joint,lwti,nuclear_threat,42,395,3,2,0.0193690564072,0.0608252346653,0.0206306917566,0.0369896388607,Matched observations; distinct regressions and covariance estimators
joint,lwti,military_conflict,43,394,3,2,-0.0157084125574,0.095829021828,-0.0133111443312,0.04721894621,Matched observations; distinct regressions and covariance estimators
joint,lwti,diplomatic_tension,43,394,3,2,-0.174563010842,0.140228975295,-0.17588695947,0.0973476961343,Matched observations; distinct regressions and covariance estimators
joint,lwti,nuclear_threat,43,394,3,2,0.000429447567211,0.062969481844,0.00160418226999,0.0419106487728,Matched observations; distinct regressions and covariance estimators
joint,lwti,military_conflict,44,393,3,2,0.00303815903112,0.102071072209,0.00540066164557,0.0463507169368,Matched observations; distinct regressions and covariance estimators
joint,lwti,diplomatic_tension,44,393,3,2,-0.140294438558,0.142713883659,-0.141648270795,0.102132900126,Matched observations; distinct regressions and covariance estimators
joint,lwti,nuclear_threat,44,393,3,2,0.0163866327068,0.057418354862,0.0175321536709,0.0383002647851,Matched observations; distinct regressions and covariance estimators
joint,lwti,military_conflict,45,392,3,2,0.0291457648632,0.100890937814,0.0310803694687,0.0477778134478,Matched observations; distinct regressions and covariance estimators
joint,lwti,diplomatic_tension,45,392,3,2,-0.149428764752,0.137498194436,-0.150501271217,0.0994341326951,Matched observations; distinct regressions and covariance estimators
joint,lwti,nuclear_threat,45,392,3,2,0.0112098764244,0.0562707120422,0.0121188417853,0.0407774121972,Matched observations; distinct regressions and covariance estimators
joint,lwti,military_conflict,46,391,3,2,0.0409507871305,0.0973997155189,0.043801687343,0.045660374754,Matched observations; distinct regressions and covariance estimators
joint,lwti,diplomatic_tension,46,391,3,2,-0.135466468826,0.140113512693,-0.137090240002,0.102453939339,Matched observations; distinct regressions and covariance estimators
joint,lwti,nuclear_threat,46,391,3,2,0.0200598371024,0.0547784913214,0.0214377035118,0.0394653657305,Matched observations; distinct regressions and covariance estimators
joint,lwti,military_conflict,47,390,3,2,0.0198897612362,0.0808854763936,0.0235845391112,0.0495490357571,Matched observations; distinct regressions and covariance estimators
joint,lwti,diplomatic_tension,47,390,3,2,-0.199444709831,0.124840175877,-0.201680403466,0.0970189914199,Matched observations; distinct regressions and covariance estimators
joint,lwti,nuclear_threat,47,390,3,2,0.0090138387088,0.0519856699844,0.0107777817792,0.0402012838121,Matched observations; distinct regressions and covariance estimators
joint,lwti,military_conflict,48,389,3,2,0.0179249981484,0.0718483597388,0.0192712540055,0.0460152899856,Matched observations; distinct regressions and covariance estimators
joint,lwti,diplomatic_tension,48,389,3,2,-0.209689289131,0.118112107236,-0.210355522683,0.0983714089294,Matched observations; distinct regressions and covariance estimators
joint,lwti,nuclear_threat,48,389,3,2,-0.000346287268343,0.051294222441,0.00033501870127,0.0377326980135,Matched observations; distinct regressions and covariance estimators
single,lbrent,military_conflict,0,432,3,2,0.0636325636996,0.0302818790023,0.064997107481,0.0234026579126,Matched observations; distinct regressions and covariance estimators
single,lbrent,military_conflict,1,432,3,2,0.0489913702399,0.04717346391,0.051428088797,0.0333116817062,Matched observations; distinct regressions and covariance estimators
single,lbrent,military_conflict,2,432,3,2,0.00770190656948,0.0533249034443,0.0127994860456,0.0339091602391,Matched observations; distinct regressions and covariance estimators
single,lbrent,military_conflict,3,432,3,2,-0.00772891225354,0.0506437435358,-0.00270310267758,0.0325239090119,Matched observations; distinct regressions and covariance estimators
single,lbrent,military_conflict,4,432,3,2,-0.00878020312076,0.0456250892152,-0.00341095336267,0.0303562946749,Matched observations; distinct regressions and covariance estimators
single,lbrent,military_conflict,5,432,3,2,-0.00220367158715,0.0436052095662,0.00307431588685,0.0331160829598,Matched observations; distinct regressions and covariance estimators
single,lbrent,military_conflict,6,431,3,2,-0.0444897663141,0.040251133892,-0.0385482865821,0.0299264486631,Matched observations; distinct regressions and covariance estimators
single,lbrent,military_conflict,7,430,3,2,-0.0474101173699,0.0398795698939,-0.0410096287299,0.0316561463242,Matched observations; distinct regressions and covariance estimators
single,lbrent,military_conflict,8,429,3,2,-0.0466841936182,0.0437681484752,-0.0420351651761,0.0359126018895,Matched observations; distinct regressions and covariance estimators
single,lbrent,military_conflict,9,428,3,2,-0.0278732517607,0.0449859326722,-0.0245002217918,0.0324003714026,Matched observations; distinct regressions and covariance estimators
single,lbrent,military_conflict,10,427,3,2,-0.0106148400075,0.0484598348856,-0.00841623480908,0.0326034216458,Matched observations; distinct regressions and covariance estimators
single,lbrent,military_conflict,11,426,3,2,0.0077442164234,0.052920548944,0.0106267426401,0.0387542268117,Matched observations; distinct regressions and covariance estimators
single,lbrent,military_conflict,12,425,3,2,-0.00406498170357,0.0503392810453,-0.00117452767838,0.0375228583534,Matched observations; distinct regressions and covariance estimators
single,lbrent,military_conflict,13,424,3,2,-0.00643887287249,0.0575293270872,-0.00379166563978,0.0420891554895,Matched observations; distinct regressions and covariance estimators
single,lbrent,military_conflict,14,423,3,2,0.0203129096269,0.0613368862965,0.0235154009334,0.0473979296665,Matched observations; distinct regressions and covariance estimators
single,lbrent,military_conflict,15,422,3,2,0.0139633275773,0.0559649305643,0.0169407461398,0.0458091031742,Matched observations; distinct regressions and covariance estimators
single,lbrent,military_conflict,16,421,3,2,-0.0137008341333,0.0552306369936,-0.00862359672404,0.0460712258586,Matched observations; distinct regressions and covariance estimators
single,lbrent,military_conflict,17,420,3,2,0.00790022547002,0.0562954136965,0.0132865384493,0.0496056793694,Matched observations; distinct regressions and covariance estimators
single,lbrent,military_conflict,18,419,3,2,0.00094269327963,0.0600875193487,0.00447920112554,0.0506978317861,Matched observations; distinct regressions and covariance estimators
single,lbrent,military_conflict,19,418,3,2,0.0103307589381,0.0607423700692,0.0133147535568,0.0534657909709,Matched observations; distinct regressions and covariance estimators
single,lbrent,military_conflict,20,417,3,2,0.0343063548821,0.0599505806622,0.0353970713911,0.0504635860212,Matched observations; distinct regressions and covariance estimators
single,lbrent,military_conflict,21,416,3,2,0.0191808568166,0.0605155043872,0.0227876855263,0.0495693074826,Matched observations; distinct regressions and covariance estimators
single,lbrent,military_conflict,22,415,3,2,0.00910740610546,0.0625904635901,0.0143932663201,0.0518508847141,Matched observations; distinct regressions and covariance estimators
single,lbrent,military_conflict,23,414,3,2,0.00555834966897,0.064697943197,0.00798505015822,0.0485758655324,Matched observations; distinct regressions and covariance estimators
single,lbrent,military_conflict,24,413,3,2,0.00449431800885,0.0668778983869,0.00802080883977,0.0489743627101,Matched observations; distinct regressions and covariance estimators
single,lbrent,military_conflict,25,412,3,2,0.0267530883359,0.0679756133147,0.0320650966528,0.0498617520669,Matched observations; distinct regressions and covariance estimators
single,lbrent,military_conflict,26,411,3,2,0.0114584854586,0.0669109857251,0.0181250329677,0.0481618971894,Matched observations; distinct regressions and covariance estimators
single,lbrent,military_conflict,27,410,3,2,0.00100038621251,0.0665299297455,0.0082748236458,0.0466750329799,Matched observations; distinct regressions and covariance estimators
single,lbrent,military_conflict,28,409,3,2,-0.0147861811795,0.0678335600613,-0.00910328235205,0.04673313173,Matched observations; distinct regressions and covariance estimators
single,lbrent,military_conflict,29,408,3,2,0.00493220158083,0.0718972826569,0.0107180799236,0.0454747322141,Matched observations; distinct regressions and covariance estimators
single,lbrent,military_conflict,30,407,3,2,0.0016543676767,0.0698594849393,0.00825131915703,0.0440284327019,Matched observations; distinct regressions and covariance estimators
single,lbrent,military_conflict,31,406,3,2,0.00806261292548,0.0700400432428,0.0134668998844,0.0447647304945,Matched observations; distinct regressions and covariance estimators
single,lbrent,military_conflict,32,405,3,2,-0.0159488709859,0.0716146212778,-0.0099779056681,0.0444640229241,Matched observations; distinct regressions and covariance estimators
single,lbrent,military_conflict,33,404,3,2,-0.0137168871224,0.0727678712456,-0.00891247822455,0.045061843754,Matched observations; distinct regressions and covariance estimators
single,lbrent,military_conflict,34,403,3,2,0.00283247582659,0.0811698969828,0.00523927311991,0.0444428880227,Matched observations; distinct regressions and covariance estimators
single,lbrent,military_conflict,35,402,3,2,0.00340740180874,0.0930534610804,0.00370255781794,0.0507243234856,Matched observations; distinct regressions and covariance estimators
single,lbrent,military_conflict,36,401,3,2,0.0012302529553,0.0986002291458,0.0030919069309,0.0514580781676,Matched observations; distinct regressions and covariance estimators
single,lbrent,military_conflict,37,400,3,2,0.00645555706089,0.104532733121,0.0110652032232,0.0545029631161,Matched observations; distinct regressions and covariance estimators
single,lbrent,military_conflict,38,399,3,2,-0.0184746653841,0.0986534648713,-0.0132286810479,0.0531232945222,Matched observations; distinct regressions and covariance estimators
single,lbrent,military_conflict,39,398,3,2,0.0032044481909,0.0975813408585,0.00751915163417,0.0522108837964,Matched observations; distinct regressions and covariance estimators
single,lbrent,military_conflict,40,397,3,2,0.00843320529393,0.0999811768099,0.012397720656,0.0532485894907,Matched observations; distinct regressions and covariance estimators
single,lbrent,military_conflict,41,396,3,2,0.0193732792984,0.0993755466371,0.0232858357646,0.0542545776572,Matched observations; distinct regressions and covariance estimators
single,lbrent,military_conflict,42,395,3,2,0.0331925818986,0.103750848043,0.0368081207318,0.0527385237285,Matched observations; distinct regressions and covariance estimators
single,lbrent,military_conflict,43,394,3,2,0.0155279048961,0.107688760295,0.0193065525038,0.0503463968015,Matched observations; distinct regressions and covariance estimators
single,lbrent,military_conflict,44,393,3,2,0.0240493921156,0.113743388525,0.0273616282391,0.0516546428567,Matched observations; distinct regressions and covariance estimators
single,lbrent,military_conflict,45,392,3,2,0.0590057821506,0.112814281934,0.0619071817369,0.0545668838258,Matched observations; distinct regressions and covariance estimators
single,lbrent,military_conflict,46,391,3,2,0.0687232492941,0.111565471101,0.0728493773955,0.051689724901,Matched observations; distinct regressions and covariance estimators
single,lbrent,military_conflict,47,390,3,2,0.0469909954024,0.0956425434291,0.0518456648663,0.0557457124808,Matched observations; distinct regressions and covariance estimators
single,lbrent,military_conflict,48,389,3,2,0.0470016758468,0.0882503164334,0.0494129397258,0.0522508919328,Matched observations; distinct regressions and covariance estimators
single,lbrent,diplomatic_tension,0,432,3,2,-0.0165870734068,0.0322534847057,-0.0187857987432,0.0346445270611,Matched observations; distinct regressions and covariance estimators
single,lbrent,diplomatic_tension,1,432,3,2,-0.0258780641773,0.0520962708252,-0.0297700790825,0.0527701857013,Matched observations; distinct regressions and covariance estimators
single,lbrent,diplomatic_tension,2,432,3,2,-0.0294041836722,0.0635498472641,-0.0370343862705,0.0522445707116,Matched observations; distinct regressions and covariance estimators
single,lbrent,diplomatic_tension,3,432,3,2,-0.0206140761905,0.0680812420807,-0.0281634308251,0.0561824211671,Matched observations; distinct regressions and covariance estimators
single,lbrent,diplomatic_tension,4,432,3,2,0.0199653648158,0.0663603159348,0.0118553814806,0.0571358165663,Matched observations; distinct regressions and covariance estimators
single,lbrent,diplomatic_tension,5,432,3,2,0.00347196727557,0.0661421015534,-0.00455420423171,0.0568966488591,Matched observations; distinct regressions and covariance estimators
single,lbrent,diplomatic_tension,6,431,3,2,-0.0183299422976,0.0698867523501,-0.0266047096625,0.0595757620101,Matched observations; distinct regressions and covariance estimators
single,lbrent,diplomatic_tension,7,430,3,2,-0.0136350703785,0.0818740271689,-0.0222874423583,0.0620975992171,Matched observations; distinct regressions and covariance estimators
single,lbrent,diplomatic_tension,8,429,3,2,-0.101423260559,0.0934542331207,-0.107392916429,0.0700669715107,Matched observations; distinct regressions and covariance estimators
single,lbrent,diplomatic_tension,9,428,3,2,-0.12479984504,0.078831593717,-0.129002433348,0.0619017842495,Matched observations; distinct regressions and covariance estimators
single,lbrent,diplomatic_tension,10,427,3,2,-0.156623230827,0.0794055956492,-0.159146588933,0.0679350608788,Matched observations; distinct regressions and covariance estimators
single,lbrent,diplomatic_tension,11,426,3,2,-0.165953299365,0.0790266686231,-0.169496651338,0.0720575916268,Matched observations; distinct regressions and covariance estimators
single,lbrent,diplomatic_tension,12,425,3,2,-0.180809647546,0.080713637885,-0.184265311624,0.0721156984778,Matched observations; distinct regressions and covariance estimators
single,lbrent,diplomatic_tension,13,424,3,2,-0.174896078129,0.0863938549869,-0.177397254653,0.0686960119615,Matched observations; distinct regressions and covariance estimators
single,lbrent,diplomatic_tension,14,423,3,2,-0.149203310198,0.0880310987419,-0.151784343907,0.0718327359395,Matched observations; distinct regressions and covariance estimators
single,lbrent,diplomatic_tension,15,422,3,2,-0.178670226134,0.087013893039,-0.181057371217,0.0788012498898,Matched observations; distinct regressions and covariance estimators
single,lbrent,diplomatic_tension,16,421,3,2,-0.202947833978,0.0998759724812,-0.207203921569,0.0830814683766,Matched observations; distinct regressions and covariance estimators
single,lbrent,diplomatic_tension,17,420,3,2,-0.199692605139,0.108611765464,-0.20366842714,0.0772327609918,Matched observations; distinct regressions and covariance estimators
single,lbrent,diplomatic_tension,18,419,3,2,-0.231239257423,0.113639584582,-0.233647775812,0.0878588492676,Matched observations; distinct regressions and covariance estimators
single,lbrent,diplomatic_tension,19,418,3,2,-0.218020430456,0.111322587033,-0.22007363161,0.0783269875269,Matched observations; distinct regressions and covariance estimators
single,lbrent,diplomatic_tension,20,417,3,2,-0.153981188627,0.120710955874,-0.154075201993,0.0795047215418,Matched observations; distinct regressions and covariance estimators
single,lbrent,diplomatic_tension,21,416,3,2,-0.20035399896,0.107368313622,-0.202922214802,0.0779474161616,Matched observations; distinct regressions and covariance estimators
single,lbrent,diplomatic_tension,22,415,3,2,-0.258412640255,0.100471517525,-0.262540009465,0.0812261239819,Matched observations; distinct regressions and covariance estimators
single,lbrent,diplomatic_tension,23,414,3,2,-0.304103917314,0.109863634732,-0.305138141906,0.0897059822997,Matched observations; distinct regressions and covariance estimators
single,lbrent,diplomatic_tension,24,413,3,2,-0.307917543159,0.1041689266,-0.310085783365,0.0835796954088,Matched observations; distinct regressions and covariance estimators
single,lbrent,diplomatic_tension,25,412,3,2,-0.319845557531,0.107644881585,-0.324233674712,0.0879336741031,Matched observations; distinct regressions and covariance estimators
single,lbrent,diplomatic_tension,26,411,3,2,-0.286328660834,0.102090732485,-0.292372545277,0.0865075279729,Matched observations; distinct regressions and covariance estimators
single,lbrent,diplomatic_tension,27,410,3,2,-0.262117756796,0.0977542138265,-0.269372479489,0.0800145572945,Matched observations; distinct regressions and covariance estimators
single,lbrent,diplomatic_tension,28,409,3,2,-0.240261646866,0.0979747587474,-0.245516442173,0.0808351205661,Matched observations; distinct regressions and covariance estimators
single,lbrent,diplomatic_tension,29,408,3,2,-0.21739596261,0.098078571945,-0.22263487343,0.081643644044,Matched observations; distinct regressions and covariance estimators
single,lbrent,diplomatic_tension,30,407,3,2,-0.209085468779,0.0999506917582,-0.215245649867,0.083703777943,Matched observations; distinct regressions and covariance estimators
single,lbrent,diplomatic_tension,31,406,3,2,-0.160699092382,0.102017044278,-0.165936627929,0.0843094707342,Matched observations; distinct regressions and covariance estimators
single,lbrent,diplomatic_tension,32,405,3,2,-0.151815417271,0.103157130433,-0.157647786385,0.083540024968,Matched observations; distinct regressions and covariance estimators
single,lbrent,diplomatic_tension,33,404,3,2,-0.151523645044,0.102001924358,-0.156026563798,0.0858205459103,Matched observations; distinct regressions and covariance estimators
single,lbrent,diplomatic_tension,34,403,3,2,-0.179694426039,0.103399929751,-0.181801262435,0.0858195015198,Matched observations; distinct regressions and covariance estimators
single,lbrent,diplomatic_tension,35,402,3,2,-0.237199503452,0.106299282506,-0.236377022825,0.089075067615,Matched observations; distinct regressions and covariance estimators
single,lbrent,diplomatic_tension,36,401,3,2,-0.186076364248,0.10035636051,-0.187263507184,0.0855249932902,Matched observations; distinct regressions and covariance estimators
single,lbrent,diplomatic_tension,37,400,3,2,-0.119606513831,0.105930268023,-0.124284642177,0.0855822326542,Matched observations; distinct regressions and covariance estimators
single,lbrent,diplomatic_tension,38,399,3,2,-0.149478275376,0.106649060494,-0.154796650617,0.0846238204852,Matched observations; distinct regressions and covariance estimators
single,lbrent,diplomatic_tension,39,398,3,2,-0.194903848836,0.11277771625,-0.198727493904,0.100982126559,Matched observations; distinct regressions and covariance estimators
single,lbrent,diplomatic_tension,40,397,3,2,-0.23743445791,0.119686116853,-0.24084827757,0.115193719526,Matched observations; distinct regressions and covariance estimators
single,lbrent,diplomatic_tension,41,396,3,2,-0.199147338857,0.119860610816,-0.202637093039,0.112185317286,Matched observations; distinct regressions and covariance estimators
single,lbrent,diplomatic_tension,42,395,3,2,-0.180884552145,0.114421729244,-0.18407787633,0.0975179002851,Matched observations; distinct regressions and covariance estimators
single,lbrent,diplomatic_tension,43,394,3,2,-0.187413329744,0.117720081893,-0.191237213108,0.0908622900001,Matched observations; distinct regressions and covariance estimators
single,lbrent,diplomatic_tension,44,393,3,2,-0.164590126719,0.117770030279,-0.167632465221,0.0999393535379,Matched observations; distinct regressions and covariance estimators
single,lbrent,diplomatic_tension,45,392,3,2,-0.191762375638,0.114059981609,-0.194173507909,0.0994980882596,Matched observations; distinct regressions and covariance estimators
single,lbrent,diplomatic_tension,46,391,3,2,-0.18499200002,0.11743246051,-0.189078011216,0.0998597031581,Matched observations; distinct regressions and covariance estimators
single,lbrent,diplomatic_tension,47,390,3,2,-0.243656983292,0.11289784832,-0.248391370736,0.0943413898657,Matched observations; distinct regressions and covariance estimators
single,lbrent,diplomatic_tension,48,389,3,2,-0.254957104636,0.107071155966,-0.255541586757,0.0959601488776,Matched observations; distinct regressions and covariance estimators
single,lbrent,nuclear_threat,0,432,3,2,0.0247333491122,0.0159719718578,0.0254156575625,0.0139338149661,Matched observations; distinct regressions and covariance estimators
single,lbrent,nuclear_threat,1,432,3,2,0.0310999903364,0.026051519562,0.0323661595202,0.0172954261783,Matched observations; distinct regressions and covariance estimators
single,lbrent,nuclear_threat,2,432,3,2,0.0226080687318,0.0286851642888,0.0251890993731,0.0192118882702,Matched observations; distinct regressions and covariance estimators
single,lbrent,nuclear_threat,3,432,3,2,0.0233738030294,0.0301874778014,0.0259431550664,0.0213037089583,Matched observations; distinct regressions and covariance estimators
single,lbrent,nuclear_threat,4,432,3,2,0.0427203939104,0.0310361927503,0.0454094301361,0.0212000153412,Matched observations; distinct regressions and covariance estimators
single,lbrent,nuclear_threat,5,432,3,2,0.0519877677961,0.0366382645366,0.05468544632,0.0255848171353,Matched observations; distinct regressions and covariance estimators
single,lbrent,nuclear_threat,6,431,3,2,0.0491789976286,0.04414720521,0.0519768024748,0.030396388297,Matched observations; distinct regressions and covariance estimators
single,lbrent,nuclear_threat,7,430,3,2,0.0272751435755,0.0464481647259,0.0304217737847,0.0317828072751,Matched observations; distinct regressions and covariance estimators
single,lbrent,nuclear_threat,8,429,3,2,0.045884143631,0.0467947650849,0.0482554134632,0.0286597471019,Matched observations; distinct regressions and covariance estimators
single,lbrent,nuclear_threat,9,428,3,2,0.0416150316391,0.0493845510674,0.043628891229,0.0365283637571,Matched observations; distinct regressions and covariance estimators
single,lbrent,nuclear_threat,10,427,3,2,0.042791144414,0.0455214780302,0.0443993936326,0.0361418093037,Matched observations; distinct regressions and covariance estimators
single,lbrent,nuclear_threat,11,426,3,2,0.0891810301393,0.046529603958,0.0910785985884,0.0367812328704,Matched observations; distinct regressions and covariance estimators
single,lbrent,nuclear_threat,12,425,3,2,0.0883900101636,0.0471507262534,0.0902733398645,0.038251760096,Matched observations; distinct regressions and covariance estimators
single,lbrent,nuclear_threat,13,424,3,2,0.0819649326975,0.0452918260843,0.0835390016674,0.0359623524614,Matched observations; distinct regressions and covariance estimators
single,lbrent,nuclear_threat,14,423,3,2,0.0805523209628,0.0450047030203,0.0823014211361,0.0377220902338,Matched observations; distinct regressions and covariance estimators
single,lbrent,nuclear_threat,15,422,3,2,0.0838338785131,0.0446300238453,0.0856654648716,0.0370190952797,Matched observations; distinct regressions and covariance estimators
single,lbrent,nuclear_threat,16,421,3,2,0.0951878065102,0.0474703298831,0.0978208034438,0.0386436403415,Matched observations; distinct regressions and covariance estimators
single,lbrent,nuclear_threat,17,420,3,2,0.100331570417,0.0473967478493,0.102989102003,0.0398376014133,Matched observations; distinct regressions and covariance estimators
single,lbrent,nuclear_threat,18,419,3,2,0.132217321907,0.0482058120795,0.134028077238,0.0405293235843,Matched observations; distinct regressions and covariance estimators
single,lbrent,nuclear_threat,19,418,3,2,0.140531621227,0.0492294529283,0.14207251911,0.0420915386044,Matched observations; distinct regressions and covariance estimators
single,lbrent,nuclear_threat,20,417,3,2,0.130099168538,0.0512879788793,0.130910864909,0.043392557716,Matched observations; distinct regressions and covariance estimators
single,lbrent,nuclear_threat,21,416,3,2,0.117053680686,0.051213771965,0.118720155146,0.044633609689,Matched observations; distinct regressions and covariance estimators
single,lbrent,nuclear_threat,22,415,3,2,0.123994901394,0.0506925956399,0.126138802124,0.0449374045431,Matched observations; distinct regressions and covariance estimators
single,lbrent,nuclear_threat,23,414,3,2,0.106303388541,0.0497956312408,0.107510277625,0.0447586523027,Matched observations; distinct regressions and covariance estimators
single,lbrent,nuclear_threat,24,413,3,2,0.0980116919863,0.0498097709801,0.09960244231,0.0439222418081,Matched observations; distinct regressions and covariance estimators
single,lbrent,nuclear_threat,25,412,3,2,0.115190420471,0.0541120583742,0.117365972445,0.0437631648483,Matched observations; distinct regressions and covariance estimators
single,lbrent,nuclear_threat,26,411,3,2,0.0926217020331,0.059851963665,0.0955162818873,0.0457607850158,Matched observations; distinct regressions and covariance estimators
single,lbrent,nuclear_threat,27,410,3,2,0.0722475820611,0.0607497339736,0.0755113166589,0.0492830508262,Matched observations; distinct regressions and covariance estimators
single,lbrent,nuclear_threat,28,409,3,2,0.0735101029759,0.0577698518265,0.0759329728547,0.04919640968,Matched observations; distinct regressions and covariance estimators
single,lbrent,nuclear_threat,29,408,3,2,0.0675016958971,0.0577326000011,0.0696905127319,0.0465223751272,Matched observations; distinct regressions and covariance estimators
single,lbrent,nuclear_threat,30,407,3,2,0.0865609790593,0.0621405618464,0.0888995822641,0.0435223134921,Matched observations; distinct regressions and covariance estimators
single,lbrent,nuclear_threat,31,406,3,2,0.0660078194398,0.0801781239848,0.068034256614,0.0442828191439,Matched observations; distinct regressions and covariance estimators
single,lbrent,nuclear_threat,32,405,3,2,0.0112026538929,0.0911483790042,0.0136158373134,0.0637613708166,Matched observations; distinct regressions and covariance estimators
single,lbrent,nuclear_threat,33,404,3,2,0.0198909519372,0.0759711462556,0.0217850105413,0.06000871182,Matched observations; distinct regressions and covariance estimators
single,lbrent,nuclear_threat,34,403,3,2,0.0328614145186,0.0651907527807,0.0339221807116,0.0464988724877,Matched observations; distinct regressions and covariance estimators
single,lbrent,nuclear_threat,35,402,3,2,0.0228441337161,0.0674341104532,0.0230310941829,0.0431138313518,Matched observations; distinct regressions and covariance estimators
single,lbrent,nuclear_threat,36,401,3,2,0.0144453421516,0.0678800765876,0.0152192911458,0.0480060467349,Matched observations; distinct regressions and covariance estimators
single,lbrent,nuclear_threat,37,400,3,2,0.0197572338035,0.0662579296773,0.0215225669935,0.0498685029903,Matched observations; distinct regressions and covariance estimators
single,lbrent,nuclear_threat,38,399,3,2,0.0170190972321,0.0648961099689,0.0189279734696,0.0469558682105,Matched observations; distinct regressions and covariance estimators
single,lbrent,nuclear_threat,39,398,3,2,0.0199405535988,0.0619841171785,0.0215080177047,0.0460643298242,Matched observations; distinct regressions and covariance estimators
single,lbrent,nuclear_threat,40,397,3,2,0.0288731014863,0.0621230458316,0.0303135303666,0.0423654696249,Matched observations; distinct regressions and covariance estimators
single,lbrent,nuclear_threat,41,396,3,2,0.0222473235871,0.0631555363686,0.0236538608116,0.0405971150256,Matched observations; distinct regressions and covariance estimators
single,lbrent,nuclear_threat,42,395,3,2,0.0224293014757,0.0639011181542,0.0237067890509,0.0398605446394,Matched observations; distinct regressions and covariance estimators
single,lbrent,nuclear_threat,43,394,3,2,0.0077453264964,0.0633878308101,0.00910041725625,0.0419368016893,Matched observations; distinct regressions and covariance estimators
single,lbrent,nuclear_threat,44,393,3,2,0.0185026067618,0.0592188429973,0.0196295570039,0.0399220494789,Matched observations; distinct regressions and covariance estimators
single,lbrent,nuclear_threat,45,392,3,2,0.018677821081,0.0577490498271,0.0196523933421,0.0416758041098,Matched observations; distinct regressions and covariance estimators
single,lbrent,nuclear_threat,46,391,3,2,0.0193609336178,0.0560757342197,0.0207402944214,0.0413550646769,Matched observations; distinct regressions and covariance estimators
single,lbrent,nuclear_threat,47,390,3,2,0.0236717995997,0.0539083754868,0.0251640136405,0.040715307968,Matched observations; distinct regressions and covariance estimators
single,lbrent,nuclear_threat,48,389,3,2,0.014845668432,0.0537984516515,0.0155253221949,0.0398972723684,Matched observations; distinct regressions and covariance estimators
joint,lbrent,military_conflict,0,432,3,2,0.0690836669071,0.0325074617979,0.070558614569,0.0256610216294,Matched observations; distinct regressions and covariance estimators
joint,lbrent,diplomatic_tension,0,432,3,2,0.030069170599,0.0338590010245,0.0290470461555,0.0343838034006,Matched observations; distinct regressions and covariance estimators
joint,lbrent,nuclear_threat,0,432,3,2,0.0353208633536,0.0170643524256,0.0361664492642,0.0145699689313,Matched observations; distinct regressions and covariance estimators
joint,lbrent,military_conflict,1,432,3,2,0.0540856434895,0.0513637512625,0.0567663240529,0.0351548504472,Matched observations; distinct regressions and covariance estimators
joint,lbrent,diplomatic_tension,1,432,3,2,0.0098798720267,0.0565447957413,0.00802218636093,0.0494729005919,Matched observations; distinct regressions and covariance estimators
joint,lbrent,nuclear_threat,1,432,3,2,0.0421502216347,0.0276378373581,0.043687052923,0.017938553175,Matched observations; distinct regressions and covariance estimators
joint,lbrent,military_conflict,2,432,3,2,0.00832686292862,0.0596665721842,0.0142744368602,0.0362787797811,Matched observations; distinct regressions and covariance estimators
joint,lbrent,diplomatic_tension,2,432,3,2,-0.0238570946761,0.0725083839085,-0.0279787058033,0.0525449796818,Matched observations; distinct regressions and covariance estimators
joint,lbrent,nuclear_threat,2,432,3,2,0.0299755008485,0.0299568926138,0.0333852385965,0.0194128436591,Matched observations; distinct regressions and covariance estimators
joint,lbrent,military_conflict,3,432,3,2,-0.0105932194138,0.0562762111974,-0.00453156498852,0.0345892130125,Matched observations; distinct regressions and covariance estimators
joint,lbrent,diplomatic_tension,3,432,3,2,-0.0212310680428,0.0778726710392,-0.0254317358472,0.0557804332985,Matched observations; distinct regressions and covariance estimators
joint,lbrent,nuclear_threat,3,432,3,2,0.0289595514684,0.031938804433,0.0324346914409,0.021487853463,Matched observations; distinct regressions and covariance estimators
joint,lbrent,military_conflict,4,432,3,2,-0.00395597069833,0.0496424863346,0.0024449451034,0.0330643226681,Matched observations; distinct regressions and covariance estimators
joint,lbrent,diplomatic_tension,4,432,3,2,0.0284513845749,0.0744089821134,0.0240156119227,0.0582905240037,Matched observations; distinct regressions and covariance estimators
joint,lbrent,nuclear_threat,4,432,3,2,0.0526265612068,0.0336213218213,0.0562961993621,0.0209635039311,Matched observations; distinct regressions and covariance estimators
joint,lbrent,military_conflict,5,432,3,2,0.00680817656822,0.0466007985664,0.0128558152898,0.034672906898,Matched observations; distinct regressions and covariance estimators
joint,lbrent,diplomatic_tension,5,432,3,2,0.0164212708879,0.0701621519855,0.0122303158305,0.056063164275,Matched observations; distinct regressions and covariance estimators
joint,lbrent,nuclear_threat,5,432,3,2,0.0648388148285,0.0398579562342,0.0683059196132,0.0266065009037,Matched observations; distinct regressions and covariance estimators
joint,lbrent,military_conflict,6,431,3,2,-0.0506001479704,0.0413703621061,-0.0435330130175,0.028448433407,Matched observations; distinct regressions and covariance estimators
joint,lbrent,diplomatic_tension,6,431,3,2,-0.0373268839414,0.0738264343268,-0.0416817892027,0.0564729621019,Matched observations; distinct regressions and covariance estimators
joint,lbrent,nuclear_threat,6,431,3,2,0.0560129398319,0.0465978614925,0.0596227817469,0.0312100723155,Matched observations; distinct regressions and covariance estimators
joint,lbrent,military_conflict,7,430,3,2,-0.047850669588,0.0417770410181,-0.0402137951034,0.0311838714414,Matched observations; distinct regressions and covariance estimators
joint,lbrent,diplomatic_tension,7,430,3,2,-0.0304183037764,0.0881230439032,-0.0352513044794,0.0637771027567,Matched observations; distinct regressions and covariance estimators
joint,lbrent,nuclear_threat,7,430,3,2,0.0357569342413,0.0491059578208,0.03968682752,0.0342792645497,Matched observations; distinct regressions and covariance estimators
joint,lbrent,military_conflict,8,429,3,2,-0.0567247353543,0.0501799840652,-0.0514199654403,0.0357635737034,Matched observations; distinct regressions and covariance estimators
joint,lbrent,diplomatic_tension,8,429,3,2,-0.125884668737,0.0995473112065,-0.129512415266,0.0709213647892,Matched observations; distinct regressions and covariance estimators
joint,lbrent,nuclear_threat,8,429,3,2,0.0527188535661,0.0485650934882,0.0554898715987,0.03081148971,Matched observations; distinct regressions and covariance estimators
joint,lbrent,military_conflict,9,428,3,2,-0.0411110573354,0.0532075188309,-0.0371709453264,0.0340761119576,Matched observations; distinct regressions and covariance estimators
joint,lbrent,diplomatic_tension,9,428,3,2,-0.139739983885,0.0844418608125,-0.142544117941,0.0616918594259,Matched observations; distinct regressions and covariance estimators
joint,lbrent,nuclear_threat,9,428,3,2,0.0498938298108,0.0509118277186,0.052024469593,0.038803378044,Matched observations; distinct regressions and covariance estimators
joint,lbrent,military_conflict,10,427,3,2,-0.0259057160828,0.0520558655313,-0.0231525926703,0.0325490277563,Matched observations; distinct regressions and covariance estimators
joint,lbrent,diplomatic_tension,10,427,3,2,-0.1569827218,0.0854413030027,-0.158996566844,0.0674332252904,Matched observations; distinct regressions and covariance estimators
joint,lbrent,nuclear_threat,10,427,3,2,0.0512833668018,0.0468213377656,0.0528248075405,0.0372895276284,Matched observations; distinct regressions and covariance estimators
joint,lbrent,military_conflict,11,426,3,2,-0.00331921096468,0.0529536144292,-0.00013127865277,0.0368256516121,Matched observations; distinct regressions and covariance estimators
joint,lbrent,diplomatic_tension,11,426,3,2,-0.148987938735,0.0860868534831,-0.151376246508,0.0708998460494,Matched observations; distinct regressions and covariance estimators
joint,lbrent,nuclear_threat,11,426,3,2,0.101405020564,0.0467933856894,0.10320023394,0.0354939359024,Matched observations; distinct regressions and covariance estimators
joint,lbrent,military_conflict,12,425,3,2,-0.0182704641694,0.0506508672911,-0.0150964447991,0.035979013343,Matched observations; distinct regressions and covariance estimators
joint,lbrent,diplomatic_tension,12,425,3,2,-0.172793478851,0.087653857188,-0.175138585886,0.0718279169448,Matched observations; distinct regressions and covariance estimators
joint,lbrent,nuclear_threat,12,425,3,2,0.0975898741734,0.0464822635994,0.0993731534968,0.0363503283754,Matched observations; distinct regressions and covariance estimators
joint,lbrent,military_conflict,13,424,3,2,-0.0280427180577,0.0569428174627,-0.0248543284627,0.0394010948552,Matched observations; distinct regressions and covariance estimators
joint,lbrent,diplomatic_tension,13,424,3,2,-0.172300003442,0.0961247637415,-0.174020250125,0.0704488646503,Matched observations; distinct regressions and covariance estimators
joint,lbrent,nuclear_threat,13,424,3,2,0.0904047387042,0.0448147733827,0.0919979477284,0.0353169503773,Matched observations; distinct regressions and covariance estimators
joint,lbrent,military_conflict,14,423,3,2,0.0142926236115,0.0585518703763,0.0180102758363,0.0447416198842,Matched observations; distinct regressions and covariance estimators
joint,lbrent,diplomatic_tension,14,423,3,2,-0.121192233928,0.0983477439914,-0.122840243628,0.0776103469572,Matched observations; distinct regressions and covariance estimators
joint,lbrent,nuclear_threat,14,423,3,2,0.0995378321421,0.0439022504113,0.101263166588,0.038156611506,Matched observations; distinct regressions and covariance estimators
joint,lbrent,military_conflict,15,422,3,2,-0.000657216733538,0.0585513995847,0.00297265811537,0.0449624448952,Matched observations; distinct regressions and covariance estimators
joint,lbrent,diplomatic_tension,15,422,3,2,-0.157971704269,0.0968076417944,-0.159544373873,0.0841193042629,Matched observations; distinct regressions and covariance estimators
joint,lbrent,nuclear_threat,15,422,3,2,0.0987155191196,0.0424899111015,0.100430238784,0.037149383401,Matched observations; distinct regressions and covariance estimators
joint,lbrent,military_conflict,16,421,3,2,-0.0385359245881,0.0617834184151,-0.0321752408814,0.0436755205329,Matched observations; distinct regressions and covariance estimators
joint,lbrent,diplomatic_tension,16,421,3,2,-0.204408341706,0.108304833928,-0.206721321336,0.082910632979,Matched observations; distinct regressions and covariance estimators
joint,lbrent,nuclear_threat,16,421,3,2,0.107354460821,0.0444417769322,0.110283297325,0.0368330063644,Matched observations; distinct regressions and covariance estimators
joint,lbrent,military_conflict,17,420,3,2,-0.0100725292001,0.0591683531747,-0.00363112393494,0.0474130120429,Matched observations; distinct regressions and covariance estimators
joint,lbrent,diplomatic_tension,17,420,3,2,-0.177376832468,0.113576723279,-0.17928118133,0.0774097373133,Matched observations; distinct regressions and covariance estimators
joint,lbrent,nuclear_threat,17,420,3,2,0.118023282947,0.0442002839163,0.120939695422,0.0377053598675,Matched observations; distinct regressions and covariance estimators
joint,lbrent,military_conflict,18,419,3,2,-0.0218700443972,0.0609106787721,-0.0179433984292,0.0472473351445,Matched observations; distinct regressions and covariance estimators
joint,lbrent,diplomatic_tension,18,419,3,2,-0.208972595049,0.11351117998,-0.210397021082,0.0892647529547,Matched observations; distinct regressions and covariance estimators
joint,lbrent,nuclear_threat,18,419,3,2,0.150394184704,0.0433195170183,0.152129006714,0.0375697437445,Matched observations; distinct regressions and covariance estimators
joint,lbrent,military_conflict,19,418,3,2,-0.0151317245299,0.0640373465268,-0.0120301975285,0.0496272434312,Matched observations; distinct regressions and covariance estimators
joint,lbrent,diplomatic_tension,19,418,3,2,-0.206351185723,0.110596856531,-0.207611176534,0.0757957893268,Matched observations; distinct regressions and covariance estimators
joint,lbrent,nuclear_threat,19,418,3,2,0.158853668138,0.0435844218515,0.160230438154,0.0388497109922,Matched observations; distinct regressions and covariance estimators
joint,lbrent,military_conflict,20,417,3,2,0.0165641869757,0.0654856896963,0.0172667857165,0.0483649251622,Matched observations; distinct regressions and covariance estimators
joint,lbrent,diplomatic_tension,20,417,3,2,-0.128154641712,0.126730563526,-0.128461280807,0.0848415926514,Matched observations; distinct regressions and covariance estimators
joint,lbrent,nuclear_threat,20,417,3,2,0.156890938681,0.0470611860413,0.157205552486,0.0419821099817,Matched observations; distinct regressions and covariance estimators
joint,lbrent,military_conflict,21,416,3,2,0.000847078636067,0.0665051187661,0.00405373453791,0.0457640222321,Matched observations; distinct regressions and covariance estimators
joint,lbrent,diplomatic_tension,21,416,3,2,-0.18764753851,0.110731982042,-0.189002311585,0.0746467232885,Matched observations; distinct regressions and covariance estimators
joint,lbrent,nuclear_threat,21,416,3,2,0.146124121658,0.0461641637843,0.147511720806,0.0428092833352,Matched observations; distinct regressions and covariance estimators
joint,lbrent,military_conflict,22,415,3,2,-0.0105313489875,0.0658060248339,-0.00609979811949,0.0481329101882,Matched observations; distinct regressions and covariance estimators
joint,lbrent,diplomatic_tension,22,415,3,2,-0.259642904179,0.103028783355,-0.261691080102,0.0778697475407,Matched observations; distinct regressions and covariance estimators
joint,lbrent,nuclear_threat,22,415,3,2,0.153173966544,0.0461674012207,0.155036543261,0.0415915849838,Matched observations; distinct regressions and covariance estimators
joint,lbrent,military_conflict,23,414,3,2,-0.01851334269,0.0647352533084,-0.0173211936166,0.0445025968236,Matched observations; distinct regressions and covariance estimators
joint,lbrent,diplomatic_tension,23,414,3,2,-0.308483056494,0.113587436631,-0.309030675603,0.0895229997035,Matched observations; distinct regressions and covariance estimators
joint,lbrent,nuclear_threat,23,414,3,2,0.132395256356,0.0472060185111,0.13289563369,0.0428558696178,Matched observations; distinct regressions and covariance estimators
joint,lbrent,military_conflict,24,413,3,2,-0.0190115581299,0.0654434620654,-0.016571872621,0.0428981355012,Matched observations; distinct regressions and covariance estimators
joint,lbrent,diplomatic_tension,24,413,3,2,-0.309148286957,0.10812629151,-0.310336631572,0.0819982092406,Matched observations; distinct regressions and covariance estimators
joint,lbrent,nuclear_threat,24,413,3,2,0.1235374338,0.0477105791835,0.124592699142,0.0422695769979,Matched observations; distinct regressions and covariance estimators
joint,lbrent,military_conflict,25,412,3,2,0.00124448165147,0.0684988858862,0.00541160952043,0.0453718445057,Matched observations; distinct regressions and covariance estimators
joint,lbrent,diplomatic_tension,25,412,3,2,-0.315925659701,0.115112151796,-0.31788730946,0.091891804978,Matched observations; distinct regressions and covariance estimators
joint,lbrent,nuclear_threat,25,412,3,2,0.141365958008,0.0521516178579,0.143131322397,0.0432951324947,Matched observations; distinct regressions and covariance estimators
joint,lbrent,military_conflict,26,411,3,2,-0.0120232945838,0.067244133274,-0.006323956305,0.0442858130178,Matched observations; distinct regressions and covariance estimators
joint,lbrent,diplomatic_tension,26,411,3,2,-0.291555821539,0.109565395374,-0.294429917371,0.0880267258397,Matched observations; distinct regressions and covariance estimators
joint,lbrent,nuclear_threat,26,411,3,2,0.118276727414,0.0571493595848,0.120899158776,0.0435996389071,Matched observations; distinct regressions and covariance estimators
joint,lbrent,military_conflict,27,410,3,2,-0.0230178147,0.0667665560912,-0.0163174451777,0.0439603866159,Matched observations; distinct regressions and covariance estimators
joint,lbrent,diplomatic_tension,27,410,3,2,-0.270286273824,0.106685259229,-0.274118110965,0.0816977248909,Matched observations; distinct regressions and covariance estimators
joint,lbrent,nuclear_threat,27,410,3,2,0.0935834890739,0.0579369810439,0.0967267381983,0.0463863128878,Matched observations; distinct regressions and covariance estimators
joint,lbrent,military_conflict,28,409,3,2,-0.0365177468149,0.0714202067214,-0.0317354854915,0.044636688809,Matched observations; distinct regressions and covariance estimators
joint,lbrent,diplomatic_tension,28,409,3,2,-0.257047601944,0.108596616364,-0.25975827165,0.0821625157539,Matched observations; distinct regressions and covariance estimators
joint,lbrent,nuclear_threat,28,409,3,2,0.0942104973103,0.0558796256666,0.0964556610462,0.0470255590985,Matched observations; distinct regressions and covariance estimators
joint,lbrent,military_conflict,29,408,3,2,-0.0176667861837,0.0753958496754,-0.0130070825649,0.0441245400949,Matched observations; distinct regressions and covariance estimators
joint,lbrent,diplomatic_tension,29,408,3,2,-0.226306123195,0.110645514786,-0.228583450842,0.0842422565233,Matched observations; distinct regressions and covariance estimators
joint,lbrent,nuclear_threat,29,408,3,2,0.0896115722081,0.0556773255971,0.0916165312706,0.0448883852547,Matched observations; distinct regressions and covariance estimators
joint,lbrent,military_conflict,30,407,3,2,-0.0216124992372,0.0711733322049,-0.0164104772534,0.0429373792171,Matched observations; distinct regressions and covariance estimators
joint,lbrent,diplomatic_tension,30,407,3,2,-0.225192350863,0.11110785313,-0.227645979292,0.0866968268138,Matched observations; distinct regressions and covariance estimators
joint,lbrent,nuclear_threat,30,407,3,2,0.105346216345,0.0597248403572,0.107560642689,0.043132865795,Matched observations; distinct regressions and covariance estimators
joint,lbrent,military_conflict,31,406,3,2,-0.0127776445038,0.0681362102018,-0.00856987291408,0.044599085384,Matched observations; distinct regressions and covariance estimators
joint,lbrent,diplomatic_tension,31,406,3,2,-0.175843909029,0.115747639957,-0.177797306524,0.0901989858339,Matched observations; distinct regressions and covariance estimators
joint,lbrent,nuclear_threat,31,406,3,2,0.0835001066046,0.075882542142,0.0852871531718,0.0429868269976,Matched observations; distinct regressions and covariance estimators
joint,lbrent,military_conflict,32,405,3,2,-0.0437084083216,0.0694783012482,-0.0382138241168,0.0436121285166,Matched observations; distinct regressions and covariance estimators
joint,lbrent,diplomatic_tension,32,405,3,2,-0.181610748314,0.117827867481,-0.18428266447,0.0898160004225,Matched observations; distinct regressions and covariance estimators
joint,lbrent,nuclear_threat,32,405,3,2,0.0251938632479,0.0863188866233,0.0276103946125,0.0582566412132,Matched observations; distinct regressions and covariance estimators
joint,lbrent,military_conflict,33,404,3,2,-0.0383354545618,0.0704853729473,-0.0345309548369,0.0457295324941,Matched observations; distinct regressions and covariance estimators
joint,lbrent,diplomatic_tension,33,404,3,2,-0.179453952578,0.115328307602,-0.18139650339,0.0935332571118,Matched observations; distinct regressions and covariance estimators
joint,lbrent,nuclear_threat,33,404,3,2,0.0376699268364,0.071881092619,0.0393806224423,0.0540184624868,Matched observations; distinct regressions and covariance estimators
joint,lbrent,military_conflict,34,403,3,2,-0.0135184354119,0.0749561936096,-0.0124915265006,0.0435038713492,Matched observations; distinct regressions and covariance estimators
joint,lbrent,diplomatic_tension,34,403,3,2,-0.196217299701,0.118155512135,-0.196925748381,0.0920006227994,Matched observations; distinct regressions and covariance estimators
joint,lbrent,nuclear_threat,34,403,3,2,0.0531547726541,0.0621504433517,0.0536695280927,0.0440067925031,Matched observations; distinct regressions and covariance estimators
joint,lbrent,military_conflict,35,402,3,2,-0.0246292592054,0.0856129022461,-0.0260836525938,0.048839753672,Matched observations; distinct regressions and covariance estimators
joint,lbrent,diplomatic_tension,35,402,3,2,-0.257891532257,0.121694304468,-0.257039881695,0.096177208514,Matched observations; distinct regressions and covariance estimators
joint,lbrent,nuclear_threat,35,402,3,2,0.0385393610787,0.0644669190864,0.0379197621471,0.0425816385922,Matched observations; distinct regressions and covariance estimators
joint,lbrent,military_conflict,36,401,3,2,-0.0289316520313,0.0916116417911,-0.0281611163349,0.0514087299797,Matched observations; distinct regressions and covariance estimators
joint,lbrent,diplomatic_tension,36,401,3,2,-0.20953165568,0.119305898352,-0.209918699631,0.0942917329561,Matched observations; distinct regressions and covariance estimators
joint,lbrent,nuclear_threat,36,401,3,2,0.0275949104094,0.064535359865,0.0279073193437,0.0443111514523,Matched observations; distinct regressions and covariance estimators
joint,lbrent,military_conflict,37,400,3,2,-0.0131754690912,0.0945434546147,-0.00927720185161,0.0515397842705,Matched observations; distinct regressions and covariance estimators
joint,lbrent,diplomatic_tension,37,400,3,2,-0.131022266188,0.125231561513,-0.133104386922,0.0917748821458,Matched observations; distinct regressions and covariance estimators
joint,lbrent,nuclear_threat,37,400,3,2,0.0341621155077,0.0613591755343,0.0357235917912,0.0425891647376,Matched observations; distinct regressions and covariance estimators
joint,lbrent,military_conflict,38,399,3,2,-0.0444498589749,0.0898213004011,-0.0399860729897,0.0509618872638,Matched observations; distinct regressions and covariance estimators
joint,lbrent,diplomatic_tension,38,399,3,2,-0.177565234507,0.124835928305,-0.180436788376,0.0924006539112,Matched observations; distinct regressions and covariance estimators
joint,lbrent,nuclear_threat,38,399,3,2,0.0294750745106,0.0605173601644,0.0313506163008,0.0389849734612,Matched observations; distinct regressions and covariance estimators
joint,lbrent,military_conflict,39,398,3,2,-0.0197440519643,0.0914714479611,-0.0165425209767,0.0504463340767,Matched observations; distinct regressions and covariance estimators
joint,lbrent,diplomatic_tension,39,398,3,2,-0.208881067831,0.133666155301,-0.210732070739,0.109693428605,Matched observations; distinct regressions and covariance estimators
joint,lbrent,nuclear_threat,39,398,3,2,0.0347548980348,0.0582717969225,0.0360676131853,0.0384737402285,Matched observations; distinct regressions and covariance estimators
joint,lbrent,military_conflict,40,397,3,2,-0.0249849786567,0.0946032751932,-0.0221887363728,0.0518000979102,Matched observations; distinct regressions and covariance estimators
joint,lbrent,diplomatic_tension,40,397,3,2,-0.253097531277,0.14140474345,-0.254696950307,0.122289804297,Matched observations; distinct regressions and covariance estimators
joint,lbrent,nuclear_threat,40,397,3,2,0.0375020848386,0.0589279430352,0.0386552361564,0.0366654316103,Matched observations; distinct regressions and covariance estimators
joint,lbrent,military_conflict,41,396,3,2,-0.00790836149691,0.0941358070935,-0.00515520625885,0.052875699816,Matched observations; distinct regressions and covariance estimators
joint,lbrent,diplomatic_tension,41,396,3,2,-0.2037003824,0.141496939466,-0.205255862714,0.120361601892,Matched observations; distinct regressions and covariance estimators
joint,lbrent,nuclear_threat,41,396,3,2,0.031162460891,0.0605937092649,0.0322922594973,0.038320849751,Matched observations; distinct regressions and covariance estimators
joint,lbrent,military_conflict,42,395,3,2,0.00938978970983,0.0966322736533,0.0118386600852,0.050700574626,Matched observations; distinct regressions and covariance estimators
joint,lbrent,diplomatic_tension,42,395,3,2,-0.175948000274,0.140799034277,-0.17735845086,0.10801612517,Matched observations; distinct regressions and covariance estimators
joint,lbrent,nuclear_threat,42,395,3,2,0.0292883699387,0.0631408849592,0.0302821298419,0.0378628986845,Matched observations; distinct regressions and covariance estimators
joint,lbrent,military_conflict,43,394,3,2,-0.0147013187099,0.101578475637,-0.0117902232564,0.0490851851365,Matched observations; distinct regressions and covariance estimators
joint,lbrent,diplomatic_tension,43,394,3,2,-0.194963701254,0.147312613891,-0.19725129722,0.100430274823,Matched observations; distinct regressions and covariance estimators
joint,lbrent,nuclear_threat,43,394,3,2,0.00868910984098,0.0648719878553,0.00992139060669,0.0427581877117,Matched observations; distinct regressions and covariance estimators
joint,lbrent,military_conflict,44,393,3,2,0.00112271307058,0.106607084637,0.00340214293047,0.0484845163981,Matched observations; distinct regressions and covariance estimators
joint,lbrent,diplomatic_tension,44,393,3,2,-0.160041818249,0.148160505223,-0.161925416231,0.10438614325,Matched observations; distinct regressions and covariance estimators
joint,lbrent,nuclear_threat,44,393,3,2,0.0216935690649,0.0591371376378,0.0226347544814,0.0389799143236,Matched observations; distinct regressions and covariance estimators
joint,lbrent,military_conflict,45,392,3,2,0.0308362857828,0.10297364916,0.0326819997353,0.0501102062046,Matched observations; distinct regressions and covariance estimators
joint,lbrent,diplomatic_tension,45,392,3,2,-0.165602503396,0.141635161011,-0.167091849392,0.10284281429,Matched observations; distinct regressions and covariance estimators
joint,lbrent,nuclear_threat,45,392,3,2,0.0192886736672,0.0574686391775,0.0200278503482,0.0410709264237,Matched observations; distinct regressions and covariance estimators
joint,lbrent,military_conflict,46,391,3,2,0.0481374723262,0.100805900013,0.0512176034211,0.046793829633,Matched observations; distinct regressions and covariance estimators
joint,lbrent,diplomatic_tension,46,391,3,2,-0.147219653506,0.146632873373,-0.149748204833,0.105414964309,Matched observations; distinct regressions and covariance estimators
joint,lbrent,nuclear_threat,46,391,3,2,0.0218533604296,0.0564925482908,0.0231318886972,0.0413559341817,Matched observations; distinct regressions and covariance estimators
joint,lbrent,military_conflict,47,390,3,2,0.022498432211,0.0825422793214,0.0261483520131,0.0508186802468,Matched observations; distinct regressions and covariance estimators
joint,lbrent,diplomatic_tension,47,390,3,2,-0.223026613796,0.130868673314,-0.22623460469,0.098754227811,Matched observations; distinct regressions and covariance estimators
joint,lbrent,nuclear_threat,47,390,3,2,0.0228323727571,0.052852344468,0.0243127512037,0.0407621757222,Matched observations; distinct regressions and covariance estimators
joint,lbrent,military_conflict,48,389,3,2,0.0153016938346,0.0747269955151,0.0165526674077,0.0494366050012,Matched observations; distinct regressions and covariance estimators
joint,lbrent,diplomatic_tension,48,389,3,2,-0.238385797094,0.121814118292,-0.239392658298,0.100284162496,Matched observations; distinct regressions and covariance estimators
joint,lbrent,nuclear_threat,48,389,3,2,0.00870157054723,0.0522624631578,0.00923402532131,0.0385896321573,Matched observations; distinct regressions and covariance estimators
