model,outcome,horizon,n,events,minimum_canonical_correlation,ar_joint_zero_statistic_hc3,ar_joint_zero_p_value_hc3,maximum_canonical_correlation,canonical_correlation_ratio,first_stage_rank,ar_joint_zero_statistic,ar_df
single,lwti,0,432,gpr_ai,0.858165364985,4.290966767,0.0383153727901,0.858165364985,1,1,5.28401985108,1
single,lwti,1,432,gpr_ai,0.858165364985,0.279794293118,0.596836075988,0.858165364985,1,1,0.394018364198,1
single,lwti,2,432,gpr_ai,0.858165364985,0.0711587211181,0.789657095073,0.858165364985,1,1,0.110557880906,1
single,lwti,3,432,gpr_ai,0.858165364985,0.27509885892,0.599931741916,0.858165364985,1,1,0.39314014958,1
single,lwti,4,432,gpr_ai,0.858165364985,0.41102205572,0.521451205605,0.858165364985,1,1,0.51632667901,1
single,lwti,5,432,gpr_ai,0.858165364985,0.386490015364,0.534150193093,0.858165364985,1,1,0.458623302514,1
single,lwti,6,431,gpr_ai,0.856137215537,4.50898989162,0.0337171469881,0.856137215537,1,1,5.51083711805,1
single,lwti,7,430,gpr_ai,0.856450325076,4.29533755337,0.0382170089445,0.856450325076,1,1,4.92240161757,1
single,lwti,8,429,gpr_ai,0.855557002662,4.56511496533,0.0326294841678,0.855557002662,1,1,4.81444264791,1
single,lwti,9,428,gpr_ai,0.854978144214,2.98959431295,0.0838011605193,0.854978144214,1,1,3.12040082956,1
single,lwti,10,427,gpr_ai,0.854489379678,1.70436741495,0.191717803533,0.854489379678,1,1,1.73024425584,1
single,lwti,11,426,gpr_ai,0.854401116947,1.15247675497,0.283031277677,0.854401116947,1,1,1.05773775144,1
single,lwti,12,425,gpr_ai,0.854224459943,2.71502915468,0.0994071544383,0.854224459943,1,1,2.35269313891,1
single,lwti,13,424,gpr_ai,0.854953486339,1.53272368093,0.215704128639,0.854953486339,1,1,1.42135877002,1
single,lwti,14,423,gpr_ai,0.85525409001,0.618733311154,0.431518385228,0.85525409001,1,1,0.575389197759,1
single,lwti,15,422,gpr_ai,0.854123366731,0.556992752865,0.455474452103,0.854123366731,1,1,0.420340267366,1
single,lwti,16,421,gpr_ai,0.854075604788,0.768836757077,0.380577151546,0.854075604788,1,1,0.585527512108,1
single,lwti,17,420,gpr_ai,0.854145367426,0.467885502469,0.493961547943,0.854145367426,1,1,0.367600449198,1
single,lwti,18,419,gpr_ai,0.853918597945,0.544093701391,0.46074109806,0.853918597945,1,1,0.445830872132,1
single,lwti,19,418,gpr_ai,0.853643992243,0.340353690117,0.559625136407,0.853643992243,1,1,0.257490003789,1
single,lwti,20,417,gpr_ai,0.853779385359,0.125366381425,0.723285560047,0.853779385359,1,1,0.105723156212,1
single,lwti,21,416,gpr_ai,0.853230711646,0.4526937363,0.501058510078,0.853230711646,1,1,0.44075150305,1
single,lwti,22,415,gpr_ai,0.853212392015,0.611429275811,0.434250169539,0.853212392015,1,1,0.603664435342,1
single,lwti,23,414,gpr_ai,0.853004215681,1.04641392177,0.306334440887,0.853004215681,1,1,1.09651370904,1
single,lwti,24,413,gpr_ai,0.85299672527,1.32494524255,0.249706459052,0.85299672527,1,1,1.48076433118,1
single,lwti,25,412,gpr_ai,0.852427458453,0.278086866276,0.597957902656,0.852427458453,1,1,0.308812880321,1
single,lwti,26,411,gpr_ai,0.852241345274,0.370834895195,0.542549530112,0.852241345274,1,1,0.415727832404,1
single,lwti,27,410,gpr_ai,0.852012182524,0.395709570034,0.529313373722,0.852012182524,1,1,0.460211085359,1
single,lwti,28,409,gpr_ai,0.852029945276,0.529688066814,0.466738032184,0.852029945276,1,1,0.580473063155,1
single,lwti,29,408,gpr_ai,0.851499209492,0.331048810096,0.565042162366,0.851499209492,1,1,0.359039356065,1
single,lwti,30,407,gpr_ai,0.851586296313,0.810545974979,0.367958882256,0.851586296313,1,1,0.879609519005,1
single,lwti,31,406,gpr_ai,0.851104821625,0.512638735368,0.473998793457,0.851104821625,1,1,0.551560093616,1
single,lwti,32,405,gpr_ai,0.851097298774,0.770436837044,0.380081947214,0.851097298774,1,1,0.87815840313,1
single,lwti,33,404,gpr_ai,0.851440443995,0.651755032918,0.419485907537,0.851440443995,1,1,0.68682627151,1
single,lwti,34,403,gpr_ai,0.857787532946,0.276491190636,0.599010291739,0.857787532946,1,1,0.346292952497,1
single,lwti,35,402,gpr_ai,0.851120691857,0.264691344014,0.606915302976,0.851120691857,1,1,0.353053341736,1
single,lwti,36,401,gpr_ai,0.851056098725,0.26051184608,0.609768727621,0.851056098725,1,1,0.377468323305,1
single,lwti,37,400,gpr_ai,0.851033437888,0.0962170014987,0.756417497581,0.851033437888,1,1,0.13321462876,1
single,lwti,38,399,gpr_ai,0.851014349677,0.315820468811,0.574130283185,0.851014349677,1,1,0.419286152052,1
single,lwti,39,398,gpr_ai,0.850830075109,0.198838027186,0.655660396222,0.850830075109,1,1,0.245614073938,1
single,lwti,40,397,gpr_ai,0.850816927959,0.245680978711,0.620132787428,0.850816927959,1,1,0.31260417694,1
single,lwti,41,396,gpr_ai,0.850762023814,0.157550194108,0.691422082021,0.850762023814,1,1,0.217744311728,1
single,lwti,42,395,gpr_ai,0.850826505986,0.0700862308117,0.79121126957,0.850826505986,1,1,0.104438775855,1
single,lwti,43,394,gpr_ai,0.849538131364,0.166916318494,0.682867041328,0.849538131364,1,1,0.300449632818,1
single,lwti,44,393,gpr_ai,0.849479383813,0.0947404548104,0.758234997738,0.849479383813,1,1,0.200122745298,1
single,lwti,45,392,gpr_ai,0.849228460811,0.0701394850534,0.791133798308,0.849228460811,1,1,0.130010297515,1
single,lwti,46,391,gpr_ai,0.849234107124,0.048432616846,0.825813432523,0.849234107124,1,1,0.0925377737921,1
single,lwti,47,390,gpr_ai,0.848894964744,0.136168002723,0.712120652202,0.848894964744,1,1,0.193380025729,1
single,lwti,48,389,gpr_ai,0.849006267188,0.023173610965,0.879006470708,0.849006267188,1,1,0.0329891097221,1
single,lwti,0,432,military_conflict,0.608314306709,7.87500481724,0.00501227379345,0.608314306709,1,1,13.9402694615,1
single,lwti,1,432,military_conflict,0.608314306709,1.30459057954,0.253376400949,0.608314306709,1,1,2.46372593385,1
single,lwti,2,432,military_conflict,0.608314306709,0.0922676344949,0.761313882214,0.608314306709,1,1,0.188269315607,1
single,lwti,3,432,military_conflict,0.608314306709,4.43099346066e-05,0.994688864166,0.608314306709,1,1,8.43421105199e-05,1
single,lwti,4,432,military_conflict,0.608314306709,0.0277561872137,0.867683312473,0.608314306709,1,1,0.0545255276724,1
single,lwti,5,432,military_conflict,0.608314306709,0.00358249903193,0.952271932048,0.608314306709,1,1,0.00617757614118,1
single,lwti,6,431,military_conflict,0.594888645888,1.60835520632,0.20472316359,0.594888645888,1,1,2.797796684,1
single,lwti,7,430,military_conflict,0.59492258308,1.34648698859,0.245893206338,0.59492258308,1,1,2.15692770324,1
single,lwti,8,429,military_conflict,0.594860866647,1.05390965631,0.30460837308,0.594860866647,1,1,1.65092530414,1
single,lwti,9,428,military_conflict,0.59333246563,0.322406582826,0.570164953602,0.59333246563,1,1,0.54429392073,1
single,lwti,10,427,military_conflict,0.592277208964,0.0190177860113,0.890315507376,0.592277208964,1,1,0.0356946669205,1
single,lwti,11,426,military_conflict,0.592122155154,0.0433813135048,0.835008931607,0.592122155154,1,1,0.0708240600786,1
single,lwti,12,425,military_conflict,0.591938525755,0.00100381285281,0.974724847537,0.591938525755,1,1,0.00148565715334,1
single,lwti,13,424,military_conflict,0.592968885827,0.00908326096461,0.924071663163,0.592968885827,1,1,0.0144073349894,1
single,lwti,14,423,military_conflict,0.594599376639,0.139026550218,0.709250677145,0.594599376639,1,1,0.177232106207,1
single,lwti,15,422,military_conflict,0.590436922696,0.120800832325,0.72816754024,0.590436922696,1,1,0.135116280238,1
single,lwti,16,421,military_conflict,0.589537702361,0.00867825148833,0.925778728897,0.589537702361,1,1,0.0101279936057,1
single,lwti,17,420,military_conflict,0.589548430772,0.036426097897,0.848638238536,0.589548430772,1,1,0.0377363052221,1
single,lwti,18,419,military_conflict,0.588903150495,0.001057392494,0.974059302946,0.588903150495,1,1,0.00125405880313,1
single,lwti,19,418,military_conflict,0.588899439928,0.0441639425447,0.833548893886,0.588899439928,1,1,0.0486991596736,1
single,lwti,20,417,military_conflict,0.588750684483,0.403703165248,0.525182958492,0.588750684483,1,1,0.441728677881,1
single,lwti,21,416,military_conflict,0.589194796873,0.233267973466,0.629111191778,0.589194796873,1,1,0.272039335758,1
single,lwti,22,415,military_conflict,0.590532571724,0.0848846908975,0.770783823431,0.590532571724,1,1,0.101434600522,1
single,lwti,23,414,military_conflict,0.588616949666,0.0184801367786,0.891867395842,0.588616949666,1,1,0.0276244717933,1
single,lwti,24,413,military_conflict,0.588788952627,0.00880941006705,0.92522159412,0.588788952627,1,1,0.0142928103885,1
single,lwti,25,412,military_conflict,0.587119629619,0.197927620193,0.656398836983,0.587119629619,1,1,0.320362720844,1
single,lwti,26,411,military_conflict,0.58706745608,0.0427235100004,0.836246764602,0.58706745608,1,1,0.081279729422,1
single,lwti,27,410,military_conflict,0.58711977488,0.00576645190334,0.939469094707,0.58711977488,1,1,0.011514744708,1
single,lwti,28,409,military_conflict,0.58891445175,0.00420072736272,0.948322876008,0.58891445175,1,1,0.00855620524342,1
single,lwti,29,408,military_conflict,0.586118929744,0.0137152376857,0.906771242556,0.586118929744,1,1,0.0344554424916,1
single,lwti,30,407,military_conflict,0.586445461395,0.0132618070533,0.908318366885,0.586445461395,1,1,0.0317200162645,1
single,lwti,31,406,military_conflict,0.585855266618,0.000221213979585,0.988133289866,0.585855266618,1,1,0.000484614381484,1
single,lwti,32,405,military_conflict,0.585239119022,0.0909464424829,0.762977380551,0.585239119022,1,1,0.232599823332,1
single,lwti,33,404,military_conflict,0.585016646171,0.0684685915282,0.793579698083,0.585016646171,1,1,0.164273115809,1
single,lwti,34,403,military_conflict,0.606646805299,7.68736378932e-05,0.99300442827,0.606646805299,1,1,0.000257063118857,1
single,lwti,35,402,military_conflict,0.590932779293,0.000796118921254,0.977490211602,0.590932779293,1,1,0.00274048035952,1
single,lwti,36,401,military_conflict,0.590552280185,0.000594413892166,0.980549018826,0.590552280185,1,1,0.00232771272873,1
single,lwti,37,400,military_conflict,0.590561034134,0.000527423080221,0.981677638309,0.590561034134,1,1,0.00195932012049,1
single,lwti,38,399,military_conflict,0.590257161658,0.0567688626564,0.811677758846,0.590257161658,1,1,0.200624723929,1
single,lwti,39,398,military_conflict,0.590265456418,0.00181040371551,0.966061178942,0.590265456418,1,1,0.005900350552,1
single,lwti,40,397,military_conflict,0.589288594751,2.6726418107e-08,0.999869560106,0.589288594751,1,1,8.09149222496e-08,1
single,lwti,41,396,military_conflict,0.589400175803,0.0246472241452,0.875249305418,0.589400175803,1,1,0.0680112657793,1
single,lwti,42,395,military_conflict,0.590022998393,0.0835906765289,0.772489149243,0.590022998393,1,1,0.247081365653,1
single,lwti,43,394,military_conflict,0.588401328711,0.00869891495387,0.925690674283,0.588401328711,1,1,0.0356127409849,1
single,lwti,44,393,military_conflict,0.588432992553,0.0413413932968,0.838880367462,0.588432992553,1,1,0.183580566162,1
single,lwti,45,392,military_conflict,0.587372714656,0.268773967926,0.604155393065,0.587372714656,1,1,0.947703283487,1
single,lwti,46,391,military_conflict,0.587527120075,0.342711067813,0.558268506773,0.587527120075,1,1,1.25549229341,1
single,lwti,47,390,military_conflict,0.586921654353,0.20491498438,0.650782522551,0.586921654353,1,1,0.444679044917,1
single,lwti,48,389,military_conflict,0.587303204167,0.342915293871,0.558151273326,0.587303204167,1,1,0.723228818525,1
single,lwti,0,432,diplomatic_tension,0.872967529554,0.150200173395,0.698344138813,0.872967529554,1,1,0.119667543025,1
single,lwti,1,432,diplomatic_tension,0.872967529554,0.304009634926,0.581379590513,0.872967529554,1,1,0.291171019986,1
single,lwti,2,432,diplomatic_tension,0.872967529554,0.51129536815,0.474578638177,0.872967529554,1,1,0.703575765511,1
single,lwti,3,432,diplomatic_tension,0.872967529554,0.328106557853,0.566776148193,0.872967529554,1,1,0.458101239747,1
single,lwti,4,432,diplomatic_tension,0.872967529554,0.0356102065318,0.850322725213,0.872967529554,1,1,0.0473618691801,1
single,lwti,5,432,diplomatic_tension,0.872967529554,0.0130257714991,0.909134343055,0.872967529554,1,1,0.0173881375471,1
single,lwti,6,431,diplomatic_tension,0.871496140834,0.0404329048569,0.8406365288,0.871496140834,1,1,0.0565923912964,1
single,lwti,7,430,diplomatic_tension,0.877249048545,0.124095385415,0.724634472675,0.877249048545,1,1,0.246364172764,1
single,lwti,8,429,diplomatic_tension,0.876426742723,2.22182480397,0.136072144981,0.876426742723,1,1,4.78300277749,1
single,lwti,9,428,diplomatic_tension,0.876430010436,3.92003145973,0.0477139873419,0.876430010436,1,1,7.66681368416,1
single,lwti,10,427,diplomatic_tension,0.876415622703,5.20460653496,0.0225271129767,0.876415622703,1,1,8.42876082976,1
single,lwti,11,426,diplomatic_tension,0.876437684693,6.30743031841,0.0120232979622,0.876437684693,1,1,8.71113468914,1
single,lwti,12,425,diplomatic_tension,0.876464643291,6.60787191752,0.0101528922567,0.876464643291,1,1,8.44803553123,1
single,lwti,13,424,diplomatic_tension,0.876197465259,4.83677769691,0.0278589046076,0.876197465259,1,1,7.33398181554,1
single,lwti,14,423,diplomatic_tension,0.877106635283,4.22537123662,0.0398239065886,0.877106635283,1,1,5.62646192261,1
single,lwti,15,422,diplomatic_tension,0.877619752046,5.21743749541,0.0223614788441,0.877619752046,1,1,5.85190539943,1
single,lwti,16,421,diplomatic_tension,0.880965117453,4.52282536667,0.0334455555273,0.880965117453,1,1,7.22184069735,1
single,lwti,17,420,diplomatic_tension,0.880963310961,3.99578037959,0.0456143249375,0.880963310961,1,1,8.78225404878,1
single,lwti,18,419,diplomatic_tension,0.897836182581,4.69718182699,0.0302121177068,0.897836182581,1,1,9.92477657632,1
single,lwti,19,418,diplomatic_tension,0.896704777723,3.79965751868,0.0512630672338,0.896704777723,1,1,9.18912765804,1
single,lwti,20,417,diplomatic_tension,0.896161359172,1.67784992228,0.195210392392,0.896161359172,1,1,4.01156866418,1
single,lwti,21,416,diplomatic_tension,0.896214880149,4.03914179317,0.044456424044,0.896214880149,1,1,9.11981363707,1
single,lwti,22,415,diplomatic_tension,0.895692835739,6.89107394575,0.00866272082769,0.895692835739,1,1,11.9562417828,1
single,lwti,23,414,diplomatic_tension,0.895451378504,8.37627583888,0.00380150595607,0.895451378504,1,1,15.6168959512,1
single,lwti,24,413,diplomatic_tension,0.895396276768,9.56818347784,0.00197978582894,0.895396276768,1,1,17.2046056744,1
single,lwti,25,412,diplomatic_tension,0.895085893489,9.75805153364,0.00178539037812,0.895085893489,1,1,16.3727707587,1
single,lwti,26,411,diplomatic_tension,0.895180190318,8.93291885273,0.00280076407057,0.895180190318,1,1,12.7621010153,1
single,lwti,27,410,diplomatic_tension,0.894914581779,7.53687434142,0.00604488183005,0.894914581779,1,1,11.3198086229,1
single,lwti,28,409,diplomatic_tension,0.894698225699,6.23089462883,0.0125540295598,0.894698225699,1,1,10.3879972664,1
single,lwti,29,408,diplomatic_tension,0.89482946896,5.02291425554,0.025014035551,0.89482946896,1,1,7.30194848958,1
single,lwti,30,407,diplomatic_tension,0.895033891723,4.53829115693,0.0331446641007,0.895033891723,1,1,6.6824297505,1
single,lwti,31,406,diplomatic_tension,0.894690706128,2.2935286039,0.129914273081,0.894690706128,1,1,3.63047911444,1
single,lwti,32,405,diplomatic_tension,0.894713138632,1.46322988988,0.226416909912,0.894713138632,1,1,2.53760594028,1
single,lwti,33,404,diplomatic_tension,0.894427099187,1.57794778001,0.20905654702,0.894427099187,1,1,1.99688175809,1
single,lwti,34,403,diplomatic_tension,0.894457033884,2.32337941362,0.127442885029,0.894457033884,1,1,2.85000903516,1
single,lwti,35,402,diplomatic_tension,0.893983437633,4.17830103376,0.0409447267989,0.893983437633,1,1,4.71248873254,1
single,lwti,36,401,diplomatic_tension,0.893369641686,2.63291988666,0.104669065885,0.893369641686,1,1,2.70220101593,1
single,lwti,37,400,diplomatic_tension,0.892238548248,0.81618673556,0.366297438969,0.892238548248,1,1,1.05958799697,1
single,lwti,38,399,diplomatic_tension,0.891936203277,1.8824561894,0.170055248209,0.891936203277,1,1,2.52778740422,1
single,lwti,39,398,diplomatic_tension,0.89190951829,2.64029935021,0.104183911482,0.89190951829,1,1,2.54013718532,1
single,lwti,40,397,diplomatic_tension,0.890662042693,2.95180056018,0.0857819354446,0.890662042693,1,1,2.49878968437,1
single,lwti,41,396,diplomatic_tension,0.89064233838,2.59196172461,0.107407231539,0.89064233838,1,1,2.29150329289,1
single,lwti,42,395,diplomatic_tension,0.889987127838,2.12894928698,0.144539804554,0.889987127838,1,1,2.20226359705,1
single,lwti,43,394,diplomatic_tension,0.889249621883,2.10724441942,0.146603097909,0.889249621883,1,1,2.69108941181,1
single,lwti,44,393,diplomatic_tension,0.888600279023,1.6021510151,0.205598646737,0.888600279023,1,1,1.57630011872,1
single,lwti,45,392,diplomatic_tension,0.888600228806,2.47181064115,0.115904337587,0.888600228806,1,1,2.38807194627,1
single,lwti,46,391,diplomatic_tension,0.888610980931,2.14826164879,0.142731414067,0.888610980931,1,1,2.10484357767,1
single,lwti,47,390,diplomatic_tension,0.888646800115,3.9543730972,0.0467497284169,0.888646800115,1,1,3.66802084186,1
single,lwti,48,389,diplomatic_tension,0.888098854277,4.69494368373,0.030251490295,0.888098854277,1,1,3.74306158752,1
single,lwti,0,432,terrorism,0.523245895272,0.0067493311438,0.934524003525,0.523245895272,1,1,0.0220824856212,1
single,lwti,1,432,terrorism,0.523245895272,0.0819823553617,0.77462874434,0.523245895272,1,1,0.548796911994,1
single,lwti,2,432,terrorism,0.523245895272,0.387112913397,0.533820894296,0.523245895272,1,1,2.74348696843,1
single,lwti,3,432,terrorism,0.523245895272,0.453050457831,0.500889889065,0.523245895272,1,1,2.81137163595,1
single,lwti,4,432,terrorism,0.523245895272,0.333731719097,0.563469935024,0.523245895272,1,1,2.51885937793,1
single,lwti,5,432,terrorism,0.523245895272,0.137896587036,0.710381108462,0.523245895272,1,1,0.698815356913,1
single,lwti,6,431,terrorism,0.522927420133,0.000832327949288,0.976984147901,0.522927420133,1,1,0.00174668380986,1
single,lwti,7,430,terrorism,0.522629931832,0.00716588262029,0.932538425924,0.522629931832,1,1,0.0107223576046,1
single,lwti,8,429,terrorism,0.521300805543,0.223700303321,0.63623482208,0.521300805543,1,1,0.439902314491,1
single,lwti,9,428,terrorism,0.518895004766,0.290678983926,0.589785749659,0.518895004766,1,1,0.765243262954,1
single,lwti,10,427,terrorism,0.51933164231,1.07215374998,0.300459470995,0.51933164231,1,1,1.85235978916,1
single,lwti,11,426,terrorism,0.520145028367,0.869017189139,0.351227535963,0.520145028367,1,1,1.22808064233,1
single,lwti,12,425,terrorism,0.519937521251,0.0793508733418,0.778179021655,0.519937521251,1,1,0.128365720682,1
single,lwti,13,424,terrorism,0.519232418315,0.556832354526,0.455539358037,0.519232418315,1,1,0.89456738244,1
single,lwti,14,423,terrorism,0.519302409148,0.998793133751,0.317602710488,0.519302409148,1,1,1.55947958975,1
single,lwti,15,422,terrorism,0.518749551725,3.23522309591,0.0720704867886,0.518749551725,1,1,3.05465754372,1
single,lwti,16,421,terrorism,0.517463528773,2.32247272369,0.127517175683,0.517463528773,1,1,2.57555147986,1
single,lwti,17,420,terrorism,0.520134117358,2.98427508598,0.0840769269205,0.520134117358,1,1,3.83847832882,1
single,lwti,18,419,terrorism,0.519437903795,3.65077676774,0.0560430681794,0.519437903795,1,1,4.7126368244,1
single,lwti,19,418,terrorism,0.51931519092,1.67228271441,0.195953062472,0.51931519092,1,1,2.8258725768,1
single,lwti,20,417,terrorism,0.518562877533,2.09246267686,0.148027282869,0.518562877533,1,1,2.47786513604,1
single,lwti,21,416,terrorism,0.5189869714,2.83733043345,0.0920971061351,0.5189869714,1,1,3.65093891703,1
single,lwti,22,415,terrorism,0.518406598634,3.54727215484,0.0596434268136,0.518406598634,1,1,3.62033919499,1
single,lwti,23,414,terrorism,0.518370494552,4.6048010173,0.0318825530475,0.518370494552,1,1,6.67638723317,1
single,lwti,24,413,terrorism,0.518315234931,3.21491390154,0.0729700301962,0.518315234931,1,1,5.40591580548,1
single,lwti,25,412,terrorism,0.518729881719,5.0249390376,0.0249848051398,0.518729881719,1,1,7.06921191981,1
single,lwti,26,411,terrorism,0.51977975863,5.37676944083,0.0204066318328,0.51977975863,1,1,6.52256885579,1
single,lwti,27,410,terrorism,0.520017572818,5.01601698148,0.0251138735855,0.520017572818,1,1,5.12808721203,1
single,lwti,28,409,terrorism,0.519971752743,4.91688976703,0.0265953539478,0.519971752743,1,1,5.57054501029,1
single,lwti,29,408,terrorism,0.521315093012,2.86392051756,0.0905864665444,0.521315093012,1,1,4.62919998824,1
single,lwti,30,407,terrorism,0.525630572955,4.65975110604,0.0308776671567,0.525630572955,1,1,6.82944794853,1
single,lwti,31,406,terrorism,0.526939026838,3.05194870115,0.08064033175,0.526939026838,1,1,5.16155327211,1
single,lwti,32,405,terrorism,0.527034378993,6.36391231209,0.0116464464301,0.527034378993,1,1,10.2134994471,1
single,lwti,33,404,terrorism,0.526394079648,4.01225504135,0.0451706966299,0.526394079648,1,1,7.31288586877,1
single,lwti,34,403,terrorism,0.530819256744,2.38282982225,0.12267514728,0.530819256744,1,1,8.00207282119,1
single,lwti,35,402,terrorism,0.542059996876,2.9756282534,0.0845273025707,0.542059996876,1,1,10.7834301811,1
single,lwti,36,401,terrorism,0.547346162664,1.33400325407,0.248094281519,0.547346162664,1,1,5.99316812262,1
single,lwti,37,400,terrorism,0.548753169116,2.28543927079,0.130593163358,0.548753169116,1,1,12.6495319551,1
single,lwti,38,399,terrorism,0.548733048387,4.07844907984,0.0434335079154,0.548733048387,1,1,12.6256929225,1
single,lwti,39,398,terrorism,0.548602597246,2.57737690801,0.108401163996,0.548602597246,1,1,7.49056247827,1
single,lwti,40,397,terrorism,0.548634898079,3.19654629986,0.0737939529912,0.548634898079,1,1,10.3133173264,1
single,lwti,41,396,terrorism,0.548503963568,1.76527046692,0.18396848072,0.548503963568,1,1,7.80697862167,1
single,lwti,42,395,terrorism,0.548131897642,2.03873182457,0.153337436894,0.548131897642,1,1,11.9680420337,1
single,lwti,43,394,terrorism,0.548015035582,2.80546181382,0.0939437897036,0.548015035582,1,1,13.0869317887,1
single,lwti,44,393,terrorism,0.548014974274,1.84054754462,0.174886785234,0.548014974274,1,1,7.86101816278,1
single,lwti,45,392,terrorism,0.548309019392,1.30221801071,0.253808475588,0.548309019392,1,1,6.86380371301,1
single,lwti,46,391,terrorism,0.548450175398,0.815013963252,0.366642010785,0.548450175398,1,1,4.52310375124,1
single,lwti,47,390,terrorism,0.547932633627,1.24151104014,0.265180038158,0.547932633627,1,1,7.80445153734,1
single,lwti,48,389,terrorism,0.550899707078,1.61590301744,0.203664000921,0.550899707078,1,1,9.67384023718,1
single,lwti,0,432,civil_war,0.7023492437,0.298158727126,0.585039042562,0.7023492437,1,1,0.277697184859,1
single,lwti,1,432,civil_war,0.7023492437,1.06840927384,0.301305029752,0.7023492437,1,1,1.47727362678,1
single,lwti,2,432,civil_war,0.7023492437,2.05990762495,0.151219337317,0.7023492437,1,1,3.03926819741,1
single,lwti,3,432,civil_war,0.7023492437,2.59800091843,0.10699860248,0.7023492437,1,1,3.57715966302,1
single,lwti,4,432,civil_war,0.7023492437,1.44523476739,0.229294116165,0.7023492437,1,1,2.17626048961,1
single,lwti,5,432,civil_war,0.7023492437,0.279335648779,0.597136986949,0.7023492437,1,1,0.365298484043,1
single,lwti,6,431,civil_war,0.705496911664,0.107990590577,0.742443520111,0.705496911664,1,1,0.133845975135,1
single,lwti,7,430,civil_war,0.704551367682,0.00912588398917,0.923894265531,0.704551367682,1,1,0.0133139848274,1
single,lwti,8,429,civil_war,0.702109672615,0.563965634178,0.45266682655,0.702109672615,1,1,0.742212464077,1
single,lwti,9,428,civil_war,0.702343546773,0.119055601507,0.730061031422,0.702343546773,1,1,0.163899662676,1
single,lwti,10,427,civil_war,0.702109646751,0.153826256778,0.694905342164,0.702109646751,1,1,0.252624701294,1
single,lwti,11,426,civil_war,0.702350113022,0.187942469441,0.664634627796,0.702350113022,1,1,0.319219521978,1
single,lwti,12,425,civil_war,0.702647948311,0.171760715915,0.678551721089,0.702647948311,1,1,0.327789620285,1
single,lwti,13,424,civil_war,0.702545130134,0.0344346556558,0.852785297466,0.702545130134,1,1,0.0641325400884,1
single,lwti,14,423,civil_war,0.702802007039,0.159685999778,0.689445773729,0.702802007039,1,1,0.239624631165,1
single,lwti,15,422,civil_war,0.703012677354,0.264077125395,0.607332849668,0.703012677354,1,1,0.371638180756,1
single,lwti,16,421,civil_war,0.702751952241,0.775478808309,0.378527457455,0.702751952241,1,1,1.23197596303,1
single,lwti,17,420,civil_war,0.703838176678,0.398937171845,0.527638656575,0.703838176678,1,1,0.667797325269,1
single,lwti,18,419,civil_war,0.70675482385,0.406486334885,0.523758312116,0.70675482385,1,1,0.757945227286,1
single,lwti,19,418,civil_war,0.718380403632,0.57132100134,0.449734462659,0.718380403632,1,1,0.974049996025,1
single,lwti,20,417,civil_war,0.720631988348,0.483663432972,0.486767601282,0.720631988348,1,1,0.976248634405,1
single,lwti,21,416,civil_war,0.696878491731,0.502694970088,0.478318363162,0.696878491731,1,1,1.1180882901,1
single,lwti,22,415,civil_war,0.699593385549,0.330546552702,0.565337435145,0.699593385549,1,1,0.79702280682,1
single,lwti,23,414,civil_war,0.699053650741,0.191684317335,0.661518456527,0.699053650741,1,1,0.440512929307,1
single,lwti,24,413,civil_war,0.698928728953,0.302186318568,0.582515030779,0.698928728953,1,1,0.593258431621,1
single,lwti,25,412,civil_war,0.698556209299,0.322912891506,0.569862340017,0.698556209299,1,1,0.598066983755,1
single,lwti,26,411,civil_war,0.69825469215,0.624362763241,0.429430661054,0.69825469215,1,1,1.28226738456,1
single,lwti,27,410,civil_war,0.698271349238,1.14382623721,0.284845273736,0.698271349238,1,1,2.35660163951,1
single,lwti,28,409,civil_war,0.698373137679,1.63974482934,0.200360482153,0.698373137679,1,1,3.5544941007,1
single,lwti,29,408,civil_war,0.697926017262,0.99119488788,0.319450508726,0.697926017262,1,1,2.53445789609,1
single,lwti,30,407,civil_war,0.698083362991,0.783549634869,0.37605772902,0.698083362991,1,1,1.81079909396,1
single,lwti,31,406,civil_war,0.698088193047,1.04485373265,0.306695302809,0.698088193047,1,1,2.1902357628,1
single,lwti,32,405,civil_war,0.698067991237,1.14001057619,0.285650092727,0.698067991237,1,1,1.96743813983,1
single,lwti,33,404,civil_war,0.698565498679,1.41726347906,0.233854346614,0.698565498679,1,1,2.70044799834,1
single,lwti,34,403,civil_war,0.705659940621,1.42605450349,0.232409426398,0.705659940621,1,1,2.66797518322,1
single,lwti,35,402,civil_war,0.711142973049,1.91822085409,0.166052925025,0.711142973049,1,1,3.99405401246,1
single,lwti,36,401,civil_war,0.711582637904,1.24137544446,0.265206136716,0.711582637904,1,1,3.06244648,1
single,lwti,37,400,civil_war,0.711298409903,1.77172795381,0.18316837565,0.711298409903,1,1,4.38632933297,1
single,lwti,38,399,civil_war,0.71123388005,2.11960242258,0.145424290509,0.71123388005,1,1,4.61034486584,1
single,lwti,39,398,civil_war,0.71123306137,2.11364589731,0.145991133137,0.71123306137,1,1,4.55654405068,1
single,lwti,40,397,civil_war,0.711203585285,2.25085317869,0.13354075746,0.711203585285,1,1,5.18818888627,1
single,lwti,41,396,civil_war,0.705632628743,2.34141669099,0.12597494113,0.705632628743,1,1,5.06287119475,1
single,lwti,42,395,civil_war,0.705403058726,3.0835121549,0.0790895678911,0.705403058726,1,1,6.64359537856,1
single,lwti,43,394,civil_war,0.70535813917,4.38805357907,0.0361916081922,0.70535813917,1,1,7.63251953246,1
single,lwti,44,393,civil_war,0.705313003751,4.19255260558,0.0406019190862,0.705313003751,1,1,6.57449170495,1
single,lwti,45,392,civil_war,0.705313164396,6.1899127748,0.0128480519195,0.705313164396,1,1,9.13828727671,1
single,lwti,46,391,civil_war,0.705442509517,7.80955198598,0.00519707871215,0.705442509517,1,1,10.5076449596,1
single,lwti,47,390,civil_war,0.705025144513,10.3909967988,0.00126631243277,0.705025144513,1,1,14.291765356,1
single,lwti,48,389,civil_war,0.705119102177,10.8615379784,0.000981821222713,0.705119102177,1,1,15.9944210025,1
single,lwti,0,432,nuclear_threat,0.739606432279,1.63151960331,0.20149299485,0.739606432279,1,1,2.57542288662,1
single,lwti,1,432,nuclear_threat,0.739606432279,1.07124323661,0.300664796893,0.739606432279,1,1,1.67752540119,1
single,lwti,2,432,nuclear_threat,0.739606432279,0.889083578718,0.345725770224,0.739606432279,1,1,1.52742136261,1
single,lwti,3,432,nuclear_threat,0.739606432279,0.55782590024,0.455137549065,0.739606432279,1,1,0.941615685314,1
single,lwti,4,432,nuclear_threat,0.739606432279,1.73612298823,0.187630820476,0.739606432279,1,1,3.25073473072,1
single,lwti,5,432,nuclear_threat,0.739606432279,1.69189629663,0.193351184075,0.739606432279,1,1,3.1731000419,1
single,lwti,6,431,nuclear_threat,0.739059702535,1.45939886989,0.227025791049,0.739059702535,1,1,2.82167392151,1
single,lwti,7,430,nuclear_threat,0.737758081702,0.314245192534,0.575086773997,0.737758081702,1,1,0.619065906483,1
single,lwti,8,429,nuclear_threat,0.737179662699,0.843701339392,0.358340327101,0.737179662699,1,1,2.10117794245,1
single,lwti,9,428,nuclear_threat,0.737020351343,0.507136704321,0.476380988789,0.737020351343,1,1,0.897644102657,1
single,lwti,10,427,nuclear_threat,0.736729224115,0.779874454225,0.377179538894,0.736729224115,1,1,1.21523651826,1
single,lwti,11,426,nuclear_threat,0.736872564417,3.64990306751,0.0560724747666,0.736872564417,1,1,5.18660045064,1
single,lwti,12,425,nuclear_threat,0.737268447765,3.51364135925,0.0608655417775,0.737268447765,1,1,4.43857542657,1
single,lwti,13,424,nuclear_threat,0.738095100891,3.51038486829,0.0609852869483,0.738095100891,1,1,4.90979284659,1
single,lwti,14,423,nuclear_threat,0.739065811726,3.15235210506,0.0758176022752,0.739065811726,1,1,4.27679566435,1
single,lwti,15,422,nuclear_threat,0.739941508052,3.63240573116,0.0566648519004,0.739941508052,1,1,4.94530904266,1
single,lwti,16,421,nuclear_threat,0.74019131969,3.65007760637,0.0560665989122,0.74019131969,1,1,4.95439558821,1
single,lwti,17,420,nuclear_threat,0.740099649932,3.68262139863,0.0549823422762,0.740099649932,1,1,4.36340196961,1
single,lwti,18,419,nuclear_threat,0.74032733392,6.18593262161,0.0128769818355,0.74032733392,1,1,6.8910732771,1
single,lwti,19,418,nuclear_threat,0.740323213787,7.21771841209,0.00721874051821,0.740323213787,1,1,7.24396389166,1
single,lwti,20,417,nuclear_threat,0.740315548263,6.12301167336,0.0133433280138,0.740315548263,1,1,6.72575140816,1
single,lwti,21,416,nuclear_threat,0.7401477056,4.43126826554,0.0352862786023,0.7401477056,1,1,4.9357299829,1
single,lwti,22,415,nuclear_threat,0.740192649229,4.6261419933,0.0314882931121,0.740192649229,1,1,4.67999840982,1
single,lwti,23,414,nuclear_threat,0.739904044951,3.91436222923,0.0478751773971,0.739904044951,1,1,3.54719927645,1
single,lwti,24,413,nuclear_threat,0.739426276465,2.98695092791,0.0839380800161,0.739426276465,1,1,3.02466012091,1
single,lwti,25,412,nuclear_threat,0.742896158204,3.72279912713,0.0536743200967,0.742896158204,1,1,4.58267615755,1
single,lwti,26,411,nuclear_threat,0.743906078025,1.89919820273,0.168168093116,0.743906078025,1,1,2.87510420469,1
single,lwti,27,410,nuclear_threat,0.743777362616,0.947759446685,0.330290267323,0.743777362616,1,1,1.26517653688,1
single,lwti,28,409,nuclear_threat,0.744636463325,1.06530068782,0.302009326829,0.744636463325,1,1,1.31615270407,1
single,lwti,29,408,nuclear_threat,0.744619022667,0.969721931763,0.324749538099,0.744619022667,1,1,1.29839794069,1
single,lwti,30,407,nuclear_threat,0.7447084613,1.41030071422,0.235006479391,0.7447084613,1,1,2.79949268021,1
single,lwti,31,406,nuclear_threat,0.745506262342,0.504322792441,0.477606857856,0.745506262342,1,1,1.63463813284,1
single,lwti,32,405,nuclear_threat,0.745623863146,0.000550216906757,0.981285975124,0.745623863146,1,1,0.000996564215712,1
single,lwti,33,404,nuclear_threat,0.745622538459,0.0174994065851,0.894758616187,0.745622538459,1,1,0.0245325065188,1
single,lwti,34,403,nuclear_threat,0.745827414226,0.12315799566,0.725634311048,0.745827414226,1,1,0.211651096902,1
single,lwti,35,402,nuclear_threat,0.745862606728,0.0634930423758,0.801057869483,0.745862606728,1,1,0.146166361148,1
single,lwti,36,401,nuclear_threat,0.745415501206,0.00113477124884,0.973127251223,0.745415501206,1,1,0.00184853028475,1
single,lwti,37,400,nuclear_threat,0.745262346876,0.00368037470249,0.95162513669,0.745262346876,1,1,0.00528957984853,1
single,lwti,38,399,nuclear_threat,0.745303662752,0.00385708730339,0.950478854447,0.745303662752,1,1,0.00619131987309,1
single,lwti,39,398,nuclear_threat,0.745436152511,0.0411931385736,0.839165570969,0.745436152511,1,1,0.0618479760878,1
single,lwti,40,397,nuclear_threat,0.745350174872,0.0784056164268,0.779469810406,0.745350174872,1,1,0.142602729365,1
single,lwti,41,396,nuclear_threat,0.745339468707,0.03284463691,0.856186346255,0.745339468707,1,1,0.0720729930464,1
single,lwti,42,395,nuclear_threat,0.745163192243,0.0410108529827,0.839516974435,0.745163192243,1,1,0.0964387665542,1
single,lwti,43,394,nuclear_threat,0.745158879783,0.000709286333164,0.978752906946,0.745158879783,1,1,0.00142236861323,1
single,lwti,44,393,nuclear_threat,0.745090632576,0.0452831592082,0.831484211475,0.745090632576,1,1,0.0933193203198,1
single,lwti,45,392,nuclear_threat,0.745256003179,0.0267439157276,0.870096689687,0.745256003179,1,1,0.0528184762641,1
single,lwti,46,391,nuclear_threat,0.745199409339,0.0953486961512,0.757484439738,0.745199409339,1,1,0.182385496176,1
single,lwti,47,390,nuclear_threat,0.745099182432,0.0226559968548,0.880355089621,0.745099182432,1,1,0.0396335899544,1
single,lwti,48,389,nuclear_threat,0.746864081534,0.00488818392904,0.944260877461,0.746864081534,1,1,0.00846321459066,1
single,lwti,0,432,coup,0.594117286393,0.419878393961,0.516997729545,0.594117286393,1,1,0.511225756812,1
single,lwti,1,432,coup,0.594117286393,0.0165050855934,0.897775360458,0.594117286393,1,1,0.0307048826692,1
single,lwti,2,432,coup,0.594117286393,0.137199904643,0.71108070803,0.594117286393,1,1,0.305284361317,1
single,lwti,3,432,coup,0.594117286393,0.407459293248,0.523261892767,0.594117286393,1,1,1.04347165897,1
single,lwti,4,432,coup,0.594117286393,0.132271811372,0.71608807901,0.594117286393,1,1,0.317544779514,1
single,lwti,5,432,coup,0.594117286393,0.005149309451,0.942793949405,0.594117286393,1,1,0.0135582902932,1
single,lwti,6,431,coup,0.598308527067,0.00449298232057,0.946558049453,0.598308527067,1,1,0.0107744067345,1
single,lwti,7,430,coup,0.603180005361,0.0023831919054,0.961064379947,0.603180005361,1,1,0.00441291479231,1
single,lwti,8,429,coup,0.586002141345,0.00550908706195,0.940832766303,0.586002141345,1,1,0.00935098305499,1
single,lwti,9,428,coup,0.585869363319,0.117673148464,0.731571979216,0.585869363319,1,1,0.225393856061,1
single,lwti,10,427,coup,0.58590226521,0.321186424067,0.570895518444,0.58590226521,1,1,0.553161129122,1
single,lwti,11,426,coup,0.585807954574,0.7908206357,0.373852098603,0.585807954574,1,1,1.14170645258,1
single,lwti,12,425,coup,0.58345029269,1.36765054914,0.242215962344,0.58345029269,1,1,1.91001343331,1
single,lwti,13,424,coup,0.584056210948,1.37737644597,0.240548539966,0.584056210948,1,1,1.87686282626,1
single,lwti,14,423,coup,0.583889285673,2.5456830766,0.110596070808,0.583889285673,1,1,2.59386123996,1
single,lwti,15,422,coup,0.583369046873,1.4647338187,0.226178420051,0.583369046873,1,1,1.76602939017,1
single,lwti,16,421,coup,0.584365195813,1.09004260185,0.296461769869,0.584365195813,1,1,1.71757462772,1
single,lwti,17,420,coup,0.584433562577,2.23026041746,0.135331036476,0.584433562577,1,1,3.1504024943,1
single,lwti,18,419,coup,0.584430851949,2.43985109917,0.118287453519,0.584430851949,1,1,2.96847714215,1
single,lwti,19,418,coup,0.586297487014,3.23222117548,0.0722026967354,0.586297487014,1,1,3.52770593752,1
single,lwti,20,417,coup,0.590399836027,3.0700516638,0.0797469373511,0.590399836027,1,1,3.23249484369,1
single,lwti,21,416,coup,0.574182746827,2.50373036183,0.113576985765,0.574182746827,1,1,2.814334687,1
single,lwti,22,415,coup,0.574719126594,2.30530791343,0.128932728316,0.574719126594,1,1,3.2755772203,1
single,lwti,23,414,coup,0.574375558699,2.56903285138,0.108974338004,0.574375558699,1,1,4.30248908801,1
single,lwti,24,413,coup,0.575410991572,2.33489147959,0.126503806149,0.575410991572,1,1,3.30154310544,1
single,lwti,25,412,coup,0.575222842091,2.74836480944,0.0973539459057,0.575222842091,1,1,3.88484296389,1
single,lwti,26,411,coup,0.575072287309,1.36444817539,0.242768059139,0.575072287309,1,1,2.35843702787,1
single,lwti,27,410,coup,0.575394557662,0.65697916198,0.417628442737,0.575394557662,1,1,1.63418586695,1
single,lwti,28,409,coup,0.57550873528,1.06755399649,0.301498594335,0.57550873528,1,1,3.70552420011,1
single,lwti,29,408,coup,0.57596660661,0.899873094675,0.342815741405,0.57596660661,1,1,3.35937291143,1
single,lwti,30,407,coup,0.576831029236,0.774627637419,0.378789251898,0.576831029236,1,1,2.51990812159,1
single,lwti,31,406,coup,0.577020479708,1.02079966047,0.312329402519,0.577020479708,1,1,3.02713790234,1
single,lwti,32,405,coup,0.577010767367,1.28961167441,0.256119526446,0.577010767367,1,1,2.99210233257,1
single,lwti,33,404,coup,0.576940463584,1.5497643578,0.213170231413,0.576940463584,1,1,2.68092855973,1
single,lwti,34,403,coup,0.576878643821,1.84767561863,0.174053975852,0.576878643821,1,1,2.93357013124,1
single,lwti,35,402,coup,0.577478572068,1.6276679228,0.202025911244,0.577478572068,1,1,2.95348138275,1
single,lwti,36,401,coup,0.57769514378,1.02458863129,0.311433040167,0.57769514378,1,1,2.77403437419,1
single,lwti,37,400,coup,0.573385331023,0.782386648056,0.376412210451,0.573385331023,1,1,2.13422224106,1
single,lwti,38,399,coup,0.575243176001,0.639744785955,0.423803228971,0.575243176001,1,1,1.82305735195,1
single,lwti,39,398,coup,0.566703289325,0.250108572735,0.616998638434,0.566703289325,1,1,0.83087082383,1
single,lwti,40,397,coup,0.56698081793,0.281272351508,0.595868482695,0.56698081793,1,1,0.938605722495,1
single,lwti,41,396,coup,0.567412691767,0.634923507275,0.425555069493,0.567412691767,1,1,1.81275853324,1
single,lwti,42,395,coup,0.567223838689,0.819063269898,0.365454186095,0.567223838689,1,1,1.94975841058,1
single,lwti,43,394,coup,0.567200986431,1.79015878795,0.180906817398,0.567200986431,1,1,3.58748808597,1
single,lwti,44,393,coup,0.566876838156,2.28975576321,0.13023041458,0.566876838156,1,1,3.99550041186,1
single,lwti,45,392,coup,0.567456041435,2.15328181406,0.142265509394,0.567456041435,1,1,3.53610508391,1
single,lwti,46,391,coup,0.56759531207,1.73776429265,0.187422355135,0.56759531207,1,1,3.65063752604,1
single,lwti,47,390,coup,0.567474163035,1.70667909337,0.191416808679,0.567474163035,1,1,4.33688373889,1
single,lwti,48,389,coup,0.567546473225,1.7496508836,0.185920627177,0.567546473225,1,1,4.39810154231,1
single,lwti,0,432,sanctions,0.463033737286,0.97850046879,0.322569296861,0.463033737286,1,1,1.10616752603,1
single,lwti,1,432,sanctions,0.463033737286,0.00337109357025,0.953699944453,0.463033737286,1,1,0.00541919881994,1
single,lwti,2,432,sanctions,0.463033737286,0.00819382204045,0.927874213753,0.463033737286,1,1,0.0204948424335,1
single,lwti,3,432,sanctions,0.463033737286,0.000225566187243,0.988017133137,0.463033737286,1,1,0.000452013396789,1
single,lwti,4,432,sanctions,0.463033737286,0.323253159641,0.569659142823,0.463033737286,1,1,0.557851256531,1
single,lwti,5,432,sanctions,0.463033737286,0.253978984061,0.614287183493,0.463033737286,1,1,0.438274057059,1
single,lwti,6,431,sanctions,0.462785508528,1.48271540558,0.223350154733,0.462785508528,1,1,4.36615063413,1
single,lwti,7,430,sanctions,0.462132772572,1.07789571076,0.299168777207,0.462132772572,1,1,3.3051643525,1
single,lwti,8,429,sanctions,0.461330303788,1.95302251268,0.16226151819,0.461330303788,1,1,3.06948678826,1
single,lwti,9,428,sanctions,0.460926125514,0.961498014759,0.32680974243,0.460926125514,1,1,2.32810340927,1
single,lwti,10,427,sanctions,0.457230466704,0.625868590268,0.428874804238,0.457230466704,1,1,5.27830437996,1
single,lwti,11,426,sanctions,0.453040785178,0.756652475498,0.384378156401,0.453040785178,1,1,3.63973433792,1
single,lwti,12,425,sanctions,0.451657874191,1.09854390473,0.294585878536,0.451657874191,1,1,5.87145459001,1
single,lwti,13,424,sanctions,0.452487491244,0.402129150543,0.525991718469,0.452487491244,1,1,1.83917652865,1
single,lwti,14,423,sanctions,0.450278102259,0.504541245377,0.477511505679,0.450278102259,1,1,2.35637173054,1
single,lwti,15,422,sanctions,0.480763760916,2.19689236765,0.138289282569,0.480763760916,1,1,7.99091287582,1
single,lwti,16,421,sanctions,0.595687016305,0.577800487593,0.447175753286,0.595687016305,1,1,0.863324291612,1
single,lwti,17,420,sanctions,0.587504304539,4.61325570084,0.031725746046,0.587504304539,1,1,6.06562467551,1
single,lwti,18,419,sanctions,0.584159440198,3.13579395989,0.0765910857869,0.584159440198,1,1,4.80380272219,1
single,lwti,19,418,sanctions,0.582696961746,3.08707833466,0.0789163863119,0.582696961746,1,1,3.85224237928,1
single,lwti,20,417,sanctions,0.578521811293,4.25302215664,0.0391805471608,0.578521811293,1,1,4.16207901667,1
single,lwti,21,416,sanctions,0.57769304494,4.95717543341,0.0259826145118,0.57769304494,1,1,5.35224565953,1
single,lwti,22,415,sanctions,0.577620374936,4.63593840025,0.0313090177167,0.577620374936,1,1,5.28389592342,1
single,lwti,23,414,sanctions,0.576681004429,4.24788140564,0.0392993277312,0.576681004429,1,1,6.08505946118,1
single,lwti,24,413,sanctions,0.573833106171,3.89152894017,0.0485302243923,0.573833106171,1,1,7.12401472194,1
single,lwti,25,412,sanctions,0.573908497555,3.39155588889,0.0655310847356,0.573908497555,1,1,3.90573344194,1
single,lwti,26,411,sanctions,0.573622372518,4.16132018347,0.0413571571521,0.573622372518,1,1,4.60392295727,1
single,lwti,27,410,sanctions,0.573265017459,5.56667134836,0.018305527749,0.573265017459,1,1,5.65151125461,1
single,lwti,28,409,sanctions,0.572414731991,5.58821020982,0.0180817625716,0.572414731991,1,1,5.00541462329,1
single,lwti,29,408,sanctions,0.57258176953,3.370495034,0.0663738084413,0.57258176953,1,1,3.87496296625,1
single,lwti,30,407,sanctions,0.572416305556,4.05455987202,0.0440522010255,0.572416305556,1,1,5.53500333423,1
single,lwti,31,406,sanctions,0.570760470681,3.41060390021,0.0647787359814,0.570760470681,1,1,5.35777455109,1
single,lwti,32,405,sanctions,0.57113730423,4.16867373209,0.0411780213074,0.57113730423,1,1,5.28402758875,1
single,lwti,33,404,sanctions,0.572601480301,5.20443078232,0.0225293905627,0.572601480301,1,1,5.95669183366,1
single,lwti,34,403,sanctions,0.572772664991,4.08806588099,0.0431870345917,0.572772664991,1,1,4.58481256367,1
single,lwti,35,402,sanctions,0.572827390444,3.92697514541,0.0475173411402,0.572827390444,1,1,5.2086404535,1
single,lwti,36,401,sanctions,0.572740175011,2.79308928099,0.0946715566818,0.572740175011,1,1,4.41656520177,1
single,lwti,37,400,sanctions,0.572107186945,2.67537498546,0.101911319158,0.572107186945,1,1,4.35246380403,1
single,lwti,38,399,sanctions,0.572128055718,4.4612974442,0.0346711534933,0.572128055718,1,1,6.23264350669,1
single,lwti,39,398,sanctions,0.571647198343,4.47962852423,0.034301175755,0.571647198343,1,1,6.14127693981,1
single,lwti,40,397,sanctions,0.571629684026,3.12650649248,0.0770286436998,0.571629684026,1,1,4.92599146129,1
single,lwti,41,396,sanctions,0.571599192157,2.62694057645,0.105063984222,0.571599192157,1,1,5.68037327728,1
single,lwti,42,395,sanctions,0.571414443438,2.03619834745,0.153593090616,0.571414443438,1,1,4.83793018705,1
single,lwti,43,394,sanctions,0.57129589453,1.67833938154,0.195145255839,0.57129589453,1,1,4.13777047847,1
single,lwti,44,393,sanctions,0.571043334957,1.45571816109,0.227612636777,0.571043334957,1,1,3.61396022947,1
single,lwti,45,392,sanctions,0.570662353481,1.75185764177,0.18564337126,0.570662353481,1,1,4.44596055227,1
single,lwti,46,391,sanctions,0.570985437138,1.63999645259,0.20032595485,0.570985437138,1,1,2.87113897154,1
single,lwti,47,390,sanctions,0.5714396657,4.52100964752,0.0334810675604,0.5714396657,1,1,4.94177271429,1
single,lwti,48,389,sanctions,0.568396394703,2.41776838789,0.119965722322,0.568396394703,1,1,2.64357597275,1
single,lwti,0,432,other,0.875351575877,2.42150787523,0.119679680638,0.875351575877,1,1,4.14544644236,1
single,lwti,1,432,other,0.875351575877,2.6551738199,0.103213473782,0.875351575877,1,1,5.83323643195,1
single,lwti,2,432,other,0.875351575877,1.39318869864,0.23786734207,0.875351575877,1,1,2.07097603973,1
single,lwti,3,432,other,0.875351575877,2.27343001837,0.131608338849,0.875351575877,1,1,2.97059604845,1
single,lwti,4,432,other,0.875351575877,2.49163362664,0.114452869425,0.875351575877,1,1,4.26521041218,1
single,lwti,5,432,other,0.875351575877,1.91355482888,0.166568916622,0.875351575877,1,1,2.97920530761,1
single,lwti,6,431,other,0.873913734756,1.6412425121,0.20015507575,0.873913734756,1,1,2.71822208587,1
single,lwti,7,430,other,0.874079244549,1.0078422469,0.315420325356,0.874079244549,1,1,1.56381780487,1
single,lwti,8,429,other,0.87380373056,1.49530524199,0.221395142563,0.87380373056,1,1,1.98648367051,1
single,lwti,9,428,other,0.87421355315,0.767415251643,0.381017854532,0.87421355315,1,1,1.08214650009,1
single,lwti,10,427,other,0.874921796949,0.11701391545,0.732295980065,0.874921796949,1,1,0.148091638401,1
single,lwti,11,426,other,0.873819445756,0.11523391249,0.73426231466,0.873819445756,1,1,0.153747147998,1
single,lwti,12,425,other,0.873749946605,0.227560126013,0.633338889475,0.873749946605,1,1,0.307662365823,1
single,lwti,13,424,other,0.874318716538,0.00441131882278,0.947045231111,0.874318716538,1,1,0.00608644948984,1
single,lwti,14,423,other,0.873853816385,0.188286004342,0.664347006087,0.873853816385,1,1,0.259915943019,1
single,lwti,15,422,other,0.874038670854,0.417380134116,0.518247209629,0.874038670854,1,1,0.558720169825,1
single,lwti,16,421,other,0.873795612685,0.221229789969,0.638104473558,0.873795612685,1,1,0.307634688793,1
single,lwti,17,420,other,0.87352091013,0.169952109033,0.680154373397,0.87352091013,1,1,0.267293450508,1
single,lwti,18,419,other,0.8735190666,0.151158203744,0.697430985425,0.8735190666,1,1,0.259509571541,1
single,lwti,19,418,other,0.873592588591,0.221642117691,0.63779154559,0.873592588591,1,1,0.380522854781,1
single,lwti,20,417,other,0.873405742003,0.416844683446,0.51851569968,0.873405742003,1,1,0.677519558734,1
single,lwti,21,416,other,0.873392241313,0.811711208716,0.367614814501,0.873392241313,1,1,1.18326763709,1
single,lwti,22,415,other,0.873369532376,0.873303260423,0.350042446874,0.873369532376,1,1,1.21285011398,1
single,lwti,23,414,other,0.872779975198,1.01006668899,0.314886862925,0.872779975198,1,1,1.23968561959,1
single,lwti,24,413,other,0.873065056942,1.47802662143,0.224083531096,0.873065056942,1,1,1.71264552947,1
single,lwti,25,412,other,0.873168647798,2.45398592491,0.117226854397,0.873168647798,1,1,2.75258731521,1
single,lwti,26,411,other,0.872841064032,2.70777551782,0.099860152002,0.872841064032,1,1,2.79179648047,1
single,lwti,27,410,other,0.87296971547,3.12253125539,0.0772167489911,0.87296971547,1,1,3.2545866774,1
single,lwti,28,409,other,0.872867206872,3.45098787967,0.0632139770641,0.872867206872,1,1,3.44315718467,1
single,lwti,29,408,other,0.872922285935,3.28469161646,0.0699287639367,0.872922285935,1,1,3.39425943782,1
single,lwti,30,407,other,0.873710122521,2.55935059272,0.109643614064,0.873710122521,1,1,2.93900553559,1
single,lwti,31,406,other,0.872981686063,2.70262259342,0.10018332716,0.872981686063,1,1,2.82079975785,1
single,lwti,32,405,other,0.872742428875,4.01276571645,0.0451570180472,0.872742428875,1,1,4.32182779106,1
single,lwti,33,404,other,0.872578156054,5.72553348967,0.0167199560351,0.872578156054,1,1,5.86025061188,1
single,lwti,34,403,other,0.872927676295,3.73664236778,0.0532313110192,0.872927676295,1,1,4.12094018922,1
single,lwti,35,402,other,0.872366913536,2.36624060213,0.123985312043,0.872366913536,1,1,3.10539738272,1
single,lwti,36,401,other,0.873511823619,2.58408414121,0.107942827877,0.873511823619,1,1,2.83541385441,1
single,lwti,37,400,other,0.872617416809,2.44538418903,0.117871022871,0.872617416809,1,1,2.72379041752,1
single,lwti,38,399,other,0.872677028566,1.5701614105,0.210183574544,0.872677028566,1,1,1.8585413492,1
single,lwti,39,398,other,0.872589856331,1.45018551609,0.228498187219,0.872589856331,1,1,1.81022475378,1
single,lwti,40,397,other,0.872709532602,0.272147349045,0.601894936414,0.872709532602,1,1,0.284935116195,1
single,lwti,41,396,other,0.872833053947,0.533556445612,0.465115481702,0.872833053947,1,1,0.540995862305,1
single,lwti,42,395,other,0.873542649298,0.442341984459,0.505994239875,0.873542649298,1,1,0.474875917862,1
single,lwti,43,394,other,0.873566537003,0.881395589038,0.347819723597,0.873566537003,1,1,0.906409174333,1
single,lwti,44,393,other,0.873530067242,0.758224141898,0.383884844876,0.873530067242,1,1,0.799435712328,1
single,lwti,45,392,other,0.874002917896,0.183400350428,0.668467172633,0.874002917896,1,1,0.180773402002,1
single,lwti,46,391,other,0.875514858024,0.338653401594,0.560607537199,0.875514858024,1,1,0.366147033912,1
single,lwti,47,390,other,0.874826680674,0.0800237358391,0.777265247305,0.874826680674,1,1,0.0846163822168,1
single,lwti,48,389,other,0.875571366643,0.0932891692567,0.760036576221,0.875571366643,1,1,0.09620810732,1
joint,lwti,0,432,"military_conflict,diplomatic_tension,nuclear_threat",0.577281509489,10.9949590107,0.0117531653677,0.878019214416,1.52095502798,3,20.7032184138,3
joint,lwti,1,432,"military_conflict,diplomatic_tension,nuclear_threat",0.577281509489,3.5972414564,0.308367496071,0.878019214416,1.52095502798,3,6.43823881687,3
joint,lwti,2,432,"military_conflict,diplomatic_tension,nuclear_threat",0.577281509489,2.18677898968,0.534557190625,0.878019214416,1.52095502798,3,4.4067869605,3
joint,lwti,3,432,"military_conflict,diplomatic_tension,nuclear_threat",0.577281509489,1.09273400213,0.778828407775,0.878019214416,1.52095502798,3,1.96548231078,3
joint,lwti,4,432,"military_conflict,diplomatic_tension,nuclear_threat",0.577281509489,2.77803475043,0.4271285641,0.878019214416,1.52095502798,3,5.76838779175,3
joint,lwti,5,432,"military_conflict,diplomatic_tension,nuclear_threat",0.577281509489,2.60260572145,0.457032913371,0.878019214416,1.52095502798,3,5.04125824516,3
joint,lwti,6,431,"military_conflict,diplomatic_tension,nuclear_threat",0.579496744069,3.58493554181,0.309912189529,0.875278777189,1.51041189816,3,8.3363713046,3
joint,lwti,7,430,"military_conflict,diplomatic_tension,nuclear_threat",0.581071957078,1.86453741826,0.600992559405,0.87948183752,1.5135506486,3,3.88186865017,3
joint,lwti,8,429,"military_conflict,diplomatic_tension,nuclear_threat",0.580320384224,4.40258588199,0.221145735607,0.878531360022,1.51387299827,3,12.9374952715,3
joint,lwti,9,428,"military_conflict,diplomatic_tension,nuclear_threat",0.579316453084,4.70616138391,0.194621975798,0.878553392829,1.51653450916,3,12.0716236038,3
joint,lwti,10,427,"military_conflict,diplomatic_tension,nuclear_threat",0.578435229301,6.28704965347,0.0984498607532,0.878529927663,1.51880432443,3,13.5270602423,3
joint,lwti,11,426,"military_conflict,diplomatic_tension,nuclear_threat",0.578319225682,10.2941472321,0.0162243526598,0.878546989433,1.51913847996,3,21.0530792453,3
joint,lwti,12,425,"military_conflict,diplomatic_tension,nuclear_threat",0.578112846623,10.1347136531,0.017455054701,0.878597734928,1.51976857124,3,22.0805990445,3
joint,lwti,13,424,"military_conflict,diplomatic_tension,nuclear_threat",0.578477994095,8.95690297784,0.0298694067072,0.878472186398,1.51859222886,3,22.4663423803,3
joint,lwti,14,423,"military_conflict,diplomatic_tension,nuclear_threat",0.576630331105,8.39870331879,0.0384518078572,0.879509833426,1.5252576668,3,16.1657358696,3
joint,lwti,15,422,"military_conflict,diplomatic_tension,nuclear_threat",0.573328471612,9.79794882104,0.0203640831428,0.879886122652,1.5346981115,3,15.4940226954,3
joint,lwti,16,421,"military_conflict,diplomatic_tension,nuclear_threat",0.572667944376,10.555312379,0.0143903377377,0.882930281974,1.54178401401,3,20.0904822989,3
joint,lwti,17,420,"military_conflict,diplomatic_tension,nuclear_threat",0.572338328286,10.9517920862,0.0119894306418,0.882931386958,1.54267387544,3,18.3179492029,3
joint,lwti,18,419,"military_conflict,diplomatic_tension,nuclear_threat",0.573677371534,14.900037571,0.00190409726406,0.899352184519,1.5676968086,3,20.3960248677,3
joint,lwti,19,418,"military_conflict,diplomatic_tension,nuclear_threat",0.57317356244,17.3364918597,0.000602591960795,0.898320312611,1.56727450719,3,21.7827284072,3
joint,lwti,20,417,"military_conflict,diplomatic_tension,nuclear_threat",0.572462813392,14.9477427383,0.00186185532859,0.897823709632,1.5683528932,3,17.9307613221,3
joint,lwti,21,416,"military_conflict,diplomatic_tension,nuclear_threat",0.572647174376,13.9876610477,0.00292199639887,0.897920105931,1.56801630412,3,17.2162465787,3
joint,lwti,22,415,"military_conflict,diplomatic_tension,nuclear_threat",0.574294229438,17.3523891012,0.0005980680337,0.897289357013,1.56242098739,3,20.1285005239,3
joint,lwti,23,414,"military_conflict,diplomatic_tension,nuclear_threat",0.572509803298,17.1807328057,0.000648755905774,0.897005733987,1.56679541349,3,20.3802312735,3
joint,lwti,24,413,"military_conflict,diplomatic_tension,nuclear_threat",0.573074491126,17.3902123348,0.000587439812788,0.896974672346,1.56519734561,3,22.8848562056,3
joint,lwti,25,412,"military_conflict,diplomatic_tension,nuclear_threat",0.570826410022,19.2889452064,0.000238249722488,0.89677185684,1.5710062483,3,23.3057330271,3
joint,lwti,26,411,"military_conflict,diplomatic_tension,nuclear_threat",0.571991800982,12.9226885288,0.00480681407207,0.896850631138,1.56794315862,3,17.0935019043,3
joint,lwti,27,410,"military_conflict,diplomatic_tension,nuclear_threat",0.571950421762,9.65234565453,0.0217646867959,0.896636803656,1.56768273882,3,13.8103685115,3
joint,lwti,28,409,"military_conflict,diplomatic_tension,nuclear_threat",0.574443554875,8.86401831533,0.0311545512726,0.89642385482,1.56050815996,3,15.2647638719,3
joint,lwti,29,408,"military_conflict,diplomatic_tension,nuclear_threat",0.573112965847,7.49400986916,0.057712563971,0.896448816205,1.5641747258,3,11.4713162307,3
joint,lwti,30,407,"military_conflict,diplomatic_tension,nuclear_threat",0.573557049712,6.95659665009,0.0732941272208,0.896636087067,1.56329015137,3,12.2930619063,3
joint,lwti,31,406,"military_conflict,diplomatic_tension,nuclear_threat",0.571962532567,2.91492399019,0.404929074314,0.896341483812,1.56713321726,3,6.41813818927,3
joint,lwti,32,405,"military_conflict,diplomatic_tension,nuclear_threat",0.571376258415,1.79020695377,0.617068327787,0.896379790279,1.56880825389,3,3.30377897789,3
joint,lwti,33,404,"military_conflict,diplomatic_tension,nuclear_threat",0.570666564648,1.93609322805,0.58577615854,0.896113915716,1.57029335733,3,2.48545199363,3
joint,lwti,34,403,"military_conflict,diplomatic_tension,nuclear_threat",0.58986577202,2.80970312676,0.42190509952,0.896434318036,1.51972594539,3,3.52353482259,3
joint,lwti,35,402,"military_conflict,diplomatic_tension,nuclear_threat",0.576818234428,4.404337943,0.220983496027,0.895962604052,1.55328412067,3,5.43184857521,3
joint,lwti,36,401,"military_conflict,diplomatic_tension,nuclear_threat",0.575445940906,2.89202998044,0.408573336068,0.895467476766,1.55612788815,3,3.02218989168,3
joint,lwti,37,400,"military_conflict,diplomatic_tension,nuclear_threat",0.575053343929,0.93896344252,0.816016287907,0.89440549726,1.55534352891,3,1.22537129716,3
joint,lwti,38,399,"military_conflict,diplomatic_tension,nuclear_threat",0.57467902918,2.11737004467,0.548406686042,0.894110738313,1.55584368476,3,3.20086634914,3
joint,lwti,39,398,"military_conflict,diplomatic_tension,nuclear_threat",0.574114686722,2.80367476036,0.42289534328,0.894079347506,1.55731836893,3,2.88824444694,3
joint,lwti,40,397,"military_conflict,diplomatic_tension,nuclear_threat",0.574251657739,3.20883372972,0.360534165203,0.892817125619,1.55474888681,3,2.9425940742,3
joint,lwti,41,396,"military_conflict,diplomatic_tension,nuclear_threat",0.574252042015,2.57715393413,0.461508841758,0.892803914283,1.55472484025,3,2.35470767473,3
joint,lwti,42,395,"military_conflict,diplomatic_tension,nuclear_threat",0.576865805195,2.16188781955,0.539494241246,0.89200080775,1.54628823501,3,2.38788025632,3
joint,lwti,43,394,"military_conflict,diplomatic_tension,nuclear_threat",0.572145135418,1.97372846643,0.577877326232,0.891455833038,1.55809387838,3,3.03653584896,3
joint,lwti,44,393,"military_conflict,diplomatic_tension,nuclear_threat",0.572138173291,1.53741647061,0.673661938982,0.890828136823,1.55701573223,3,1.5764538325,3
joint,lwti,45,392,"military_conflict,diplomatic_tension,nuclear_threat",0.571564281916,2.29352250859,0.513762958059,0.890828832064,1.55858030365,3,2.49277453219,3
joint,lwti,46,391,"military_conflict,diplomatic_tension,nuclear_threat",0.571820111057,2.27005665068,0.51828151559,0.89082905692,1.55788339671,3,2.57684423103,3
joint,lwti,47,390,"military_conflict,diplomatic_tension,nuclear_threat",0.570838642183,3.67723263254,0.298492593868,0.890894529139,1.56067663137,3,3.85846685847,3
joint,lwti,48,389,"military_conflict,diplomatic_tension,nuclear_threat",0.571056386387,4.37002568283,0.224180847679,0.890623817742,1.55960749056,3,4.12841942558,3
single,lbrent,0,432,gpr_ai,0.8578848889,4.30681300236,0.037960013414,0.8578848889,1,1,4.93702814548,1
single,lbrent,1,432,gpr_ai,0.8578848889,0.32264656487,0.570021480557,0.8578848889,1,1,0.41771114962,1
single,lbrent,2,432,gpr_ai,0.8578848889,0.121845538014,0.727041411035,0.8578848889,1,1,0.180556882882,1
single,lbrent,3,432,gpr_ai,0.8578848889,0.288620542699,0.591105877949,0.8578848889,1,1,0.394335395128,1
single,lbrent,4,432,gpr_ai,0.8578848889,0.254545322562,0.613892605329,0.8578848889,1,1,0.307276236522,1
single,lbrent,5,432,gpr_ai,0.8578848889,0.30384655156,0.581480966984,0.8578848889,1,1,0.354463918126,1
single,lbrent,6,431,gpr_ai,0.855756309209,3.33716451256,0.0677312343906,0.855756309209,1,1,3.93343203356,1
single,lbrent,7,430,gpr_ai,0.856028158552,2.81136750071,0.093598557974,0.856028158552,1,1,3.20026839727,1
single,lbrent,8,429,gpr_ai,0.855144408444,3.21800437156,0.0728323725192,0.855144408444,1,1,3.56904264919,1
single,lbrent,9,428,gpr_ai,0.854570171293,2.55104741697,0.11022116224,0.854570171293,1,1,3.02087544169,1
single,lbrent,10,427,gpr_ai,0.854092573698,1.47652164386,0.224319537389,0.854092573698,1,1,1.67446770184,1
single,lbrent,11,426,gpr_ai,0.854011153761,1.12668678991,0.288483157525,0.854011153761,1,1,1.09543949774,1
single,lbrent,12,425,gpr_ai,0.853839212343,2.75089767308,0.0971998433389,0.853839212343,1,1,2.55344382346,1
single,lbrent,13,424,gpr_ai,0.854558790677,1.33264354894,0.248335471681,0.854558790677,1,1,1.33704203168,1
single,lbrent,14,423,gpr_ai,0.854814868466,0.523706480175,0.469264871325,0.854814868466,1,1,0.519481547011,1
single,lbrent,15,422,gpr_ai,0.853611219652,0.569977026626,0.450268045533,0.853611219652,1,1,0.462537360152,1
single,lbrent,16,421,gpr_ai,0.853563331728,0.820193356641,0.365123638967,0.853563331728,1,1,0.645757531621,1
single,lbrent,17,420,gpr_ai,0.853632318132,0.425535409259,0.514187826256,0.853632318132,1,1,0.316780242928,1
single,lbrent,18,419,gpr_ai,0.853405036998,0.474099372302,0.49110728604,0.853405036998,1,1,0.370443988833,1
single,lbrent,19,418,gpr_ai,0.853127485717,0.487891701829,0.484869278255,0.853127485717,1,1,0.381891026374,1
single,lbrent,20,417,gpr_ai,0.853257037676,0.153847815452,0.694885037474,0.853257037676,1,1,0.133049147597,1
single,lbrent,21,416,gpr_ai,0.852717573145,0.633039761003,0.42624249708,0.852717573145,1,1,0.626869514928,1
single,lbrent,22,415,gpr_ai,0.852694404657,0.882828773396,0.347428070057,0.852694404657,1,1,0.882698131228,1
single,lbrent,23,414,gpr_ai,0.852485377278,0.917835953183,0.338043822556,0.852485377278,1,1,0.992412423078,1
single,lbrent,24,413,gpr_ai,0.852473490338,1.21825185789,0.269703998615,0.852473490338,1,1,1.42633486876,1
single,lbrent,25,412,gpr_ai,0.851909576092,0.241448061402,0.62316219928,0.851909576092,1,1,0.27494791541,1
single,lbrent,26,411,gpr_ai,0.851744447609,0.437248762141,0.508453358565,0.851744447609,1,1,0.487911993111,1
single,lbrent,27,410,gpr_ai,0.85155400468,0.552269230634,0.457391967335,0.85155400468,1,1,0.617167974485,1
single,lbrent,28,409,gpr_ai,0.851585759808,0.848347321333,0.35702029332,0.851585759808,1,1,0.917241603306,1
single,lbrent,29,408,gpr_ai,0.850994546994,0.441488716976,0.506404788959,0.850994546994,1,1,0.487280149704,1
single,lbrent,30,407,gpr_ai,0.851083309658,0.497204037587,0.480731226718,0.851083309658,1,1,0.547699126584,1
single,lbrent,31,406,gpr_ai,0.850598000426,0.445331556308,0.504560302021,0.850598000426,1,1,0.483420730126,1
single,lbrent,32,405,gpr_ai,0.850595645258,0.849081934402,0.356812183846,0.850595645258,1,1,1.01863783391,1
single,lbrent,33,404,gpr_ai,0.850951858711,0.637658201126,0.424560070761,0.850951858711,1,1,0.700384098974,1
single,lbrent,34,403,gpr_ai,0.857328329983,0.239349982146,0.624675986528,0.857328329983,1,1,0.301370867265,1
single,lbrent,35,402,gpr_ai,0.850545689572,0.242109527831,0.622686637119,0.850545689572,1,1,0.330542152625,1
single,lbrent,36,401,gpr_ai,0.850482409192,0.201201126485,0.653753073168,0.850482409192,1,1,0.29504019889,1
single,lbrent,37,400,gpr_ai,0.850463355896,0.0714785680828,0.789196027691,0.850463355896,1,1,0.0990379648817,1
single,lbrent,38,399,gpr_ai,0.850451327774,0.335879996325,0.562217075431,0.850451327774,1,1,0.455464303683,1
single,lbrent,39,398,gpr_ai,0.850242636314,0.18513833482,0.666994123664,0.850242636314,1,1,0.239454989491,1
single,lbrent,40,397,gpr_ai,0.850226773283,0.215940468964,0.642150640133,0.850226773283,1,1,0.282274274018,1
single,lbrent,41,396,gpr_ai,0.850164796739,0.141003485184,0.707285443277,0.850164796739,1,1,0.191100378416,1
single,lbrent,42,395,gpr_ai,0.850217244016,0.0422079881463,0.837223818428,0.850217244016,1,1,0.0621544806107,1
single,lbrent,43,394,gpr_ai,0.848955842226,0.110079596992,0.740053533968,0.848955842226,1,1,0.195621304973,1
single,lbrent,44,393,gpr_ai,0.848911591784,0.0572812320842,0.810845844232,0.848911591784,1,1,0.114478507905,1
single,lbrent,45,392,gpr_ai,0.848667943056,0.0537980924903,0.816581386366,0.848667943056,1,1,0.0908394880089,1
single,lbrent,46,391,gpr_ai,0.848671533071,0.0376182525255,0.846211701895,0.848671533071,1,1,0.0654395051863,1
single,lbrent,47,390,gpr_ai,0.848335690988,0.153876265555,0.694858244715,0.848335690988,1,1,0.204200593066,1
single,lbrent,48,389,gpr_ai,0.848455895242,0.042439599962,0.836784086091,0.848455895242,1,1,0.0564935972085,1
single,lbrent,0,432,military_conflict,0.60756684627,5.05539656042,0.0245493634844,0.60756684627,1,1,7.13373979524,1
single,lbrent,1,432,military_conflict,0.60756684627,1.03610898799,0.308728148249,0.60756684627,1,1,1.68134088707,1
single,lbrent,2,432,military_conflict,0.60756684627,0.0206357039679,0.88577580726,0.60756684627,1,1,0.04345236133,1
single,lbrent,3,432,military_conflict,0.60756684627,0.0235025853194,0.878157340456,0.60756684627,1,1,0.0481100084868,1
single,lbrent,4,432,military_conflict,0.60756684627,0.037145302546,0.847169513688,0.60756684627,1,1,0.0805187859401,1
single,lbrent,5,432,military_conflict,0.60756684627,0.00255143683898,0.959714586599,0.60756684627,1,1,0.00452034388932,1
single,lbrent,6,431,military_conflict,0.594043086022,1.16762580392,0.27988961141,0.594043086022,1,1,2.12883996667,1
single,lbrent,7,430,military_conflict,0.594060419503,1.31133999836,0.252152184633,0.594060419503,1,1,2.22829730861,1
single,lbrent,8,429,military_conflict,0.59399315212,1.03381003453,0.309265477026,0.59399315212,1,1,1.68869087154,1
single,lbrent,9,428,military_conflict,0.592484675149,0.361090808266,0.547901051798,0.592484675149,1,1,0.669855595932,1
single,lbrent,10,427,military_conflict,0.591426312114,0.0464059828636,0.829439504697,0.591426312114,1,1,0.0931952249199,1
single,lbrent,11,426,military_conflict,0.591268074291,0.0218775655524,0.882413269385,0.591268074291,1,1,0.0346723748875,1
single,lbrent,12,425,military_conflict,0.5910975019,0.00645403169214,0.935969240847,0.5910975019,1,1,0.00960799619877,1
single,lbrent,13,424,military_conflict,0.592093772085,0.012307753827,0.911663674962,0.592093772085,1,1,0.0193973907402,1
single,lbrent,14,423,military_conflict,0.593587659006,0.114965365913,0.734560440224,0.593587659006,1,1,0.15208925799,1
single,lbrent,15,422,military_conflict,0.589309394431,0.0639788722201,0.800314229496,0.589309394431,1,1,0.0752994781861,1
single,lbrent,16,421,military_conflict,0.588412338416,0.0600790814701,0.806370992676,0.588412338416,1,1,0.0733743380899,1
single,lbrent,17,420,military_conflict,0.588406064338,0.0199306533818,0.887730932235,0.588406064338,1,1,0.0202843031965,1
single,lbrent,18,419,military_conflict,0.587769593911,0.000246464031725,0.987474386796,0.587769593911,1,1,0.000288739381051,1
single,lbrent,19,418,military_conflict,0.587764112839,0.029526723373,0.863568492883,0.587764112839,1,1,0.0316403883524,1
single,lbrent,20,417,military_conflict,0.587608729271,0.358096538018,0.549565274619,0.587608729271,1,1,0.380297342237,1
single,lbrent,21,416,military_conflict,0.588057855137,0.105034408421,0.745869803734,0.588057855137,1,1,0.124150514492,1
single,lbrent,22,415,military_conflict,0.58928946998,0.0215541006552,0.883279505921,0.58928946998,1,1,0.0257788844909,1
single,lbrent,23,414,military_conflict,0.587358421759,0.00745287311143,0.931204071553,0.587358421759,1,1,0.0114554879473,1
single,lbrent,24,413,military_conflict,0.587516046063,0.00454481672762,0.946251124369,0.587516046063,1,1,0.00757746158581,1
single,lbrent,25,412,military_conflict,0.585864351228,0.16219055954,0.687147677807,0.585864351228,1,1,0.264262253668,1
single,lbrent,26,411,military_conflict,0.585832032417,0.0298570495485,0.862814984026,0.585832032417,1,1,0.0541010708957,1
single,lbrent,27,410,military_conflict,0.585881480192,0.000226436086406,0.987994051065,0.585881480192,1,1,0.000431403016192,1
single,lbrent,28,409,military_conflict,0.587732187798,0.0463921814904,0.829464479509,0.587732187798,1,1,0.0933421087346,1
single,lbrent,29,408,military_conflict,0.584866698434,0.00475013063548,0.945052350262,0.584866698434,1,1,0.0111411544134,1
single,lbrent,30,407,military_conflict,0.585181500632,0.000562656797533,0.981075643465,0.585181500632,1,1,0.00133098516823,1
single,lbrent,31,406,military_conflict,0.584589838835,0.01351574519,0.907448675546,0.584589838835,1,1,0.0296663481379,1
single,lbrent,32,405,military_conflict,0.58400638002,0.0476421835773,0.827218050219,0.58400638002,1,1,0.128074101004,1
single,lbrent,33,404,military_conflict,0.583797620984,0.0344308737073,0.8527932896,0.583797620984,1,1,0.0846475819009,1
single,lbrent,34,403,military_conflict,0.605489306382,0.00122603870527,0.972067911107,0.605489306382,1,1,0.00403307863623,1
single,lbrent,35,402,military_conflict,0.589680934923,0.00135103555435,0.970679209951,0.589680934923,1,1,0.00460492984237,1
single,lbrent,36,401,military_conflict,0.58932218051,0.000156118550298,0.990030898534,0.58932218051,1,1,0.000606536464061,1
single,lbrent,37,400,military_conflict,0.589333625147,0.00386965088861,0.950398371887,0.589333625147,1,1,0.0144274009528,1
single,lbrent,38,399,military_conflict,0.589036276095,0.0336628069112,0.854425907444,0.589036276095,1,1,0.124649433277,1
single,lbrent,39,398,military_conflict,0.58901565464,0.001086237135,0.973707991401,0.58901565464,1,1,0.00387211745589,1
single,lbrent,40,397,military_conflict,0.588076192062,0.00726174478578,0.932089772705,0.588076192062,1,1,0.0244117968262,1
single,lbrent,41,396,military_conflict,0.588197537932,0.0399377739431,0.841602295594,0.588197537932,1,1,0.11487730431,1
single,lbrent,42,395,military_conflict,0.588790039925,0.112455063765,0.73736620726,0.588790039925,1,1,0.349926063359,1
single,lbrent,43,394,military_conflict,0.587202597282,0.021734629005,0.882795239899,0.587202597282,1,1,0.095283270313,1
single,lbrent,44,393,military_conflict,0.587186303293,0.0475780424701,0.827332564205,0.587186303293,1,1,0.22238198172,1
single,lbrent,45,392,military_conflict,0.58614680666,0.318603356452,0.572448187865,0.58614680666,1,1,1.04699023704,1
single,lbrent,46,391,military_conflict,0.586307226175,0.457690122377,0.498705480689,0.586307226175,1,1,1.65746318965,1
single,lbrent,47,390,military_conflict,0.585691380775,0.267233781421,0.605193440215,0.585691380775,1,1,0.586149573655,1
single,lbrent,48,389,military_conflict,0.585980542804,0.311946616755,0.576488112951,0.585980542804,1,1,0.662647889828,1
single,lbrent,0,432,diplomatic_tension,0.873131582511,0.262630791649,0.608318499301,0.873131582511,1,1,0.221521789966,1
single,lbrent,1,432,diplomatic_tension,0.873131582511,0.246538015805,0.619523385681,0.873131582511,1,1,0.229866780929,1
single,lbrent,2,432,diplomatic_tension,0.873131582511,0.214308463139,0.643411230804,0.873131582511,1,1,0.285150744443,1
single,lbrent,3,432,diplomatic_tension,0.873131582511,0.0915835117469,0.762173618664,0.873131582511,1,1,0.122834539556,1
single,lbrent,4,432,diplomatic_tension,0.873131582511,0.0908902101376,0.763048473723,0.873131582511,1,1,0.114186727459,1
single,lbrent,5,432,diplomatic_tension,0.873131582511,0.00275687446933,0.95812555686,0.873131582511,1,1,0.00346453456697,1
single,lbrent,6,431,diplomatic_tension,0.871634922468,0.0687549228323,0.793158311193,0.871634922468,1,1,0.0932059202726,1
single,lbrent,7,430,diplomatic_tension,0.877324059657,0.0277202331457,0.867768249222,0.877324059657,1,1,0.0506713938283,1
single,lbrent,8,429,diplomatic_tension,0.876495698513,1.19245939402,0.274834028158,0.876495698513,1,1,2.47360118291,1
single,lbrent,9,428,diplomatic_tension,0.876498682606,2.53296282879,0.111490696456,0.876498682606,1,1,4.83588935147,1
single,lbrent,10,427,diplomatic_tension,0.876484552118,3.88518630279,0.0487138575196,0.876484552118,1,1,6.20303143292,1
single,lbrent,11,426,diplomatic_tension,0.876506919459,4.34738213043,0.0370658803027,0.876506919459,1,1,5.71958127568,1
single,lbrent,12,425,diplomatic_tension,0.876529001552,4.95735905917,0.0259798554235,0.876529001552,1,1,6.03942938851,1
single,lbrent,13,424,diplomatic_tension,0.876268038836,4.03723688673,0.044506636184,0.876268038836,1,1,6.24337715824,1
single,lbrent,14,423,diplomatic_tension,0.87718652916,2.81924063968,0.0931404578565,0.87718652916,1,1,3.84803159914,1
single,lbrent,15,422,diplomatic_tension,0.87776108139,4.17055801863,0.0411322505148,0.87776108139,1,1,4.55414282553,1
single,lbrent,16,421,diplomatic_tension,0.881113220266,4.17281103837,0.0410775930374,0.881113220266,1,1,6.47081331187,1
single,lbrent,17,420,diplomatic_tension,0.881104697237,3.35263638216,0.0670974706603,0.881104697237,1,1,7.15971587337,1
single,lbrent,18,419,diplomatic_tension,0.897861354481,4.05030617331,0.0441633343627,0.897861354481,1,1,8.76538613622,1
single,lbrent,19,418,diplomatic_tension,0.896735951705,3.68575234662,0.0548792077311,0.896735951705,1,1,9.07730295069,1
single,lbrent,20,417,diplomatic_tension,0.8961691599,1.55731198831,0.212059231271,0.8961691599,1,1,3.87474045589,1
single,lbrent,21,416,diplomatic_tension,0.89621415605,3.35118501268,0.0671566518497,0.89621415605,1,1,7.58202169441,1
single,lbrent,22,415,diplomatic_tension,0.895669142907,6.40489993525,0.0113805840349,0.895669142907,1,1,11.4247522769,1
single,lbrent,23,414,diplomatic_tension,0.895432687538,7.48101160589,0.0062353030052,0.895432687538,1,1,14.1314719347,1
single,lbrent,24,413,diplomatic_tension,0.895371033129,8.43504145594,0.00368058490557,0.895371033129,1,1,15.3014993485,1
single,lbrent,25,412,diplomatic_tension,0.895065792986,8.42198714574,0.00370710413136,0.895065792986,1,1,14.5868395928,1
single,lbrent,26,411,diplomatic_tension,0.89516423368,7.4189091064,0.00645419349979,0.89516423368,1,1,11.0344669522,1
single,lbrent,27,410,diplomatic_tension,0.894909855102,6.78739962351,0.00918035389707,0.894909855102,1,1,10.7237449971,1
single,lbrent,28,409,diplomatic_tension,0.894694191251,5.82745706958,0.0157779146052,0.894694191251,1,1,10.0922376576,1
single,lbrent,29,408,diplomatic_tension,0.894814042667,4.77414172093,0.0288902439099,0.894814042667,1,1,7.17755126982,1
single,lbrent,30,407,diplomatic_tension,0.895024204346,4.29448690918,0.0382361317903,0.895024204346,1,1,6.49680621876,1
single,lbrent,31,406,diplomatic_tension,0.894676578392,2.4345583285,0.11868732014,0.894676578392,1,1,3.86222248734,1
single,lbrent,32,405,diplomatic_tension,0.894698200687,2.13809559274,0.143680158556,0.894698200687,1,1,3.65457696911,1
single,lbrent,33,404,diplomatic_tension,0.894404466871,2.17413175033,0.140348705507,0.894404466871,1,1,2.79761411758,1
single,lbrent,34,403,diplomatic_tension,0.894440089451,2.9654881151,0.0850587830711,0.894440089451,1,1,3.64257930648,1
single,lbrent,35,402,diplomatic_tension,0.893963016438,4.87764786618,0.027206669439,0.893963016438,1,1,5.6750239109,1
single,lbrent,36,401,diplomatic_tension,0.893352711912,3.32676107998,0.0681609795946,0.893352711912,1,1,3.58756202791,1
single,lbrent,37,400,diplomatic_tension,0.892216438575,1.24936219892,0.263674328794,0.892216438575,1,1,1.58121799098,1
single,lbrent,38,399,diplomatic_tension,0.891896809524,1.93379175968,0.164344203651,0.891896809524,1,1,2.65026600904,1
single,lbrent,39,398,diplomatic_tension,0.891868277344,2.91158946092,0.0879451619368,0.891868277344,1,1,2.95066267058,1
single,lbrent,40,397,diplomatic_tension,0.890618624832,3.81462148564,0.0508070835246,0.890618624832,1,1,3.31095241548,1
single,lbrent,41,396,diplomatic_tension,0.890602224397,2.69901121482,0.100410502247,0.890602224397,1,1,2.39555749381,1
single,lbrent,42,395,diplomatic_tension,0.889944515759,2.45924721432,0.116834763871,0.889944515759,1,1,2.5912857714,1
single,lbrent,43,394,diplomatic_tension,0.8891714456,2.54036076118,0.110969429028,0.8891714456,1,1,3.4328764038,1
single,lbrent,44,393,diplomatic_tension,0.888516778661,1.94002157887,0.163666191123,0.888516778661,1,1,1.9802266609,1
single,lbrent,45,392,diplomatic_tension,0.888516960073,2.83099044356,0.092461320167,0.888516960073,1,1,2.71152490281,1
single,lbrent,46,391,diplomatic_tension,0.888522834956,2.5013415146,0.113749366832,0.888522834956,1,1,2.55998517279,1
single,lbrent,47,390,diplomatic_tension,0.888559883711,4.65529598153,0.0309578948186,0.888559883711,1,1,4.72643605323,1
single,lbrent,48,389,diplomatic_tension,0.887991825457,5.58250455014,0.0181407617164,0.887991825457,1,1,4.64668950601,1
single,lbrent,0,432,terrorism,0.524005512126,0.181097112811,0.670432089584,0.524005512126,1,1,0.599481327764,1
single,lbrent,1,432,terrorism,0.524005512126,0.0271030180348,0.86923526191,0.524005512126,1,1,0.194289403804,1
single,lbrent,2,432,terrorism,0.524005512126,0.338961463246,0.560429299259,0.524005512126,1,1,2.22152664803,1
single,lbrent,3,432,terrorism,0.524005512126,0.452229707923,0.501277999143,0.524005512126,1,1,2.66196458255,1
single,lbrent,4,432,terrorism,0.524005512126,0.279309784375,0.597153965681,0.524005512126,1,1,1.84105362075,1
single,lbrent,5,432,terrorism,0.524005512126,0.134940062893,0.713364012421,0.524005512126,1,1,0.614467078568,1
single,lbrent,6,431,terrorism,0.523631371009,0.0382162166865,0.845009612591,0.523631371009,1,1,0.0754657164798,1
single,lbrent,7,430,terrorism,0.523283285371,0.067072864589,0.795647358673,0.523283285371,1,1,0.109341235993,1
single,lbrent,8,429,terrorism,0.521868670074,0.152925992211,0.695754711661,0.521868670074,1,1,0.342960610068,1
single,lbrent,9,428,terrorism,0.519546810803,0.256867790982,0.612280236801,0.519546810803,1,1,0.65911511854,1
single,lbrent,10,427,terrorism,0.519951201514,1.28212756833,0.257503824468,0.519951201514,1,1,2.36615064041,1
single,lbrent,11,426,terrorism,0.520726715868,0.765501483127,0.381612312306,0.520726715868,1,1,1.02263162894,1
single,lbrent,12,425,terrorism,0.520539735512,0.0193196808758,0.889453898718,0.520539735512,1,1,0.0300603968709,1
single,lbrent,13,424,terrorism,0.519893652477,0.603630533544,0.437196156216,0.519893652477,1,1,1.06038587823,1
single,lbrent,14,423,terrorism,0.519865013593,0.636569015649,0.424955943929,0.519865013593,1,1,1.05296096016,1
single,lbrent,15,422,terrorism,0.519321980142,3.15600657542,0.0756480240466,0.519321980142,1,1,2.9566486948,1
single,lbrent,16,421,terrorism,0.518060417774,3.05521109899,0.0804785364179,0.518060417774,1,1,2.5405163846,1
single,lbrent,17,420,terrorism,0.520709789208,3.64689360504,0.0561738911953,0.520709789208,1,1,3.16397106956,1
single,lbrent,18,419,terrorism,0.520025063724,3.05748180886,0.0803661294408,0.520025063724,1,1,4.33307420512,1
single,lbrent,19,418,terrorism,0.519910590821,1.00219418554,0.316780161038,0.519910590821,1,1,2.13758381754,1
single,lbrent,20,417,terrorism,0.519170577224,1.7459272197,0.186389557869,0.519170577224,1,1,2.66035656218,1
single,lbrent,21,416,terrorism,0.519574788468,1.91891042276,0.165976824435,0.519574788468,1,1,3.09404538036,1
single,lbrent,22,415,terrorism,0.51894356655,3.01955226578,0.082266175613,0.51894356655,1,1,3.18107405885,1
single,lbrent,23,414,terrorism,0.518887259603,4.58243914165,0.0323012043046,0.518887259603,1,1,6.0641865944,1
single,lbrent,24,413,terrorism,0.518822338687,3.09181897931,0.07868680215,0.518822338687,1,1,4.59245031171,1
single,lbrent,25,412,terrorism,0.519250339958,4.78252660963,0.0287499084179,0.519250339958,1,1,6.74003101812,1
single,lbrent,26,411,terrorism,0.520566999557,3.77387495702,0.0520588989934,0.520566999557,1,1,5.37264425621,1
single,lbrent,27,410,terrorism,0.520830718759,4.13804218516,0.041929637486,0.520830718759,1,1,4.47535905309,1
single,lbrent,28,409,terrorism,0.520788347943,4.46725945535,0.0345503660688,0.520788347943,1,1,5.07265952114,1
single,lbrent,29,408,terrorism,0.522113706766,2.74973373783,0.0972706255553,0.522113706766,1,1,3.95146099439,1
single,lbrent,30,407,terrorism,0.526441052968,5.2515592345,0.0219271139997,0.526441052968,1,1,6.48018185446,1
single,lbrent,31,406,terrorism,0.527759133688,4.04355370084,0.0443403577804,0.527759133688,1,1,4.50798377105,1
single,lbrent,32,405,terrorism,0.527844116218,7.86435957961,0.00504186806947,0.527844116218,1,1,8.94247696404,1
single,lbrent,33,404,terrorism,0.5271663698,5.33875244635,0.0208563939113,0.5271663698,1,1,6.88241170673,1
single,lbrent,34,403,terrorism,0.531644884718,3.99339677615,0.0456788894976,0.531644884718,1,1,7.7343640593,1
single,lbrent,35,402,terrorism,0.542774222678,5.16674266056,0.0230233478318,0.542774222678,1,1,10.7368469807,1
single,lbrent,36,401,terrorism,0.548081315138,2.39985866629,0.121346213085,0.548081315138,1,1,6.013494806,1
single,lbrent,37,400,terrorism,0.549468677304,4.93462734626,0.0263237380717,0.549468677304,1,1,13.3637700208,1
single,lbrent,38,399,terrorism,0.549305706024,7.09685618876,0.00772192778982,0.549305706024,1,1,10.7458661766,1
single,lbrent,39,398,terrorism,0.549177631975,3.89157580681,0.0485288702241,0.549177631975,1,1,6.86573066,1
single,lbrent,40,397,terrorism,0.549215754029,5.01350621607,0.0251503195507,0.549215754029,1,1,10.9977296039,1
single,lbrent,41,396,terrorism,0.549090443968,2.35059906452,0.125234872382,0.549090443968,1,1,7.23542678363,1
single,lbrent,42,395,terrorism,0.548695635403,2.75620501604,0.096877799628,0.548695635403,1,1,12.3888928372,1
single,lbrent,43,394,terrorism,0.548465567417,4.18428507406,0.0408004178414,0.548465567417,1,1,14.0248532255,1
single,lbrent,44,393,terrorism,0.54846647148,2.63333510348,0.104641702319,0.54846647148,1,1,8.31156758002,1
single,lbrent,45,392,terrorism,0.548772862032,1.88334682104,0.169954246778,0.548772862032,1,1,7.70567936512,1
single,lbrent,46,391,terrorism,0.548948627959,1.2025849166,0.272805648201,0.548948627959,1,1,5.2832557932,1
single,lbrent,47,390,terrorism,0.548390749489,1.818389057,0.177505151416,0.548390749489,1,1,8.78764192186,1
single,lbrent,48,389,terrorism,0.55129677572,2.33861507561,0.126201708868,0.55129677572,1,1,10.6784629111,1
single,lbrent,0,432,civil_war,0.701307456337,1.89386497864,0.168766633732,0.701307456337,1,1,1.70321603855,1
single,lbrent,1,432,civil_war,0.701307456337,2.14009938166,0.143492595338,0.701307456337,1,1,2.60024984196,1
single,lbrent,2,432,civil_war,0.701307456337,2.8242168901,0.0928521713743,0.701307456337,1,1,3.89488192337,1
single,lbrent,3,432,civil_war,0.701307456337,2.88766551408,0.0892601777672,0.701307456337,1,1,3.8893722535,1
single,lbrent,4,432,civil_war,0.701307456337,2.18814349941,0.139076857752,0.701307456337,1,1,3.23276006203,1
single,lbrent,5,432,civil_war,0.701307456337,0.343931382257,0.557568696277,0.701307456337,1,1,0.47568142336,1
single,lbrent,6,431,civil_war,0.704513771152,0.167448186186,0.682389714791,0.704513771152,1,1,0.234793221208,1
single,lbrent,7,430,civil_war,0.703653534003,0.191375878345,0.6617739446,0.703653534003,1,1,0.319634921361,1
single,lbrent,8,429,civil_war,0.701014050092,0.185782732499,0.666450039328,0.701014050092,1,1,0.259947744176,1
single,lbrent,9,428,civil_war,0.701266280714,0.0682608685964,0.793885988477,0.701266280714,1,1,0.0901483315878,1
single,lbrent,10,427,civil_war,0.700995404132,0.137590402178,0.710688327186,0.700995404132,1,1,0.215795591316,1
single,lbrent,11,426,civil_war,0.701215782366,0.220679098511,0.638522965871,0.701215782366,1,1,0.372884845636,1
single,lbrent,12,425,civil_war,0.70147072162,0.161682325327,0.687612340456,0.70147072162,1,1,0.306519333528,1
single,lbrent,13,424,civil_war,0.701384065684,0.0124832589157,0.911038676805,0.701384065684,1,1,0.022672451868,1
single,lbrent,14,423,civil_war,0.701622273637,0.0585784886436,0.808756969158,0.701622273637,1,1,0.0875870760914,1
single,lbrent,15,422,civil_war,0.701873196214,0.119393148746,0.72969360281,0.701873196214,1,1,0.181474900399,1
single,lbrent,16,421,civil_war,0.701654858466,0.483243718962,0.486956707386,0.701654858466,1,1,0.787652932766,1
single,lbrent,17,420,civil_war,0.702739990276,0.44849368535,0.503051148471,0.702739990276,1,1,0.779120038448,1
single,lbrent,18,419,civil_war,0.70560691373,0.373073576563,0.541333653804,0.70560691373,1,1,0.68312552993,1
single,lbrent,19,418,civil_war,0.717272712522,0.49432935998,0.482002406011,0.717272712522,1,1,0.857227936509,1
single,lbrent,20,417,civil_war,0.719680246128,0.309054609406,0.578260894955,0.719680246128,1,1,0.628328459651,1
single,lbrent,21,416,civil_war,0.695492149503,0.27881053391,0.597481896727,0.695492149503,1,1,0.653160029446,1
single,lbrent,22,415,civil_war,0.698190401233,0.224476949792,0.635649677085,0.698190401233,1,1,0.552413127879,1
single,lbrent,23,414,civil_war,0.697701304166,0.251435793145,0.616065901012,0.697701304166,1,1,0.56990165681,1
single,lbrent,24,413,civil_war,0.697600202246,0.317049888536,0.573385971063,0.697600202246,1,1,0.605493705931,1
single,lbrent,25,412,civil_war,0.697180532268,0.388232162952,0.533230118623,0.697180532268,1,1,0.698944269147,1
single,lbrent,26,411,civil_war,0.696834612658,0.671636950825,0.412481473036,0.696834612658,1,1,1.36180477614,1
single,lbrent,27,410,civil_war,0.696854468546,1.27532541008,0.258770008869,0.696854468546,1,1,2.60879448351,1
single,lbrent,28,409,civil_war,0.696955878874,1.5393596143,0.214713150455,0.696955878874,1,1,3.30237598348,1
single,lbrent,29,408,civil_war,0.696547929111,1.07056084267,0.300818799099,0.696547929111,1,1,2.52854488712,1
single,lbrent,30,407,civil_war,0.696701011211,1.09486559132,0.295395660033,0.696701011211,1,1,2.40172946605,1
single,lbrent,31,406,civil_war,0.696707459945,1.33821197803,0.247349535758,0.696707459945,1,1,2.64260590253,1
single,lbrent,32,405,civil_war,0.696692521466,1.14838389413,0.283887712845,0.696692521466,1,1,2.20978794426,1
single,lbrent,33,404,civil_war,0.697183160888,1.18705531868,0.275924339096,0.697183160888,1,1,2.41569659373,1
single,lbrent,34,403,civil_war,0.70435359909,1.36840809621,0.242085583178,0.70435359909,1,1,2.55616924648,1
single,lbrent,35,402,civil_war,0.709845464655,1.85302397512,0.173432097379,0.709845464655,1,1,3.60045447868,1
single,lbrent,36,401,civil_war,0.710289183946,1.2883922533,0.256344449407,0.710289183946,1,1,2.83673460651,1
single,lbrent,37,400,civil_war,0.710024556973,1.95127117875,0.162449934947,0.710024556973,1,1,4.34730581364,1
single,lbrent,38,399,civil_war,0.710037239063,2.2013897062,0.137886378244,0.710037239063,1,1,4.67058793756,1
single,lbrent,39,398,civil_war,0.710031227307,2.13934884853,0.143562816152,0.710031227307,1,1,4.42015539629,1
single,lbrent,40,397,civil_war,0.710006848772,2.22709160265,0.135608900757,0.710006848772,1,1,4.74260589819,1
single,lbrent,41,396,civil_war,0.704337122919,2.23753563029,0.134695500849,0.704337122919,1,1,4.71486025188,1
single,lbrent,42,395,civil_war,0.70414659576,2.87247797033,0.0901060377276,0.70414659576,1,1,5.69831126922,1
single,lbrent,43,394,civil_war,0.704108705085,4.39571772225,0.036029291666,0.704108705085,1,1,7.21619424307,1
single,lbrent,44,393,civil_war,0.704054305102,4.04351175967,0.0443414596446,0.704054305102,1,1,6.10278715147,1
single,lbrent,45,392,civil_war,0.704064661282,5.65025626371,0.0174528214695,0.704064661282,1,1,8.63975033809,1
single,lbrent,46,391,civil_war,0.704193217813,7.36506857513,0.00665030639497,0.704193217813,1,1,10.3807629643,1
single,lbrent,47,390,civil_war,0.703793404857,10.9702718708,0.000925851761971,0.703793404857,1,1,15.9242523416,1
single,lbrent,48,389,civil_war,0.703896605087,10.8590395728,0.000983146694876,0.703896605087,1,1,17.5063544026,1
single,lbrent,0,432,nuclear_threat,0.739729603969,2.53254508971,0.11152021114,0.739729603969,1,1,3.20438087601,1
single,lbrent,1,432,nuclear_threat,0.739729603969,1.46305251446,0.226445057637,0.739729603969,1,1,2.81726576695,1
single,lbrent,2,432,nuclear_threat,0.739729603969,0.630165749038,0.42729452259,0.739729603969,1,1,1.1849012418,1
single,lbrent,3,432,nuclear_threat,0.739729603969,0.60495047537,0.436695404951,0.739729603969,1,1,1.05010807457,1
single,lbrent,4,432,nuclear_threat,0.739729603969,1.92557174411,0.165243733671,0.739729603969,1,1,3.78696594518,1
single,lbrent,5,432,nuclear_threat,0.739729603969,2.10554674869,0.14676587587,0.739729603969,1,1,4.41753595106,1
single,lbrent,6,431,nuclear_threat,0.739210456664,1.28473539449,0.257020421972,0.739210456664,1,1,2.74086624759,1
single,lbrent,7,430,nuclear_threat,0.737945873325,0.348327651969,0.555061335727,0.737945873325,1,1,0.762145678639,1
single,lbrent,8,429,nuclear_threat,0.73734912335,0.983267789576,0.321393371008,0.73734912335,1,1,2.85351749425,1
single,lbrent,9,428,nuclear_threat,0.737177073145,0.72169095074,0.395589806217,0.737177073145,1,1,1.39525008377,1
single,lbrent,10,427,nuclear_threat,0.736888483252,0.896002634965,0.34385581774,0.736888483252,1,1,1.43786293709,1
single,lbrent,11,426,nuclear_threat,0.737045528214,3.78010274244,0.0518654758431,0.737045528214,1,1,5.73011471783,1
single,lbrent,12,425,nuclear_threat,0.737444092018,3.50813486437,0.0610681688139,0.737444092018,1,1,4.6756968509,1
single,lbrent,13,424,nuclear_threat,0.738237475008,3.18819629507,0.0741718087782,0.738237475008,1,1,4.84000576325,1
single,lbrent,14,423,nuclear_threat,0.739240604165,3.25017891656,0.0714156618528,0.739240604165,1,1,4.58472124464,1
single,lbrent,15,422,nuclear_threat,0.740141043832,3.59303787321,0.0580220852529,0.740141043832,1,1,4.7723625031,1
single,lbrent,16,421,nuclear_threat,0.740369607133,4.07084829085,0.0436293587261,0.740369607133,1,1,5.27603241898,1
single,lbrent,17,420,nuclear_threat,0.740271283914,4.41624870501,0.0355982151602,0.740271283914,1,1,5.06876217562,1
single,lbrent,18,419,nuclear_threat,0.740504203994,7.34799645964,0.00671375350388,0.740504203994,1,1,8.35103904711,1
single,lbrent,19,418,nuclear_threat,0.740508840074,7.77545623711,0.00529608388362,0.740508840074,1,1,8.357874036,1
single,lbrent,20,417,nuclear_threat,0.740508647267,6.12830814265,0.013303411729,0.740508647267,1,1,6.88308957248,1
single,lbrent,21,416,nuclear_threat,0.740322767739,5.0994736358,0.0239331050209,0.740322767739,1,1,5.54500152277,1
single,lbrent,22,415,nuclear_threat,0.740366760464,5.96601509068,0.0145842021644,0.740366760464,1,1,6.03209374803,1
single,lbrent,23,414,nuclear_threat,0.740075071916,4.52539995941,0.0333952688008,0.740075071916,1,1,4.25912158506,1
single,lbrent,24,413,nuclear_threat,0.739596454868,3.81280641024,0.0508621634373,0.739596454868,1,1,3.84954828979,1
single,lbrent,25,412,nuclear_threat,0.743031478858,4.57615277485,0.0324199257642,0.743031478858,1,1,5.65733866182,1
single,lbrent,26,411,nuclear_threat,0.744011543628,2.38139957665,0.122787496416,0.744011543628,1,1,3.64108224245,1
single,lbrent,27,410,nuclear_threat,0.743853705128,1.39616910293,0.237366042173,0.743853705128,1,1,1.8704392558,1
single,lbrent,28,409,nuclear_threat,0.744677785249,1.60590904468,0.205067819089,0.744677785249,1,1,1.9000670459,1
single,lbrent,29,408,nuclear_threat,0.744691382797,1.34590761137,0.245994829827,0.744691382797,1,1,1.78090579253,1
single,lbrent,30,407,nuclear_threat,0.744778208649,2.01443679089,0.155809077369,0.744778208649,1,1,3.85106319968,1
single,lbrent,31,406,nuclear_threat,0.745570800148,0.696823152438,0.403853224411,0.745570800148,1,1,2.11302567656,1
single,lbrent,32,405,nuclear_threat,0.745672530622,0.015103462427,0.902189338424,0.745672530622,1,1,0.0287954819179,1
single,lbrent,33,404,nuclear_threat,0.74569359838,0.0686563334404,0.793303296799,0.74569359838,1,1,0.099288521281,1
single,lbrent,34,403,nuclear_threat,0.745900179366,0.255134412827,0.613482759482,0.745900179366,1,1,0.432401879435,1
single,lbrent,35,402,nuclear_threat,0.745909754169,0.115145734591,0.734360162133,0.745909754169,1,1,0.261681021782,1
single,lbrent,36,401,nuclear_threat,0.745452749071,0.0454326427156,0.831210478145,0.745452749071,1,1,0.0810479754189,1
single,lbrent,37,400,nuclear_threat,0.745316005337,0.0894045796507,0.764935478232,0.745316005337,1,1,0.136044655652,1
single,lbrent,38,399,nuclear_threat,0.745350167105,0.0689946975496,0.792806161395,0.745350167105,1,1,0.112132549566,1
single,lbrent,39,398,nuclear_threat,0.745501652688,0.103690060463,0.747445565355,0.745501652688,1,1,0.156191130549,1
single,lbrent,40,397,nuclear_threat,0.745433305696,0.218113339624,0.640481234253,0.745433305696,1,1,0.396397247927,1
single,lbrent,41,396,nuclear_threat,0.745420437189,0.12481552024,0.723869242212,0.745420437189,1,1,0.280515175206,1
single,lbrent,42,395,nuclear_threat,0.745256108181,0.12385977178,0.724885382447,0.745256108181,1,1,0.301770485553,1
single,lbrent,43,394,nuclear_threat,0.745252733489,0.0149644785014,0.902638160676,0.745252733489,1,1,0.0301835444657,1
single,lbrent,44,393,nuclear_threat,0.745208376381,0.098068143773,0.754160370114,0.745208376381,1,1,0.201980709629,1
single,lbrent,45,392,nuclear_threat,0.74535605703,0.104841047839,0.74609576047,0.74535605703,1,1,0.209337257767,1
single,lbrent,46,391,nuclear_threat,0.745302338479,0.119446627323,0.729635443414,0.745302338479,1,1,0.216101680221,1
single,lbrent,47,390,nuclear_threat,0.745166601693,0.193840315613,0.659739392661,0.745166601693,1,1,0.335486492284,1
single,lbrent,48,389,nuclear_threat,0.747093631927,0.0763974304682,0.78224020312,0.747093631927,1,1,0.135290837802,1
single,lbrent,0,432,coup,0.593802539104,1.3157571367,0.251354933898,0.593802539104,1,1,1.5974992237,1
single,lbrent,1,432,coup,0.593802539104,0.241077556504,0.623428927713,0.593802539104,1,1,0.479093381664,1
single,lbrent,2,432,coup,0.593802539104,0.273357769983,0.601088193921,0.593802539104,1,1,0.717056943569,1
single,lbrent,3,432,coup,0.593802539104,0.714832487166,0.397844196138,0.593802539104,1,1,1.69313531281,1
single,lbrent,4,432,coup,0.593802539104,0.344830307242,0.557054258574,0.593802539104,1,1,0.616216427249,1
single,lbrent,5,432,coup,0.593802539104,0.019918252532,0.887765633218,0.593802539104,1,1,0.0426494420426,1
single,lbrent,6,431,coup,0.598090552776,0.0273452394773,0.868657518359,0.598090552776,1,1,0.0576634090426,1
single,lbrent,7,430,coup,0.603016010448,0.00419015833386,0.948387835902,0.603016010448,1,1,0.0079021382584,1
single,lbrent,8,429,coup,0.585831957123,0.00913941537329,0.923838035181,0.585831957123,1,1,0.0167335286592,1
single,lbrent,9,428,coup,0.585701117991,0.204364081452,0.651221107356,0.585701117991,1,1,0.389784320352,1
single,lbrent,10,427,coup,0.585733953178,0.297846041501,0.58523592081,0.585733953178,1,1,0.530401638909,1
single,lbrent,11,426,coup,0.585634422259,0.841217893716,0.359048684794,0.585634422259,1,1,1.2296175993,1
single,lbrent,12,425,coup,0.583301538231,1.53402304448,0.215509660247,0.583301538231,1,1,2.0242134964,1
single,lbrent,13,424,coup,0.583903906908,1.26299986023,0.261084020914,0.583903906908,1,1,1.77200984674,1
single,lbrent,14,423,coup,0.583744161162,2.46293291593,0.116560954878,0.583744161162,1,1,2.57821275697,1
single,lbrent,15,422,coup,0.583228543724,1.48206306736,0.223452015052,0.583228543724,1,1,1.71902088311,1
single,lbrent,16,421,coup,0.584196364488,0.901719120418,0.342321169678,0.584196364488,1,1,1.39577336328,1
single,lbrent,17,420,coup,0.584262582776,2.03928085047,0.153282098185,0.584262582776,1,1,2.98911837611,1
single,lbrent,18,419,coup,0.584257660148,2.27173274665,0.131752522817,0.584257660148,1,1,2.74573320161,1
single,lbrent,19,418,coup,0.586142208509,2.67733185703,0.101786138296,0.586142208509,1,1,3.00560443838,1
single,lbrent,20,417,coup,0.590210126349,2.79112640365,0.0947875782296,0.590210126349,1,1,2.97840110853,1
single,lbrent,21,416,coup,0.574051381764,2.25359139706,0.133304704882,0.574051381764,1,1,2.57679026317,1
single,lbrent,22,415,coup,0.574551987032,2.38546931152,0.122468108456,0.574551987032,1,1,3.29464929634,1
single,lbrent,23,414,coup,0.574198056108,2.5564249341,0.109846735046,0.574198056108,1,1,3.77781873706,1
single,lbrent,24,413,coup,0.575207099356,2.01031854846,0.156232510836,0.575207099356,1,1,2.8718077927,1
single,lbrent,25,412,coup,0.574992458147,2.43791805345,0.118433321358,0.574992458147,1,1,3.59379852332,1
single,lbrent,26,411,coup,0.574840867341,1.2114985111,0.27103554855,0.574840867341,1,1,2.05954774669,1
single,lbrent,27,410,coup,0.57515109659,0.631257061463,0.426894590138,0.57515109659,1,1,1.4371221568,1
single,lbrent,28,409,coup,0.575279945046,1.11107768786,0.291847803065,0.575279945046,1,1,3.36370951965,1
single,lbrent,29,408,coup,0.575757701847,0.995974875215,0.318286434338,0.575757701847,1,1,3.13201958797,1
single,lbrent,30,407,coup,0.576607667294,0.976076727103,0.323169322246,0.576607667294,1,1,2.71388099551,1
single,lbrent,31,406,coup,0.576813062366,1.09234247736,0.295952773858,0.576813062366,1,1,2.9078139526,1
single,lbrent,32,405,coup,0.576805694917,1.1854376634,0.276251769104,0.576805694917,1,1,2.69079564241,1
single,lbrent,33,404,coup,0.576733183569,1.28842840181,0.256337778288,0.576733183569,1,1,2.39671652258,1
single,lbrent,34,403,coup,0.576659136438,1.52808665296,0.216399831291,0.576659136438,1,1,2.7077455823,1
single,lbrent,35,402,coup,0.577290812384,1.46992545079,0.225357456255,0.577290812384,1,1,2.79735965955,1
single,lbrent,36,401,coup,0.577503883896,0.857269214835,0.354504012385,0.577503883896,1,1,2.27652737183,1
single,lbrent,37,400,coup,0.573175010313,0.747768656154,0.387183608255,0.573175010313,1,1,1.89529420852,1
single,lbrent,38,399,coup,0.57501784741,0.553941658296,0.456711592405,0.57501784741,1,1,1.30650556555,1
single,lbrent,39,398,coup,0.566680230302,0.158067834039,0.690941680578,0.566680230302,1,1,0.432858060963,1
single,lbrent,40,397,coup,0.566971099253,0.231539372218,0.630384748987,0.566971099253,1,1,0.661292566208,1
single,lbrent,41,396,coup,0.567399677499,0.651749964999,0.419487715428,0.567399677499,1,1,1.61962676326,1
single,lbrent,42,395,coup,0.567192701062,0.962880324027,0.32646224757,0.567192701062,1,1,1.94759816691,1
single,lbrent,43,394,coup,0.567172086162,1.8951859746,0.168618152907,0.567172086162,1,1,3.50147372612,1
single,lbrent,44,393,coup,0.566848237355,2.2834334233,0.130762113841,0.566848237355,1,1,3.61495227363,1
single,lbrent,45,392,coup,0.567477149599,2.32204975217,0.127551848813,0.567477149599,1,1,3.60965343603,1
single,lbrent,46,391,coup,0.567637348535,1.83423692291,0.17562791995,0.567637348535,1,1,3.5535964404,1
single,lbrent,47,390,coup,0.56753272951,1.55787027128,0.21197732614,0.56753272951,1,1,3.86208470104,1
single,lbrent,48,389,coup,0.567591148906,1.7559890191,0.185125597242,0.567591148906,1,1,4.27315669304,1
single,lbrent,0,432,sanctions,0.463193066635,2.17251780268,0.140496040446,0.463193066635,1,1,2.00941720755,1
single,lbrent,1,432,sanctions,0.463193066635,0.0724504878297,0.787801725432,0.463193066635,1,1,0.0955794371153,1
single,lbrent,2,432,sanctions,0.463193066635,0.0397177829409,0.842033391478,0.463193066635,1,1,0.085528092206,1
single,lbrent,3,432,sanctions,0.463193066635,0.0556487272902,0.813510404287,0.463193066635,1,1,0.103318970916,1
single,lbrent,4,432,sanctions,0.463193066635,0.12861684172,0.71987047732,0.463193066635,1,1,0.196783353385,1
single,lbrent,5,432,sanctions,0.463193066635,0.11398918031,0.735647430023,0.463193066635,1,1,0.185993106376,1
single,lbrent,6,431,sanctions,0.462908173158,0.626219189116,0.428745541169,0.462908173158,1,1,1.80456339387,1
single,lbrent,7,430,sanctions,0.462255261407,0.426163377335,0.513877550648,0.462255261407,1,1,1.2978994149,1
single,lbrent,8,429,sanctions,0.461466623299,1.05870097551,0.303511649371,0.461466623299,1,1,2.02885344592,1
single,lbrent,9,428,sanctions,0.461095536011,0.352880497129,0.552487062282,0.461095536011,1,1,1.15970490969,1
single,lbrent,10,427,sanctions,0.457513549659,0.389731563598,0.532440537041,0.457513549659,1,1,3.92456677144,1
single,lbrent,11,426,sanctions,0.453476384747,0.557122509667,0.455421956055,0.453476384747,1,1,3.64979635287,1
single,lbrent,12,425,sanctions,0.452061131997,0.783469021972,0.376082284907,0.452061131997,1,1,4.22934031456,1
single,lbrent,13,424,sanctions,0.452937301467,0.273389863681,0.601066834524,0.452937301467,1,1,1.00776082139,1
single,lbrent,14,423,sanctions,0.450998375211,0.4116134973,0.521151691902,0.450998375211,1,1,1.8130923236,1
single,lbrent,15,422,sanctions,0.481723059661,2.01364369939,0.155890520791,0.481723059661,1,1,7.73230289348,1
single,lbrent,16,421,sanctions,0.596564958131,0.441865075638,0.506223633788,0.596564958131,1,1,0.68055394971,1
single,lbrent,17,420,sanctions,0.589130414678,3.99835935858,0.0455445765202,0.589130414678,1,1,5.58966524807,1
single,lbrent,18,419,sanctions,0.585854820041,3.09319033847,0.0786205229498,0.585854820041,1,1,4.56488502878,1
single,lbrent,19,418,sanctions,0.584385388386,2.82649245179,0.0927206657675,0.584385388386,1,1,3.74615995996,1
single,lbrent,20,417,sanctions,0.58022157239,3.86106190071,0.0494190411527,0.58022157239,1,1,4.15042181669,1
single,lbrent,21,416,sanctions,0.579376497358,4.13280116318,0.0420596756853,0.579376497358,1,1,5.01095922166,1
single,lbrent,22,415,sanctions,0.579322040619,4.23288893539,0.0396479012043,0.579322040619,1,1,5.27536329683,1
single,lbrent,23,414,sanctions,0.578367724809,3.91211699033,0.047939173755,0.578367724809,1,1,5.83461157231,1
single,lbrent,24,413,sanctions,0.575538416773,4.35983963117,0.0367957690187,0.575538416773,1,1,7.65128553507,1
single,lbrent,25,412,sanctions,0.575605609793,3.59003584961,0.0581269891822,0.575605609793,1,1,3.95950822653,1
single,lbrent,26,411,sanctions,0.575314987292,4.65079056813,0.0310392491727,0.575314987292,1,1,4.9061655847,1
single,lbrent,27,410,sanctions,0.574959297454,6.11700006755,0.0133887830997,0.574959297454,1,1,6.2347195689,1
single,lbrent,28,409,sanctions,0.574111201572,6.0871502203,0.0136168542214,0.574111201572,1,1,5.45725674474,1
single,lbrent,29,408,sanctions,0.574270343522,3.79923528783,0.0512759961039,0.574270343522,1,1,4.31795483254,1
single,lbrent,30,407,sanctions,0.574108963005,4.43643813785,0.0351795697544,0.574108963005,1,1,5.92448099723,1
single,lbrent,31,406,sanctions,0.572418898003,3.9873117377,0.0458441516983,0.572418898003,1,1,6.06500936701,1
single,lbrent,32,405,sanctions,0.572808470704,4.61501094243,0.0316932929901,0.572808470704,1,1,5.71552128906,1
single,lbrent,33,404,sanctions,0.574283377371,5.59008065071,0.0180624645024,0.574283377371,1,1,6.26866390821,1
single,lbrent,34,403,sanctions,0.574392665034,4.50590442797,0.0337780285146,0.574392665034,1,1,4.92509161591,1
single,lbrent,35,402,sanctions,0.574413281898,4.25023690097,0.0392448555839,0.574413281898,1,1,5.5271021575,1
single,lbrent,36,401,sanctions,0.574330439575,3.16928887036,0.075035110683,0.574330439575,1,1,5.00636606762,1
single,lbrent,37,400,sanctions,0.573650839141,2.67659093682,0.101833515091,0.573650839141,1,1,4.4485944415,1
single,lbrent,38,399,sanctions,0.573636604154,4.54371810401,0.03303975256,0.573636604154,1,1,6.83571821007,1
single,lbrent,39,398,sanctions,0.573123634351,4.41772798193,0.0355673648451,0.573123634351,1,1,6.45963931096,1
single,lbrent,40,397,sanctions,0.573143431287,3.37275226779,0.0662829368082,0.573143431287,1,1,5.33545823599,1
single,lbrent,41,396,sanctions,0.573117242764,3.08718749983,0.0789110914567,0.573117242764,1,1,6.47468856185,1
single,lbrent,42,395,sanctions,0.5729385962,2.3384146551,0.126217948647,0.5729385962,1,1,5.27631861592,1
single,lbrent,43,394,sanctions,0.572813592323,1.9929298912,0.158034870343,0.572813592323,1,1,4.64711753478,1
single,lbrent,44,393,sanctions,0.572530893259,1.79086535182,0.180820763982,0.572530893259,1,1,4.12640472204,1
single,lbrent,45,392,sanctions,0.572146740743,2.39706350365,0.12156324904,0.572146740743,1,1,5.33389959324,1
single,lbrent,46,391,sanctions,0.572555004425,2.1424932299,0.143268882051,0.572555004425,1,1,3.2357054359,1
single,lbrent,47,390,sanctions,0.572947303328,4.92804894101,0.026424135393,0.572947303328,1,1,5.57455913361,1
single,lbrent,48,389,sanctions,0.57002325785,2.76147154626,0.0965593815844,0.57002325785,1,1,3.55966817782,1
single,lbrent,0,432,other,0.875481862516,2.37037108021,0.123657654176,0.875481862516,1,1,3.76794210623,1
single,lbrent,1,432,other,0.875481862516,3.4720583305,0.0624136016189,0.875481862516,1,1,7.06843558082,1
single,lbrent,2,432,other,0.875481862516,1.34966101755,0.245337386911,0.875481862516,1,1,1.95129499477,1
single,lbrent,3,432,other,0.875481862516,1.62380939717,0.202561438588,0.875481862516,1,1,2.05314707281,1
single,lbrent,4,432,other,0.875481862516,2.29651104963,0.129664967346,0.875481862516,1,1,3.65841460726,1
single,lbrent,5,432,other,0.875481862516,1.77800660025,0.182394295075,0.875481862516,1,1,2.82141994717,1
single,lbrent,6,431,other,0.873989801678,1.51146750571,0.218915294522,0.873989801678,1,1,2.56587082213,1
single,lbrent,7,430,other,0.874147540056,0.827259021097,0.363066310944,0.874147540056,1,1,1.26037444458,1
single,lbrent,8,429,other,0.873869140594,1.18180732716,0.276988366605,0.873869140594,1,1,1.43704084526,1
single,lbrent,9,428,other,0.8742810182,0.497419748729,0.480636061483,0.8742810182,1,1,0.653894078974,1
single,lbrent,10,427,other,0.875003481904,0.103002838512,0.748255441406,0.875003481904,1,1,0.129980489571,1
single,lbrent,11,426,other,0.873922864614,0.129172688788,0.719291370236,0.873922864614,1,1,0.177275428365,1
single,lbrent,12,425,other,0.873863388401,0.216602562898,0.641640878205,0.873863388401,1,1,0.296648477753,1
single,lbrent,13,424,other,0.874450832071,0.0310066952468,0.860225451796,0.874450832071,1,1,0.0409997276685,1
single,lbrent,14,423,other,0.874018705415,0.285322960692,0.593233395524,0.874018705415,1,1,0.356066939934,1
single,lbrent,15,422,other,0.874211192795,0.396145354122,0.52908670109,0.874211192795,1,1,0.476070750307,1
single,lbrent,16,421,other,0.873962155824,0.291416841279,0.5893140125,0.873962155824,1,1,0.385305782569,1
single,lbrent,17,420,other,0.873681847589,0.171644503961,0.678654401519,0.873681847589,1,1,0.25935965848,1
single,lbrent,18,419,other,0.873680801557,0.295187302276,0.586915400715,0.873680801557,1,1,0.479425804908,1
single,lbrent,19,418,other,0.873750376356,0.390102037471,0.532245771404,0.873750376356,1,1,0.650487078248,1
single,lbrent,20,417,other,0.873567880486,0.482988691181,0.48707167206,0.873567880486,1,1,0.762281110959,1
single,lbrent,21,416,other,0.873553426504,0.980970851705,0.321959236008,0.873553426504,1,1,1.34889028458,1
single,lbrent,22,415,other,0.873537397497,1.0414329051,0.307488450135,0.873537397497,1,1,1.36854620703,1
single,lbrent,23,414,other,0.872957164005,1.23246524224,0.266928142336,0.872957164005,1,1,1.45589630213,1
single,lbrent,24,413,other,0.873231552485,1.81247952177,0.178211073963,0.873231552485,1,1,2.02677188508,1
single,lbrent,25,412,other,0.873322865897,2.81855475725,0.0931802689615,0.873322865897,1,1,3.20825819836,1
single,lbrent,26,411,other,0.872993934056,3.18108528485,0.0744952352931,0.872993934056,1,1,3.35272296669,1
single,lbrent,27,410,other,0.873141296743,3.20223662842,0.0735376374318,0.873141296743,1,1,3.42024828132,1
single,lbrent,28,409,other,0.87303515432,3.82682012144,0.050438538237,0.87303515432,1,1,3.87641542673,1
single,lbrent,29,408,other,0.873088496442,3.78902169527,0.0515897931585,0.873088496442,1,1,3.92837456006,1
single,lbrent,30,407,other,0.8738693618,3.11766545515,0.0774476679861,0.8738693618,1,1,3.60906857167,1
single,lbrent,31,406,other,0.873156810957,3.13623298659,0.0765704683171,0.873156810957,1,1,3.33858828172,1
single,lbrent,32,405,other,0.872916374516,4.31787566494,0.0377139765165,0.872916374516,1,1,4.76918773287,1
single,lbrent,33,404,other,0.872750140781,6.25970916992,0.012351447853,0.872750140781,1,1,6.45499845241,1
single,lbrent,34,403,other,0.873098012694,3.99672854508,0.0455886687558,0.873098012694,1,1,4.34492714239,1
single,lbrent,35,402,other,0.872520549258,2.83996551795,0.0919461869911,0.872520549258,1,1,3.67130037208,1
single,lbrent,36,401,other,0.873655119158,2.96885993874,0.0848816539944,0.873655119158,1,1,3.27633579261,1
single,lbrent,37,400,other,0.8727843241,2.64363242839,0.103965590001,0.8727843241,1,1,2.90071262133,1
single,lbrent,38,399,other,0.872851378861,1.69731225978,0.192639850347,0.872851378861,1,1,1.9763905604,1
single,lbrent,39,398,other,0.872783911511,1.70480703968,0.191660519161,0.872783911511,1,1,2.08130457645,1
single,lbrent,40,397,other,0.872896530923,0.515183165378,0.472903670785,0.872896530923,1,1,0.549243996154,1
single,lbrent,41,396,other,0.873009838745,0.718680197707,0.396577169722,0.873009838745,1,1,0.75676869768,1
single,lbrent,42,395,other,0.873714890664,0.828954948441,0.362574890705,0.873714890664,1,1,0.914889352858,1
single,lbrent,43,394,other,0.873763300124,1.20887485637,0.271555068238,0.873763300124,1,1,1.21295706396,1
single,lbrent,44,393,other,0.873757713932,0.954776818457,0.328506372453,0.873757713932,1,1,1.02447863228,1
single,lbrent,45,392,other,0.874228841069,0.304205496739,0.581257885039,0.874228841069,1,1,0.314017203545,1
single,lbrent,46,391,other,0.875694495568,0.456155361153,0.499426273082,0.875694495568,1,1,0.504609748672,1
single,lbrent,47,390,other,0.874973030246,0.0418174153785,0.837968207491,0.874973030246,1,1,0.044670943732,1
single,lbrent,48,389,other,0.875698458135,0.108164356331,0.742243746566,0.875698458135,1,1,0.109996384212,1
joint,lbrent,0,432,"military_conflict,diplomatic_tension,nuclear_threat",0.576313224981,9.623487122,0.0220533104224,0.878136176067,1.5237133871,3,14.3914677976,3
joint,lbrent,1,432,"military_conflict,diplomatic_tension,nuclear_threat",0.576313224981,3.62199057004,0.3052815873,0.878136176067,1.5237133871,3,7.57880279678,3
joint,lbrent,2,432,"military_conflict,diplomatic_tension,nuclear_threat",0.576313224981,1.27400212694,0.735315589688,0.878136176067,1.5237133871,3,2.84503595307,3
joint,lbrent,3,432,"military_conflict,diplomatic_tension,nuclear_threat",0.576313224981,0.966112664691,0.809450901794,0.878136176067,1.5237133871,3,1.74413764767,3
joint,lbrent,4,432,"military_conflict,diplomatic_tension,nuclear_threat",0.576313224981,2.76930746112,0.428577409156,0.878136176067,1.5237133871,3,6.19385214474,3
joint,lbrent,5,432,"military_conflict,diplomatic_tension,nuclear_threat",0.576313224981,2.81319981803,0.421331599116,0.878136176067,1.5237133871,3,6.4933608057,3
joint,lbrent,6,431,"military_conflict,diplomatic_tension,nuclear_threat",0.578354170022,2.99685527909,0.392110284544,0.87538486623,1.51357924193,3,7.68302908464,3
joint,lbrent,7,430,"military_conflict,diplomatic_tension,nuclear_threat",0.57985372873,1.92362855114,0.588408182945,0.879512773611,1.51678385433,3,4.00125448143,3
joint,lbrent,8,429,"military_conflict,diplomatic_tension,nuclear_threat",0.579092273041,3.53365375504,0.316423500623,0.878552828673,1.51712062062,3,12.1004870115,3
joint,lbrent,9,428,"military_conflict,diplomatic_tension,nuclear_threat",0.578093459701,3.66109174882,0.300462170268,0.87857555983,1.51978117913,3,10.6814379939,3
joint,lbrent,10,427,"military_conflict,diplomatic_tension,nuclear_threat",0.577215617721,4.98969745613,0.172553103496,0.878552289582,1.52205218052,3,11.4855066281,3
joint,lbrent,11,426,"military_conflict,diplomatic_tension,nuclear_threat",0.577091999012,8.44993198492,0.0375730240771,0.878569456017,1.52240796532,3,18.5780013268,3
joint,lbrent,12,425,"military_conflict,diplomatic_tension,nuclear_threat",0.576901488507,8.34405807215,0.0394113164539,0.878613898747,1.52298774791,3,18.6489398062,3
joint,lbrent,13,424,"military_conflict,diplomatic_tension,nuclear_threat",0.577278120146,7.47439530358,0.0582200087973,0.878496722534,1.52179112957,3,20.1882969177,3
joint,lbrent,14,423,"military_conflict,diplomatic_tension,nuclear_threat",0.575269114083,7.03746871614,0.0707130574817,0.87953659993,1.52891330057,3,13.1942937118,3
joint,lbrent,15,422,"military_conflict,diplomatic_tension,nuclear_threat",0.571774915997,8.84831451317,0.0313771109651,0.879982215899,1.53903606346,3,13.6049778789,3
joint,lbrent,16,421,"military_conflict,diplomatic_tension,nuclear_threat",0.571107635362,10.8274285587,0.012696589452,0.883033157755,1.54617641768,3,20.5608614987,3
joint,lbrent,17,420,"military_conflict,diplomatic_tension,nuclear_threat",0.570773550011,10.9716075799,0.0118803990181,0.883028439765,1.54707316018,3,18.3291887132,3
joint,lbrent,18,419,"military_conflict,diplomatic_tension,nuclear_threat",0.572133817571,15.8130439285,0.00123858087419,0.899335485229,1.57189709402,3,22.6454998929,3
joint,lbrent,19,418,"military_conflict,diplomatic_tension,nuclear_threat",0.571653589474,17.1709781769,0.000651761225981,0.898301544635,1.57140891123,3,24.0908315804,3
joint,lbrent,20,417,"military_conflict,diplomatic_tension,nuclear_threat",0.570903487082,13.1964332826,0.00423050215867,0.897784005401,1.57256703754,3,16.7832567034,3
joint,lbrent,21,416,"military_conflict,diplomatic_tension,nuclear_threat",0.571105795383,13.4002363747,0.00384636942442,0.897870120915,1.57216075931,3,16.7483161425,3
joint,lbrent,22,415,"military_conflict,diplomatic_tension,nuclear_threat",0.572735163174,18.3765704019,0.000367791180256,0.897201812293,1.56652126494,3,21.7671877534,3
joint,lbrent,23,414,"military_conflict,diplomatic_tension,nuclear_threat",0.570911170883,16.1855574489,0.00103884995723,0.896920455717,1.5710332911,3,19.4491513812,3
joint,lbrent,24,413,"military_conflict,diplomatic_tension,nuclear_threat",0.571458301214,16.4926865402,0.000898496553767,0.89688334864,1.56946420541,3,22.2485784321,3
joint,lbrent,25,412,"military_conflict,diplomatic_tension,nuclear_threat",0.569236319639,17.9500206789,0.000450413475434,0.896688284877,1.57524784337,3,22.9535575223,3
joint,lbrent,26,411,"military_conflict,diplomatic_tension,nuclear_threat",0.570403272081,11.8721021171,0.00783437628658,0.8967718984,1.57217172883,3,16.4194199573,3
joint,lbrent,27,410,"military_conflict,diplomatic_tension,nuclear_threat",0.57039326472,9.43870244498,0.0239924846349,0.89657101999,1.57184713678,3,14.3346740242,3
joint,lbrent,28,409,"military_conflict,diplomatic_tension,nuclear_threat",0.572956488156,9.07918969236,0.0282563356188,0.896358252899,1.56444384771,3,15.753188665,3
joint,lbrent,29,408,"military_conflict,diplomatic_tension,nuclear_threat",0.571515317115,7.49078200958,0.0577957752096,0.896374658662,1.56841755911,3,11.2438469013,3
joint,lbrent,30,407,"military_conflict,diplomatic_tension,nuclear_threat",0.571956950507,7.37255230804,0.0609251590602,0.896568060657,1.567544655,3,13.0891344748,3
joint,lbrent,31,406,"military_conflict,diplomatic_tension,nuclear_threat",0.570347463206,3.23776972355,0.356398275526,0.896272689706,1.5714502957,3,7.03986412299,3
joint,lbrent,32,405,"military_conflict,diplomatic_tension,nuclear_threat",0.569770947782,2.32548122736,0.507656963976,0.89631111813,1.57310779291,3,4.24178251909,3
joint,lbrent,33,404,"military_conflict,diplomatic_tension,nuclear_threat",0.569044929067,2.49560408443,0.476086047593,0.896041962969,1.5746418555,3,3.2411133187,3
joint,lbrent,34,403,"military_conflict,diplomatic_tension,nuclear_threat",0.588245523547,3.56942887136,0.311868439292,0.896382376929,1.52382354144,3,4.57520409079,3
joint,lbrent,35,402,"military_conflict,diplomatic_tension,nuclear_threat",0.575190884356,5.01225947934,0.170901642911,0.895908776482,1.55758514408,3,6.45112166257,3
joint,lbrent,36,401,"military_conflict,diplomatic_tension,nuclear_threat",0.573845043678,3.55563694373,0.313617563278,0.895421407109,1.56038884883,3,3.93030297986,3
joint,lbrent,37,400,"military_conflict,diplomatic_tension,nuclear_threat",0.573436041763,1.4705950118,0.68907342348,0.894353962526,1.55964030404,3,1.84942570368,3
joint,lbrent,38,399,"military_conflict,diplomatic_tension,nuclear_threat",0.573067208247,2.1815060952,0.535600274165,0.894039837967,1.56009596274,3,3.25669747303,3
joint,lbrent,39,398,"military_conflict,diplomatic_tension,nuclear_threat",0.572426036359,3.06761665785,0.381317054782,0.89400665532,1.56178545093,3,3.35750276052,3
joint,lbrent,40,397,"military_conflict,diplomatic_tension,nuclear_threat",0.572560366689,4.14186766668,0.246546862283,0.892745724619,1.55921676832,3,3.97630817574,3
joint,lbrent,41,396,"military_conflict,diplomatic_tension,nuclear_threat",0.572555783506,2.71986232115,0.436862447182,0.892737620836,1.55921509581,3,2.47324609519,3
joint,lbrent,42,395,"military_conflict,diplomatic_tension,nuclear_threat",0.575122102723,2.52024115476,0.471644157202,0.891928401409,1.55085050146,3,2.85864338107,3
joint,lbrent,43,394,"military_conflict,diplomatic_tension,nuclear_threat",0.570388386702,2.34069465724,0.504769749111,0.891353479463,1.56271323232,3,3.57196709286,3
joint,lbrent,44,393,"military_conflict,diplomatic_tension,nuclear_threat",0.570389096361,1.8717708566,0.59944268466,0.890715388603,1.56159259405,3,1.98946926365,3
joint,lbrent,45,392,"military_conflict,diplomatic_tension,nuclear_threat",0.569844848195,2.64277143855,0.450040452639,0.890715310369,1.56308390466,3,2.78021283816,3
joint,lbrent,46,391,"military_conflict,diplomatic_tension,nuclear_threat",0.570108940618,2.61472637419,0.454913670454,0.890706170877,1.56234380382,3,3.19408768587,3
joint,lbrent,47,390,"military_conflict,diplomatic_tension,nuclear_threat",0.569082624563,4.38943534999,0.222366977135,0.890774771007,1.56528196884,3,4.91380344021,3
joint,lbrent,48,389,"military_conflict,diplomatic_tension,nuclear_threat",0.56929689161,5.16832125721,0.159878688339,0.89047980906,1.56417472532,3,4.95549845088,3
