model,outcome,event,horizon,beta,block_length,draws,seed,multiplier_se,critical90,critical95,sim90_low,sim90_high,sim95_low,sim95_high
joint,lwip,military_conflict,0,-0.00169718802871,1,1999,20261020,0.00201895077537,2.50705247405,2.73373507421,-0.00675880356507,0.00336442750766,-0.00721646457643,0.00382208851901
joint,lwip,military_conflict,1,-0.00059618605789,1,1999,20261020,0.00229464650131,2.50705247405,2.73373507421,-0.00634898524606,0.00515661313028,-0.00686914168143,0.00567676956565
joint,lwip,military_conflict,2,-0.00177337126148,1,1999,20261020,0.00285554497356,2.50705247405,2.73373507421,-0.0089323723522,0.00538562982925,-0.00957967471168,0.00603293218873
joint,lwip,military_conflict,3,-0.00452167370692,1,1999,20261020,0.00394199401884,2.50705247405,2.73373507421,-0.0144044595645,0.00536111215069,-0.0152980410185,0.00625469360469
joint,lwip,military_conflict,4,-0.00397732930521,1,1999,20261020,0.00431400298418,2.50705247405,2.73373507421,-0.0147927611597,0.00683810254931,-0.0157706705733,0.00781601196286
joint,lwip,military_conflict,5,-0.00384471426494,1,1999,20261020,0.00390050094314,2.50705247405,2.73373507421,-0.0136234748045,0.00593404627458,-0.0145076505002,0.00681822197029
joint,lwip,military_conflict,6,-0.0035344874908,1,1999,20261020,0.00392470033701,2.50705247405,2.73373507421,-0.0133739171806,0.00630494219899,-0.0142635784578,0.00719460347623
joint,lwip,military_conflict,7,-0.00356212156666,1,1999,20261020,0.00395172553026,2.50705247405,2.73373507421,-0.013469304834,0.00634506170074,-0.0143650922524,0.00724084911905
joint,lwip,military_conflict,8,-0.00291648414797,1,1999,20261020,0.00394512280872,2.50705247405,2.73373507421,-0.012807114046,0.00697414575004,-0.0137014047422,0.00786843644627
joint,lwip,military_conflict,9,-0.0022814871023,1,1999,20261020,0.00392405900292,2.50705247405,2.73373507421,-0.0121193089339,0.00755633472927,-0.0130088248318,0.00844585062723
joint,lwip,military_conflict,10,-0.00325665597729,1,1999,20261020,0.00390147902521,2.50705247405,2.73373507421,-0.0130378686199,0.00652455666531,-0.0139222660298,0.00740895407521
joint,lwip,military_conflict,11,-0.00303250207351,1,1999,20261020,0.00394580158142,2.50705247405,2.73373507421,-0.0129248336903,0.00685982954329,-0.0138192782525,0.00775427410548
joint,lwip,military_conflict,12,-0.000283331539715,1,1999,20261020,0.00433922835802,2.50705247405,2.73373507421,-0.0111620047302,0.0105953416507,-0.012145632297,0.0115789692176
joint,lwip,military_conflict,13,-0.000949697047522,1,1999,20261020,0.00444886729551,2.50705247405,2.73373507421,-0.0121032408074,0.0102038467124,-0.0131117216137,0.0112123275187
joint,lwip,military_conflict,14,-0.000205843782034,1,1999,20261020,0.00460665522024,2.50705247405,2.73373507421,-0.011754970149,0.011343282585,-0.0127992187324,0.0123875311683
joint,lwip,military_conflict,15,0.00219504124639,1,1999,20261020,0.00498706262757,2.50705247405,2.73373507421,-0.0103077864523,0.0146978689451,-0.0114382667758,0.0158283492686
joint,lwip,military_conflict,16,-0.000992644103326,1,1999,20261020,0.00536922614006,2.50705247405,2.73373507421,-0.0144535757815,0.0124682875748,-0.0156706859238,0.0136853977171
joint,lwip,military_conflict,17,0.00131394646639,1,1999,20261020,0.00570392864073,2.50705247405,2.73373507421,-0.0129861019441,0.0156139948769,-0.0142790833195,0.0169069762523
joint,lwip,military_conflict,18,0.00237532682783,1,1999,20261020,0.00544996738816,2.50705247405,2.73373507421,-0.0112880273961,0.0160386810518,-0.0125234401744,0.0172740938301
joint,lwip,military_conflict,19,6.85490870084e-05,1,1999,20261020,0.00509871692628,2.50705247405,2.73373507421,-0.0127142017975,0.0128512999715,-0.0138699922078,0.0140070903818
joint,lwip,military_conflict,20,0.000917980070001,1,1999,20261020,0.00532477755874,2.50705247405,2.73373507421,-0.0124315166824,0.0142674768224,-0.0136385511047,0.0154745112447
joint,lwip,military_conflict,21,0.00181773739961,1,1999,20261020,0.00562142331095,2.50705247405,2.73373507421,-0.0122754658198,0.015910940619,-0.0135497446725,0.0171852194717
joint,lwip,military_conflict,22,0.00208901602926,1,1999,20261020,0.00579772264836,2.50705247405,2.73373507421,-0.0124461788801,0.0166242109387,-0.0137604217251,0.0179384537836
joint,lwip,military_conflict,23,-0.000487395758051,1,1999,20261020,0.00581381987188,2.50705247405,2.73373507421,-0.0150629472515,0.0140881557354,-0.0163808390569,0.0154060475408
joint,lwip,military_conflict,24,-0.00133311560896,1,1999,20261020,0.00581986114279,2.50705247405,2.73373507421,-0.0159238128856,0.0132575816677,-0.017243074142,0.0145768429241
joint,lwip,military_conflict,25,-0.00175704424906,1,1999,20261020,0.00593339773902,2.50705247405,2.73373507421,-0.0166323837302,0.0131182952321,-0.0179773817574,0.0144632932593
joint,lwip,military_conflict,26,-0.00148700431116,1,1999,20261020,0.00601621704832,2.50705247405,2.73373507421,-0.0165699761466,0.0135959675242,-0.0179337478702,0.0149597392479
joint,lwip,military_conflict,27,-0.00354068658051,1,1999,20261020,0.00637428125694,2.50705247405,2.73373507421,-0.019521344176,0.012439971015,-0.0209662828255,0.0138849096644
joint,lwip,military_conflict,28,-0.00117604735619,1,1999,20261020,0.00690056693851,2.50705247405,2.73373507421,-0.0184761307717,0.0161240360593,-0.0200403692279,0.0176882745155
joint,lwip,military_conflict,29,-0.00173687238898,1,1999,20261020,0.00710456433105,2.50705247405,2.73373507421,-0.0195483879722,0.0160746431942,-0.0211588690877,0.0176851243098
joint,lwip,military_conflict,30,-0.00369743760396,1,1999,20261020,0.00729477586727,2.50705247405,2.73373507421,-0.0219858234896,0.0145909482817,-0.0236394222508,0.0162445470429
joint,lwip,military_conflict,31,-0.0052933518741,1,1999,20261020,0.00766880474064,2.50705247405,2.73373507421,-0.0245194477721,0.0139327440239,-0.0262578323708,0.0156711286226
joint,lwip,military_conflict,32,-0.00345761259533,1,1999,20261020,0.00787096575182,2.50705247405,2.73373507421,-0.0231905367566,0.0162753115659,-0.024974747739,0.0180595225483
joint,lwip,military_conflict,33,-0.00430936882757,1,1999,20261020,0.00858805924577,2.50705247405,2.73373507421,-0.0258400840069,0.0172213463518,-0.0277868476071,0.0191681099519
joint,lwip,military_conflict,34,-0.00493107086275,1,1999,20261020,0.00858955346942,2.50705247405,2.73373507421,-0.0264655321392,0.0166033904137,-0.0284126344539,0.0185504927284
joint,lwip,military_conflict,35,-0.00399784875151,1,1999,20261020,0.00869412425851,2.50705247405,2.73373507421,-0.0257944744835,0.0177987769805,-0.0277652811765,0.0197695836735
joint,lwip,military_conflict,36,-0.00464570699682,1,1999,20261020,0.00914590966571,2.50705247405,2.73373507421,-0.0275749824516,0.018283568458,-0.0296482010355,0.0203567870418
joint,lwip,military_conflict,37,-0.00465206255118,1,1999,20261020,0.00874406211792,2.50705247405,2.73373507421,-0.0265738851171,0.0172697600148,-0.028556011854,0.0192518867516
joint,lwip,military_conflict,38,-0.00336392221179,1,1999,20261020,0.00859548094404,2.50705247405,2.73373507421,-0.0249132439782,0.0181853995546,-0.0268616899482,0.0201338455246
joint,lwip,military_conflict,39,-0.00327621472104,1,1999,20261020,0.00857357593174,2.50705247405,2.73373507421,-0.0247706194721,0.0182181900301,-0.026714099957,0.0201616705149
joint,lwip,military_conflict,40,-0.00216632042486,1,1999,20261020,0.00889166275177,2.50705247405,2.73373507421,-0.0244581855251,0.0201255446754,-0.0264737707574,0.0221411299077
joint,lwip,military_conflict,41,-0.00135637087216,1,1999,20261020,0.00910047121124,2.50705247405,2.73373507421,-0.0241717297373,0.021458987993,-0.0262346482141,0.0235219064698
joint,lwip,military_conflict,42,-0.000639593641864,1,1999,20261020,0.00927777990241,2.50705247405,2.73373507421,-0.0238994746999,0.0226202874161,-0.0260025859719,0.0247233986881
joint,lwip,military_conflict,43,0.00060256644205,1,1999,20261020,0.00931103108127,2.50705247405,2.73373507421,-0.0227406770662,0.0239458099503,-0.0248513258018,0.0260564586859
joint,lwip,military_conflict,44,0.000649921869959,1,1999,20261020,0.0092040006403,2.50705247405,2.73373507421,-0.0224249907064,0.0237248344464,-0.0245113775034,0.0258112212434
joint,lwip,military_conflict,45,0.00266005925374,1,1999,20261020,0.00943272225946,2.50705247405,2.73373507421,-0.0209882704238,0.0263083889313,-0.0231265044322,0.0284466229397
joint,lwip,military_conflict,46,0.00258941400782,1,1999,20261020,0.00916597835723,2.50705247405,2.73373507421,-0.0203901747097,0.0255690027254,-0.0224679425167,0.0276467705324
joint,lwip,military_conflict,47,0.00636704658067,1,1999,20261020,0.0100180636228,2.50705247405,2.73373507421,-0.0187487646101,0.0314828577714,-0.0210196853206,0.033753778482
joint,lwip,military_conflict,48,0.00608456274265,1,1999,20261020,0.0103392426991,2.50705247405,2.73373507421,-0.0198364612459,0.0320055867312,-0.0221801876646,0.0343493131499
joint,lwip,diplomatic_tension,0,0.00268587022113,1,1999,20261020,0.00308810517351,2.61102720204,2.86340560435,-0.00537725638965,0.0107489968319,-0.0061566274395,0.0115283678818
joint,lwip,diplomatic_tension,1,0.00830509984374,1,1999,20261020,0.00400052049105,2.61102720204,2.86340560435,-0.0021403679807,0.0187505676682,-0.00315001295064,0.0197602126381
joint,lwip,diplomatic_tension,2,0.00682896221692,1,1999,20261020,0.00463801363328,2.61102720204,2.86340560435,-0.00528101754301,0.0189389419768,-0.00645155201367,0.0201094764475
joint,lwip,diplomatic_tension,3,0.00347384798424,1,1999,20261020,0.00543786029858,2.61102720204,2.86340560435,-0.0107245531762,0.0176722491447,-0.0120969516704,0.0190446476389
joint,lwip,diplomatic_tension,4,0.00425740202572,1,1999,20261020,0.00628912798316,2.61102720204,2.86340560435,-0.0121636822154,0.0206784862668,-0.0137509222877,0.0222657263392
joint,lwip,diplomatic_tension,5,7.81819559339e-05,1,1999,20261020,0.0069043016165,2.61102720204,2.86340560435,-0.0179491373758,0.0181055012877,-0.0196916339869,0.0198479978987
joint,lwip,diplomatic_tension,6,-0.00265260300287,1,1999,20261020,0.00726840324801,2.61102720204,2.86340560435,-0.0216306015988,0.0163253955931,-0.0234649895979,0.0181597835922
joint,lwip,diplomatic_tension,7,-4.61228816002e-05,1,1999,20261020,0.00882374327595,2.61102720204,2.86340560435,-0.0230851565989,0.0229929108357,-0.0253120788293,0.0252198330661
joint,lwip,diplomatic_tension,8,-0.00722802283068,1,1999,20261020,0.0114117312056,2.61102720204,2.86340560435,-0.0370243634307,0.0225683177694,-0.03990443792,0.0254483922586
joint,lwip,diplomatic_tension,9,-0.00818148961832,1,1999,20261020,0.0109577830924,2.61102720204,2.86340560435,-0.0367925593466,0.02042958011,-0.0395580671363,0.0231950878997
joint,lwip,diplomatic_tension,10,-0.00861245955872,1,1999,20261020,0.0100759291703,2.61102720204,2.86340560435,-0.0349209847082,0.0176960655908,-0.037463931614,0.0202390124966
joint,lwip,diplomatic_tension,11,-0.00822686719618,1,1999,20261020,0.00934318285536,2.61102720204,2.86340560435,-0.0326221717852,0.0161684373928,-0.0349801893467,0.0185264549543
joint,lwip,diplomatic_tension,12,-0.00620537004588,1,1999,20261020,0.00906058744656,2.61102720204,2.86340560435,-0.0298628103353,0.0174520702435,-0.032149506919,0.0197387668273
joint,lwip,diplomatic_tension,13,-0.00835216222468,1,1999,20261020,0.00888769572721,2.61102720204,2.86340560435,-0.0315581775319,0.0148538530825,-0.0338012399797,0.0170969155303
joint,lwip,diplomatic_tension,14,-0.00845224393787,1,1999,20261020,0.00912662836022,2.61102720204,2.86340560435,-0.0322821188493,0.0153776309735,-0.0345854827333,0.0176809948576
joint,lwip,diplomatic_tension,15,-0.0102228584335,1,1999,20261020,0.00970512107322,2.61102720204,2.86340560435,-0.0355631935547,0.0151174766878,-0.0380125565054,0.0175668396385
joint,lwip,diplomatic_tension,16,-0.0163721585169,1,1999,20261020,0.012129741808,2.61102720204,2.86340560435,-0.0480432443312,0.0152989272975,-0.0511045291891,0.0183602121554
joint,lwip,diplomatic_tension,17,-0.00780900929481,1,1999,20261020,0.0144018788486,2.61102720204,2.86340560435,-0.045412706729,0.0297946881394,-0.0490474299031,0.0334294113135
joint,lwip,diplomatic_tension,18,-0.0127178709335,1,1999,20261020,0.0150061842778,2.61102720204,2.86340560435,-0.0518994262817,0.0264636844146,-0.0556866630945,0.0302509212274
joint,lwip,diplomatic_tension,19,-0.0169990715845,1,1999,20261020,0.0137751031487,2.61102720204,2.86340560435,-0.0529662406166,0.0189680974476,-0.056442779141,0.022444635972
joint,lwip,diplomatic_tension,20,-0.0119973924917,1,1999,20261020,0.015870903897,2.61102720204,2.86340560435,-0.0534367542878,0.0294419693043,-0.0574422276565,0.033447442673
joint,lwip,diplomatic_tension,21,-0.0124015621394,1,1999,20261020,0.0151898638528,2.61102720204,2.86340560435,-0.0520627098543,0.0272595855755,-0.0558963034248,0.031093179146
joint,lwip,diplomatic_tension,22,-0.0147786914363,1,1999,20261020,0.0131546858984,2.61102720204,2.86340560435,-0.0491259341513,0.0195685512788,-0.0524458927613,0.0228885098887
joint,lwip,diplomatic_tension,23,-0.0199234151389,1,1999,20261020,0.0132872796553,2.61102720204,2.86340560435,-0.05461686376,0.0147700334822,-0.0579702861705,0.0181234558927
joint,lwip,diplomatic_tension,24,-0.0175392329965,1,1999,20261020,0.0127930622516,2.61102720204,2.86340560435,-0.0509422665329,0.0158638005399,-0.0541709591446,0.0190924931517
joint,lwip,diplomatic_tension,25,-0.022067730706,1,1999,20261020,0.0128475122202,2.61102720204,2.86340560435,-0.0556129345916,0.0114774731795,-0.0588553691994,0.0147199077873
joint,lwip,diplomatic_tension,26,-0.0219789117551,1,1999,20261020,0.0118642381125,2.61102720204,2.86340560435,-0.0529567601983,0.00899893668817,-0.0559510376577,0.0119932141476
joint,lwip,diplomatic_tension,27,-0.0217904186941,1,1999,20261020,0.0109219278748,2.61102720204,2.86340560435,-0.0503078694738,0.00672703208559,-0.053064328181,0.00948349079276
joint,lwip,diplomatic_tension,28,-0.0200702415851,1,1999,20261020,0.010635864502,2.61102720204,2.86340560435,-0.0478407731169,0.00770028994677,-0.0505250356071,0.010384552437
joint,lwip,diplomatic_tension,29,-0.0171503631573,1,1999,20261020,0.0105744634808,2.61102720204,2.86340560435,-0.0447605749526,0.010459848638,-0.0474293411511,0.0131286148366
joint,lwip,diplomatic_tension,30,-0.0157940439371,1,1999,20261020,0.0107126931794,2.61102720204,2.86340560435,-0.0437651772355,0.0121770893613,-0.0464688296246,0.0148807417503
joint,lwip,diplomatic_tension,31,-0.0160969640686,1,1999,20261020,0.0108970274619,2.61102720204,2.86340560435,-0.0445493991929,0.0123554710557,-0.0472995735736,0.0151056454364
joint,lwip,diplomatic_tension,32,-0.0142837622202,1,1999,20261020,0.0118253960462,2.61102720204,2.86340560435,-0.0451601929716,0.0165926685313,-0.0481446675324,0.0195771430921
joint,lwip,diplomatic_tension,33,-0.0129720724102,1,1999,20261020,0.01190819329,2.61102720204,2.86340560435,-0.0440646890174,0.0181205441971,-0.0470700598143,0.021125914994
joint,lwip,diplomatic_tension,34,-0.0114244571983,1,1999,20261020,0.0116030337693,2.61102720204,2.86340560435,-0.0417202939961,0.0188713795995,-0.0446486491207,0.0217997347241
joint,lwip,diplomatic_tension,35,-0.0150593291035,1,1999,20261020,0.0125830705719,2.61102720204,2.86340560435,-0.047914068652,0.017795410445,-0.0510897638991,0.0209711056921
joint,lwip,diplomatic_tension,36,-0.0177213015418,1,1999,20261020,0.0126227770357,2.61102720204,2.86340560435,-0.0506797157473,0.0152371126636,-0.0538654320483,0.0184228289646
joint,lwip,diplomatic_tension,37,-0.0130313708976,1,1999,20261020,0.0129886884499,2.61102720204,2.86340560435,-0.0469451897591,0.0208824479638,-0.0502232541981,0.0241605124029
joint,lwip,diplomatic_tension,38,-0.0111148224032,1,1999,20261020,0.0127264843469,2.61102720204,2.86340560435,-0.0443440192193,0.022114374413,-0.0475559090058,0.0253262641995
joint,lwip,diplomatic_tension,39,-0.014457847564,1,1999,20261020,0.0124970340855,2.61102720204,2.86340560435,-0.0470879435061,0.0181722483781,-0.0502419250022,0.0213262298742
joint,lwip,diplomatic_tension,40,-0.0173616577583,1,1999,20261020,0.0135124277924,2.61102720204,2.86340560435,-0.0526429742898,0.0179196587731,-0.0560532192274,0.0213299037107
joint,lwip,diplomatic_tension,41,-0.0159810551603,1,1999,20261020,0.0138309031275,2.61102720204,2.86340560435,-0.0520939194549,0.0201318091343,-0.0555845406887,0.0236224303681
joint,lwip,diplomatic_tension,42,-0.0130271773406,1,1999,20261020,0.0129152502214,2.61102720204,2.86340560435,-0.0467492469897,0.0206948923086,-0.050008777206,0.0239544225249
joint,lwip,diplomatic_tension,43,-0.00775080242475,1,1999,20261020,0.0119637427543,2.61102720204,2.86340560435,-0.0389884601944,0.0234868553449,-0.0420078504764,0.0265062456269
joint,lwip,diplomatic_tension,44,-0.00342700590949,1,1999,20261020,0.0116205448806,2.61102720204,2.86340560435,-0.0337685646952,0.0269145528762,-0.0367013392461,0.0298473274272
joint,lwip,diplomatic_tension,45,-0.00225190820701,1,1999,20261020,0.011393685626,2.61102720204,2.86340560435,-0.032001131308,0.027497314894,-0.0348766514828,0.0303728350687
joint,lwip,diplomatic_tension,46,-0.00241379175756,1,1999,20261020,0.0109986227232,2.61102720204,2.86340560435,-0.0311314948727,0.0263039113576,-0.0339073097032,0.029079726188
joint,lwip,diplomatic_tension,47,0.00461619328666,1,1999,20261020,0.0114206923099,2.61102720204,2.86340560435,-0.0252035450006,0.0344359315739,-0.0280858810791,0.0373182676524
joint,lwip,diplomatic_tension,48,0.00485237844187,1,1999,20261020,0.011556088315,2.61102720204,2.86340560435,-0.0253208824977,0.0350256393814,-0.0282373896035,0.0379421464873
joint,lwip,nuclear_threat,0,-0.000216107815242,1,1999,20261020,0.00100815096234,2.52876685438,2.80248950376,-0.00276548655301,0.00233327092252,-0.00304144030539,0.00260922467491
joint,lwip,nuclear_threat,1,0.000525466226055,1,1999,20261020,0.00154431219623,2.52876685438,2.80248950376,-0.00337973926859,0.0044306717207,-0.00380245249441,0.00485338494652
joint,lwip,nuclear_threat,2,0.000593556264337,1,1999,20261020,0.00197219145759,2.52876685438,2.80248950376,-0.0043936561241,0.00558076865278,-0.00493348959496,0.00612060212363
joint,lwip,nuclear_threat,3,0.00108269953156,1,1999,20261020,0.0023437031817,2.52876685438,2.80248950376,-0.00484397939083,0.00700937845394,-0.00548550403508,0.00765090309819
joint,lwip,nuclear_threat,4,0.00163297813483,1,1999,20261020,0.00259543292918,2.52876685438,2.80248950376,-0.00493026662926,0.00819622289892,-0.00564069540692,0.00890665167658
joint,lwip,nuclear_threat,5,0.00172688983899,1,1999,20261020,0.00281255165876,2.52876685438,2.80248950376,-0.00538539757192,0.0088391772499,-0.00615525666347,0.00960903634145
joint,lwip,nuclear_threat,6,0.00108941358565,1,1999,20261020,0.00317917000373,2.52876685438,2.80248950376,-0.00694996614423,0.00912879331553,-0.00782017698048,0.00999900415177
joint,lwip,nuclear_threat,7,0.00158233163637,1,1999,20261020,0.00346726262669,2.52876685438,2.80248950376,-0.00718556716944,0.0103502304422,-0.00813463548171,0.0112992987544
joint,lwip,nuclear_threat,8,0.00194978848863,1,1999,20261020,0.00361475654145,2.52876685438,2.80248950376,-0.00719108804003,0.0110906650173,-0.00818052877742,0.0120801057547
joint,lwip,nuclear_threat,9,0.00170761684779,1,1999,20261020,0.00381446110882,2.52876685438,2.80248950376,-0.00793826597152,0.0113534996671,-0.00898237037217,0.0123976040677
joint,lwip,nuclear_threat,10,0.00155531889566,1,1999,20261020,0.0041367762322,2.52876685438,2.80248950376,-0.00890562372432,0.0120162615156,-0.0100379530745,0.0131485908658
joint,lwip,nuclear_threat,11,0.00221469303627,1,1999,20261020,0.00455558239724,2.52876685438,2.80248950376,-0.00930531273227,0.0137346988048,-0.0105522788155,0.014981664888
joint,lwip,nuclear_threat,12,0.00608452620664,1,1999,20261020,0.00476680801946,2.52876685438,2.80248950376,-0.00596961991417,0.0181386723274,-0.00727440323434,0.0194434556476
joint,lwip,nuclear_threat,13,0.00483643732054,1,1999,20261020,0.00459041063608,2.52876685438,2.80248950376,-0.00677164094396,0.016444515585,-0.00802814030501,0.0177010149461
joint,lwip,nuclear_threat,14,0.00582912501797,1,1999,20261020,0.00450239291591,2.52876685438,2.80248950376,-0.00555637695319,0.0172146269891,-0.00678878387068,0.0184470339066
joint,lwip,nuclear_threat,15,0.00641654295121,1,1999,20261020,0.00454645316228,2.52876685438,2.80248950376,-0.00508037711055,0.017913463013,-0.0063248443154,0.0191579302178
joint,lwip,nuclear_threat,16,0.00779182041605,1,1999,20261020,0.00452112207665,2.52876685438,2.80248950376,-0.00364104323598,0.0192246840681,-0.00487857674896,0.0204622175811
joint,lwip,nuclear_threat,17,0.00793678037368,1,1999,20261020,0.00455159438006,2.52876685438,2.80248950376,-0.0035731406292,0.0194467013766,-0.00481901510181,0.0206925758492
joint,lwip,nuclear_threat,18,0.00848858018841,1,1999,20261020,0.00444194071882,2.52876685438,2.80248950376,-0.00274405227047,0.0197212126473,-0.00395991205241,0.0209370724292
joint,lwip,nuclear_threat,19,0.00929768354494,1,1999,20261020,0.00439831899265,2.52876685438,2.80248950376,-0.00182463973867,0.0204200068286,-0.00302855926615,0.021623926356
joint,lwip,nuclear_threat,20,0.0101247230667,1,1999,20261020,0.0045552222089,2.52876685438,2.80248950376,-0.00139437186948,0.0216438180029,-0.00264123936101,0.0228906854944
joint,lwip,nuclear_threat,21,0.0118808952417,1,1999,20261020,0.00461681503663,2.52876685438,2.80248950376,0.000206046404227,0.0235557440791,-0.00105768043929,0.0248194709226
joint,lwip,nuclear_threat,22,0.0101680094734,1,1999,20261020,0.00463728105285,2.52876685438,2.80248950376,-0.00155859314753,0.0218946120942,-0.00282792200323,0.0231639409499
joint,lwip,nuclear_threat,23,0.00929739520414,1,1999,20261020,0.00481450666327,2.52876685438,2.80248950376,-0.00287736966614,0.0214721600744,-0.00419520918547,0.0227899995937
joint,lwip,nuclear_threat,24,0.0098226540071,1,1999,20261020,0.00529561515395,2.52876685438,2.80248950376,-0.00356872206775,0.023214030082,-0.00501825187778,0.024663559892
joint,lwip,nuclear_threat,25,0.00832317320165,1,1999,20261020,0.00589069135019,2.52876685438,2.80248950376,-0.00657301183408,0.0232193582374,-0.00818542747713,0.0248317738804
joint,lwip,nuclear_threat,26,0.00750266947559,1,1999,20261020,0.0066811432042,2.52876685438,2.80248950376,-0.00939238400855,0.0243977229597,-0.0112211642273,0.0262265031785
joint,lwip,nuclear_threat,27,0.00616942614116,1,1999,20261020,0.00715405694801,2.52876685438,2.80248950376,-0.0119215159433,0.0242603682256,-0.0138797433649,0.0262185956472
joint,lwip,nuclear_threat,28,0.00715226137758,1,1999,20261020,0.00733849953147,2.52876685438,2.80248950376,-0.0114050929985,0.0257096157537,-0.0134138065327,0.0277183292879
joint,lwip,nuclear_threat,29,0.00353574891958,1,1999,20261020,0.00795840462185,2.52876685438,2.80248950376,-0.0165892009019,0.0236606987411,-0.0187675964998,0.025839094339
joint,lwip,nuclear_threat,30,0.00340563133725,1,1999,20261020,0.0078314846185,2.52876685438,2.80248950376,-0.0163983673866,0.0232096300611,-0.0185420221049,0.0253532847794
joint,lwip,nuclear_threat,31,0.00619657079726,1,1999,20261020,0.00896925277656,2.52876685438,2.80248950376,-0.0164845783327,0.0288777199272,-0.0189396659656,0.0313328075601
joint,lwip,nuclear_threat,32,0.00220922860482,1,1999,20261020,0.0110601586764,2.52876685438,2.80248950376,-0.0257593340603,0.03017779127,-0.0287867499958,0.0332052072054
joint,lwip,nuclear_threat,33,-0.00129165446482,1,1999,20261020,0.0104005598188,2.52876685438,2.80248950376,-0.0275922454017,0.0250089364721,-0.0304391141903,0.0278558052607
joint,lwip,nuclear_threat,34,-0.000291057364823,1,1999,20261020,0.00872477651681,2.52876685438,2.80248950376,-0.0223539830324,0.0217718683028,-0.0247421519758,0.0241600372462
joint,lwip,nuclear_threat,35,0.00324089915192,1,1999,20261020,0.00822433011316,2.52876685438,2.80248950376,-0.0175565142377,0.0240383125416,-0.0198076996657,0.0262894979695
joint,lwip,nuclear_threat,36,0.00132101397887,1,1999,20261020,0.00819671458918,2.52876685438,2.80248950376,-0.0194065661891,0.0220485941468,-0.0216501926226,0.0242922205803
joint,lwip,nuclear_threat,37,0.0007661483551,1,1999,20261020,0.00749795016482,2.52876685438,2.80248950376,-0.0181944194975,0.0197267162077,-0.0202467782815,0.0217790749917
joint,lwip,nuclear_threat,38,0.000997736397972,1,1999,20261020,0.0069003548186,2.52876685438,2.80248950376,-0.0164516521508,0.0184471249467,-0.0183404355534,0.0203359083493
joint,lwip,nuclear_threat,39,0.00346221955592,1,1999,20261020,0.00653559400266,2.52876685438,2.80248950376,-0.0130647739317,0.0199892130435,-0.0148537140374,0.0217781531492
joint,lwip,nuclear_threat,40,0.0013596989525,1,1999,20261020,0.00665790246192,2.52876685438,2.80248950376,-0.0154765841129,0.0181959820179,-0.0172990028141,0.0200184007191
joint,lwip,nuclear_threat,41,0.00286543250936,1,1999,20261020,0.00690088490397,2.52876685438,2.80248950376,-0.0145852965017,0.0203161615204,-0.0164742250007,0.0222050900194
joint,lwip,nuclear_threat,42,0.00388589699426,1,1999,20261020,0.00728080948714,2.52876685438,2.80248950376,-0.0145255727099,0.0222973666984,-0.0165184951723,0.0242902891608
joint,lwip,nuclear_threat,43,0.000999281061439,1,1999,20261020,0.00755161466532,2.52876685438,2.80248950376,-0.0180969918013,0.0200955539242,-0.0201640397746,0.0221626018974
joint,lwip,nuclear_threat,44,0.00188090374761,1,1999,20261020,0.00728879170677,2.52876685438,2.80248950376,-0.016550751129,0.0203125586242,-0.0185458585057,0.0223076660009
joint,lwip,nuclear_threat,45,0.00214682535384,1,1999,20261020,0.00699919424713,2.52876685438,2.80248950376,-0.0155525050657,0.0198461557733,-0.0174683430585,0.0217619937662
joint,lwip,nuclear_threat,46,0.00217343040973,1,1999,20261020,0.00659767767694,2.52876685438,2.80248950376,-0.0145105582156,0.0188574190351,-0.0163164920291,0.0206633528485
joint,lwip,nuclear_threat,47,0.00414923365011,1,1999,20261020,0.00660157007765,2.52876685438,2.80248950376,-0.0125445979491,0.0208430652493,-0.0143515972008,0.022650064501
joint,lwip,nuclear_threat,48,0.00250749557995,1,1999,20261020,0.00655182131715,2.52876685438,2.80248950376,-0.0140605330027,0.0190755241626,-0.0158539148919,0.0208689060518
joint,lwip,military_conflict,0,-0.00169718802871,6,1999,20261025,0.00202876947043,2.58527091752,2.83885553082,-0.00694210673897,0.00354773068155,-0.0074565714606,0.00406219540319
joint,lwip,military_conflict,1,-0.00059618605789,6,1999,20261025,0.00172805643353,2.58527091752,2.83885553082,-0.00506368009934,0.00387130798356,-0.0055018886218,0.00430951650602
joint,lwip,military_conflict,2,-0.00177337126148,6,1999,20261025,0.00244594977467,2.58527091752,2.83885553082,-0.00809681407965,0.0045500715567,-0.00871706930742,0.00517032678446
joint,lwip,military_conflict,3,-0.00452167370692,6,1999,20261025,0.0023567303674,2.58527091752,2.83885553082,-0.0106144601862,0.00157111277236,-0.0112120907451,0.00216874333124
joint,lwip,military_conflict,4,-0.00397732930521,6,1999,20261025,0.00285530260195,2.58527091752,2.83885553082,-0.0113590600828,0.00340440147233,-0.0120831208889,0.00412846227851
joint,lwip,military_conflict,5,-0.00384471426494,6,1999,20261025,0.00311420243738,2.58527091752,2.83885553082,-0.0118957712576,0.00420634272769,-0.0126854850784,0.00499605654851
joint,lwip,military_conflict,6,-0.0035344874908,6,1999,20261025,0.00318081172764,2.58527091752,2.83885553082,-0.0117577475444,0.00468877256278,-0.0125643524563,0.00549537747472
joint,lwip,military_conflict,7,-0.00356212156666,6,1999,20261025,0.00345108774321,2.58527091752,2.83885553082,-0.012484118343,0.00535987520966,-0.0133592610938,0.00623501796049
joint,lwip,military_conflict,8,-0.00291648414797,6,1999,20261025,0.00349612622057,2.58527091752,2.83885553082,-0.01195491759,0.00612194929406,-0.0128414814057,0.00700851310975
joint,lwip,military_conflict,9,-0.0022814871023,6,1999,20261025,0.00371567865609,2.58527091752,2.83885553082,-0.0118875230707,0.00732454886613,-0.0128297620059,0.00826678780129
joint,lwip,military_conflict,10,-0.00325665597729,6,1999,20261025,0.00371304462792,2.58527091752,2.83885553082,-0.0128558822693,0.00634257031472,-0.0137974532554,0.00728414130086
joint,lwip,military_conflict,11,-0.00303250207351,6,1999,20261025,0.00375522599044,2.58527091752,2.83885553082,-0.0127407786153,0.0066757744683,-0.013693046146,0.00762804199894
joint,lwip,military_conflict,12,-0.000283331539715,6,1999,20261025,0.00373716205379,2.58527091752,2.83885553082,-0.00994490791143,0.009378244832,-0.0108925947057,0.0103259316263
joint,lwip,military_conflict,13,-0.000949697047522,6,1999,20261025,0.00394874366278,2.58527091752,2.83885553082,-0.0111582691996,0.0092588751046,-0.0121596098344,0.0102602157394
joint,lwip,military_conflict,14,-0.000205843782034,6,1999,20261025,0.00430516126224,2.58527091752,2.83885553082,-0.0113358519885,0.0109241644245,-0.0124275746424,0.0120158870783
joint,lwip,military_conflict,15,0.00219504124639,6,1999,20261025,0.00438834777325,2.58527091752,2.83885553082,-0.00915002662775,0.0135401091205,-0.0102628441009,0.0146529265936
joint,lwip,military_conflict,16,-0.000992644103326,6,1999,20261025,0.00437630835547,2.58527091752,2.83885553082,-0.0123065868208,0.0103212986142,-0.0134163512828,0.0114310630762
joint,lwip,military_conflict,17,0.00131394646639,6,1999,20261025,0.00443481604535,2.58527091752,2.83885553082,-0.0101512544802,0.012779147413,-0.0112758555921,0.0139037485249
joint,lwip,military_conflict,18,0.00237532682783,6,1999,20261025,0.00456379093212,2.58527091752,2.83885553082,-0.00942330914261,0.0141739627983,-0.0105806163013,0.015331269957
joint,lwip,military_conflict,19,6.85490870084e-05,6,1999,20261025,0.00427544216142,2.58527091752,2.83885553082,-0.0109846271925,0.0111217253665,-0.0120688135397,0.0122059117137
joint,lwip,military_conflict,20,0.000917980070001,6,1999,20261025,0.0044855296208,2.58527091752,2.83885553082,-0.0106783292083,0.0125142893483,-0.0118157905027,0.0136517506427
joint,lwip,military_conflict,21,0.00181773739961,6,1999,20261025,0.0046847625847,2.58527091752,2.83885553082,-0.0102936430661,0.0139291178653,-0.0114816267745,0.0151171015738
joint,lwip,military_conflict,22,0.00208901602926,6,1999,20261025,0.00508602347341,2.58527091752,2.83885553082,-0.0110597325424,0.0152377646009,-0.0123494698381,0.0165275018966
joint,lwip,military_conflict,23,-0.000487395758051,6,1999,20261025,0.00444172166672,2.58527091752,2.83885553082,-0.0119704496067,0.0109956580906,-0.013096801878,0.0121220103619
joint,lwip,military_conflict,24,-0.00133311560896,6,1999,20261025,0.00435081702978,2.58527091752,2.83885553082,-0.0125811563435,0.00991492512557,-0.0136844565975,0.0110182253796
joint,lwip,military_conflict,25,-0.00175704424906,6,1999,20261025,0.00424858213359,2.58527091752,2.83885553082,-0.0127407800797,0.00922669158162,-0.0138181551372,0.010304066639
joint,lwip,military_conflict,26,-0.00148700431116,6,1999,20261025,0.00427191032147,2.58527091752,2.83885553082,-0.0125310498275,0.00955704120519,-0.0136143405544,0.0106403319321
joint,lwip,military_conflict,27,-0.00354068658051,6,1999,20261025,0.00454540928064,2.58527091752,2.83885553082,-0.015291801002,0.00821042784094,-0.0164444468567,0.00936307369567
joint,lwip,military_conflict,28,-0.00117604735619,6,1999,20261025,0.00520918564307,2.58527091752,2.83885553082,-0.0146432035032,0.0122911087908,-0.0159641728301,0.0136120781177
joint,lwip,military_conflict,29,-0.00173687238898,6,1999,20261025,0.00516828645351,2.58527091752,2.83885553082,-0.0150982930506,0.0116245482727,-0.0164088909724,0.0129351461944
joint,lwip,military_conflict,30,-0.00369743760396,6,1999,20261025,0.0051370474384,2.58527091752,2.83885553082,-0.0169780969484,0.00958322174046,-0.0182807731366,0.0108858979286
joint,lwip,military_conflict,31,-0.0052933518741,6,1999,20261025,0.00526676449315,2.58527091752,2.83885553082,-0.0189093649477,0.00832266119948,-0.020244935385,0.00965823163682
joint,lwip,military_conflict,32,-0.00345761259533,6,1999,20261025,0.00524505967201,2.58527091752,2.83885553082,-0.017017512826,0.0101022876354,-0.0183475792547,0.011432354064
joint,lwip,military_conflict,33,-0.00430936882757,6,1999,20261025,0.00552776480398,2.58527091752,2.83885553082,-0.0186001384142,0.00998140075906,-0.0200018945144,0.0113831568593
joint,lwip,military_conflict,34,-0.00493107086275,6,1999,20261025,0.00557282399944,2.58527091752,2.83885553082,-0.019338330677,0.00947618895145,-0.0207515130959,0.0108893713703
joint,lwip,military_conflict,35,-0.00399784875151,6,1999,20261025,0.00560899243558,2.58527091752,2.83885553082,-0.0184986137718,0.0105029162688,-0.0199209679496,0.0119252704466
joint,lwip,military_conflict,36,-0.00464570699682,6,1999,20261025,0.00613522355791,2.58527091752,2.83885553082,-0.0205069220336,0.0112155080399,-0.022062720327,0.0127713063334
joint,lwip,military_conflict,37,-0.00465206255118,6,1999,20261025,0.00571576209038,2.58527091752,2.83885553082,-0.0194288560549,0.0101247309525,-0.0208782853743,0.0115741602719
joint,lwip,military_conflict,38,-0.00336392221179,6,1999,20261025,0.0057331038787,2.58527091752,2.83885553082,-0.0181855489365,0.0114577045129,-0.0196393758666,0.012911531443
joint,lwip,military_conflict,39,-0.00327621472104,6,1999,20261025,0.00577469129662,2.58527091752,2.83885553082,-0.0182053561878,0.0116529267458,-0.0196697290472,0.0131172996051
joint,lwip,military_conflict,40,-0.00216632042486,6,1999,20261025,0.00588861819043,2.58527091752,2.83885553082,-0.017389993777,0.0130573529272,-0.0188832567436,0.0145506158939
joint,lwip,military_conflict,41,-0.00135637087216,6,1999,20261025,0.0058805188221,2.58527091752,2.83885553082,-0.0165591051629,0.0138463634185,-0.0180503142544,0.01533757251
joint,lwip,military_conflict,42,-0.000639593641864,6,1999,20261025,0.00630706875599,2.58527091752,2.83885553082,-0.0169450750715,0.0156658877878,-0.0185444506631,0.0172652633793
joint,lwip,military_conflict,43,0.00060256644205,6,1999,20261025,0.00598043719278,2.58527091752,2.83885553082,-0.0148584839065,0.0160636167906,-0.0163750307594,0.0175801636435
joint,lwip,military_conflict,44,0.000649921869959,6,1999,20261025,0.00598089882237,2.58527091752,2.83885553082,-0.0148123219161,0.0161121656561,-0.0163289858312,0.0176288295711
joint,lwip,military_conflict,45,0.00266005925374,6,1999,20261025,0.00623758878195,2.58527091752,2.83885553082,-0.0134657976197,0.0187859161272,-0.0150475541589,0.0203676726664
joint,lwip,military_conflict,46,0.00258941400782,6,1999,20261025,0.00610958532191,2.58527091752,2.83885553082,-0.013205519243,0.0183843472587,-0.0147548160743,0.0199336440899
joint,lwip,military_conflict,47,0.00636704658067,6,1999,20261025,0.00653611373269,2.58527091752,2.83885553082,-0.0105305781661,0.0232646713274,-0.0121880360395,0.0249221292008
joint,lwip,military_conflict,48,0.00608456274265,6,1999,20261025,0.00656121548498,2.58527091752,2.83885553082,-0.0108779568342,0.0230470823195,-0.0125417801258,0.0247109056111
joint,lwip,diplomatic_tension,0,0.00268587022113,6,1999,20261025,0.0029001603578,2.5352710897,2.7862483104,-0.00466682248948,0.0100385629317,-0.00539469667567,0.0107664371179
joint,lwip,diplomatic_tension,1,0.00830509984374,6,1999,20261025,0.00492925467184,2.5352710897,2.7862483104,-0.00419189701954,0.020802096707,-0.00542902765721,0.0220392273447
joint,lwip,diplomatic_tension,2,0.00682896221692,6,1999,20261025,0.00583697360552,2.5352710897,2.7862483104,-0.00796934821649,0.0216272726503,-0.00943429562931,0.0230922200631
joint,lwip,diplomatic_tension,3,0.00347384798424,6,1999,20261025,0.00495698006157,2.5352710897,2.7862483104,-0.00909344025808,0.0160411362266,-0.010337529337,0.0172852253055
joint,lwip,diplomatic_tension,4,0.00425740202572,6,1999,20261025,0.00537630399979,2.5352710897,2.7862483104,-0.0093729860744,0.0178877901258,-0.0107223159099,0.0192371199613
joint,lwip,diplomatic_tension,5,7.81819559339e-05,6,1999,20261025,0.00560877468341,2.5352710897,2.7862483104,-0.0141415823475,0.0142979462594,-0.0155492570291,0.015705620941
joint,lwip,diplomatic_tension,6,-0.00265260300287,6,1999,20261025,0.00591229356003,2.5352710897,2.7862483104,-0.0176418699394,0.0123366639337,-0.0191257209451,0.0138205149394
joint,lwip,diplomatic_tension,7,-4.61228816002e-05,6,1999,20261025,0.00656592073206,2.5352710897,2.7862483104,-0.0166925118909,0.0166002661277,-0.0183404084275,0.0182481626643
joint,lwip,diplomatic_tension,8,-0.00722802283068,6,1999,20261025,0.00846108243781,2.5352710897,2.7862483104,-0.0286791605228,0.0142231148615,-0.0308026994772,0.0163466538158
joint,lwip,diplomatic_tension,9,-0.00818148961832,6,1999,20261025,0.00825113474463,2.5352710897,2.7862483104,-0.0291003529936,0.012737373757,-0.0311711998594,0.0148082206228
joint,lwip,diplomatic_tension,10,-0.00861245955872,6,1999,20261025,0.00872162557032,2.5352710897,2.7862483104,-0.0307241447223,0.0134992256049,-0.032913074068,0.0156881549505
joint,lwip,diplomatic_tension,11,-0.00822686719618,6,1999,20261025,0.0084912539101,2.5352710897,2.7862483104,-0.0297544977497,0.0133007633574,-0.0318856090564,0.015431874664
joint,lwip,diplomatic_tension,12,-0.00620537004588,6,1999,20261025,0.00822692820169,2.5352710897,2.7862483104,-0.0270628632727,0.0146521231809,-0.0291276348476,0.0167168947559
joint,lwip,diplomatic_tension,13,-0.00835216222468,6,1999,20261025,0.00774723409147,2.5352710897,2.7862483104,-0.0279935008419,0.0112891763926,-0.0299378801223,0.013233555673
joint,lwip,diplomatic_tension,14,-0.00845224393787,6,1999,20261025,0.00778256722872,2.5352710897,2.7862483104,-0.0281831616365,0.0112786737608,-0.0301364087295,0.0132319208537
joint,lwip,diplomatic_tension,15,-0.0102228584335,6,1999,20261025,0.00805586494372,2.5352710897,2.7862483104,-0.0306466599278,0.0102009430609,-0.0326684985217,0.0122227816548
joint,lwip,diplomatic_tension,16,-0.0163721585169,6,1999,20261025,0.0109531728505,2.5352710897,2.7862483104,-0.0441414209852,0.0113971039515,-0.0468904178651,0.0141461008314
joint,lwip,diplomatic_tension,17,-0.00780900929481,6,1999,20261025,0.00913607399593,2.5352710897,2.7862483104,-0.0309714335701,0.0153534149804,-0.0332643800297,0.0176463614401
joint,lwip,diplomatic_tension,18,-0.0127178709335,6,1999,20261025,0.0100552846596,2.5352710897,2.7862483104,-0.0382107434298,0.0127750015627,-0.0407343908271,0.01529864896
joint,lwip,diplomatic_tension,19,-0.0169990715845,6,1999,20261025,0.0110618083681,2.5352710897,2.7862483104,-0.04504375454,0.011045611371,-0.0478200164602,0.0138218732912
joint,lwip,diplomatic_tension,20,-0.0119973924917,6,1999,20261025,0.00994002344119,2.5352710897,2.7862483104,-0.0371980465531,0.0132032615696,-0.0396927660101,0.0156979810266
joint,lwip,diplomatic_tension,21,-0.0124015621394,6,1999,20261025,0.00951789691834,2.5352710897,2.7862483104,-0.0365320110312,0.0117288867524,-0.0389207863467,0.0141176620679
joint,lwip,diplomatic_tension,22,-0.0147786914363,6,1999,20261025,0.00984866434186,2.5352710897,2.7862483104,-0.0397477254143,0.0101903425418,-0.0422195158185,0.0126621329459
joint,lwip,diplomatic_tension,23,-0.0199234151389,6,1999,20261025,0.0118662388377,2.5352710897,2.7862483104,-0.0500075474077,0.0101607171299,-0.0529857030514,0.0131388727736
joint,lwip,diplomatic_tension,24,-0.0175392329965,6,1999,20261025,0.0106650602007,2.5352710897,2.7862483104,-0.0445780517933,0.00949958580034,-0.0472547389611,0.0121762729681
joint,lwip,diplomatic_tension,25,-0.022067730706,6,1999,20261025,0.0118346902349,2.5352710897,2.7862483104,-0.0520718787142,0.00793641730208,-0.0550421163772,0.0109066549651
joint,lwip,diplomatic_tension,26,-0.0219789117551,6,1999,20261025,0.0114182661067,2.5352710897,2.7862483104,-0.05092731171,0.00696948819985,-0.0537930364027,0.00983521289255
joint,lwip,diplomatic_tension,27,-0.0217904186941,6,1999,20261025,0.0103701361058,2.5352710897,2.7862483104,-0.0480815249593,0.00450068757108,-0.0506841928974,0.0071033555092
joint,lwip,diplomatic_tension,28,-0.0200702415851,6,1999,20261025,0.0100903279776,2.5352710897,2.7862483104,-0.0456519583924,0.00551147522225,-0.0481844008642,0.00804391769405
joint,lwip,diplomatic_tension,29,-0.0171503631573,6,1999,20261025,0.0095204182246,2.5352710897,2.7862483104,-0.041287204244,0.00698647792942,-0.0436766123499,0.00937588603534
joint,lwip,diplomatic_tension,30,-0.0157940439371,6,1999,20261025,0.00981645403019,2.5352710897,2.7862483104,-0.0406814160432,0.00909332816898,-0.0431451223929,0.0115570345186
joint,lwip,diplomatic_tension,31,-0.0160969640686,6,1999,20261025,0.0103310372539,2.5352710897,2.7862483104,-0.0422889441449,0.0100950160077,-0.0448817991619,0.0126878710247
joint,lwip,diplomatic_tension,32,-0.0142837622202,6,1999,20261025,0.0101243227043,2.5352710897,2.7862483104,-0.0399516648753,0.0113841404349,-0.0424926392491,0.0139251148087
joint,lwip,diplomatic_tension,33,-0.0129720724102,6,1999,20261025,0.0102535216678,2.5352710897,2.7862483104,-0.0389675294623,0.0130233846419,-0.0415409298329,0.0155967850125
joint,lwip,diplomatic_tension,34,-0.0114244571983,6,1999,20261025,0.0100120518045,2.5352710897,2.7862483104,-0.0368077226869,0.0139588082903,-0.0393205196223,0.0164716052257
joint,lwip,diplomatic_tension,35,-0.0150593291035,6,1999,20261025,0.0105490756804,2.5352710897,2.7862483104,-0.041804095699,0.011685437492,-0.0444516733942,0.0143330151872
joint,lwip,diplomatic_tension,36,-0.0177213015418,6,1999,20261025,0.0115978479237,2.5352710897,2.7862483104,-0.0471249900855,0.0116823870018,-0.0500357857235,0.0145931826398
joint,lwip,diplomatic_tension,37,-0.0130313708976,6,1999,20261025,0.0102782925588,2.5352710897,2.7862483104,-0.0390896288734,0.0130268870781,-0.0416692461733,0.0156065043781
joint,lwip,diplomatic_tension,38,-0.0111148224032,6,1999,20261025,0.0105316841454,2.5352710897,2.7862483104,-0.0378154967429,0.0155858519366,-0.0404587095591,0.0182290647527
joint,lwip,diplomatic_tension,39,-0.014457847564,6,1999,20261025,0.0120750230119,2.5352710897,2.7862483104,-0.0450713043136,0.0161556091856,-0.0481018600291,0.019186164901
joint,lwip,diplomatic_tension,40,-0.0173616577583,6,1999,20261025,0.0148430621841,2.5352710897,2.7862483104,-0.0549928441964,0.0202695286797,-0.05871811469,0.0239947991734
joint,lwip,diplomatic_tension,41,-0.0159810551603,6,1999,20261025,0.0157706904434,2.5352710897,2.7862483104,-0.0559640307061,0.0240019203855,-0.0599221147621,0.0279600044415
joint,lwip,diplomatic_tension,42,-0.0130271773406,6,1999,20261025,0.0141323611514,2.5352710897,2.7862483104,-0.0488565439968,0.0228021893157,-0.0524034447205,0.0263490900394
joint,lwip,diplomatic_tension,43,-0.00775080242475,6,1999,20261025,0.0125920607574,2.5352710897,2.7862483104,-0.0396750900228,0.0241734851733,-0.0428354104346,0.0273338055851
joint,lwip,diplomatic_tension,44,-0.00342700590949,6,1999,20261025,0.0117318200988,2.5352710897,2.7862483104,-0.0331703502355,0.0263163384165,-0.0361147698377,0.0292607580187
joint,lwip,diplomatic_tension,45,-0.00225190820701,6,1999,20261025,0.0112259434399,2.5352710897,2.7862483104,-0.0307127180648,0.0262089016508,-0.0335301741491,0.0290263577351
joint,lwip,diplomatic_tension,46,-0.00241379175756,6,1999,20261025,0.0107200589075,2.5352710897,2.7862483104,-0.0295920471855,0.0247644636704,-0.0322825377759,0.0274549542608
joint,lwip,diplomatic_tension,47,0.00461619328666,6,1999,20261025,0.0108691492241,2.5352710897,2.7862483104,-0.0229400465109,0.0321724330843,-0.0256679553746,0.0349003419479
joint,lwip,diplomatic_tension,48,0.00485237844187,6,1999,20261025,0.0106988883373,2.5352710897,2.7862483104,-0.0222722038517,0.0319769607355,-0.0249573811112,0.034662137995
joint,lwip,nuclear_threat,0,-0.000216107815242,6,1999,20261025,0.000885806810959,2.57412663466,2.77071846509,-0.00249628672049,0.00206407109001,-0.00267042910287,0.00223821347239
joint,lwip,nuclear_threat,1,0.000525466226055,6,1999,20261025,0.00117856859474,2.57412663466,2.77071846509,-0.00250831858444,0.00355925103655,-0.00274001554177,0.00379094799388
joint,lwip,nuclear_threat,2,0.000593556264337,6,1999,20261025,0.00139698583874,2.57412663466,2.77071846509,-0.0030024621914,0.00418957472008,-0.00327709819453,0.0044642107232
joint,lwip,nuclear_threat,3,0.00108269953156,6,1999,20261025,0.001659246441,2.57412663466,2.77071846509,-0.00318841092569,0.0053538099888,-0.00351460522066,0.00568000428377
joint,lwip,nuclear_threat,4,0.00163297813483,6,1999,20261025,0.00205393476391,2.57412663466,2.77071846509,-0.0036541100468,0.00692006631646,-0.00405789684163,0.00732385311129
joint,lwip,nuclear_threat,5,0.00172688983899,6,1999,20261025,0.00225660186618,2.57412663466,2.77071846509,-0.00408188912856,0.00753566880654,-0.00452551862,0.00797929829797
joint,lwip,nuclear_threat,6,0.00108941358565,6,1999,20261025,0.00258099057953,2.57412663466,2.77071846509,-0.00555438300891,0.00773321018021,-0.00606178467127,0.00824061184257
joint,lwip,nuclear_threat,7,0.00158233163637,6,1999,20261025,0.00295699740933,2.57412663466,2.77071846509,-0.0060293541536,0.00919401742633,-0.00661067568689,0.00977533895962
joint,lwip,nuclear_threat,8,0.00194978848863,6,1999,20261025,0.00307242890744,2.57412663466,2.77071846509,-0.0059590325951,0.00985860957236,-0.00656304701789,0.0104626239952
joint,lwip,nuclear_threat,9,0.00170761684779,6,1999,20261025,0.00320660827077,2.57412663466,2.77071846509,-0.00654659890891,0.00996183260448,-0.00717699189834,0.0105922255939
joint,lwip,nuclear_threat,10,0.00155531889566,6,1999,20261025,0.00347393685656,2.57412663466,2.77071846509,-0.00738703449393,0.0104976722852,-0.00806998209937,0.0111806198907
joint,lwip,nuclear_threat,11,0.00221469303627,6,1999,20261025,0.00354886457105,2.57412663466,2.77071846509,-0.00692053377886,0.0113499198514,-0.00761821156084,0.0120475976334
joint,lwip,nuclear_threat,12,0.00608452620664,6,1999,20261025,0.00394798001577,2.57412663466,2.77071846509,-0.00407807430506,0.0162471267183,-0.00485421492288,0.0170232673362
joint,lwip,nuclear_threat,13,0.00483643732054,6,1999,20261025,0.00400709589517,2.57412663466,2.77071846509,-0.00547833495086,0.0151512095919,-0.00626609726761,0.0159389719087
joint,lwip,nuclear_threat,14,0.00582912501797,6,1999,20261025,0.00364359950929,2.57412663466,2.77071846509,-0.00354996152493,0.0152082115609,-0.00426626342182,0.0159245134578
joint,lwip,nuclear_threat,15,0.00641654295121,6,1999,20261025,0.00366213105177,2.57412663466,2.77071846509,-0.00301024612875,0.0158433320312,-0.0037301911755,0.0165632770779
joint,lwip,nuclear_threat,16,0.00779182041605,6,1999,20261025,0.0036922039912,2.57412663466,2.77071846509,-0.00171238021828,0.0172960210504,-0.00243823735925,0.0180218781913
joint,lwip,nuclear_threat,17,0.00793678037368,6,1999,20261025,0.00392774813114,2.57412663466,2.77071846509,-0.00217374070493,0.0180473014523,-0.00294590389951,0.0188194646469
joint,lwip,nuclear_threat,18,0.00848858018841,6,1999,20261025,0.00401298627846,2.57412663466,2.77071846509,-0.00184135467549,0.0188185150523,-0.00263027499348,0.0196074353703
joint,lwip,nuclear_threat,19,0.00929768354494,6,1999,20261025,0.00398284664531,2.57412663466,2.77071846509,-0.000954668086512,0.0195500351764,-0.00173766319885,0.0203330302887
joint,lwip,nuclear_threat,20,0.0101247230667,6,1999,20261025,0.00423703284452,2.57412663466,2.77071846509,-0.000781936030285,0.0210313821637,-0.0016149020728,0.0218643482062
joint,lwip,nuclear_threat,21,0.0118808952417,6,1999,20261025,0.00425659352169,2.57412663466,2.77071846509,0.000923884484574,0.0228379059988,8.70729727333e-05,0.0236747175106
joint,lwip,nuclear_threat,22,0.0101680094734,6,1999,20261025,0.00415285301445,2.57412663466,2.77071846509,-0.00052196008097,0.0208579790277,-0.0013383770566,0.0216743960033
joint,lwip,nuclear_threat,23,0.00929739520414,6,1999,20261025,0.00392531734812,2.57412663466,2.77071846509,-0.000806868731148,0.0194016591394,-0.00157855405365,0.0201733444619
joint,lwip,nuclear_threat,24,0.0098226540071,6,1999,20261025,0.00392906025129,2.57412663466,2.77071846509,-0.000291244634915,0.0199365526491,-0.0010636657816,0.0207089737958
joint,lwip,nuclear_threat,25,0.00832317320165,6,1999,20261025,0.00420829743499,2.57412663466,2.77071846509,-0.00250951731232,0.0191558637156,-0.00333683420807,0.0199831806114
joint,lwip,nuclear_threat,26,0.00750266947559,6,1999,20261025,0.00440073256483,2.57412663466,2.77071846509,-0.00382537343155,0.0188307123827,-0.00469052150172,0.0196958604529
joint,lwip,nuclear_threat,27,0.00616942614116,6,1999,20261025,0.00479602028937,2.57412663466,2.77071846509,-0.00617613742608,0.0185149897084,-0.00711899583356,0.0194578481159
joint,lwip,nuclear_threat,28,0.00715226137758,6,1999,20261025,0.00498617979029,2.57412663466,2.77071846509,-0.00568279682579,0.019987319581,-0.00666303903764,0.0209675617928
joint,lwip,nuclear_threat,29,0.00353574891958,6,1999,20261025,0.00615730304873,2.57412663466,2.77071846509,-0.0123139288558,0.019385426695,-0.0135244043327,0.0205959021719
joint,lwip,nuclear_threat,30,0.00340563133725,6,1999,20261025,0.00593208770619,2.57412663466,2.77071846509,-0.0118643136264,0.0186755763009,-0.0130305136068,0.0198417762813
joint,lwip,nuclear_threat,31,0.00619657079726,6,1999,20261025,0.00558680208334,2.57412663466,2.77071846509,-0.00818456524803,0.0205777068425,-0.00928288489586,0.0216760264904
joint,lwip,nuclear_threat,32,0.00220922860482,6,1999,20261025,0.00712607253401,2.57412663466,2.77071846509,-0.0161341845055,0.0205526417151,-0.0175351121487,0.0219535693584
joint,lwip,nuclear_threat,33,-0.00129165446482,6,1999,20261025,0.00839812375328,2.57412663466,2.77071846509,-0.0229094884993,0.0203261795697,-0.0245604910202,0.0219771820905
joint,lwip,nuclear_threat,34,-0.000291057364823,6,1999,20261025,0.00718905599883,2.57412663466,2.77071846509,-0.0187965978895,0.0182144831598,-0.0202099075674,0.0196277928377
joint,lwip,nuclear_threat,35,0.00324089915192,6,1999,20261025,0.00623110519704,2.57412663466,2.77071846509,-0.0127987546991,0.019280553003,-0.0140237390755,0.0205055373793
joint,lwip,nuclear_threat,36,0.00132101397887,6,1999,20261025,0.00635706378584,2.57412663466,2.77071846509,-0.0150428732305,0.0176849011882,-0.0162926200363,0.0189346479941
joint,lwip,nuclear_threat,37,0.0007661483551,6,1999,20261025,0.00640361301989,2.57412663466,2.77071846509,-0.0157175624775,0.0172498591877,-0.0169764604824,0.0185087571926
joint,lwip,nuclear_threat,38,0.000997736397972,6,1999,20261025,0.0060148366635,2.57412663466,2.77071846509,-0.0144852148607,0.0164806876566,-0.0156676826101,0.0176631554061
joint,lwip,nuclear_threat,39,0.00346221955592,6,1999,20261025,0.00564757335972,2.57412663466,2.77071846509,-0.0110753494505,0.0179997885624,-0.0121856162348,0.0191100553467
joint,lwip,nuclear_threat,40,0.0013596989525,6,1999,20261025,0.00562045788266,2.57412663466,2.77071846509,-0.0131080713822,0.0158274692872,-0.0142130074853,0.0169324053903
joint,lwip,nuclear_threat,41,0.00286543250936,6,1999,20261025,0.00553523768457,2.57412663466,2.77071846509,-0.0113829702437,0.0171138352624,-0.0124711527519,0.0182020177707
joint,lwip,nuclear_threat,42,0.00388589699426,6,1999,20261025,0.00592344305583,2.57412663466,2.77071846509,-0.0113617955446,0.0191335895331,-0.0125262960574,0.020298090046
joint,lwip,nuclear_threat,43,0.000999281061439,6,1999,20261025,0.00572238143353,2.57412663466,2.77071846509,-0.0137308534003,0.0157294155232,-0.0148558268407,0.0168543889636
joint,lwip,nuclear_threat,44,0.00188090374761,6,1999,20261025,0.00547148593632,2.57412663466,2.77071846509,-0.0122033939322,0.0159652014274,-0.0132790433676,0.0170408508629
joint,lwip,nuclear_threat,45,0.00214682535384,6,1999,20261025,0.00554558069863,2.57412663466,2.77071846509,-0.0121282016271,0.0164218523348,-0.0132184174875,0.0175120681952
joint,lwip,nuclear_threat,46,0.00217343040973,6,1999,20261025,0.00550250712699,2.57412663466,2.77071846509,-0.0119907197433,0.0163375805627,-0.0130724676913,0.0174193285108
joint,lwip,nuclear_threat,47,0.00414923365011,6,1999,20261025,0.00552150773304,2.57412663466,2.77071846509,-0.010063826469,0.0183622937692,-0.011149309781,0.0194477770812
joint,lwip,nuclear_threat,48,0.00250749557995,6,1999,20261025,0.00531487321736,2.57412663466,2.77071846509,-0.0111736611287,0.0161886522886,-0.012218521783,0.0172335129429
joint,lwip,military_conflict,0,-0.00169718802871,12,1999,20261031,0.00201223649668,2.50332498844,2.6904629725,-0.00673446993349,0.00334009387608,-0.00711103581492,0.00371665975751
joint,lwip,military_conflict,1,-0.00059618605789,12,1999,20261031,0.00170642815641,2.50332498844,2.6904629725,-0.00486793030282,0.00367555818704,-0.00518726782795,0.00399489571217
joint,lwip,military_conflict,2,-0.00177337126148,12,1999,20261031,0.00251638660026,2.50332498844,2.6904629725,-0.00807270471849,0.00452596219554,-0.00854361623397,0.00499687371102
joint,lwip,military_conflict,3,-0.00452167370692,12,1999,20261031,0.00220414062773,2.50332498844,2.6904629725,-0.0100393540184,0.000996006604516,-0.010451832452,0.00140848503816
joint,lwip,military_conflict,4,-0.00397732930521,12,1999,20261031,0.00285879260987,2.50332498844,2.6904629725,-0.0111338162823,0.00317915767185,-0.0116688049681,0.00371414635769
joint,lwip,military_conflict,5,-0.00384471426494,12,1999,20261031,0.00293468266045,2.50332498844,2.6904629725,-0.011191178702,0.00350175017212,-0.0117403692989,0.00405094076904
joint,lwip,military_conflict,6,-0.0035344874908,12,1999,20261031,0.0032297666261,2.50332498844,2.6904629725,-0.0116196429928,0.00455066801116,-0.0122240550081,0.00515508002654
joint,lwip,military_conflict,7,-0.00356212156666,12,1999,20261031,0.00353349285995,2.50332498844,2.6904629725,-0.0124076025394,0.00528335940613,-0.0130688532699,0.00594461013662
joint,lwip,military_conflict,8,-0.00291648414797,12,1999,20261031,0.00343440006996,2.50332498844,2.6904629725,-0.0115139036634,0.00568093536748,-0.0121566103689,0.00632364207302
joint,lwip,military_conflict,9,-0.0022814871023,12,1999,20261031,0.00380767147179,2.50332498844,2.6904629725,-0.0118133262454,0.00725035204082,-0.0125258862086,0.00796291200399
joint,lwip,military_conflict,10,-0.00325665597729,12,1999,20261031,0.00407106316914,2.50332498844,2.6904629725,-0.0134478501381,0.00693453818353,-0.0142097006925,0.00769638873796
joint,lwip,military_conflict,11,-0.00303250207351,12,1999,20261031,0.00415002363805,2.50332498844,2.6904629725,-0.0134213599493,0.00735635580225,-0.0141979870067,0.00813298285966
joint,lwip,military_conflict,12,-0.000283331539715,12,1999,20261031,0.0040586155128,2.50332498844,2.6904629725,-0.0104433651714,0.00987670209195,-0.0112028862965,0.0106362232171
joint,lwip,military_conflict,13,-0.000949697047522,12,1999,20261031,0.00434988314436,2.50332498844,2.6904629725,-0.0118388682196,0.00993947412455,-0.0126528965821,0.0107535024871
joint,lwip,military_conflict,14,-0.000205843782034,12,1999,20261031,0.00483296575581,2.50332498844,2.6904629725,-0.0123043277268,0.0118926401628,-0.0132087591954,0.0127970716313
joint,lwip,military_conflict,15,0.00219504124639,12,1999,20261031,0.00479242991525,2.50332498844,2.6904629725,-0.00980196831581,0.0141920508086,-0.0106988139889,0.0150888964817
joint,lwip,military_conflict,16,-0.000992644103326,12,1999,20261031,0.0048561189447,2.50332498844,2.6904629725,-0.0131490880044,0.0111637997978,-0.0140578523141,0.0120725641074
joint,lwip,military_conflict,17,0.00131394646639,12,1999,20261031,0.00502721913056,2.50332498844,2.6904629725,-0.0112708168055,0.0138987097383,-0.012211600459,0.0148394933918
joint,lwip,military_conflict,18,0.00237532682783,12,1999,20261031,0.00514074092562,2.50332498844,2.6904629725,-0.0104936183904,0.015244272046,-0.0114556462837,0.0162062999394
joint,lwip,military_conflict,19,6.85490870084e-05,12,1999,20261031,0.00493943242816,2.50332498844,2.6904629725,-0.0122964555391,0.0124335537131,-0.0132208109661,0.0133579091401
joint,lwip,military_conflict,20,0.000917980070001,12,1999,20261031,0.00517021227832,2.50332498844,2.6904629725,-0.0120247415219,0.0138607016619,-0.0129922846248,0.0148282447648
joint,lwip,military_conflict,21,0.00181773739961,12,1999,20261031,0.00530985481751,2.50332498844,2.6904629725,-0.0114745548501,0.0151100296493,-0.0124682303762,0.0161037051755
joint,lwip,military_conflict,22,0.00208901602926,12,1999,20261031,0.00569163035275,2.50332498844,2.6904629725,-0.0121589844577,0.0163370165163,-0.0132241046879,0.0174021367465
joint,lwip,military_conflict,23,-0.000487395758051,12,1999,20261031,0.00503855863818,2.50332498844,2.6904629725,-0.0131005455028,0.0121257539866,-0.0140434512088,0.0130686596927
joint,lwip,military_conflict,24,-0.00133311560896,12,1999,20261031,0.00492384202913,2.50332498844,2.6904629725,-0.0136590923996,0.0109928611817,-0.0145805302708,0.0119142990528
joint,lwip,military_conflict,25,-0.00175704424906,12,1999,20261031,0.00463975934334,2.50332498844,2.6904629725,-0.0133718697536,0.00985778125547,-0.0142401449636,0.0107260564655
joint,lwip,military_conflict,26,-0.00148700431116,12,1999,20261031,0.0046900389125,2.50332498844,2.6904629725,-0.0132276959176,0.0102536872953,-0.0141053803448,0.0111313717225
joint,lwip,military_conflict,27,-0.00354068658051,12,1999,20261031,0.00496719380026,2.50332498844,2.6904629725,-0.0159751869431,0.00889381378213,-0.0169047375773,0.00982336441632
joint,lwip,military_conflict,28,-0.00117604735619,12,1999,20261031,0.00562616145513,2.50332498844,2.6904629725,-0.0152601579158,0.0129080632035,-0.0163130264285,0.0139609317161
joint,lwip,military_conflict,29,-0.00173687238898,12,1999,20261031,0.00554917649522,2.50332498844,2.6904629725,-0.0156282645747,0.0121545197968,-0.0166667262772,0.0131929814993
joint,lwip,military_conflict,30,-0.00369743760396,12,1999,20261031,0.00560146044419,2.50332498844,2.6904629725,-0.0177197135057,0.0103248382977,-0.018767959521,0.011373084313
joint,lwip,military_conflict,31,-0.0052933518741,12,1999,20261031,0.00570967023616,2.50332498844,2.6904629725,-0.019586512052,0.00899980830385,-0.0206550082297,0.0100683044815
joint,lwip,military_conflict,32,-0.00345761259533,12,1999,20261031,0.00554477163483,2.50332498844,2.6904629725,-0.017337977984,0.0104227527934,-0.0183756153698,0.0114603901791
joint,lwip,military_conflict,33,-0.00430936882757,12,1999,20261031,0.00577207959911,2.50332498844,2.6904629725,-0.0187587599233,0.0101400222682,-0.0198389352633,0.0112201976082
joint,lwip,military_conflict,34,-0.00493107086275,12,1999,20261031,0.00568505383629,2.50332498844,2.6904629725,-0.0191626081918,0.00930046646627,-0.0202264977059,0.0103643559804
joint,lwip,military_conflict,35,-0.00399784875151,12,1999,20261031,0.00562290901807,2.50332498844,2.6904629725,-0.0180738174042,0.0100781199012,-0.0191260772623,0.0111303797593
joint,lwip,military_conflict,36,-0.00464570699682,12,1999,20261031,0.00620964793029,2.50332498844,2.6904629725,-0.0201904738301,0.0108990598365,-0.0213525348255,0.0120611208319
joint,lwip,military_conflict,37,-0.00465206255118,12,1999,20261031,0.00569905394713,2.50332498844,2.6904629725,-0.0189186467075,0.00961452160514,-0.0199851561742,0.0106810310718
joint,lwip,military_conflict,38,-0.00336392221179,12,1999,20261031,0.00573540923919,2.50332498844,2.6904629725,-0.0177215154792,0.0109936710556,-0.0187948284019,0.0120669839784
joint,lwip,military_conflict,39,-0.00327621472104,12,1999,20261031,0.00581489299259,2.50332498844,2.6904629725,-0.0178327816545,0.0112803522124,-0.0189209690066,0.0123685395646
joint,lwip,military_conflict,40,-0.00216632042486,12,1999,20261031,0.00583882657632,2.50332498844,2.6904629725,-0.0167828008965,0.0124501600468,-0.0178754671313,0.0135428262816
joint,lwip,military_conflict,41,-0.00135637087216,12,1999,20261031,0.00578361822859,2.50332498844,2.6904629725,-0.0158346469074,0.0131219051631,-0.0169169815632,0.0142042398189
joint,lwip,military_conflict,42,-0.000639593641864,12,1999,20261031,0.00643033348875,2.50332498844,2.6904629725,-0.0167368081483,0.0154576208645,-0.0179401677942,0.0166609805104
joint,lwip,military_conflict,43,0.00060256644205,12,1999,20261031,0.00591523313427,2.50332498844,2.6904629725,-0.0142051844754,0.0154103173595,-0.0153121492794,0.0165172821635
joint,lwip,military_conflict,44,0.000649921869959,12,1999,20261031,0.00605566943589,2.50332498844,2.6904629725,-0.0145093867507,0.0158092304906,-0.015642632521,0.0169424762609
joint,lwip,military_conflict,45,0.00266005925374,12,1999,20261031,0.00651273326136,2.50332498844,2.6904629725,-0.0136434286625,0.0189635471699,-0.0148622084357,0.0201823269432
joint,lwip,military_conflict,46,0.00258941400782,12,1999,20261031,0.00650946288476,2.50332498844,2.6904629725,-0.0137058870929,0.0188847151086,-0.0149240548545,0.0201028828701
joint,lwip,military_conflict,47,0.00636704658067,12,1999,20261031,0.00684021568915,2.50332498844,2.6904629725,-0.0107562362803,0.0234903294416,-0.0120363004549,0.0247703936162
joint,lwip,military_conflict,48,0.00608456274265,12,1999,20261031,0.00686578478664,2.50332498844,2.6904629725,-0.011102727879,0.0232718533643,-0.0123875770029,0.0245567024882
joint,lwip,diplomatic_tension,0,0.00268587022113,12,1999,20261031,0.00238049649134,2.49273545982,2.72102926465,-0.00324807779481,0.00861981823706,-0.00379153039621,0.00916327083847
joint,lwip,diplomatic_tension,1,0.00830509984374,12,1999,20261031,0.00492750330297,2.49273545982,2.72102926465,-0.00397786236794,0.0205880620554,-0.0051027808453,0.0217129805328
joint,lwip,diplomatic_tension,2,0.00682896221692,12,1999,20261031,0.00594382180504,2.49273545982,2.72102926465,-0.00798741316332,0.0216453375972,-0.00934435085845,0.0230022752923
joint,lwip,diplomatic_tension,3,0.00347384798424,12,1999,20261031,0.00446773199177,2.49273545982,2.72102926465,-0.00766302597658,0.0146107219451,-0.00868298151196,0.0156306774804
joint,lwip,diplomatic_tension,4,0.00425740202572,12,1999,20261031,0.00535945581388,2.49273545982,2.72102926465,-0.00910230352686,0.0176171075783,-0.0103258340864,0.0188406381379
joint,lwip,diplomatic_tension,5,7.81819559339e-05,12,1999,20261031,0.00542401909475,2.49273545982,2.72102926465,-0.0134424627763,0.0135988266881,-0.0146807327329,0.0148370966448
joint,lwip,diplomatic_tension,6,-0.00265260300287,12,1999,20261031,0.0059311704375,2.49273545982,2.72102926465,-0.0174374418706,0.0121322358649,-0.0187914913369,0.0134862853312
joint,lwip,diplomatic_tension,7,-4.61228816002e-05,12,1999,20261031,0.00619528188176,2.49273545982,2.72102926465,-0.0154893217118,0.0153970759486,-0.0169036661846,0.0168114204214
joint,lwip,diplomatic_tension,8,-0.00722802283068,12,1999,20261031,0.00877506643444,2.49273545982,2.72102926465,-0.029101942094,0.0146458964327,-0.031105235398,0.0166491897367
joint,lwip,diplomatic_tension,9,-0.00818148961832,12,1999,20261031,0.00876952405712,2.49273545982,2.72102926465,-0.0300415932012,0.0136786139646,-0.0320436212148,0.0156806419782
joint,lwip,diplomatic_tension,10,-0.00861245955872,12,1999,20261031,0.00925529650364,2.49273545982,2.72102926465,-0.0316834653445,0.014458546227,-0.0337963921981,0.0165714730807
joint,lwip,diplomatic_tension,11,-0.00822686719618,12,1999,20261031,0.00898467558554,2.49273545982,2.72102926465,-0.0306232866232,0.0141695522308,-0.0326744323978,0.0162206980054
joint,lwip,diplomatic_tension,12,-0.00620537004588,12,1999,20261031,0.00889498879377,2.49273545982,2.72102926465,-0.0283782240268,0.015967483935,-0.0304088948624,0.0179981547707
joint,lwip,diplomatic_tension,13,-0.00835216222468,12,1999,20261031,0.00864750081709,2.49273545982,2.72102926465,-0.0299080941502,0.0132037697009,-0.0318822650141,0.0151779405647
joint,lwip,diplomatic_tension,14,-0.00845224393787,12,1999,20261031,0.00830107766379,2.49273545982,2.72102926465,-0.0291446345851,0.0122401467093,-0.0310397191892,0.0141352313134
joint,lwip,diplomatic_tension,15,-0.0102228584335,12,1999,20261031,0.0086476134787,2.49273545982,2.72102926465,-0.0317790711946,0.0113333543277,-0.0337532677784,0.0133075509114
joint,lwip,diplomatic_tension,16,-0.0163721585169,12,1999,20261031,0.0118218018438,2.49273545982,2.72102926465,-0.0458407831719,0.0130964661382,-0.0485396272948,0.0157953102611
joint,lwip,diplomatic_tension,17,-0.00780900929481,12,1999,20261031,0.00884474458309,2.49273545982,2.72102926465,-0.0298566177501,0.0142385991605,-0.0318758181437,0.0162577995541
joint,lwip,diplomatic_tension,18,-0.0127178709335,12,1999,20261031,0.0105960266884,2.49273545982,2.72102926465,-0.0391309623929,0.0136952205258,-0.0415499696417,0.0161142277746
joint,lwip,diplomatic_tension,19,-0.0169990715845,12,1999,20261031,0.0117305883912,2.49273545982,2.72102926465,-0.0462403252316,0.0122421820626,-0.0489183458884,0.0149202027194
joint,lwip,diplomatic_tension,20,-0.0119973924917,12,1999,20261031,0.00943657055313,2.49273545982,2.72102926465,-0.0355202665286,0.0115254815451,-0.0376745771247,0.0136797921412
joint,lwip,diplomatic_tension,21,-0.0124015621394,12,1999,20261031,0.00961171923748,2.49273545982,2.72102926465,-0.0363610355124,0.0115579112337,-0.0385553314681,0.0137522071894
joint,lwip,diplomatic_tension,22,-0.0147786914363,12,1999,20261031,0.0103948272324,2.49273545982,2.72102926465,-0.040690245877,0.0111328630045,-0.0430633205365,0.0135059376639
joint,lwip,diplomatic_tension,23,-0.0199234151389,12,1999,20261031,0.0127067243799,2.49273545982,2.72102926465,-0.0515979175787,0.0117510873009,-0.0544987840343,0.0146519537565
joint,lwip,diplomatic_tension,24,-0.0175392329965,12,1999,20261031,0.0113278903386,2.49273545982,2.72102926465,-0.0457766669285,0.0106982009356,-0.0483627541147,0.0132842881217
joint,lwip,diplomatic_tension,25,-0.022067730706,12,1999,20261031,0.0125778228683,2.49273545982,2.72102926465,-0.0534209157772,0.00928545436508,-0.0562923548163,0.0121568934042
joint,lwip,diplomatic_tension,26,-0.0219789117551,12,1999,20261031,0.0120565224889,2.49273545982,2.72102926465,-0.0520326328852,0.00807480937506,-0.0547850622772,0.0108272387671
joint,lwip,diplomatic_tension,27,-0.0217904186941,12,1999,20261031,0.0111195286719,2.49273545982,2.72102926465,-0.049508462111,0.00592762472283,-0.0520469816195,0.0084661442313
joint,lwip,diplomatic_tension,28,-0.0200702415851,12,1999,20261031,0.0109812729222,2.49273545982,2.72102926465,-0.047443649992,0.00730316682189,-0.0499506065693,0.00981012339921
joint,lwip,diplomatic_tension,29,-0.0171503631573,12,1999,20261031,0.0102559485398,2.49273545982,2.72102926465,-0.0427157297566,0.00841500344204,-0.0450570992709,0.0107563729564
joint,lwip,diplomatic_tension,30,-0.0157940439371,12,1999,20261031,0.0102654053568,2.49273545982,2.72102926465,-0.0413829838795,0.00979489600526,-0.0437265123266,0.0121384244523
joint,lwip,diplomatic_tension,31,-0.0160969640686,12,1999,20261031,0.0108634531741,2.49273545982,2.72102926465,-0.0431766790117,0.0109827508745,-0.0456567380705,0.0134628099333
joint,lwip,diplomatic_tension,32,-0.0142837622202,12,1999,20261031,0.0102389858887,2.49273545982,2.72102926465,-0.0398068454175,0.0112393209771,-0.0421443424637,0.0135768180233
joint,lwip,diplomatic_tension,33,-0.0129720724102,12,1999,20261031,0.010301550637,2.49273545982,2.72102926465,-0.038651112974,0.0127069681537,-0.0410028931646,0.0150587483443
joint,lwip,diplomatic_tension,34,-0.0114244571983,12,1999,20261031,0.0100512674621,2.49273545982,2.72102926465,-0.0364796080172,0.0136306936206,-0.0387742501095,0.0159253357129
joint,lwip,diplomatic_tension,35,-0.0150593291035,12,1999,20261031,0.0107818848899,2.49273545982,2.72102926465,-0.0419357158923,0.0118170576853,-0.0443971534171,0.0142784952101
joint,lwip,diplomatic_tension,36,-0.0177213015418,12,1999,20261031,0.0121918535873,2.49273545982,2.72102926465,-0.0481123672997,0.0126697642161,-0.0508956919431,0.0154530888595
joint,lwip,diplomatic_tension,37,-0.0130313708976,12,1999,20261031,0.01059185025,2.49273545982,2.72102926465,-0.039434051601,0.0133713098057,-0.0418521053948,0.0157893635995
joint,lwip,diplomatic_tension,38,-0.0111148224032,12,1999,20261031,0.0109056273263,2.49273545982,2.72102926465,-0.0382996663509,0.0160700215445,-0.0407893535073,0.0185597087009
joint,lwip,diplomatic_tension,39,-0.014457847564,12,1999,20261031,0.0128919672196,2.49273545982,2.72102926465,-0.0465941113992,0.0176784162711,-0.0495372676475,0.0206215725195
joint,lwip,diplomatic_tension,40,-0.0173616577583,12,1999,20261031,0.0159341751562,2.49273545982,2.72102926465,-0.0570813411931,0.0223580256764,-0.0607190146664,0.0259956991497
joint,lwip,diplomatic_tension,41,-0.0159810551603,12,1999,20261031,0.0165362476159,2.49273545982,2.72102926465,-0.0572015459648,0.0252394356442,-0.0609766688507,0.0290145585301
joint,lwip,diplomatic_tension,42,-0.0130271773406,12,1999,20261031,0.0149331976591,2.49273545982,2.72102926465,-0.0502516886739,0.0241973339927,-0.0536608451858,0.0276064905047
joint,lwip,diplomatic_tension,43,-0.00775080242475,12,1999,20261031,0.0134490691383,2.49273545982,2.72102926465,-0.0412757739674,0.0257741691179,-0.0443461131324,0.0288445082829
joint,lwip,diplomatic_tension,44,-0.00342700590949,12,1999,20261031,0.0120058129978,2.49273545982,2.72102926465,-0.0333543216931,0.0265003098741,-0.0360951744225,0.0292411626035
joint,lwip,diplomatic_tension,45,-0.00225190820701,12,1999,20261031,0.0115307194163,2.49273545982,2.72102926465,-0.0309949413732,0.0264911249592,-0.0336273331812,0.0291235167672
joint,lwip,diplomatic_tension,46,-0.00241379175756,12,1999,20261031,0.0111819423373,2.49273545982,2.72102926465,-0.0302874159314,0.0254598324163,-0.032840184093,0.0280126005779
joint,lwip,diplomatic_tension,47,0.00461619328666,12,1999,20261031,0.0112547111511,2.49273545982,2.72102926465,-0.0234388242897,0.032671210863,-0.0260082051207,0.035240591694
joint,lwip,diplomatic_tension,48,0.00485237844187,12,1999,20261031,0.0110405822312,2.49273545982,2.72102926465,-0.0226688723828,0.0323736292666,-0.025189368908,0.0348941257917
joint,lwip,nuclear_threat,0,-0.000216107815242,12,1999,20261031,0.000864804211331,2.49372958607,2.75271855356,-0.0023726956632,0.00194048003271,-0.00259667041297,0.00216445478249
joint,lwip,nuclear_threat,1,0.000525466226055,12,1999,20261031,0.00109518875073,2.49372958607,2.75271855356,-0.00220563836398,0.00325657081609,-0.00248928016774,0.00354021261985
joint,lwip,nuclear_threat,2,0.000593556264337,12,1999,20261031,0.00123012716193,2.49372958607,2.75271855356,-0.002474048234,0.00366116076267,-0.00279263759755,0.00397975012622
joint,lwip,nuclear_threat,3,0.00108269953156,12,1999,20261031,0.00153064179343,2.49372958607,2.75271855356,-0.00273430719439,0.0048997062575,-0.00313072653207,0.00529612559518
joint,lwip,nuclear_threat,4,0.00163297813483,12,1999,20261031,0.00194814494576,2.49372958607,2.75271855356,-0.00322516855438,0.00649112482404,-0.0037297166024,0.00699567287206
joint,lwip,nuclear_threat,5,0.00172688983899,12,1999,20261031,0.00211616276077,2.49372958607,2.75271855356,-0.0035502478465,0.00700402752447,-0.00409831065495,0.00755209033293
joint,lwip,nuclear_threat,6,0.00108941358565,12,1999,20261031,0.0023875309805,2.49372958607,2.75271855356,-0.0048644430581,0.0070432702294,-0.00548278724159,0.00766161441289
joint,lwip,nuclear_threat,7,0.00158233163637,12,1999,20261031,0.00266353609359,2.49372958607,2.75271855356,-0.0050598071238,0.00822447039653,-0.00574963358655,0.00891429685929
joint,lwip,nuclear_threat,8,0.00194978848863,12,1999,20261031,0.00299350810979,2.49372958607,2.75271855356,-0.0055152112509,0.00941478822816,-0.00629049682543,0.0101900738027
joint,lwip,nuclear_threat,9,0.00170761684779,12,1999,20261031,0.00328495042824,2.49372958607,2.75271855356,-0.00648416122389,0.00989939491946,-0.00733492714356,0.0107501608391
joint,lwip,nuclear_threat,10,0.00155531889566,12,1999,20261031,0.00361285196992,2.49372958607,2.75271855356,-0.00745415695184,0.0105647947432,-0.00838984575323,0.0115004835445
joint,lwip,nuclear_threat,11,0.00221469303627,12,1999,20261031,0.00367814038568,2.49372958607,2.75271855356,-0.00695759446523,0.0113869805378,-0.00791019224601,0.0123395783186
joint,lwip,nuclear_threat,12,0.00608452620664,12,1999,20261031,0.0040381201609,2.49372958607,2.75271855356,-0.00398545351071,0.016154505924,-0.00503128208178,0.0172003344951
joint,lwip,nuclear_threat,13,0.00483643732054,12,1999,20261031,0.00402924675598,2.49372958607,2.75271855356,-0.00521141452442,0.0148842891655,-0.00625494498152,0.0159278196226
joint,lwip,nuclear_threat,14,0.00582912501797,12,1999,20261031,0.00386101687958,2.49372958607,2.75271855356,-0.00379920700697,0.0154574570429,-0.00479916778208,0.016457417818
joint,lwip,nuclear_threat,15,0.00641654295121,12,1999,20261031,0.00393731841985,2.49372958607,2.75271855356,-0.00340206448215,0.0162351503846,-0.00442178651439,0.0172548724168
joint,lwip,nuclear_threat,16,0.00779182041605,12,1999,20261031,0.00394743591543,2.49372958607,2.75271855356,-0.00205201731539,0.0176356581475,-0.00307435966736,0.0186580004995
joint,lwip,nuclear_threat,17,0.00793678037368,12,1999,20261031,0.00420932475857,2.49372958607,2.75271855356,-0.00256013731415,0.0184336980615,-0.00365030598721,0.0195238667346
joint,lwip,nuclear_threat,18,0.00848858018841,12,1999,20261031,0.0042486351735,2.49372958607,2.75271855356,-0.00210636704418,0.019083527421,-0.00320671668102,0.0201838770578
joint,lwip,nuclear_threat,19,0.00929768354494,12,1999,20261031,0.00415608305393,2.49372958607,2.75271855356,-0.00106646372881,0.0196618308187,-0.00214284338775,0.0207382104776
joint,lwip,nuclear_threat,20,0.0101247230667,12,1999,20261031,0.00431302464193,2.49372958607,2.75271855356,-0.000630794088312,0.0208802402217,-0.00174781988709,0.0219972660205
joint,lwip,nuclear_threat,21,0.0118808952417,12,1999,20261031,0.0043710844581,2.49372958607,2.75271855356,0.000980592605288,0.0227811978781,-0.000151470045331,0.0239132605287
joint,lwip,nuclear_threat,22,0.0101680094734,12,1999,20261031,0.00415204616622,2.49372958607,2.75271855356,-0.00018607089407,0.0205220898408,-0.00126140504363,0.0215974239903
joint,lwip,nuclear_threat,23,0.00929739520414,12,1999,20261031,0.00390629585569,2.49372958607,2.75271855356,-0.000443850343158,0.0190386407514,-0.00145553787354,0.0200503282818
joint,lwip,nuclear_threat,24,0.0098226540071,12,1999,20261031,0.00380895899155,2.49372958607,2.75271855356,0.000324140277739,0.0193211677365,-0.000662338078698,0.0203076460929
joint,lwip,nuclear_threat,25,0.00832317320165,12,1999,20261031,0.00399608409267,2.49372958607,2.75271855356,-0.00164197992867,0.018288326332,-0.00267692162183,0.0193232680251
joint,lwip,nuclear_threat,26,0.00750266947559,12,1999,20261031,0.00405829790711,2.49372958607,2.75271855356,-0.00261762808447,0.0176229670357,-0.00366868246921,0.0186740214204
joint,lwip,nuclear_threat,27,0.00616942614116,12,1999,20261031,0.00442304417326,2.49372958607,2.75271855356,-0.0048604499742,0.0171993022565,-0.00600596961779,0.0183448219001
joint,lwip,nuclear_threat,28,0.00715226137758,12,1999,20261031,0.00446990359449,2.49372958607,2.75271855356,-0.00399446946289,0.0182989922181,-0.00515212517961,0.0194566479348
joint,lwip,nuclear_threat,29,0.00353574891958,12,1999,20261031,0.00608764827502,2.49372958607,2.75271855356,-0.0116451996934,0.0187166975326,-0.0132218334346,0.0202933312738
joint,lwip,nuclear_threat,30,0.00340563133725,12,1999,20261031,0.00587698953226,2.49372958607,2.75271855356,-0.0112499913364,0.0180612540109,-0.0127720667873,0.0195833294618
joint,lwip,nuclear_threat,31,0.00619657079726,12,1999,20261031,0.00516705426759,2.49372958607,2.75271855356,-0.00668866530267,0.0190818068972,-0.0080268753524,0.0204200169469
joint,lwip,nuclear_threat,32,0.00220922860482,12,1999,20261031,0.00668344639035,2.49372958607,2.75271855356,-0.0144574793957,0.0188759366054,-0.0161884182756,0.0206068754853
joint,lwip,nuclear_threat,33,-0.00129165446482,12,1999,20261031,0.00850641899144,2.49372958607,2.75271855356,-0.0225043631753,0.0199210542457,-0.0247074318469,0.0221241229173
joint,lwip,nuclear_threat,34,-0.000291057364823,12,1999,20261031,0.00745954051994,2.49372958607,2.75271855356,-0.0188931342579,0.0183110195283,-0.0208250729551,0.0202429582255
joint,lwip,nuclear_threat,35,0.00324089915192,12,1999,20261031,0.00624831506435,2.49372958607,2.75271855356,-0.0123407089871,0.018822507291,-0.0139589536542,0.0204407519581
joint,lwip,nuclear_threat,36,0.00132101397887,12,1999,20261031,0.00651204608533,2.49372958607,2.75271855356,-0.01491826801,0.0175602959677,-0.0166048161019,0.0192468440596
joint,lwip,nuclear_threat,37,0.0007661483551,12,1999,20261031,0.00670762384522,2.49372958607,2.75271855356,-0.01596085168,0.0174931483902,-0.017698052254,0.0192303489642
joint,lwip,nuclear_threat,38,0.000997736397972,12,1999,20261031,0.00630010039166,2.49372958607,2.75271855356,-0.0147130103439,0.0167084831399,-0.0163446668394,0.0183401396354
joint,lwip,nuclear_threat,39,0.00346221955592,12,1999,20261031,0.00575969399334,2.49372958607,2.75271855356,-0.010900899762,0.0178253388738,-0.0123925969624,0.0193170360742
joint,lwip,nuclear_threat,40,0.0013596989525,12,1999,20261031,0.00594064950333,2.49372958607,2.75271855356,-0.0134546744744,0.0161740723794,-0.0149932371555,0.0177126350605
joint,lwip,nuclear_threat,41,0.00286543250936,12,1999,20261031,0.0057094055361,2.49372958607,2.75271855356,-0.0113722809949,0.0171031460136,-0.0128509540397,0.0185818190584
joint,lwip,nuclear_threat,42,0.00388589699426,12,1999,20261031,0.00593993972414,2.49372958607,2.75271855356,-0.0109267064353,0.0186985004238,-0.0124650852914,0.02023687928
joint,lwip,nuclear_threat,43,0.000999281061439,12,1999,20261031,0.00572112129358,2.49372958607,2.75271855356,-0.0132676483739,0.0152662104967,-0.0147493556706,0.0167479177935
joint,lwip,nuclear_threat,44,0.00188090374761,12,1999,20261031,0.00548725205118,2.49372958607,2.75271855356,-0.0118028190386,0.0155646265339,-0.0132239567817,0.016985764277
joint,lwip,nuclear_threat,45,0.00214682535384,12,1999,20261031,0.00556353992022,2.49372958607,2.75271855356,-0.0117271387485,0.0160207894562,-0.013168034208,0.0174616849157
joint,lwip,nuclear_threat,46,0.00217343040973,12,1999,20261031,0.00551905466032,2.49372958607,2.75271855356,-0.0115895994839,0.0159364603033,-0.0130189737519,0.0173658345713
joint,lwip,nuclear_threat,47,0.00414923365011,12,1999,20261031,0.00558240429083,2.49372958607,2.75271855356,-0.00977177309134,0.0180702403916,-0.0112175542147,0.019516021515
joint,lwip,nuclear_threat,48,0.00250749557995,12,1999,20261031,0.00534946713764,2.49372958607,2.75271855356,-0.0108326288909,0.0158476200508,-0.0122180818615,0.0172330730214
joint,production_growth,military_conflict,0,-0.00282861432821,1,1999,20261020,0.00369171357888,2.83273333155,2.99766880901,-0.0132862544337,0.00762902577725,-0.0138951489754,0.00823792031902
joint,production_growth,military_conflict,1,0.00315883083089,1,1999,20261020,0.00293003484516,2.83273333155,2.99766880901,-0.00514117653762,0.0114588381994,-0.00562444323377,0.0119421048956
joint,production_growth,military_conflict,2,0.00348519676636,1,1999,20261020,0.00229594633177,2.83273333155,2.99766880901,-0.00301860693512,0.00998900046783,-0.00339728993957,0.0103676834723
joint,production_growth,military_conflict,3,-0.00287258811141,1,1999,20261020,0.00382969894335,2.83273333155,2.99766880901,-0.0137211039581,0.00797592773525,-0.0143527571818,0.00860758095898
joint,production_growth,military_conflict,4,-0.00354492580239,1,1999,20261020,0.00376036288804,2.83273333155,2.99766880901,-0.0141970310941,0.0071071794893,-0.0148172483424,0.00772739673765
joint,production_growth,military_conflict,5,0.00209699116574,1,1999,20261020,0.0025105054119,2.83273333155,2.99766880901,-0.0050146011936,0.00920858352509,-0.00542867260237,0.00962265493386
joint,production_growth,military_conflict,6,0.00303430437065,1,1999,20261020,0.00221459296144,2.83273333155,2.99766880901,-0.00323904692705,0.00930765566836,-0.00360431187451,0.00967292061582
joint,production_growth,military_conflict,7,-0.0027270393462,1,1999,20261020,0.00287297817825,2.83273333155,2.99766880901,-0.0108654203925,0.00541134170014,-0.0113392764201,0.00588519772769
joint,production_growth,military_conflict,8,0.000845199298926,1,1999,20261020,0.00259598334765,2.83273333155,2.99766880901,-0.00650852925811,0.00819892785597,-0.00693669901103,0.00862709760888
joint,production_growth,military_conflict,9,-0.000889234464719,1,1999,20261020,0.001864435029,2.83273333155,2.99766880901,-0.00617068171587,0.00439221278643,-0.00647819319756,0.00469972426813
joint,production_growth,military_conflict,10,0.00186193125229,1,1999,20261020,0.00189970546009,2.83273333155,2.99766880901,-0.00351942772465,0.00724329022924,-0.00383275655174,0.00755661905633
joint,production_growth,military_conflict,11,-0.00035388804203,1,1999,20261020,0.00243288127218,2.83273333155,2.99766880901,-0.00724559191346,0.0065378158294,-0.00764686034768,0.00693908426362
joint,production_growth,military_conflict,12,0.000219446368396,1,1999,20261020,0.00234559718615,2.83273333155,2.99766880901,-0.0064250049632,0.00686389769999,-0.00681187715502,0.00725076989181
joint,production_growth,military_conflict,13,0.00318095469004,1,1999,20261020,0.00239658445201,2.83273333155,2.99766880901,-0.00360792996906,0.00996983934914,-0.00400321176992,0.01036512115
joint,production_growth,military_conflict,14,-0.00275315258211,1,1999,20261020,0.00228276601285,2.83273333155,2.99766880901,-0.00921961995486,0.00371331479063,-0.0095961290571,0.00408982389288
joint,production_growth,military_conflict,15,0.00150790648866,1,1999,20261020,0.00232168967524,2.83273333155,2.99766880901,-0.00506882123992,0.00808463421724,-0.00545175023501,0.00846756321233
joint,production_growth,military_conflict,16,0.00254873373452,1,1999,20261020,0.00183421769483,2.83273333155,2.99766880901,-0.00264711586696,0.007744583336,-0.00294964343822,0.00804711090725
joint,production_growth,military_conflict,17,-0.00273331552682,1,1999,20261020,0.0031434670819,2.83273333155,2.99766880901,-0.0116379195064,0.00617128845273,-0.0121563887504,0.00668975769675
joint,production_growth,military_conflict,18,0.00210021212673,1,1999,20261020,0.00304209320622,2.83273333155,2.99766880901,-0.00651722669623,0.0107176509497,-0.00701897579167,0.0112194000451
joint,production_growth,military_conflict,19,9.26811129048e-05,1,1999,20261020,0.00214533143903,2.83273333155,2.99766880901,-0.00598447076166,0.00616983298747,-0.00633831202686,0.00652367425267
joint,production_growth,military_conflict,20,-0.000656675783607,1,1999,20261020,0.00228115682521,2.83273333155,2.99766880901,-0.00711858475687,0.00580523318966,-0.00749482844699,0.00618147687978
joint,production_growth,military_conflict,21,0.00362797397824,1,1999,20261020,0.0027070378218,2.83273333155,2.99766880901,-0.00404034228935,0.0112962902458,-0.00448682886498,0.0117427768215
joint,production_growth,military_conflict,22,7.32807338423e-05,1,1999,20261020,0.00174334468163,2.83273333155,2.99766880901,-0.00486514985419,0.00501171132188,-0.00515268924163,0.00529925070931
joint,production_growth,military_conflict,23,-0.000466187853492,1,1999,20261020,0.00222460490852,2.83273333155,2.99766880901,-0.0067679003274,0.00583552462041,-0.00713481660013,0.00620244089315
joint,production_growth,military_conflict,24,-0.00300597199703,1,1999,20261020,0.00213020628599,2.83273333155,2.99766880901,-0.00904027834645,0.00302833435239,-0.00939162493731,0.00337968094325
joint,production_growth,military_conflict,25,0.0044239114726,1,1999,20261020,0.00228371803341,2.83273333155,2.99766880901,-0.00204525272051,0.0108930756657,-0.00242191884473,0.0112697417899
joint,production_growth,military_conflict,26,-0.00206570156002,1,1999,20261020,0.00284235337346,2.83273333155,2.99766880901,-0.0101173307011,0.00598592758105,-0.0105861356118,0.0064547324918
joint,production_growth,military_conflict,27,-0.00193143118971,1,1999,20261020,0.00216037279534,2.83273333155,2.99766880901,-0.00805119121566,0.00418832883623,-0.00840751333415,0.00454465095472
joint,production_growth,military_conflict,28,0.00210155531413,1,1999,20261020,0.00198378091205,2.83273333155,2.99766880901,-0.00351796699793,0.00772107762618,-0.00384516284983,0.00804827347808
joint,production_growth,military_conflict,29,0.000348650524168,1,1999,20261020,0.00240907684405,2.83273333155,2.99766880901,-0.00647562175025,0.00717292279858,-0.00687296398975,0.00757026503808
joint,production_growth,military_conflict,30,-0.000920268817507,1,1999,20261020,0.00249322416688,2.83273333155,2.99766880901,-0.00798290801808,0.00614237038306,-0.00839412913644,0.00655359150143
joint,production_growth,military_conflict,31,-0.00155898384969,1,1999,20261020,0.00208065258084,2.83273333155,2.99766880901,-0.00745291776682,0.00433495006744,-0.00779609119366,0.00467812349428
joint,production_growth,military_conflict,32,0.00110384007734,1,1999,20261020,0.00200861637422,2.83273333155,2.99766880901,-0.00458603447621,0.00679371463088,-0.00491732657692,0.00712500673159
joint,production_growth,military_conflict,33,0.00208077179083,1,1999,20261020,0.00183251311534,2.83273333155,2.99766880901,-0.00311024919149,0.00727179277316,-0.00341249561711,0.00757403919878
joint,production_growth,military_conflict,34,-0.00135402077637,1,1999,20261020,0.00161961422985,2.83273333155,2.99766880901,-0.00594195598952,0.00323391443679,-0.00620908783581,0.00350104628308
joint,production_growth,military_conflict,35,-0.00169728105308,1,1999,20261020,0.00258565340678,2.83273333155,2.99766880901,-0.0090217476423,0.00562718553614,-0.00944821362148,0.00605365151532
joint,production_growth,military_conflict,36,0.00359830086967,1,1999,20261020,0.00256299827731,2.83273333155,2.99766880901,-0.00366198977919,0.0108585915185,-0.00408471912378,0.0112813208631
joint,production_growth,military_conflict,37,-0.0013326750757,1,1999,20261020,0.00329431764401,2.83273333155,2.99766880901,-0.0106645984706,0.00799924831921,-0.0112079483241,0.00854259817272
joint,production_growth,military_conflict,38,-0.000497008592456,1,1999,20261020,0.0020754788106,2.83273333155,2.99766880901,-0.00637628659818,0.00538226941326,-0.00671860668675,0.00572458950184
joint,production_growth,military_conflict,39,-0.0016328310475,1,1999,20261020,0.00169812532594,2.83273333155,2.99766880901,-0.00644316725946,0.00317750516446,-0.00672324837087,0.00345758627588
joint,production_growth,military_conflict,40,0.000213231400458,1,1999,20261020,0.00195193849002,2.83273333155,2.99766880901,-0.00531608982137,0.00574255262228,-0.00563803372818,0.0060644965291
joint,production_growth,military_conflict,41,0.00325428583738,1,1999,20261020,0.00208969830612,2.83273333155,2.99766880901,-0.00266527220726,0.00917384388202,-0.00300993759512,0.00951850926988
joint,production_growth,military_conflict,42,0.000862743994232,1,1999,20261020,0.00252507649823,2.83273333155,2.99766880901,-0.00629012436703,0.0080156123555,-0.00670659906488,0.00843208705335
joint,production_growth,military_conflict,43,-0.0011410170874,1,1999,20261020,0.00234861024122,2.83273333155,2.99766880901,-0.00779400360052,0.00551196942572,-0.00818137275201,0.00589933857721
joint,production_growth,military_conflict,44,-5.24458916452e-05,1,1999,20261020,0.00246782811883,2.83273333155,2.99766880901,-0.00704314486041,0.00693825307712,-0.00745017726946,0.00734528548617
joint,production_growth,military_conflict,45,0.000305828614797,1,1999,20261020,0.00285287773131,2.83273333155,2.99766880901,-0.00777561322553,0.00838727045512,-0.00824615397626,0.00885781120585
joint,production_growth,military_conflict,46,-0.000994711285045,1,1999,20261020,0.00278343039491,2.83273333155,2.99766880901,-0.00887942734077,0.00689000477068,-0.00933851376192,0.00734909119183
joint,production_growth,military_conflict,47,0.00251586933582,1,1999,20261020,0.00219036997809,2.83273333155,2.99766880901,-0.00368886470956,0.0087206033812,-0.0040501344277,0.00908187309934
joint,production_growth,military_conflict,48,-0.00277755170035,1,1999,20261020,0.00237834218635,2.83273333155,2.99766880901,-0.00951476088546,0.00395965748475,-0.00990703388952,0.00435193048881
joint,production_growth,diplomatic_tension,0,0.00277023311424,1,1999,20261020,0.0035714326875,2.81778044705,2.96920393545,-0.00729328008057,0.012833746309,-0.00783407887669,0.0133745451052
joint,production_growth,diplomatic_tension,1,0.00388219716128,1,1999,20261020,0.00488628166819,2.81778044705,2.96920393545,-0.00988627178214,0.0176506661047,-0.0106261695976,0.0183905639202
joint,production_growth,diplomatic_tension,2,0.00471697522776,1,1999,20261020,0.00498953476683,2.81778044705,2.96920393545,-0.00934243827812,0.0187763887336,-0.010097971038,0.0195319214935
joint,production_growth,diplomatic_tension,3,-0.00437860847116,1,1999,20261020,0.0051949871077,2.81778044705,2.96920393545,-0.019016941566,0.0102597246236,-0.019803584636,0.0110463676936
joint,production_growth,diplomatic_tension,4,-0.000822661851386,1,1999,20261020,0.00439567662701,2.81778044705,2.96920393545,-0.0132087135026,0.0115633897998,-0.0138743221913,0.0122289984885
joint,production_growth,diplomatic_tension,5,-7.86124855327e-06,1,1999,20261020,0.00390271006252,2.81778044705,2.96920393545,-0.0110048413532,0.0109891188561,-0.0115958033251,0.011580080828
joint,production_growth,diplomatic_tension,6,-0.000319379623214,1,1999,20261020,0.0027331122238,2.81778044705,2.96920393545,-0.00802068980704,0.00738193056061,-0.00843454719414,0.00779578794772
joint,production_growth,diplomatic_tension,7,-0.000386573520369,1,1999,20261020,0.00360034466668,2.81778044705,2.96920393545,-0.0105315543248,0.00975840728407,-0.0110767310737,0.0103035840329
joint,production_growth,diplomatic_tension,8,0.00167750782582,1,1999,20261020,0.00583741227169,2.81778044705,2.96920393545,-0.0147710383347,0.0181260539864,-0.0156549596641,0.0190099753158
joint,production_growth,diplomatic_tension,9,-0.0099055614748,1,1999,20261020,0.00832378336551,2.81778044705,2.96920393545,-0.0333601554876,0.013549032538,-0.0346205718015,0.0148094488519
joint,production_growth,diplomatic_tension,10,0.00584269331012,1,1999,20261020,0.00410560373789,2.81778044705,2.96920393545,-0.00572599662586,0.0174113832461,-0.00634768146582,0.0180330680861
joint,production_growth,diplomatic_tension,11,-0.00714424267714,1,1999,20261020,0.00574082734623,2.81778044705,2.96920393545,-0.0233206337233,0.00903214836898,-0.0241899298263,0.00990144447203
joint,production_growth,diplomatic_tension,12,0.000688857982606,1,1999,20261020,0.00391221887683,2.81778044705,2.96920393545,-0.0103349158731,0.0117126318383,-0.0109273177028,0.012305033668
joint,production_growth,diplomatic_tension,13,0.00552492214814,1,1999,20261020,0.00356433689394,2.81778044705,2.96920393545,-0.00451859665832,0.0155684409546,-0.00505832098461,0.0161081652809
joint,production_growth,diplomatic_tension,14,-0.00488238031241,1,1999,20261020,0.00370600597851,2.81778044705,2.96920393545,-0.0153250914953,0.00556033087051,-0.0158862678486,0.00612150722379
joint,production_growth,diplomatic_tension,15,-0.000321594100944,1,1999,20261020,0.00338401212899,2.81778044705,2.96920393545,-0.00985699731062,0.00921380910873,-0.010369416232,0.00972622803007
joint,production_growth,diplomatic_tension,16,0.000460194126213,1,1999,20261020,0.00282363783121,2.81778044705,2.96920393545,-0.00749619734412,0.00841658559655,-0.00792376243449,0.00884415068692
joint,production_growth,diplomatic_tension,17,-0.00733744879938,1,1999,20261020,0.00993174542602,2.81778044705,2.96920393545,-0.0353229268659,0.0206480292672,-0.0368268264042,0.0221519288054
joint,production_growth,diplomatic_tension,18,0.00142308812432,1,1999,20261020,0.00876747394563,2.81778044705,2.96920393545,-0.0232817285297,0.0261279047784,-0.024609330019,0.0274555062676
joint,production_growth,diplomatic_tension,19,-0.00139154105391,1,1999,20261020,0.00934836325668,2.81778044705,2.96920393545,-0.0277331762505,0.0249500941427,-0.0291487380257,0.0263656559178
joint,production_growth,diplomatic_tension,20,-0.00770681774945,1,1999,20261020,0.00555322281568,2.81778044705,2.96920393545,-0.0233545804176,0.00794094491871,-0.0241954687882,0.0087818332893
joint,production_growth,diplomatic_tension,21,0.0130213327174,1,1999,20261020,0.0115929244153,2.81778044705,2.96920393545,-0.0196449830242,0.0456876484589,-0.0214004240798,0.0474430895146
joint,production_growth,diplomatic_tension,22,-0.000950221990716,1,1999,20261020,0.00645276630483,2.81778044705,2.96920393545,-0.0191327007139,0.0172322567324,-0.0201098010975,0.0182093571161
joint,production_growth,diplomatic_tension,23,-0.00296178097815,1,1999,20261020,0.0039046213462,2.81778044705,2.96920393545,-0.0139641466606,0.00804058470431,-0.0145553980457,0.00863183608942
joint,production_growth,diplomatic_tension,24,-0.00585092833049,1,1999,20261020,0.00811959085741,2.81778044705,2.96920393545,-0.0287301526866,0.0170282960256,-0.0299596494586,0.0182577927976
joint,production_growth,diplomatic_tension,25,0.00566120497606,1,1999,20261020,0.00434229794462,2.81778044705,2.96920393545,-0.00657443726756,0.0178968472197,-0.00723196316999,0.0185543731221
joint,production_growth,diplomatic_tension,26,-0.0101886047322,1,1999,20261020,0.00719287596486,2.81778044705,2.96920393545,-0.030456549984,0.0100793405197,-0.0315457203542,0.0111685108899
joint,production_growth,diplomatic_tension,27,-0.00313701504916,1,1999,20261020,0.00409407209423,2.81778044705,2.96920393545,-0.0146732113451,0.00839918124678,-0.0152931500234,0.00901911992504
joint,production_growth,diplomatic_tension,28,-0.00240207913133,1,1999,20261020,0.00380929693527,2.81778044705,2.96920393545,-0.0131358415526,0.0083316832899,-0.0137126585828,0.00890850032018
joint,production_growth,diplomatic_tension,29,0.0043171703386,1,1999,20261020,0.00412737384988,2.81778044705,2.96920393545,-0.00731286299327,0.0159472036705,-0.00793784433953,0.0165721850167
joint,production_growth,diplomatic_tension,30,0.00220703061638,1,1999,20261020,0.00408653140725,2.81778044705,2.96920393545,-0.00930791767924,0.013721978912,-0.00992671452036,0.0143407757531
joint,production_growth,diplomatic_tension,31,-0.00332272439354,1,1999,20261020,0.00433089877102,2.81778044705,2.96920393545,-0.0155262462687,0.0088807974816,-0.0161820460685,0.0095365972814
joint,production_growth,diplomatic_tension,32,0.001634227598,1,1999,20261020,0.00404227453074,2.81778044705,2.96920393545,-0.00975601453635,0.0130244697323,-0.0103681098468,0.0136365650428
joint,production_growth,diplomatic_tension,33,0.00641596713165,1,1999,20261020,0.00569805416133,2.81778044705,2.96920393545,-0.0096398984704,0.0224718327337,-0.0105027177086,0.0233346519719
joint,production_growth,diplomatic_tension,34,0.00229158263267,1,1999,20261020,0.00383721672144,2.81778044705,2.96920393545,-0.0085208516161,0.0131040168814,-0.00910189635779,0.0136850616231
joint,production_growth,diplomatic_tension,35,-0.00270254301076,1,1999,20261020,0.00424884823745,2.81778044705,2.96920393545,-0.0146748644967,0.00926977847522,-0.0153182399185,0.009913153897
joint,production_growth,diplomatic_tension,36,-0.000251825254996,1,1999,20261020,0.00649119320106,2.81778044705,2.96920393545,-0.018542582535,0.018038932025,-0.0195255016534,0.0190218511434
joint,production_growth,diplomatic_tension,37,0.00215440969026,1,1999,20261020,0.00434359868511,2.81778044705,2.96920393545,-0.0100848977545,0.014393717135,-0.0107426206196,0.0150514400001
joint,production_growth,diplomatic_tension,38,0.00564065685249,1,1999,20261020,0.00724542264695,2.81778044705,2.96920393545,-0.0147753534127,0.0260566671177,-0.0158724805848,0.0271537942898
joint,production_growth,diplomatic_tension,39,-0.00340157530685,1,1999,20261020,0.0038826941586,2.81778044705,2.96920393545,-0.0143421549888,0.00753900437516,-0.0149300860827,0.00812693546903
joint,production_growth,diplomatic_tension,40,-0.00402097292866,1,1999,20261020,0.00475575967906,2.81778044705,2.96920393545,-0.0174216595632,0.00937971370589,-0.0181417932838,0.0100998474265
joint,production_growth,diplomatic_tension,41,-0.00337876362495,1,1999,20261020,0.00672447964834,2.81778044705,2.96920393545,-0.0223268708946,0.0155693436448,-0.0233451150606,0.0165875878108
joint,production_growth,diplomatic_tension,42,-0.00669860538893,1,1999,20261020,0.00549351507822,2.81778044705,2.96920393545,-0.0221781247619,0.00878091398408,-0.0230099719786,0.00961276120079
joint,production_growth,diplomatic_tension,43,0.00445476696827,1,1999,20261020,0.00339095586809,2.81778044705,2.96920393545,-0.00510020217366,0.0140097361102,-0.00561367254021,0.0145232064768
joint,production_growth,diplomatic_tension,44,0.00529787845876,1,1999,20261020,0.00376203590015,2.81778044705,2.96920393545,-0.00530271274181,0.0158984696593,-0.00587237334128,0.0164681302588
joint,production_growth,diplomatic_tension,45,0.000996837293545,1,1999,20261020,0.00456024699105,2.81778044705,2.96920393545,-0.0118529375116,0.0138466120987,-0.0125434660189,0.014537140606
joint,production_growth,diplomatic_tension,46,0.00259271305132,1,1999,20261020,0.00357909732253,2.81778044705,2.96920393545,-0.00749239740221,0.0126778235049,-0.0080343568041,0.0132197829067
joint,production_growth,diplomatic_tension,47,0.00438436263896,1,1999,20261020,0.00374604289594,2.81778044705,2.96920393545,-0.00617116378705,0.014939889065,-0.00673840267004,0.0155071279479
joint,production_growth,diplomatic_tension,48,-0.00184351814968,1,1999,20261020,0.00404210455073,2.81778044705,2.96920393545,-0.0132332813177,0.00954624501831,-0.0138453508892,0.0101583145898
joint,production_growth,nuclear_threat,0,-0.000892104245699,1,1999,20261020,0.00142056284399,2.81309099373,2.96518778884,-0.00488827678815,0.00310406829676,-0.00510433984399,0.00332013135259
joint,production_growth,nuclear_threat,1,0.00174986115901,1,1999,20261020,0.00179506325847,2.81309099373,2.96518778884,-0.00329981512656,0.00679953744458,-0.0035728384952,0.00707256081323
joint,production_growth,nuclear_threat,2,0.00153228410415,1,1999,20261020,0.00206120783722,2.81309099373,2.96518778884,-0.00426608109893,0.00733064930722,-0.00457958420504,0.00764415241333
joint,production_growth,nuclear_threat,3,-0.000805185285293,1,1999,20261020,0.00184493469824,2.81309099373,2.96518778884,-0.00599515446893,0.00438478389835,-0.00627576312373,0.00466539255315
joint,production_growth,nuclear_threat,4,-0.000547657199059,1,1999,20261020,0.00130844076502,2.81309099373,2.96518778884,-0.00422842013097,0.00313310573286,-0.00442742977793,0.00333211537982
joint,production_growth,nuclear_threat,5,0.000840149618325,1,1999,20261020,0.00126892495613,2.81309099373,2.96518778884,-0.00272945174748,0.00440975098413,-0.00292245116655,0.0046027504032
joint,production_growth,nuclear_threat,6,-0.000627709803468,1,1999,20261020,0.00139332159519,2.81309099373,2.96518778884,-0.00454725023426,0.00329183062732,-0.00475916998346,0.00350375037652
joint,production_growth,nuclear_threat,7,0.000233168812055,1,1999,20261020,0.00147045302914,2.81309099373,2.96518778884,-0.00390334936092,0.00436968698503,-0.00412700055402,0.00459333817813
joint,production_growth,nuclear_threat,8,0.000840275755891,1,1999,20261020,0.00162669278004,2.81309099373,2.96518778884,-0.0037357590532,0.00541631056499,-0.00398317381169,0.00566372532347
joint,production_growth,nuclear_threat,9,-0.00074757631687,1,1999,20261020,0.00130848243746,2.81309099373,2.96518778884,-0.00442845647715,0.00293330384341,-0.00462747246235,0.00313231982861
joint,production_growth,nuclear_threat,10,-0.000321451395175,1,1999,20261020,0.00177706647081,2.81309099373,2.96518778884,-0.00532050107947,0.00467759828912,-0.00559078719439,0.00494788440404
joint,production_growth,nuclear_threat,11,-0.00162627978888,1,1999,20261020,0.00226685517727,2.81309099373,2.96518778884,-0.00800314967213,0.00475059009438,-0.00834793107959,0.00509537150183
joint,production_growth,nuclear_threat,12,0.000410018444362,1,1999,20261020,0.00223367694413,2.81309099373,2.96518778884,-0.00587351805006,0.00669355493879,-0.00621325315459,0.00703329004331
joint,production_growth,nuclear_threat,13,0.00124285638247,1,1999,20261020,0.00191908742363,2.81309099373,2.96518778884,-0.00415571116511,0.00664142393004,-0.00444759821179,0.00693331097672
joint,production_growth,nuclear_threat,14,0.000131457797263,1,1999,20261020,0.00149414970934,2.81309099373,2.96518778884,-0.00407172129337,0.0043346368879,-0.00429897667559,0.00456189227011
joint,production_growth,nuclear_threat,15,-2.77008147328e-05,1,1999,20261020,0.00149534698666,2.81309099373,2.96518778884,-0.0042342479554,0.00417884632594,-0.00446168543966,0.00440628381019
joint,production_growth,nuclear_threat,16,0.00159396684935,1,1999,20261020,0.00168240468773,2.81309099373,2.96518778884,-0.00313879062551,0.0063267243242,-0.0033946789866,0.00658261268529
joint,production_growth,nuclear_threat,17,-0.000388342448211,1,1999,20261020,0.00169256903214,2.81309099373,2.96518778884,-0.00514969314878,0.00437300825236,-0.00540712747408,0.00463044257766
joint,production_growth,nuclear_threat,18,0.000198595950764,1,1999,20261020,0.00201178902693,2.81309099373,2.96518778884,-0.00546074964218,0.0058579415437,-0.00576673630562,0.00616392820715
joint,production_growth,nuclear_threat,19,0.000241148728826,1,1999,20261020,0.00156961941344,2.81309099373,2.96518778884,-0.00417433350669,0.00465663096434,-0.00441306758902,0.00489536504667
joint,production_growth,nuclear_threat,20,0.000627805079316,1,1999,20261020,0.00147010840583,2.81309099373,2.96518778884,-0.00350774363693,0.00476335379557,-0.00373134241393,0.00498695257257
joint,production_growth,nuclear_threat,21,0.00231632340514,1,1999,20261020,0.00194671110216,2.81309099373,2.96518778884,-0.00315995206373,0.00779259887401,-0.00345604058339,0.00808868739367
joint,production_growth,nuclear_threat,22,-0.0014862292969,1,1999,20261020,0.00134498749104,2.81309099373,2.96518778884,-0.00526980149463,0.00229734290083,-0.00547436978149,0.00250191118769
joint,production_growth,nuclear_threat,23,-0.00161904959396,1,1999,20261020,0.00139740586914,2.81309099373,2.96518778884,-0.00555007945901,0.00231198027108,-0.00576262041318,0.00252452122526
joint,production_growth,nuclear_threat,24,0.00150770372619,1,1999,20261020,0.00158392608811,2.81309099373,2.96518778884,-0.002948024487,0.00596343193937,-0.0031889345687,0.00620434202107
joint,production_growth,nuclear_threat,25,6.45209990683e-05,1,1999,20261020,0.00226872720441,2.81309099373,2.96518778884,-0.00631761506687,0.006446657065,-0.00666268120365,0.00679172320179
joint,production_growth,nuclear_threat,26,-0.00159510473649,1,1999,20261020,0.00243914626533,2.81309099373,2.96518778884,-0.00845664512787,0.00526643565489,-0.00882763145765,0.00563742198467
joint,production_growth,nuclear_threat,27,0.00104406647718,1,1999,20261020,0.00270344550124,2.81309099373,2.96518778884,-0.00656097171439,0.00864910466875,-0.0069721571109,0.00906029006526
joint,production_growth,nuclear_threat,28,0.000112805188829,1,1999,20261020,0.00273078355493,2.81309099373,2.96518778884,-0.00756913743535,0.00779474781301,-0.00798448086221,0.00821009123987
joint,production_growth,nuclear_threat,29,-0.00230192590281,1,1999,20261020,0.00163983652308,2.81309099373,2.96518778884,-0.00691493525708,0.00231108345146,-0.00716434913676,0.00256049733114
joint,production_growth,nuclear_threat,30,-0.00174953944725,1,1999,20261020,0.00303476333693,2.81309099373,2.96518778884,-0.0102866048585,0.00678752596397,-0.010748182636,0.00724910374145
joint,production_growth,nuclear_threat,31,0.000582088505476,1,1999,20261020,0.00185948306171,2.81309099373,2.96518778884,-0.00464880654841,0.00581298355937,-0.00493162796267,0.00609580497363
joint,production_growth,nuclear_threat,32,0.00541602976907,1,1999,20261020,0.00476238502191,2.81309099373,2.96518778884,-0.00798099264473,0.0188130521829,-0.00870533614367,0.0195373956818
joint,production_growth,nuclear_threat,33,-0.0079699172203,1,1999,20261020,0.00686220483361,2.81309099373,2.96518778884,-0.0272739238348,0.0113340893942,-0.0283176431974,0.0123778087568
joint,production_growth,nuclear_threat,34,-0.00277576714803,1,1999,20261020,0.00297925889653,2.81309099373,2.96518778884,-0.0111566935178,0.00560515922177,-0.0116098292478,0.00605829495175
joint,production_growth,nuclear_threat,35,-0.000502713206687,1,1999,20261020,0.00195785334995,2.81309099373,2.96518778884,-0.00601033283246,0.00500490641908,-0.00630811605229,0.00530268963892
joint,production_growth,nuclear_threat,36,0.00411053626691,1,1999,20261020,0.00357288343578,2.81309099373,2.96518778884,-0.00594030994792,0.0141613824817,-0.00648373406783,0.0147048066017
joint,production_growth,nuclear_threat,37,-0.00628222631491,1,1999,20261020,0.00384114633347,2.81309099373,2.96518778884,-0.0170877204712,0.00452326784135,-0.0176719465181,0.00510749388825
joint,production_growth,nuclear_threat,38,0.000131346649717,1,1999,20261020,0.0026474632176,2.81309099373,2.96518778884,-0.00731620828393,0.00757890158337,-0.00771887895452,0.00798157225395
joint,production_growth,nuclear_threat,39,0.000496124623256,1,1999,20261020,0.00182325222422,2.81309099373,2.96518778884,-0.00463284978798,0.00562509903449,-0.00491016060798,0.00590240985449
joint,production_growth,nuclear_threat,40,0.000213620056212,1,1999,20261020,0.00151496842351,2.81309099373,2.96518778884,-0.00404812397173,0.00447536408416,-0.00427854581365,0.00470578592607
joint,production_growth,nuclear_threat,41,-0.000772404669107,1,1999,20261020,0.00193428453464,2.81309099373,2.96518778884,-0.0062137230728,0.00466891373459,-0.00650792155136,0.00496311221315
joint,production_growth,nuclear_threat,42,-0.00135476339612,1,1999,20261020,0.00257495493081,2.81309099373,2.96518778884,-0.00859834592122,0.00588881912898,-0.00898998831376,0.00628046152152
joint,production_growth,nuclear_threat,43,0.00411587784978,1,1999,20261020,0.00261755085941,2.81309099373,2.96518778884,-0.00324753089843,0.011479286598,-0.0036456519952,0.0118774076948
joint,production_growth,nuclear_threat,44,-0.00380845097979,1,1999,20261020,0.00332759698225,2.81309099373,2.96518778884,-0.0131692840813,0.00555238212173,-0.0136754009177,0.00605849895816
joint,production_growth,nuclear_threat,45,0.00161931313809,1,1999,20261020,0.00164104022269,2.81309099373,2.96518778884,-0.0029970823327,0.00623570860887,-0.00324667929123,0.0064853055674
joint,production_growth,nuclear_threat,46,-0.000831656555288,1,1999,20261020,0.00212900501777,2.81309099373,2.96518778884,-0.00682074139636,0.00515742828578,-0.00714455623635,0.00548124312577
joint,production_growth,nuclear_threat,47,0.00115226057137,1,1999,20261020,0.00204339222504,2.81309099373,2.96518778884,-0.00459598769354,0.00690050883627,-0.00490678110213,0.00721130224487
joint,production_growth,nuclear_threat,48,-0.0023210800074,1,1999,20261020,0.00169328761767,2.81309099373,2.96518778884,-0.00708445215446,0.00244229213967,-0.00734199577432,0.00269983575952
joint,production_growth,military_conflict,0,-0.00282861432821,6,1999,20261025,0.00390613655329,2.7650823038,2.92882096058,-0.0136294033879,0.00797217473153,-0.0142689889404,0.00861176028398
joint,production_growth,military_conflict,1,0.00315883083089,6,1999,20261025,0.00296827197025,2.7650823038,2.92882096058,-0.0050486854669,0.0113663471287,-0.00553470633228,0.0118523679941
joint,production_growth,military_conflict,2,0.00348519676636,6,1999,20261025,0.00228994261761,2.7650823038,2.92882096058,-0.00284668304232,0.00981707657503,-0.00322163517064,0.0101920287033
joint,production_growth,military_conflict,3,-0.00287258811141,6,1999,20261025,0.00369346175998,2.7650823038,2.92882096058,-0.0130853138637,0.00734013764086,-0.0136900763311,0.00794490010832
joint,production_growth,military_conflict,4,-0.00354492580239,6,1999,20261025,0.00335137458642,2.7650823038,2.92882096058,-0.0128117523647,0.00572190075993,-0.0133605019379,0.00627065033309
joint,production_growth,military_conflict,5,0.00209699116574,6,1999,20261025,0.00179749033493,2.7650823038,2.92882096058,-0.00287321755063,0.00706719988212,-0.00316753620366,0.00736151853515
joint,production_growth,military_conflict,6,0.00303430437065,6,1999,20261025,0.00243801139557,2.7650823038,2.92882096058,-0.0037069977957,0.009775606537,-0.00410619450683,0.0101748032481
joint,production_growth,military_conflict,7,-0.0027270393462,6,1999,20261025,0.00286509539226,2.7650823038,2.92882096058,-0.010649263914,0.00519518522162,-0.0111183907851,0.00566431209271
joint,production_growth,military_conflict,8,0.000845199298926,6,1999,20261025,0.00254486411851,2.7650823038,2.92882096058,-0.00619155944073,0.00788195803858,-0.00660825207319,0.00829865067104
joint,production_growth,military_conflict,9,-0.000889234464719,6,1999,20261025,0.00195028602175,2.7650823038,2.92882096058,-0.0062819358308,0.00450346690136,-0.00660127304435,0.00482280411491
joint,production_growth,military_conflict,10,0.00186193125229,6,1999,20261025,0.00191496003798,2.7650823038,2.92882096058,-0.0034330908612,0.00715695336579,-0.00374664384561,0.0074705063502
joint,production_growth,military_conflict,11,-0.00035388804203,6,1999,20261025,0.00256431286499,2.7650823038,2.92882096058,-0.00744442416641,0.00673664808235,-0.0078643013105,0.00715652522644
joint,production_growth,military_conflict,12,0.000219446368396,6,1999,20261025,0.00238070470528,2.7650823038,2.92882096058,-0.00636339808276,0.00680229081955,-0.0067532114734,0.00719210421019
joint,production_growth,military_conflict,13,0.00318095469004,6,1999,20261025,0.00219681716787,2.7650823038,2.92882096058,-0.00289342558552,0.0092553349656,-0.00325312947779,0.00961503885787
joint,production_growth,military_conflict,14,-0.00275315258211,6,1999,20261025,0.00249138269973,2.7650823038,2.92882096058,-0.00964203079713,0.0041357256329,-0.0100499664539,0.00454366128969
joint,production_growth,military_conflict,15,0.00150790648866,6,1999,20261025,0.00218326851591,2.7650823038,2.92882096058,-0.00452901064913,0.00754482362645,-0.00488649610332,0.00790230908064
joint,production_growth,military_conflict,16,0.00254873373452,6,1999,20261025,0.00197935154843,2.7650823038,2.92882096058,-0.00292433620504,0.00802180367407,-0.00324843256888,0.00834590003792
joint,production_growth,military_conflict,17,-0.00273331552682,6,1999,20261025,0.00329800041956,2.7650823038,2.92882096058,-0.0118525581248,0.00638592707122,-0.0123925682836,0.00692593722999
joint,production_growth,military_conflict,18,0.00210021212673,6,1999,20261025,0.00263621723485,2.7650823038,2.92882096058,-0.00518914549833,0.00938956975178,-0.00562079616735,0.00982122042081
joint,production_growth,military_conflict,19,9.26811129048e-05,6,1999,20261025,0.00217517925448,2.7650823038,2.92882096058,-0.00592186855124,0.00610723077705,-0.00627802948064,0.00646339170644
joint,production_growth,military_conflict,20,-0.000656675783607,6,1999,20261025,0.00221414894396,2.7650823038,2.92882096058,-0.00677897984651,0.0054656282793,-0.00714152162052,0.0058281700533
joint,production_growth,military_conflict,21,0.00362797397824,6,1999,20261025,0.00255183526769,2.7650823038,2.92882096058,-0.00342806056266,0.0106840085191,-0.00384589464173,0.0111018425982
joint,production_growth,military_conflict,22,7.32807338423e-05,6,1999,20261025,0.00175009432591,2.7650823038,2.92882096058,-0.00476587411671,0.00491243558439,-0.00505243221088,0.00519899367856
joint,production_growth,military_conflict,23,-0.000466187853492,6,1999,20261025,0.00204604190746,2.7650823038,2.92882096058,-0.00612366212464,0.00519128641766,-0.0064586782783,0.00552630257131
joint,production_growth,military_conflict,24,-0.00300597199703,6,1999,20261025,0.0017617685412,2.7650823038,2.92882096058,-0.00787740701369,0.00186546301963,-0.00816587662819,0.00215393263413
joint,production_growth,military_conflict,25,0.0044239114726,6,1999,20261025,0.00225434134779,2.7650823038,2.92882096058,-0.0018095278949,0.0106573508401,-0.00217865071912,0.0110264736643
joint,production_growth,military_conflict,26,-0.00206570156002,6,1999,20261025,0.0027518428502,2.7650823038,2.92882096058,-0.00967477352795,0.0055433704079,-0.0101253565799,0.00599395345987
joint,production_growth,military_conflict,27,-0.00193143118971,6,1999,20261025,0.00241397626063,2.7650823038,2.92882096058,-0.00860627422978,0.00474341185035,-0.0090015354602,0.00513867308077
joint,production_growth,military_conflict,28,0.00210155531413,6,1999,20261025,0.00207268424591,2.7650823038,2.92882096058,-0.00362958721559,0.00783269784385,-0.00396896574996,0.00817207637821
joint,production_growth,military_conflict,29,0.000348650524168,6,1999,20261025,0.00294148961574,2.7650823038,2.92882096058,-0.00778481035913,0.00848211140746,-0.00826644591775,0.00896374696609
joint,production_growth,military_conflict,30,-0.000920268817507,6,1999,20261025,0.00294633820147,2.7650823038,2.92882096058,-0.00906713643941,0.0072265988044,-0.00954956589895,0.00770902826394
joint,production_growth,military_conflict,31,-0.00155898384969,6,1999,20261025,0.00191077931238,2.7650823038,2.92882096058,-0.00684244591282,0.00372447821345,-0.00715531435084,0.00403734665147
joint,production_growth,military_conflict,32,0.00110384007734,6,1999,20261025,0.00188991596376,2.7650823038,2.92882096058,-0.00412193310972,0.00632961326439,-0.00443138541106,0.00663906556574
joint,production_growth,military_conflict,33,0.00208077179083,6,1999,20261025,0.00199412706799,2.7650823038,2.92882096058,-0.0034331536764,0.00759469725807,-0.00375966936397,0.00792121294564
joint,production_growth,military_conflict,34,-0.00135402077637,6,1999,20261025,0.0015961294805,2.7650823038,2.92882096058,-0.00576745015746,0.00305940860473,-0.00602879825465,0.00332075670192
joint,production_growth,military_conflict,35,-0.00169728105308,6,1999,20261025,0.00267157882832,2.7650823038,2.92882096058,-0.00908441639448,0.00568985428832,-0.00952185712332,0.00612729501716
joint,production_growth,military_conflict,36,0.00359830086967,6,1999,20261025,0.00295478134345,2.7650823038,2.92882096058,-0.00457191273468,0.011768514474,-0.00505572466295,0.0122523264023
joint,production_growth,military_conflict,37,-0.0013326750757,6,1999,20261025,0.00300141615855,2.7650823038,2.92882096058,-0.00963183778204,0.00696648763064,-0.0101232856323,0.00745793548089
joint,production_growth,military_conflict,38,-0.000497008592456,6,1999,20261025,0.0020045881974,2.7650823038,2.92882096058,-0.0060398599435,0.00504584275859,-0.00636808852235,0.00537407133744
joint,production_growth,military_conflict,39,-0.0016328310475,6,1999,20261025,0.00171216937591,2.7650823038,2.92882096058,-0.00636712028992,0.00310145819493,-0.00664746860372,0.00338180650873
joint,production_growth,military_conflict,40,0.000213231400458,6,1999,20261025,0.0021654097234,2.7650823038,2.92882096058,-0.00577430470618,0.0062007675071,-0.00612886598568,0.00655532878659
joint,production_growth,military_conflict,41,0.00325428583738,6,1999,20261025,0.00253023282621,2.7650823038,2.92882096058,-0.00374201617486,0.0102505878496,-0.00415631309917,0.0106648847739
joint,production_growth,military_conflict,42,0.000862743994232,6,1999,20261025,0.0022127165133,2.7650823038,2.92882096058,-0.00525559928001,0.00698108726847,-0.00561790650974,0.0073433944982
joint,production_growth,military_conflict,43,-0.0011410170874,6,1999,20261025,0.00296923615089,2.7650823038,2.92882096058,-0.00935119942403,0.00706916524923,-0.00983737816305,0.00755534398825
joint,production_growth,military_conflict,44,-5.24458916452e-05,6,1999,20261025,0.00208746499453,2.7650823038,2.92882096058,-0.00582445840782,0.00571956662453,-0.00616625712211,0.00606136533882
joint,production_growth,military_conflict,45,0.000305828614797,6,1999,20261025,0.00262908572511,2.7650823038,2.92882096058,-0.00696380979887,0.00757546702847,-0.00739429276407,0.00800594999366
joint,production_growth,military_conflict,46,-0.000994711285045,6,1999,20261025,0.00325118549375,2.7650823038,2.92882096058,-0.00998450676018,0.00799508419009,-0.0105168515059,0.00852742893579
joint,production_growth,military_conflict,47,0.00251586933582,6,1999,20261025,0.00198325424715,2.7650823038,2.92882096058,-0.00296799188692,0.00799973055856,-0.00329272727341,0.00832446594505
joint,production_growth,military_conflict,48,-0.00277755170035,6,1999,20261025,0.0024319884535,2.7650823038,2.92882096058,-0.00950219993617,0.00394709653546,-0.00990041045886,0.00434530705815
joint,production_growth,diplomatic_tension,0,0.00277023311424,6,1999,20261025,0.0040554863444,2.77358381917,2.92733806237,-0.00847799818946,0.0140184644179,-0.00910154642315,0.0146420126516
joint,production_growth,diplomatic_tension,1,0.00388219716128,6,1999,20261025,0.00491765970709,2.77358381917,2.92733806237,-0.0097573442305,0.0175217385531,-0.0105134552771,0.0182778495996
joint,production_growth,diplomatic_tension,2,0.00471697522776,6,1999,20261025,0.00495155449654,2.77358381917,2.92733806237,-0.00901657620359,0.0184505266591,-0.00977789871787,0.0192118491734
joint,production_growth,diplomatic_tension,3,-0.00437860847116,6,1999,20261025,0.00551205241674,2.77358381917,2.92733806237,-0.0196667478647,0.0109095309223,-0.0205142493125,0.0117570323702
joint,production_growth,diplomatic_tension,4,-0.000822661851386,6,1999,20261025,0.00426843741565,2.77358381917,2.92733806237,-0.0126615308006,0.0110162070978,-0.0133178211651,0.0116724974623
joint,production_growth,diplomatic_tension,5,-7.86124855327e-06,6,1999,20261025,0.00335256509054,2.77358381917,2.92733806237,-0.00930648153639,0.00929075903928,-0.00982195264466,0.00980623014756
joint,production_growth,diplomatic_tension,6,-0.000319379623214,6,1999,20261025,0.00260451874512,2.77358381917,2.92733806237,-0.00754323067141,0.00690447142499,-0.00794368647997,0.00730492723354
joint,production_growth,diplomatic_tension,7,-0.000386573520369,6,1999,20261025,0.00343693644503,2.77358381917,2.92733806237,-0.00991920483182,0.00914605779108,-0.0104476483938,0.00967450135311
joint,production_growth,diplomatic_tension,8,0.00167750782582,6,1999,20261025,0.00540635652457,2.77358381917,2.92733806237,-0.0133174751514,0.0166724908031,-0.0141487254073,0.017503741059
joint,production_growth,diplomatic_tension,9,-0.0099055614748,6,1999,20261025,0.00787468894252,2.77358381917,2.92733806237,-0.0317466713068,0.0119355483572,-0.0329574381456,0.013146315196
joint,production_growth,diplomatic_tension,10,0.00584269331012,6,1999,20261025,0.00388506251644,2.77358381917,2.92733806237,-0.00493285322195,0.0166182398422,-0.00553019806895,0.0172155846892
joint,production_growth,diplomatic_tension,11,-0.00714424267714,6,1999,20261025,0.00476881813827,2.77358381917,2.92733806237,-0.020370959502,0.00608247414773,-0.0211041855258,0.00681570017154
joint,production_growth,diplomatic_tension,12,0.000688857982606,6,1999,20261025,0.00323711234411,2.77358381917,2.92733806237,-0.00828954443585,0.00966726040106,-0.00878726419447,0.0101649801597
joint,production_growth,diplomatic_tension,13,0.00552492214814,6,1999,20261025,0.00405433698112,2.77358381917,2.92733806237,-0.00572012130016,0.0167699655964,-0.00634349281437,0.0173933371107
joint,production_growth,diplomatic_tension,14,-0.00488238031241,6,1999,20261025,0.00409859564171,2.77358381917,2.92733806237,-0.0162501788656,0.00648541824077,-0.0168803553367,0.00711559471184
joint,production_growth,diplomatic_tension,15,-0.000321594100944,6,1999,20261025,0.00323198151242,2.77358381917,2.92733806237,-0.00928576572765,0.00864257752576,-0.00978269659912,0.00913950839724
joint,production_growth,diplomatic_tension,16,0.000460194126213,6,1999,20261025,0.00295163964524,2.77358381917,2.92733806237,-0.00772642583384,0.00864681408627,-0.00818025295369,0.00910064120612
joint,production_growth,diplomatic_tension,17,-0.00733744879938,6,1999,20261025,0.0103408200978,2.77358381917,2.92733806237,-0.0360185800996,0.0213436825008,-0.0376085250678,0.022933627469
joint,production_growth,diplomatic_tension,18,0.00142308812432,6,1999,20261025,0.0081741688258,2.77358381917,2.92733806237,-0.0212486542661,0.0240948305148,-0.0225054674077,0.0253516436564
joint,production_growth,diplomatic_tension,19,-0.00139154105391,6,1999,20261025,0.00814382892175,2.77358381917,2.92733806237,-0.0239791331774,0.0211960510696,-0.02523128143,0.0224481993222
joint,production_growth,diplomatic_tension,20,-0.00770681774945,6,1999,20261025,0.00623706045907,2.77358381917,2.92733806237,-0.0250058277179,0.00959219221903,-0.0259648022286,0.0105511667297
joint,production_growth,diplomatic_tension,21,0.0130213327174,6,1999,20261025,0.0113445344607,2.77358381917,2.92733806237,-0.018443684499,0.0444863499337,-0.0201879548094,0.0462306202442
joint,production_growth,diplomatic_tension,22,-0.000950221990716,6,1999,20261025,0.00468921750643,2.77358381917,2.92733806237,-0.0139561597911,0.0120557158097,-0.01467714688,0.0127767028986
joint,production_growth,diplomatic_tension,23,-0.00296178097815,6,1999,20261025,0.00319127297519,2.77358381917,2.92733806237,-0.0118130440647,0.0058894821084,-0.0123037158258,0.00638015386954
joint,production_growth,diplomatic_tension,24,-0.00585092833049,6,1999,20261025,0.0075766630276,2.77358381917,2.92733806237,-0.0268654383072,0.0151635816462,-0.028030382397,0.016328525736
joint,production_growth,diplomatic_tension,25,0.00566120497606,6,1999,20261025,0.00388933768758,2.77358381917,2.92733806237,-0.00512619910151,0.0164486090536,-0.00572420127421,0.0170466112263
joint,production_growth,diplomatic_tension,26,-0.0101886047322,6,1999,20261025,0.00642056169689,2.77358381917,2.92733806237,-0.0279965707647,0.00761936130032,-0.0289837593693,0.00860654990494
joint,production_growth,diplomatic_tension,27,-0.00313701504916,6,1999,20261025,0.00431462019028,2.77358381917,2.92733806237,-0.0151039757948,0.00882994569647,-0.0157673669568,0.00949333685852
joint,production_growth,diplomatic_tension,28,-0.00240207913133,6,1999,20261025,0.00400968483866,2.77358381917,2.92733806237,-0.0135232761198,0.00871911785715,-0.0141397821776,0.00933562391499
joint,production_growth,diplomatic_tension,29,0.0043171703386,6,1999,20261025,0.00391552521523,2.77358381917,2.92733806237,-0.00654286704193,0.0151772077191,-0.00714489565813,0.0157792363353
joint,production_growth,diplomatic_tension,30,0.00220703061638,6,1999,20261025,0.004459841369,2.77358381917,2.92733806237,-0.0101627132408,0.0145767744735,-0.0108484327753,0.015262494008
joint,production_growth,diplomatic_tension,31,-0.00332272439354,6,1999,20261025,0.00425865726439,2.77358381917,2.92733806237,-0.0151344672735,0.00848901848638,-0.0157892538982,0.00914380511111
joint,production_growth,diplomatic_tension,32,0.001634227598,6,1999,20261025,0.00415704111955,2.77358381917,2.92733806237,-0.00989567438681,0.0131641295828,-0.0105348370981,0.0138032922941
joint,production_growth,diplomatic_tension,33,0.00641596713165,6,1999,20261025,0.00577798287073,2.77358381917,2.92733806237,-0.00960975266605,0.0224416869293,-0.0104981420496,0.0233300763129
joint,production_growth,diplomatic_tension,34,0.00229158263267,6,1999,20261025,0.00324310070283,2.77358381917,2.92733806237,-0.00670342900064,0.011286594266,-0.00720206949483,0.0117852347602
joint,production_growth,diplomatic_tension,35,-0.00270254301076,6,1999,20261025,0.0042057897631,2.77358381917,2.92733806237,-0.0143676534445,0.00896256742301,-0.0150143114666,0.00960922544509
joint,production_growth,diplomatic_tension,36,-0.000251825254996,6,1999,20261025,0.00667194962854,2.77358381917,2.92733806237,-0.0187570367871,0.0182533862771,-0.0197828773529,0.0192792268429
joint,production_growth,diplomatic_tension,37,0.00215440969026,6,1999,20261025,0.00540869046358,2.77358381917,2.92733806237,-0.0128470466624,0.0171558660429,-0.0136786557714,0.0179874751519
joint,production_growth,diplomatic_tension,38,0.00564065685249,6,1999,20261025,0.00662408648439,2.77358381917,2.92733806237,-0.0127318022374,0.0240131159424,-0.0137502836417,0.0250315973467
joint,production_growth,diplomatic_tension,39,-0.00340157530685,6,1999,20261025,0.00312079091209,2.77358381917,2.92733806237,-0.0120573504836,0.00525419986994,-0.0125371853285,0.00573403471481
joint,production_growth,diplomatic_tension,40,-0.00402097292866,6,1999,20261025,0.00501686531868,2.77358381917,2.92733806237,-0.0179356693995,0.00989372354218,-0.0187070337298,0.0106650878725
joint,production_growth,diplomatic_tension,41,-0.00337876362495,6,1999,20261025,0.00694849844861,2.77358381917,2.92733806237,-0.0226510064896,0.0158934792397,-0.0237193676099,0.01696184036
joint,production_growth,diplomatic_tension,42,-0.00669860538893,6,1999,20261025,0.00532164177731,2.77358381917,2.92733806237,-0.0214586249139,0.00806141413605,-0.0222768499179,0.0088796391401
joint,production_growth,diplomatic_tension,43,0.00445476696827,6,1999,20261025,0.00329810267208,2.77358381917,2.92733806237,-0.00469279723698,0.0136023311735,-0.00519989451732,0.0141094284539
joint,production_growth,diplomatic_tension,44,0.00529787845876,6,1999,20261025,0.00308021057711,2.77358381917,2.92733806237,-0.00324534375755,0.0138411006751,-0.00371893920373,0.0143146961213
joint,production_growth,diplomatic_tension,45,0.000996837293545,6,1999,20261025,0.00482509076712,2.77358381917,2.92733806237,-0.0123859563842,0.0143796309713,-0.0131278345634,0.0151215091505
joint,production_growth,diplomatic_tension,46,0.00259271305132,6,1999,20261025,0.00307738183838,2.77358381917,2.92733806237,-0.00594266342102,0.0111280895237,-0.00641582393661,0.0116012500393
joint,production_growth,diplomatic_tension,47,0.00438436263896,6,1999,20261025,0.00416305333163,2.77358381917,2.92733806237,-0.00716221471999,0.0159309399979,-0.00780230183439,0.0165710271123
joint,production_growth,diplomatic_tension,48,-0.00184351814968,6,1999,20261025,0.00386737125323,2.77358381917,2.92733806237,-0.0125699964804,0.00888296018102,-0.0131646212206,0.00947758492123
joint,production_growth,nuclear_threat,0,-0.000892104245699,6,1999,20261025,0.00146682630712,2.77928564742,2.92590436895,-0.00496883354832,0.00318462505693,-0.00518389774619,0.00339968925479
joint,production_growth,nuclear_threat,1,0.00174986115901,6,1999,20261025,0.00168756055126,2.77928564742,2.92590436895,-0.00294035166024,0.00644007397827,-0.00318777963079,0.00668750194881
joint,production_growth,nuclear_threat,2,0.00153228410415,6,1999,20261025,0.0018202059234,2.77928564742,2.92590436895,-0.00352658809409,0.00659115630238,-0.00379346435951,0.0068580325678
joint,production_growth,nuclear_threat,3,-0.000805185285293,6,1999,20261025,0.00182833766093,2.77928564742,2.92590436895,-0.00588665790495,0.00427628733437,-0.00615472643534,0.00454435586475
joint,production_growth,nuclear_threat,4,-0.000547657199059,6,1999,20261025,0.00132999979047,2.77928564742,2.92590436895,-0.00424410652779,0.00314879212967,-0.00443910939672,0.0033437949986
joint,production_growth,nuclear_threat,5,0.000840149618325,6,1999,20261025,0.00109307039739,2.77928564742,2.92590436895,-0.00219780524875,0.0038781044854,-0.00235806983297,0.00403836906962
joint,production_growth,nuclear_threat,6,-0.000627709803468,6,1999,20261025,0.00165166294494,2.77928564742,2.92590436895,-0.0052181529207,0.00396273331377,-0.0054603176301,0.00420489802316
joint,production_growth,nuclear_threat,7,0.000233168812055,6,1999,20261025,0.00141385786859,2.77928564742,2.92590436895,-0.00369634606961,0.00416268369372,-0.00390364410274,0.00436998172685
joint,production_growth,nuclear_threat,8,0.000840275755891,6,1999,20261025,0.00165764287723,2.77928564742,2.92590436895,-0.00376678730133,0.00544733881311,-0.00400982878075,0.00569038029253
joint,production_growth,nuclear_threat,9,-0.00074757631687,6,1999,20261025,0.0011552672046,2.77928564742,2.92590436895,-0.00395839387755,0.00246324124381,-0.00412777767812,0.00263262504438
joint,production_growth,nuclear_threat,10,-0.000321451395175,6,1999,20261025,0.00168486522167,2.77928564742,2.92590436895,-0.00500417312358,0.00436127033323,-0.00525120590834,0.00460830311799
joint,production_growth,nuclear_threat,11,-0.00162627978888,6,1999,20261025,0.00222145070439,2.77928564742,2.92590436895,-0.00780032584802,0.00454776627026,-0.00812603211025,0.0048734725325
joint,production_growth,nuclear_threat,12,0.000410018444362,6,1999,20261025,0.00212115929335,2.77928564742,2.92590436895,-0.00548528913554,0.00630532602426,-0.00579629079931,0.00661632768803
joint,production_growth,nuclear_threat,13,0.00124285638247,6,1999,20261025,0.00219724782239,2.77928564742,2.92590436895,-0.00486392295412,0.00734963571905,-0.00518608062074,0.00767179338567
joint,production_growth,nuclear_threat,14,0.000131457797263,6,1999,20261025,0.0013295447885,2.77928564742,2.92590436895,-0.00356372695101,0.00382664254553,-0.00375866310812,0.00402157870265
joint,production_growth,nuclear_threat,15,-2.77008147328e-05,6,1999,20261025,0.00178163047751,2.77928564742,2.92590436895,-0.00497936082987,0.00492395920041,-0.00524058121274,0.00518517958327
joint,production_growth,nuclear_threat,16,0.00159396684935,6,1999,20261025,0.0013591705003,2.77928564742,2.92590436895,-0.00218355621453,0.00537148991323,-0.00238283605564,0.00557076975433
joint,production_growth,nuclear_threat,17,-0.000388342448211,6,1999,20261025,0.00178659809735,2.77928564742,2.92590436895,-0.00535380889787,0.00457712400145,-0.00561575762681,0.00483907273038
joint,production_growth,nuclear_threat,18,0.000198595950764,6,1999,20261025,0.00211948989691,2.77928564742,2.92590436895,-0.00569207189957,0.0060892638011,-0.00600282879857,0.0064000207001
joint,production_growth,nuclear_threat,19,0.000241148728826,6,1999,20261025,0.0016352253316,2.77928564742,2.92590436895,-0.00430360956558,0.00478590702323,-0.00454336421312,0.00502566167077
joint,production_growth,nuclear_threat,20,0.000627805079316,6,1999,20261025,0.00148228795678,2.77928564742,2.92590436895,-0.0034918965643,0.00474750672293,-0.00370922772947,0.0049648378881
joint,production_growth,nuclear_threat,21,0.00231632340514,6,1999,20261025,0.0019150489889,2.77928564742,2.92590436895,-0.00300614476381,0.00763879157409,-0.00328692679825,0.00791957360853
joint,production_growth,nuclear_threat,22,-0.0014862292969,6,1999,20261025,0.00116938711113,2.77928564742,2.92590436895,-0.00473629011115,0.00176383151735,-0.00490774415437,0.00193528556056
joint,production_growth,nuclear_threat,23,-0.00161904959396,6,1999,20261025,0.00117591375243,2.77928564742,2.92590436895,-0.00488724980868,0.00164915062076,-0.0050596607797,0.00182156159178
joint,production_growth,nuclear_threat,24,0.00150770372619,6,1999,20261025,0.00181313341217,2.77928564742,2.92590436895,-0.00353151194312,0.00654691939549,-0.00379735124599,0.00681275869836
joint,production_growth,nuclear_threat,25,6.45209990683e-05,6,1999,20261025,0.00232313206938,2.77928564742,2.92590436895,-0.00639212661842,0.00652116861656,-0.00673274127239,0.00686178327053
joint,production_growth,nuclear_threat,26,-0.00159510473649,6,1999,20261025,0.00208141163821,2.77928564742,2.92590436895,-0.00737994222894,0.00418973275595,-0.00768511614232,0.00449490666934
joint,production_growth,nuclear_threat,27,0.00104406647718,6,1999,20261025,0.00244844698501,2.77928564742,2.92590436895,-0.00576086708673,0.00784900004109,-0.00611985525342,0.00820798820778
joint,production_growth,nuclear_threat,28,0.000112805188829,6,1999,20261025,0.00232603408223,2.77928564742,2.92590436895,-0.00635190795132,0.00657751832898,-0.00669294809471,0.00691855847237
joint,production_growth,nuclear_threat,29,-0.00230192590281,6,1999,20261025,0.00158548944385,2.77928564742,2.92590436895,-0.00670845395824,0.00210460215262,-0.00694091639351,0.00233706458789
joint,production_growth,nuclear_threat,30,-0.00174953944725,6,1999,20261025,0.00328396322313,2.77928564742,2.92590436895,-0.0108766112999,0.00737753240544,-0.0113581017893,0.00785902289479
joint,production_growth,nuclear_threat,31,0.000582088505476,6,1999,20261025,0.00181840664361,2.77928564742,2.92590436895,-0.00447178298027,0.00563595999122,-0.00473839543759,0.00590257244854
joint,production_growth,nuclear_threat,32,0.00541602976907,6,1999,20261025,0.00491910685209,2.77928564742,2.92590436895,-0.00825557330305,0.0190876328412,-0.00897680646081,0.019808865999
joint,production_growth,nuclear_threat,33,-0.0079699172203,6,1999,20261025,0.00623129892938,2.77928564742,2.92590436895,-0.0252884768995,0.00934864245887,-0.026202101982,0.0102622675414
joint,production_growth,nuclear_threat,34,-0.00277576714803,6,1999,20261025,0.00386784281875,2.77928564742,2.92590436895,-0.0135256071807,0.00797407288459,-0.0140927053498,0.00854117105378
joint,production_growth,nuclear_threat,35,-0.000502713206687,6,1999,20261025,0.00144445757183,2.77928564742,2.92590436895,-0.00451727340438,0.00351184699101,-0.00472905792688,0.0037236315135
joint,production_growth,nuclear_threat,36,0.00411053626691,6,1999,20261025,0.00405467638211,2.77928564742,2.92590436895,-0.0071585676068,0.0153796401406,-0.00775305907419,0.015974131608
joint,production_growth,nuclear_threat,37,-0.00628222631491,6,1999,20261025,0.00373536326,2.77928564742,2.92590436895,-0.0166638678113,0.0040994151815,-0.017211541997,0.00464708936715
joint,production_growth,nuclear_threat,38,0.000131346649717,6,1999,20261025,0.00274604692833,2.77928564742,2.92590436895,-0.00750070216532,0.00776339546476,-0.00790332405524,0.00816601735467
joint,production_growth,nuclear_threat,39,0.000496124623256,6,1999,20261025,0.00148057386804,2.77928564742,2.92590436895,-0.00361881307813,0.00461106232464,-0.0038358929258,0.00482814217231
joint,production_growth,nuclear_threat,40,0.000213620056212,6,1999,20261025,0.00179795530662,2.77928564742,2.92590436895,-0.00478341132217,0.0052106514346,-0.00504702523061,0.00547426534303
joint,production_growth,nuclear_threat,41,-0.000772404669107,6,1999,20261025,0.0019310274024,2.77928564742,2.92590436895,-0.00613928141337,0.00459447207516,-0.00642240618237,0.00487759684415
joint,production_growth,nuclear_threat,42,-0.00135476339612,6,1999,20261025,0.0028976049463,2.77928564742,2.92590436895,-0.00940803523525,0.00669850844301,-0.00983287836799,0.00712335157575
joint,production_growth,nuclear_threat,43,0.00411587784978,6,1999,20261025,0.00264431920579,2.77928564742,2.92590436895,-0.00323344056605,0.0114651962656,-0.00362114726734,0.0118529029669
joint,production_growth,nuclear_threat,44,-0.00380845097979,6,1999,20261025,0.00321034936871,2.77928564742,2.92590436895,-0.0127309289034,0.00511402694387,-0.0132016262236,0.00558472426399
joint,production_growth,nuclear_threat,45,0.00161931313809,6,1999,20261025,0.00139748782643,2.77928564742,2.92590436895,-0.00226470472036,0.00550333099654,-0.00246960259884,0.00570822887501
joint,production_growth,nuclear_threat,46,-0.000831656555288,6,1999,20261025,0.00224643942634,2.77928564742,2.92590436895,-0.00707515341071,0.00541184030013,-0.00740452348741,0.00574121037683
joint,production_growth,nuclear_threat,47,0.00115226057137,6,1999,20261025,0.00229279126071,2.77928564742,2.92590436895,-0.00522006127204,0.00752458241477,-0.00555622739543,0.00786074853817
joint,production_growth,nuclear_threat,48,-0.0023210800074,6,1999,20261025,0.00168347394346,2.77928564742,2.92590436895,-0.00699993497625,0.00235777496145,-0.00724676377358,0.00260460375878
joint,production_growth,military_conflict,0,-0.00282861432821,12,1999,20261031,0.00377903108331,2.74675127919,2.89080122438,-0.0132086727904,0.00755144413397,-0.0137530420108,0.00809581335441
joint,production_growth,military_conflict,1,0.00315883083089,12,1999,20261031,0.00275592279197,2.74675127919,2.89080122438,-0.00441100362329,0.0107286652851,-0.00480799415043,0.0111256558122
joint,production_growth,military_conflict,2,0.00348519676636,12,1999,20261031,0.00211600243128,2.74675127919,2.89080122438,-0.00232693561852,0.00929732915123,-0.00263174565278,0.00960213918549
joint,production_growth,military_conflict,3,-0.00287258811141,12,1999,20261031,0.00349590383117,2.74675127919,2.89080122438,-0.0124749664316,0.00672979020879,-0.0129785511869,0.00723337496407
joint,production_growth,military_conflict,4,-0.00354492580239,12,1999,20261031,0.00311860491826,2.74675127919,2.89080122438,-0.0121109578509,0.00502110624611,-0.0125601927184,0.00547034111366
joint,production_growth,military_conflict,5,0.00209699116574,12,1999,20261031,0.00160456203318,2.74675127919,2.89080122438,-0.00231034165143,0.00650432398292,-0.00254147872437,0.00673546105586
joint,production_growth,military_conflict,6,0.00303430437065,12,1999,20261031,0.00215392991006,2.74675127919,2.89080122438,-0.00288200536508,0.00895061410639,-0.00319227885058,0.00926088759189
joint,production_growth,military_conflict,7,-0.0027270393462,12,1999,20261031,0.00248062796382,2.74675127919,2.89080122438,-0.00954070737902,0.00408662868661,-0.00989804170125,0.00444396300884
joint,production_growth,military_conflict,8,0.000845199298926,12,1999,20261031,0.00205788029342,2.74675127919,2.89080122438,-0.00480728602945,0.0064976846273,-0.00510372357294,0.00679412217079
joint,production_growth,military_conflict,9,-0.000889234464719,12,1999,20261031,0.00209639076759,2.74675127919,2.89080122438,-0.00664749848727,0.00486902955783,-0.00694948346244,0.005171014533
joint,production_growth,military_conflict,10,0.00186193125229,12,1999,20261031,0.0020907436564,2.74675127919,2.89080122438,-0.00388082156036,0.00760468406495,-0.00418199306948,0.00790585557407
joint,production_growth,military_conflict,11,-0.00035388804203,12,1999,20261031,0.00277481227923,2.74675127919,2.89080122438,-0.00797560721951,0.00726783113545,-0.00837531877626,0.0076675426922
joint,production_growth,military_conflict,12,0.000219446368396,12,1999,20261031,0.0025531423008,2.74675127919,2.89080122438,-0.00679340051228,0.00723229324907,-0.00716118052078,0.00760007325757
joint,production_growth,military_conflict,13,0.00318095469004,12,1999,20261031,0.00240740630272,2.74675127919,2.89080122438,-0.00343159165149,0.00979350103157,-0.00377837839746,0.0101402877775
joint,production_growth,military_conflict,14,-0.00275315258211,12,1999,20261031,0.00249410107625,2.74675127919,2.89080122438,-0.00960382790373,0.0040975227395,-0.00996310302707,0.00445679786285
joint,production_growth,military_conflict,15,0.00150790648866,12,1999,20261031,0.00210060090564,2.74675127919,2.89080122438,-0.00426192173598,0.0072777347133,-0.00456451318132,0.00758032615863
joint,production_growth,military_conflict,16,0.00254873373452,12,1999,20261031,0.00182848101266,2.74675127919,2.89080122438,-0.00247364882599,0.00757111629502,-0.00273704141565,0.00783450888469
joint,production_growth,military_conflict,17,-0.00273331552682,12,1999,20261031,0.00323273006334,2.74675127919,2.89080122438,-0.0116128209636,0.00614618990994,-0.012078495552,0.00661186449839
joint,production_growth,military_conflict,18,0.00210021212673,12,1999,20261031,0.00250038859983,2.74675127919,2.89080122438,-0.00476773345833,0.00896815771179,-0.0051279142991,0.00932833855256
joint,production_growth,military_conflict,19,9.26811129048e-05,12,1999,20261031,0.00223606488176,2.74675127919,2.89080122438,-0.00604923296141,0.00623459518722,-0.00637133798508,0.00655670021089
joint,production_growth,military_conflict,20,-0.000656675783607,12,1999,20261031,0.00219917635393,2.74675127919,2.89080122438,-0.00669726624693,0.00538391467972,-0.00701405748019,0.00570070591297
joint,production_growth,military_conflict,21,0.00362797397824,12,1999,20261031,0.00238511514525,2.74675127919,2.89080122438,-0.00292334409798,0.0101792920545,-0.00326691980393,0.0105228677604
joint,production_growth,military_conflict,22,7.32807338423e-05,12,1999,20261031,0.00157849125943,2.74675127919,2.89080122438,-0.00426244215219,0.00440900361988,-0.0044898237316,0.00463638519929
joint,production_growth,military_conflict,23,-0.000466187853492,12,1999,20261031,0.00216278591052,2.74675127919,2.89080122438,-0.00640682281982,0.00547444711283,-0.00671837201169,0.00578599630471
joint,production_growth,military_conflict,24,-0.00300597199703,12,1999,20261031,0.00181331736913,2.74675127919,2.89080122438,-0.00798670380026,0.0019747598062,-0.0082479120679,0.00223596807384
joint,production_growth,military_conflict,25,0.0044239114726,12,1999,20261031,0.00206764381363,2.74675127919,2.89080122438,-0.00125539181738,0.0101032147626,-0.00155323579542,0.0104010587406
joint,production_growth,military_conflict,26,-0.00206570156002,12,1999,20261031,0.00279080164413,2.74675127919,2.89080122438,-0.00973133954599,0.00559993642594,-0.0101333543699,0.00600195124982
joint,production_growth,military_conflict,27,-0.00193143118971,12,1999,20261031,0.00243350729447,2.74675127919,2.89080122438,-0.0086156704637,0.00475280808427,-0.0089662170561,0.00510335467667
joint,production_growth,military_conflict,28,0.00210155531413,12,1999,20261031,0.00206853836328,2.74675127919,2.89080122438,-0.00358020508125,0.0077833157095,-0.00387817791911,0.00808128854737
joint,production_growth,military_conflict,29,0.000348650524168,12,1999,20261031,0.003068011382,2.74675127919,2.89080122438,-0.00807841366391,0.00877571471225,-0.00852036053534,0.00921766158368
joint,production_growth,military_conflict,30,-0.000920268817507,12,1999,20261031,0.0033297302551,2.74675127919,2.89080122438,-0.0100662096551,0.00822567202005,-0.0105458571158,0.00870531948081
joint,production_growth,military_conflict,31,-0.00155898384969,12,1999,20261031,0.00211389349056,2.74675127919,2.89080122438,-0.00736532349894,0.00424735579956,-0.0076698297404,0.00455186204103
joint,production_growth,military_conflict,32,0.00110384007734,12,1999,20261031,0.0017995225399,2.74675127919,2.89080122438,-0.00383900076105,0.00604668091572,-0.0040982218843,0.00630590203897
joint,production_growth,military_conflict,33,0.00208077179083,12,1999,20261031,0.00192461557581,2.74675127919,2.89080122438,-0.00320566850396,0.00736721208563,-0.00348290927218,0.00764445285385
joint,production_growth,military_conflict,34,-0.00135402077637,12,1999,20261031,0.00168657628155,2.74675127919,2.89080122438,-0.00598662633517,0.00327858478244,-0.00622957755609,0.00352153600336
joint,production_growth,military_conflict,35,-0.00169728105308,12,1999,20261031,0.00239441037082,2.74675127919,2.89080122438,-0.00827413080202,0.00487956869586,-0.00861904548471,0.00522448337855
joint,production_growth,military_conflict,36,0.00359830086967,12,1999,20261031,0.00265850264133,2.74675127919,2.89080122438,-0.00370394466113,0.0109005464005,-0.00408690182091,0.0112835035603
joint,production_growth,military_conflict,37,-0.0013326750757,12,1999,20261031,0.00287313511538,2.74675127919,2.89080122438,-0.00922446262916,0.00655911247776,-0.00963833758506,0.00697298743367
joint,production_growth,military_conflict,38,-0.000497008592456,12,1999,20261031,0.00197825629869,2.74675127919,2.89080122438,-0.00593078661143,0.00493676942652,-0.00621575432284,0.00522173713793
joint,production_growth,military_conflict,39,-0.0016328310475,12,1999,20261031,0.00163569497906,2.74675127919,2.89080122438,-0.0061256783236,0.00286001622861,-0.00636130009569,0.0030956380007
joint,production_growth,military_conflict,40,0.000213231400458,12,1999,20261031,0.0022765765034,2.74675127919,2.89080122438,-0.00603995802242,0.00646642082334,-0.00636789874296,0.00679436154388
joint,production_growth,military_conflict,41,0.00325428583738,12,1999,20261031,0.00307380163134,2.74675127919,2.89080122438,-0.00518868272548,0.0116972544002,-0.00563146368202,0.0121400353568
joint,production_growth,military_conflict,42,0.000862743994232,12,1999,20261031,0.00215707079196,2.74675127919,2.89080122438,-0.00506219296289,0.00678768095136,-0.00537291889225,0.00709840688072
joint,production_growth,military_conflict,43,-0.0011410170874,12,1999,20261031,0.00284657231305,2.74675127919,2.89080122438,-0.00895984322956,0.00667780905476,-0.00936989181524,0.00708785764045
joint,production_growth,military_conflict,44,-5.24458916452e-05,12,1999,20261031,0.00197157392501,2.74675127919,2.89080122438,-0.00546786909217,0.00536297730888,-0.00575187420802,0.00564698242473
joint,production_growth,military_conflict,45,0.000305828614797,12,1999,20261031,0.00270585732331,2.74675127919,2.89080122438,-0.00712648844929,0.00773814567889,-0.00751626704842,0.00812792427801
joint,production_growth,military_conflict,46,-0.000994711285045,12,1999,20261031,0.00320235349356,2.74675127919,2.89080122438,-0.0097907798399,0.00780135726981,-0.0102520786851,0.00826265611505
joint,production_growth,military_conflict,47,0.00251586933582,12,1999,20261031,0.00197220032867,2.74675127919,2.89080122438,-0.00290127443975,0.0079330131114,-0.00318536978901,0.00821710846065
joint,production_growth,military_conflict,48,-0.00277755170035,12,1999,20261031,0.00266077039956,2.74675127919,2.89080122438,-0.010086026199,0.00453092279828,-0.0104693100292,0.00491420662851
joint,production_growth,diplomatic_tension,0,0.00277023311424,12,1999,20261031,0.00389063974468,2.77616568387,2.9330318879,-0.00803082743325,0.0135712936617,-0.00864113732125,0.0141816035497
joint,production_growth,diplomatic_tension,1,0.00388219716128,12,1999,20261031,0.00436940230952,2.77616568387,2.9330318879,-0.00824798758944,0.016012381912,-0.00893339914362,0.0166977934662
joint,production_growth,diplomatic_tension,2,0.00471697522776,12,1999,20261031,0.00529206518505,2.77616568387,2.9330318879,-0.0099746745358,0.0194086249913,-0.0108048207129,0.0202387711684
joint,production_growth,diplomatic_tension,3,-0.00437860847116,12,1999,20261031,0.00538236130792,2.77616568387,2.9330318879,-0.0193209352324,0.0105637182901,-0.0201652458195,0.0114080288772
joint,production_growth,diplomatic_tension,4,-0.000822661851386,12,1999,20261031,0.00407677138073,2.77616568387,2.9330318879,-0.0121404546596,0.0104951309568,-0.0127799623108,0.011134638608
joint,production_growth,diplomatic_tension,5,-7.86124855327e-06,12,1999,20261031,0.00318672396534,2.77616568387,2.9330318879,-0.00885473496509,0.00883901246799,-0.00935462425683,0.00933890175972
joint,production_growth,diplomatic_tension,6,-0.000319379623214,12,1999,20261031,0.00239980192747,2.77616568387,2.9330318879,-0.00698162738234,0.00634286813591,-0.00735807520112,0.0067193159547
joint,production_growth,diplomatic_tension,7,-0.000386573520369,12,1999,20261031,0.00374873587715,2.77616568387,2.9330318879,-0.0107936854204,0.0100205383797,-0.0113817353874,0.0106085883466
joint,production_growth,diplomatic_tension,8,0.00167750782582,12,1999,20261031,0.00480742104249,2.77616568387,2.9330318879,-0.0116686895003,0.0150237051519,-0.0124228113904,0.015777827042
joint,production_growth,diplomatic_tension,9,-0.0099055614748,12,1999,20261031,0.00837673586441,2.77616568387,2.9330318879,-0.0331607681244,0.0133496451748,-0.0344747948816,0.014663671932
joint,production_growth,diplomatic_tension,10,0.00584269331012,12,1999,20261031,0.00379649536128,2.77616568387,2.9330318879,-0.00469700683083,0.0163823934511,-0.00529254864677,0.016977935267
joint,production_growth,diplomatic_tension,11,-0.00714424267714,12,1999,20261031,0.00476085365958,2.77616568387,2.9330318879,-0.0203611612328,0.00607267587851,-0.0211079782743,0.00681949292004
joint,production_growth,diplomatic_tension,12,0.000688857982606,12,1999,20261031,0.00277537556847,2.77616568387,2.9330318879,-0.00701604443042,0.00839376039563,-0.00745140706061,0.00882912302582
joint,production_growth,diplomatic_tension,13,0.00552492214814,12,1999,20261031,0.00403884389287,2.77616568387,2.9330318879,-0.00568757766975,0.016737421966,-0.0063211357799,0.0173709800762
joint,production_growth,diplomatic_tension,14,-0.00488238031241,12,1999,20261031,0.00417154647566,2.77616568387,2.9330318879,-0.0164632844868,0.006698523862,-0.0171176591474,0.00735289852257
joint,production_growth,diplomatic_tension,15,-0.000321594100944,12,1999,20261031,0.00331220611829,2.77616568387,2.9330318879,-0.00951682706444,0.00887363886256,-0.0100364002652,0.0093932120633
joint,production_growth,diplomatic_tension,16,0.000460194126213,12,1999,20261031,0.00306204267962,2.77616568387,2.9330318879,-0.00804054368349,0.00896093193592,-0.00852087469522,0.00944126294765
joint,production_growth,diplomatic_tension,17,-0.00733744879938,12,1999,20261031,0.0088461593467,2.77616568387,2.9330318879,-0.0318958528117,0.017220955213,-0.0332835162487,0.01860861865
joint,production_growth,diplomatic_tension,18,0.00142308812432,12,1999,20261031,0.00767580440309,2.77616568387,2.9330318879,-0.0198862166557,0.0227323929043,-0.0210902909553,0.0239364672039
joint,production_growth,diplomatic_tension,19,-0.00139154105391,12,1999,20261031,0.00708748185878,2.77616568387,2.9330318879,-0.0210675649753,0.0182844828675,-0.0221793513506,0.0193962692428
joint,production_growth,diplomatic_tension,20,-0.00770681774945,12,1999,20261031,0.00609814352342,2.77616568387,2.9330318879,-0.0246362745345,0.00922263903559,-0.0255928671606,0.0101792316617
joint,production_growth,diplomatic_tension,21,0.0130213327174,12,1999,20261031,0.0109044231763,2.77616568387,2.9330318879,-0.0172511527069,0.0432938181417,-0.0189616881778,0.0450043536125
joint,production_growth,diplomatic_tension,22,-0.000950221990716,12,1999,20261031,0.00416003071297,2.77616568387,2.9330318879,-0.0124991564999,0.0105987125185,-0.0131517247265,0.0112512807451
joint,production_growth,diplomatic_tension,23,-0.00296178097815,12,1999,20261031,0.00333676868719,2.77616568387,2.9330318879,-0.0122252037025,0.00630164174624,-0.0127486299402,0.00682506798393
joint,production_growth,diplomatic_tension,24,-0.00585092833049,12,1999,20261031,0.00778519219728,2.77616568387,2.9330318879,-0.0274639117509,0.0157620550899,-0.0286851452986,0.0169832886376
joint,production_growth,diplomatic_tension,25,0.00566120497606,12,1999,20261031,0.00423438205122,2.77616568387,2.9330318879,-0.00609414116695,0.0174165511191,-0.00675837260574,0.0180807825579
joint,production_growth,diplomatic_tension,26,-0.0101886047322,12,1999,20261031,0.0066270872177,2.77616568387,2.9330318879,-0.02858649685,0.00820928738562,-0.0296260628656,0.00924885340124
joint,production_growth,diplomatic_tension,27,-0.00313701504916,12,1999,20261031,0.00398750184396,2.77616568387,2.9330318879,-0.0142069808327,0.00793295073442,-0.0148324851106,0.00855845501225
joint,production_growth,diplomatic_tension,28,-0.00240207913133,12,1999,20261031,0.00357184229399,2.77616568387,2.9330318879,-0.0123181051361,0.00751394687345,-0.0128784064782,0.0080742482155
joint,production_growth,diplomatic_tension,29,0.0043171703386,12,1999,20261031,0.00394827617057,2.77616568387,2.9330318879,-0.00664389847659,0.0152782391538,-0.00726324957194,0.0158975902491
joint,production_growth,diplomatic_tension,30,0.00220703061638,12,1999,20261031,0.00448035284076,2.77616568387,2.9330318879,-0.0102311711918,0.0146452324245,-0.0109339871346,0.0153480483674
joint,production_growth,diplomatic_tension,31,-0.00332272439354,12,1999,20261031,0.00438530493654,2.77616568387,2.9330318879,-0.0154970574717,0.0088516086846,-0.0161849636106,0.00953951482351
joint,production_growth,diplomatic_tension,32,0.001634227598,12,1999,20261031,0.00367647015469,2.77616568387,2.9330318879,-0.00857226268324,0.0118407178792,-0.00914897660064,0.0124174317966
joint,production_growth,diplomatic_tension,33,0.00641596713165,12,1999,20261031,0.0052926816554,2.77616568387,2.9330318879,-0.00827739405574,0.021109328319,-0.00910763693617,0.0219395711995
joint,production_growth,diplomatic_tension,34,0.00229158263267,12,1999,20261031,0.00313924535886,2.77616568387,2.9330318879,-0.00642348260586,0.0110066478712,-0.00691592410882,0.0114990893742
joint,production_growth,diplomatic_tension,35,-0.00270254301076,12,1999,20261031,0.00474930502322,2.77616568387,2.9330318879,-0.0158874006385,0.010482314617,-0.0166324060893,0.0112273200677
joint,production_growth,diplomatic_tension,36,-0.000251825254996,12,1999,20261031,0.00697994480378,2.77616568387,2.9330318879,-0.0196293084946,0.0191256579846,-0.0207242259403,0.0202205754303
joint,production_growth,diplomatic_tension,37,0.00215440969026,12,1999,20261031,0.00527222245172,2.77616568387,2.9330318879,-0.0124821533579,0.0167909727385,-0.0133091868808,0.0176180062613
joint,production_growth,diplomatic_tension,38,0.00564065685249,12,1999,20261031,0.00607873827888,2.77616568387,2.9330318879,-0.0112349277586,0.0225162414636,-0.0121884763577,0.0234697900627
joint,production_growth,diplomatic_tension,39,-0.00340157530685,12,1999,20261031,0.00296822399376,2.77616568387,2.9330318879,-0.0116418569004,0.00483870628668,-0.012107470931,0.0053043203173
joint,production_growth,diplomatic_tension,40,-0.00402097292866,12,1999,20261031,0.00524157971186,2.77616568387,2.9330318879,-0.018572466654,0.0105305207967,-0.0193946933665,0.0113527475092
joint,production_growth,diplomatic_tension,41,-0.00337876362495,12,1999,20261031,0.00723710890011,2.77616568387,2.9330318879,-0.0234701770039,0.016712649754,-0.0246054348052,0.0178479075553
joint,production_growth,diplomatic_tension,42,-0.00669860538893,12,1999,20261031,0.00473439585368,2.77616568387,2.9330318879,-0.0198420726918,0.00644486191392,-0.0205847393977,0.00718752861986
joint,production_growth,diplomatic_tension,43,0.00445476696827,12,1999,20261031,0.00310216399941,2.77616568387,2.9330318879,-0.00415735427262,0.0130668882092,-0.00464397896349,0.0135535129
joint,production_growth,diplomatic_tension,44,0.00529787845876,12,1999,20261031,0.00305047296192,2.77616568387,2.9330318879,-0.00317073989768,0.0137664968152,-0.00364925601171,0.0142450129292
joint,production_growth,diplomatic_tension,45,0.000996837293545,12,1999,20261031,0.00489198912599,2.77616568387,2.9330318879,-0.0125841350439,0.014577809631,-0.0133515228082,0.0153451973953
joint,production_growth,diplomatic_tension,46,0.00259271305132,12,1999,20261031,0.00313717949055,2.77616568387,2.9330318879,-0.0061166169945,0.0113020430971,-0.00660873443254,0.0117941605352
joint,production_growth,diplomatic_tension,47,0.00438436263896,12,1999,20261031,0.0043721401225,2.77616568387,2.9330318879,-0.00775342273422,0.0165221480121,-0.00843926375872,0.0172079890366
joint,production_growth,diplomatic_tension,48,-0.00184351814968,12,1999,20261031,0.0037027202924,2.77616568387,2.9330318879,-0.0121228831624,0.00843584686306,-0.0127037148393,0.00901667853992
joint,production_growth,nuclear_threat,0,-0.000892104245699,12,1999,20261031,0.00155654710582,2.75852244419,2.91268491314,-0.00518587437254,0.00340166588115,-0.00542583551741,0.00364162702602
joint,production_growth,nuclear_threat,1,0.00174986115901,12,1999,20261031,0.00168111028395,2.75852244419,2.91268491314,-0.00288751929043,0.00638724160845,-0.00314668340238,0.00664640572041
joint,production_growth,nuclear_threat,2,0.00153228410415,12,1999,20261031,0.00175809365594,2.75852244419,2.91268491314,-0.00331745670477,0.00638202491306,-0.00358848876341,0.0066530569717
joint,production_growth,nuclear_threat,3,-0.000805185285293,12,1999,20261031,0.00172027869373,2.75852244419,2.91268491314,-0.0055506126722,0.00394024210162,-0.00581581508291,0.00420544451232
joint,production_growth,nuclear_threat,4,-0.000547657199059,12,1999,20261031,0.00122486036161,2.75852244419,2.91268491314,-0.00392646199755,0.00283114759943,-0.00411528949502,0.0030199750969
joint,production_growth,nuclear_threat,5,0.000840149618325,12,1999,20261031,0.00103193514554,2.75852244419,2.91268491314,-0.00200646664159,0.00368676587824,-0.00216555231142,0.00384585154807
joint,production_growth,nuclear_threat,6,-0.000627709803468,12,1999,20261031,0.00174876970223,2.75852244419,2.91268491314,-0.00545173027678,0.00419631066984,-0.0057213249317,0.00446590532476
joint,production_growth,nuclear_threat,7,0.000233168812055,12,1999,20261031,0.00133093901209,2.75852244419,2.91268491314,-0.00343825632465,0.00390459394876,-0.00364343716878,0.00410977479289
joint,production_growth,nuclear_threat,8,0.000840275755891,12,1999,20261031,0.00158141541622,2.75852244419,2.91268491314,-0.00352209416333,0.00520264567511,-0.00376588906833,0.00544644058011
joint,production_growth,nuclear_threat,9,-0.00074757631687,12,1999,20261031,0.00109596136177,2.75852244419,2.91268491314,-0.00377081033127,0.00227565769753,-0.00393976644067,0.00244461380694
joint,production_growth,nuclear_threat,10,-0.000321451395175,12,1999,20261031,0.00158609188289,2.75852244419,2.91268491314,-0.00469672145267,0.00405381866232,-0.00494123729332,0.00429833450297
joint,production_growth,nuclear_threat,11,-0.00162627978888,12,1999,20261031,0.00225859010991,2.75852244419,2.91268491314,-0.00785665129929,0.00460409172153,-0.00820484112698,0.00495228154922
joint,production_growth,nuclear_threat,12,0.000410018444362,12,1999,20261031,0.00195276897808,2.75852244419,2.91268491314,-0.00497673860999,0.00579677549871,-0.00527778229694,0.00609781918566
joint,production_growth,nuclear_threat,13,0.00124285638247,12,1999,20261031,0.00216477397145,2.75852244419,2.91268491314,-0.00472872120437,0.0072144339693,-0.00506244810453,0.00754816086946
joint,production_growth,nuclear_threat,14,0.000131457797263,12,1999,20261031,0.00129350690407,2.75852244419,2.91268491314,-0.00343671002934,0.00369962562387,-0.00363612024728,0.00389903584181
joint,production_growth,nuclear_threat,15,-2.77008147328e-05,12,1999,20261031,0.00176814628694,2.75852244419,2.91268491314,-0.00490517203187,0.00484977040241,-0.00517775382893,0.00512235219947
joint,production_growth,nuclear_threat,16,0.00159396684935,12,1999,20261031,0.00129833340901,2.75852244419,2.91268491314,-0.00198751499945,0.00517544869814,-0.0021876692833,0.00537560298199
joint,production_growth,nuclear_threat,17,-0.000388342448211,12,1999,20261031,0.00161565053241,2.75852244419,2.91268491314,-0.00484515070385,0.00406846580743,-0.00509422337888,0.00431753848246
joint,production_growth,nuclear_threat,18,0.000198595950764,12,1999,20261031,0.00200423577601,2.75852244419,2.91268491314,-0.0053301334208,0.00572732532233,-0.00563911135639,0.00603630325792
joint,production_growth,nuclear_threat,19,0.000241148728826,12,1999,20261031,0.00167631005078,2.75852244419,2.91268491314,-0.00438299016967,0.00486528762732,-0.00464141426582,0.00512371172347
joint,production_growth,nuclear_threat,20,0.000627805079316,12,1999,20261031,0.00143131686177,2.75852244419,2.91268491314,-0.00332051460861,0.00457612476724,-0.00354116994987,0.0047967801085
joint,production_growth,nuclear_threat,21,0.00231632340514,12,1999,20261031,0.00209665443861,2.75852244419,2.91268491314,-0.00346734492148,0.00809999173176,-0.00379057034627,0.00842321715656
joint,production_growth,nuclear_threat,22,-0.0014862292969,12,1999,20261031,0.00114115348619,2.75852244419,2.91268491314,-0.00463412680081,0.00166166820701,-0.0048100498397,0.00183759124589
joint,production_growth,nuclear_threat,23,-0.00161904959396,12,1999,20261031,0.00100412990137,2.75852244419,2.91268491314,-0.00438896446377,0.00115086527584,-0.00454376360851,0.00130566442058
joint,production_growth,nuclear_threat,24,0.00150770372619,12,1999,20261031,0.00170824872561,2.75852244419,2.91268491314,-0.00320453872367,0.00621994617604,-0.00346788656479,0.00648329401717
joint,production_growth,nuclear_threat,25,6.45209990683e-05,12,1999,20261031,0.002070789536,2.75852244419,2.91268491314,-0.00564779841318,0.00577684041132,-0.00596703644073,0.00609607843887
joint,production_growth,nuclear_threat,26,-0.00159510473649,12,1999,20261031,0.00195601968133,2.75852244419,2.91268491314,-0.00699082892873,0.00380061945575,-0.00729237375212,0.00410216427914
joint,production_growth,nuclear_threat,27,0.00104406647718,12,1999,20261031,0.0025702120574,2.75852244419,2.91268491314,-0.00604592116949,0.00813405412385,-0.00644215140598,0.00853028436034
joint,production_growth,nuclear_threat,28,0.000112805188829,12,1999,20261031,0.00204801651831,2.75852244419,2.91268491314,-0.00553669434299,0.00576230472065,-0.0058524216259,0.00607803200356
joint,production_growth,nuclear_threat,29,-0.00230192590281,12,1999,20261031,0.00167017424172,2.75852244419,2.91268491314,-0.00690913903431,0.00230528722869,-0.00716661721899,0.00256276541337
joint,production_growth,nuclear_threat,30,-0.00174953944725,12,1999,20261031,0.00334515123556,2.75852244419,2.91268491314,-0.0109772142098,0.00747813531526,-0.0114929109833,0.00799383208875
joint,production_growth,nuclear_threat,31,0.000582088505476,12,1999,20261031,0.0017840761952,2.75852244419,2.91268491314,-0.00433932572112,0.00550350273207,-0.00461436331217,0.00577854032312
joint,production_growth,nuclear_threat,32,0.00541602976907,12,1999,20261031,0.00502316312079,2.75852244419,2.91268491314,-0.00844047844045,0.0192725379786,-0.00921486166909,0.0200469212072
joint,production_growth,nuclear_threat,33,-0.0079699172203,12,1999,20261031,0.00618773163505,2.75852244419,2.91268491314,-0.0250389138142,0.00909907937362,-0.0259928298003,0.0100529953597
joint,production_growth,nuclear_threat,34,-0.00277576714803,12,1999,20261031,0.00385312530763,2.75852244419,2.91268491314,-0.0134046997894,0.00785316549335,-0.0139987071,0.00844717280395
joint,production_growth,nuclear_threat,35,-0.000502713206687,12,1999,20261031,0.0014208069586,2.75852244419,2.91268491314,-0.00442204109084,0.00341661467746,-0.00464107619948,0.0036356497861
joint,production_growth,nuclear_threat,36,0.00411053626691,12,1999,20261031,0.00421375114946,2.75852244419,2.91268491314,-0.00751319085312,0.0157342633869,-0.00816279313386,0.0163838656677
joint,production_growth,nuclear_threat,37,-0.00628222631491,12,1999,20261031,0.0035207758015,2.75852244419,2.91268491314,-0.0159943653843,0.00342991275449,-0.0165371368745,0.00397268424466
joint,production_growth,nuclear_threat,38,0.000131346649717,12,1999,20261031,0.00279257956907,2.75852244419,2.91268491314,-0.00757204676876,0.00783474006819,-0.00800255772986,0.0082652510293
joint,production_growth,nuclear_threat,39,0.000496124623256,12,1999,20261031,0.00134162147495,2.75852244419,2.91268491314,-0.003204768327,0.00419701757351,-0.00341159600597,0.00440384525248
joint,production_growth,nuclear_threat,40,0.000213620056212,12,1999,20261031,0.00209092812878,2.75852244419,2.91268491314,-0.00555425211621,0.00598149222863,-0.00587659475894,0.00630383487136
joint,production_growth,nuclear_threat,41,-0.000772404669107,12,1999,20261031,0.00176767708838,2.75852244419,2.91268491314,-0.00564858159148,0.00410377225326,-0.00592109105573,0.00437628171752
joint,production_growth,nuclear_threat,42,-0.00135476339612,12,1999,20261031,0.00248855731636,2.75852244419,2.91268491314,-0.00821950460695,0.00550997781471,-0.00860314674696,0.00589361995473
joint,production_growth,nuclear_threat,43,0.00411587784978,12,1999,20261031,0.00300666636162,2.75852244419,2.91268491314,-0.00417807879095,0.0124098344905,-0.00464159390057,0.0128733496001
joint,production_growth,nuclear_threat,44,-0.00380845097979,12,1999,20261031,0.0030868880607,2.75852244419,2.91268491314,-0.0123237009779,0.00470679901836,-0.0127995832627,0.00518268130317
joint,production_growth,nuclear_threat,45,0.00161931313809,12,1999,20261031,0.00115109350557,2.75852244419,2.91268491314,-0.00155600413238,0.00479463040855,-0.00173345954919,0.00497208582536
joint,production_growth,nuclear_threat,46,-0.000831656555288,12,1999,20261031,0.00206266313703,2.75852244419,2.91268491314,-0.0065215591136,0.00485824600302,-0.00683954435541,0.00517623124484
joint,production_growth,nuclear_threat,47,0.00115226057137,12,1999,20261031,0.0025464101031,2.75852244419,2.91268491314,-0.00587206885016,0.0081765899929,-0.00626462971862,0.00856915086135
joint,production_growth,nuclear_threat,48,-0.0023210800074,12,1999,20261031,0.00152238961863,2.75852244419,2.91268491314,-0.0065206259392,0.0018784659244,-0.00675532128151,0.00211316126671
