model,specification,outcome,event,horizon,n,origin_start,origin_end,beta,primary_covariance,maximum_leverage,hc3_se,hc3_p,hc3_90_low,hc3_90_high,hc3_95_low,hc3_95_high,hc1_se,hc1_p,hc1_90_low,hc1_90_high,hc1_95_low,hc1_95_high,matched_baseline_beta,matched_baseline_n,interpretation
single,current_production_growth_control,lwti,military_conflict,0,431,1990-04-01,2026-02-01,0.048010140818,HC3,0.507870757545,0.0241636708407,0.0469364923536,0.00826443919515,0.0877558424408,0.00065021623588,0.0953700654001,0.020742095408,0.0206335473715,0.0138924299555,0.0821278516805,0.00735638085431,0.0886639007816,0.051696685083,431,Conditional specification; production growth is not an identified supply shock
single,current_production_growth_control,lwti,military_conflict,1,431,1990-04-01,2026-02-01,0.0208828807672,HC3,0.507870757545,0.037017396091,0.572660936007,-0.0400053174534,0.0817710789879,-0.0516698823727,0.0934356439072,0.0316829225144,0.509818047239,-0.031230889243,0.0729966507774,-0.0412145062859,0.0829802678204,0.0269919341726,431,Conditional specification; production growth is not an identified supply shock
single,current_production_growth_control,lwti,military_conflict,2,431,1990-04-01,2026-02-01,-0.0178382184196,HC3,0.507870757545,0.044213224485,0.686610672518,-0.0905625010729,0.0548860642337,-0.10449454605,0.0688181092113,0.0383210390932,0.641577645819,-0.0808707185606,0.0451942817214,-0.0929460748924,0.0572696380533,-0.00868215058585,431,Conditional specification; production growth is not an identified supply shock
single,current_production_growth_control,lwti,military_conflict,3,431,1990-04-01,2026-02-01,-0.0231300365195,HC3,0.507870757545,0.0449567339963,0.606905618446,-0.0970772834893,0.0508172104503,-0.111243616015,0.0649835429759,0.0412530475484,0.575011111951,-0.0909852614022,0.0447251883632,-0.103984523967,0.0577244509278,-0.0141066269319,431,Conditional specification; production growth is not an identified supply shock
single,current_production_growth_control,lwti,military_conflict,4,431,1990-04-01,2026-02-01,-0.0263496864429,HC3,0.507870757545,0.0397614585358,0.507526449544,-0.0917514657283,0.0390520928426,-0.104280713146,0.05158134026,0.0367710427244,0.473628376547,-0.086832669435,0.0341332965492,-0.0984196058568,0.045720232971,-0.0181154793551,431,Conditional specification; production growth is not an identified supply shock
single,current_production_growth_control,lwti,military_conflict,5,431,1990-04-01,2026-02-01,-0.0180337094347,HC3,0.507870757545,0.0383821056258,0.638464476663,-0.0811666550834,0.0450992362139,-0.0932612541121,0.0571938352427,0.0354828659148,0.611287064518,-0.0763978301293,0.0403304112598,-0.087578848696,0.0515114298265,-0.00932684073115,431,Conditional specification; production growth is not an identified supply shock
single,current_production_growth_control,lwti,military_conflict,6,431,1990-04-01,2026-02-01,-0.0553560868789,HC3,0.507870757545,0.0365723778466,0.130126379012,-0.115512295226,0.00480012146823,-0.127036630287,0.0163244565293,0.0339602280759,0.103095801935,-0.111215691202,0.000503517443786,-0.121916910814,0.0112047370566,-0.0471543597054,431,Conditional specification; production growth is not an identified supply shock
single,current_production_growth_control,lwti,military_conflict,7,430,1990-04-01,2026-01-01,-0.0503076058767,HC3,0.508957922411,0.0366007060124,0.169287057297,-0.11051040991,0.00989519815684,-0.12204367147,0.0214284597164,0.0327613996458,0.124642502623,-0.104195312908,0.00358010115464,-0.114518769266,0.0139035575121,-0.0430706134081,430,Conditional specification; production growth is not an identified supply shock
single,current_production_growth_control,lwti,military_conflict,8,429,1990-04-01,2025-12-01,-0.0502845501782,HC3,0.509373880111,0.040961698542,0.219597445623,-0.117660548591,0.0170914482347,-0.130568004066,0.0299989037097,0.0362485815658,0.165376430641,-0.109908161038,0.0093390606821,-0.121330464538,0.0207613641814,-0.0427894599761,429,Conditional specification; production growth is not an identified supply shock
single,current_production_growth_control,lwti,military_conflict,9,428,1990-04-01,2025-11-01,-0.03131756145,HC3,0.509462409586,0.0429264942193,0.465657636884,-0.101925361159,0.039290238259,-0.115451944102,0.0528168212025,0.0382104360027,0.412439873976,-0.0941681356964,0.0315330127964,-0.106208639849,0.0435735169489,-0.0239959805324,428,Conditional specification; production growth is not an identified supply shock
single,current_production_growth_control,lwti,military_conflict,10,427,1990-04-01,2025-10-01,-0.0138928327531,HC3,0.509932776788,0.0486498374756,0.775209079055,-0.0939146943755,0.0661290288693,-0.109244762059,0.0814590965529,0.0433301538774,0.748492802764,-0.0851645935147,0.0573789280086,-0.0988183737974,0.0710327082912,-0.00636447364324,427,Conditional specification; production growth is not an identified supply shock
single,current_production_growth_control,lwti,military_conflict,11,426,1990-04-01,2025-09-01,0.00235226671488,HC3,0.510033368401,0.0529356849066,0.964556615861,-0.0847191865989,0.0894237200287,-0.101399769199,0.106104302629,0.0475134242312,0.960514929752,-0.0758003614607,0.0805048948905,-0.0907723335605,0.0954768669903,0.010337233002,426,Conditional specification; production growth is not an identified supply shock
single,current_production_growth_control,lwti,military_conflict,12,425,1990-04-01,2025-08-01,-0.00948737466151,HC3,0.510055936183,0.0500835523481,0.849755072731,-0.0918674873919,0.0728927380688,-0.107649333482,0.0886745841586,0.0452843459146,0.834052692028,-0.0839734952832,0.0649987459602,-0.0982430617175,0.0792683123945,-0.00153839171121,425,Conditional specification; production growth is not an identified supply shock
single,current_production_growth_control,lwti,military_conflict,13,424,1990-04-01,2025-07-01,-0.0143268393909,HC3,0.510133824288,0.0560429714709,0.798228633699,-0.10650932428,0.0778556454981,-0.12416904506,0.0955153662786,0.0502473675284,0.775547482076,-0.0969764041148,0.068322725333,-0.112809870065,0.0841561912828,-0.00519790642702,424,Conditional specification; production growth is not an identified supply shock
single,current_production_growth_control,lwti,military_conflict,14,423,1990-04-01,2025-06-01,0.012633893953,HC3,0.510138246748,0.0598030821423,0.832685766192,-0.0857334226117,0.111001210518,-0.10457799321,0.129845781116,0.0537764321769,0.814260224859,-0.0758204655578,0.101088253464,-0.0927659763309,0.118033764237,0.0209008138072,423,Conditional specification; production growth is not an identified supply shock
single,current_production_growth_control,lwti,military_conflict,15,422,1990-04-01,2025-05-01,0.00954571578005,HC3,0.510766122421,0.0537843612241,0.859130390022,-0.0789216858528,0.0980131174128,-0.0958696951508,0.114961126711,0.0490799233547,0.845789648999,-0.0711835741605,0.0902750057206,-0.0866491663593,0.105740597919,0.0178376210336,422,Conditional specification; production growth is not an identified supply shock
single,current_production_growth_control,lwti,military_conflict,16,421,1990-04-01,2025-04-01,-0.0148048717186,HC3,0.510874495524,0.05447781735,0.785806844633,-0.104412907175,0.074803163738,-0.121579431681,0.0919696882438,0.0502942064154,0.768478740573,-0.0975314795556,0.0679217361185,-0.113379704924,0.0837699614867,-0.0049637516902,421,Conditional specification; production growth is not an identified supply shock
single,current_production_growth_control,lwti,military_conflict,17,420,1990-04-01,2025-03-01,9.8406476716e-05,HC3,0.511014209118,0.0559763488535,0.998597318875,-0.0919744939584,0.0921713069119,-0.109613221262,0.109810034216,0.0516573774852,0.998480043611,-0.0848704182386,0.085067231192,-0.10114819293,0.101345005883,0.0102798925685,420,Conditional specification; production growth is not an identified supply shock
single,current_production_growth_control,lwti,military_conflict,18,419,1990-04-01,2025-02-01,-0.0076586488769,HC3,0.511607502464,0.0589511588082,0.896633554717,-0.104624676255,0.0893073785017,-0.123200796988,0.107883499234,0.0542717228629,0.887777715416,-0.0969276890688,0.081610391315,-0.114029271067,0.0987119733133,0.00186956874838,419,Conditional specification; production growth is not an identified supply shock
single,current_production_growth_control,lwti,military_conflict,19,418,1990-04-01,2025-01-01,0.0041680157083,HC3,0.511608123101,0.0606781843118,0.945235968585,-0.0956387158337,0.10397474725,-0.11475904019,0.123095071607,0.0554271576931,0.940057113836,-0.0870015456548,0.0953375770714,-0.104467217136,0.112803248552,0.0120770629934,418,Conditional specification; production growth is not an identified supply shock
single,current_production_growth_control,lwti,military_conflict,20,417,1990-04-01,2024-12-01,0.0271061658211,HC3,0.511614210111,0.0617537226008,0.66070516681,-0.0744696687766,0.128682000419,-0.0939289063878,0.14814123803,0.0554899213618,0.625204158202,-0.0641666325902,0.118378964232,-0.0816520815531,0.135864413195,0.0351417038751,417,Conditional specification; production growth is not an identified supply shock
single,current_production_growth_control,lwti,military_conflict,21,416,1990-04-01,2024-11-01,0.0186208892101,HC3,0.511625957721,0.0624680878574,0.765637199417,-0.0841299716708,0.121371750091,-0.103814313173,0.141056091594,0.0563182365009,0.740918742318,-0.0740143663619,0.111256144782,-0.0917608260045,0.129002604425,0.0275239358089,416,Conditional specification; production growth is not an identified supply shock
single,current_production_growth_control,lwti,military_conflict,22,415,1990-04-01,2024-10-01,0.00902198965607,HC3,0.511647072709,0.063427425821,0.88688953338,-0.0953068417539,0.113350821066,-0.115293480585,0.133337459897,0.0574234634392,0.875155558378,-0.085431202454,0.103475181766,-0.103525930552,0.121569909864,0.0174347157956,415,Conditional specification; production growth is not an identified supply shock
single,current_production_growth_control,lwti,military_conflict,23,414,1990-04-01,2024-09-01,0.000468406613559,HC3,0.511927774613,0.0635924573936,0.994123029035,-0.104131877577,0.105068690804,-0.124170519566,0.125107332793,0.0580838551217,0.993565675806,-0.0950710331507,0.0960078463778,-0.113373857508,0.114310670735,0.00833351203494,414,Conditional specification; production growth is not an identified supply shock
single,current_production_growth_control,lwti,military_conflict,24,413,1990-04-01,2024-08-01,-0.00266813421751,HC3,0.512283765392,0.0648354048429,0.967174379853,-0.109312885028,0.103976616593,-0.129743192633,0.124406924198,0.0594305577986,0.964191011301,-0.100422702764,0.0950864343292,-0.119149887084,0.113813618649,0.00589755499183,413,Conditional specification; production growth is not an identified supply shock
single,current_production_growth_control,lwti,military_conflict,25,412,1990-04-01,2024-07-01,0.0188611522137,HC3,0.512291531318,0.065545700942,0.773533713047,-0.0889519317118,0.126674236139,-0.109606060974,0.147328365401,0.0601644142831,0.753905765764,-0.0801005028332,0.117822807261,-0.0990589329321,0.13678123736,0.0277269569479,412,Conditional specification; production growth is not an identified supply shock
single,current_production_growth_control,lwti,military_conflict,26,411,1990-04-01,2024-06-01,0.00332406862662,HC3,0.51229203649,0.0655350456767,0.959547045262,-0.104471488947,0.1111196262,-0.125122260625,0.131770397878,0.0606140962024,0.956266043468,-0.0963772473562,0.103025384609,-0.115477376885,0.122125514139,0.0131240666597,411,Conditional specification; production growth is not an identified supply shock
single,current_production_growth_control,lwti,military_conflict,27,410,1990-04-01,2024-05-01,-0.00273033307027,HC3,0.512349152376,0.0666480963727,0.967322676358,-0.112356696118,0.106896029978,-0.133358201599,0.127897535458,0.0617687425546,0.964742986355,-0.104330873293,0.0988702071529,-0.123794843848,0.118334177707,0.00492571627977,410,Conditional specification; production growth is not an identified supply shock
single,current_production_growth_control,lwti,military_conflict,28,409,1990-04-01,2024-04-01,-0.010658159047,HC3,0.512420429081,0.0677033894424,0.874910459442,-0.122020324728,0.100704006634,-0.143354363985,0.122038045891,0.0625543228963,0.86470937002,-0.113550863944,0.0922345458506,-0.133262379001,0.111946060907,-0.00426775842002,409,Conditional specification; production growth is not an identified supply shock
single,current_production_growth_control,lwti,military_conflict,29,408,1990-04-01,2024-03-01,0.00348857368645,HC3,0.512677837524,0.0715985110935,0.961139162179,-0.11428049697,0.121257644343,-0.136841929404,0.143819076776,0.0652954539165,0.957391284633,-0.103912890512,0.110890037884,-0.124488164344,0.131465311717,0.00799319891409,408,Conditional specification; production growth is not an identified supply shock
single,current_production_growth_control,lwti,military_conflict,30,407,1990-04-01,2024-02-01,-0.0116108939923,HC3,0.512729026008,0.0696251089547,0.867556510656,-0.126134006983,0.102912218999,-0.148073599963,0.124851811979,0.0634452023437,0.85479280014,-0.11596896518,0.0927471771953,-0.135961205578,0.112739417593,-0.00777190186023,407,Conditional specification; production growth is not an identified supply shock
single,current_production_growth_control,lwti,military_conflict,31,406,1990-04-01,2024-01-01,-0.000649420839981,HC3,0.512743001228,0.0695891177501,0.992554075158,-0.115113333568,0.113814491888,-0.137041585346,0.135742743666,0.0633555993148,0.991821499702,-0.104860108161,0.103561266481,-0.124824113716,0.123525272036,0.000996532934105,406,Conditional specification; production growth is not an identified supply shock
single,current_production_growth_control,lwti,military_conflict,32,405,1990-04-01,2023-12-01,-0.0223833324232,HC3,0.513698068229,0.0689301206727,0.745389223014,-0.135763291418,0.0909966265715,-0.157483886392,0.112717221545,0.0625813096212,0.720591776418,-0.125320426533,0.0805537616866,-0.145040445386,0.10027378054,-0.0205873655805,405,Conditional specification; production growth is not an identified supply shock
single,current_production_growth_control,lwti,military_conflict,33,404,1990-04-01,2023-11-01,-0.0211459109315,HC3,0.513784776778,0.0705020036544,0.764227899983,-0.13711138735,0.0948195654868,-0.159327298932,0.117035477069,0.0642969054126,0.742247042222,-0.126904909001,0.0846130871382,-0.147165529858,0.104873707995,-0.0181954279841,404,Conditional specification; production growth is not an identified supply shock
single,current_production_growth_control,lwti,military_conflict,34,403,1990-04-01,2023-10-01,-0.00154945875242,HC3,0.513946897343,0.0802291162552,0.984591474711,-0.133514611612,0.130415694107,-0.158795637124,0.155696719619,0.0719390533283,0.982816098093,-0.119878671539,0.116779754034,-0.142547412358,0.139448494853,0.000681888901103,403,Conditional specification; production growth is not an identified supply shock
single,current_production_growth_control,lwti,military_conflict,35,402,1990-04-01,2023-09-01,-0.000968086023286,HC3,0.514364473626,0.0930975943754,0.991703255316,-0.154100001792,0.152163829746,-0.183436018046,0.181499846,0.0826057151699,0.990649518509,-0.136842396227,0.134906224181,-0.162872312674,0.160936140627,0.0025300902924,402,Conditional specification; production growth is not an identified supply shock
single,current_production_growth_control,lwti,military_conflict,36,401,1990-04-01,2023-08-01,-0.00588473309597,HC3,0.514839380218,0.0983298325554,0.95227759243,-0.167622914812,0.15585344862,-0.19860766351,0.186838197319,0.0871011202578,0.946134239967,-0.149153326664,0.137383860472,-0.176599791814,0.164830325622,-0.00231802104475,401,Conditional specification; production growth is not an identified supply shock
single,current_production_growth_control,lwti,military_conflict,37,400,1990-04-01,2023-07-01,-0.00196858323707,HC3,0.515388930905,0.103129193124,0.98477049279,-0.171601010591,0.167663844117,-0.204098087514,0.20016092104,0.0908575179031,0.982713821343,-0.151415901096,0.147478734622,-0.180046046052,0.176108879578,0.00227346586108,400,Conditional specification; production growth is not an identified supply shock
single,current_production_growth_control,lwti,military_conflict,38,399,1990-04-01,2023-06-01,-0.0287963921076,HC3,0.51583148364,0.0976488231191,0.768072195143,-0.189414412983,0.131821628767,-0.220184568554,0.162591784339,0.0865353250257,0.739307626219,-0.171134335336,0.11354155112,-0.198402512548,0.140809728333,-0.022985925748,399,Conditional specification; production growth is not an identified supply shock
single,current_production_growth_control,lwti,military_conflict,39,398,1990-04-01,2023-05-01,-0.0084909931029,HC3,0.516179997293,0.0947075234138,0.928561459808,-0.16427100649,0.147289020284,-0.194114328059,0.177132341853,0.0839363687113,0.919423543311,-0.146554033611,0.129572047405,-0.17300325277,0.156021266564,-0.00388617700505,398,Conditional specification; production growth is not an identified supply shock
single,current_production_growth_control,lwti,military_conflict,40,397,1990-04-01,2023-04-01,-0.00510791252166,HC3,0.51805723204,0.0968079152623,0.957920441819,-0.164342763058,0.154126938015,-0.194847939854,0.184632114811,0.0850258357496,0.952096037496,-0.144962966839,0.134747141796,-0.171755488346,0.161539663303,-1.50769987786e-05,397,Conditional specification; production growth is not an identified supply shock
single,current_production_growth_control,lwti,military_conflict,41,396,1990-04-01,2023-03-01,0.0088101869715,HC3,0.518339958503,0.096434708207,0.927207268979,-0.149810792587,0.16743116653,-0.180198367974,0.197818741917,0.0845166700886,0.916977301998,-0.130207364362,0.147827738305,-0.156839442495,0.174459816438,0.0141266543752,396,Conditional specification; production growth is not an identified supply shock
single,current_production_growth_control,lwti,military_conflict,42,395,1990-04-01,2023-02-01,0.0233050872428,HC3,0.518346252117,0.100632275085,0.816859110031,-0.14222027542,0.188830449905,-0.173930547607,0.220540722092,0.0875647630976,0.790126102555,-0.120726130931,0.167336305417,-0.148318694743,0.194928869229,0.0266964258508,395,Conditional specification; production growth is not an identified supply shock
single,current_production_growth_control,lwti,military_conflict,43,394,1990-04-01,2023-01-01,0.00769795291229,HC3,0.518572967811,0.104565825235,0.941314150294,-0.16429752398,0.179693429804,-0.197247298561,0.212643204386,0.0905709739611,0.932266480692,-0.141278042104,0.156673947929,-0.169817894096,0.185213799921,0.00926314148589,394,Conditional specification; production growth is not an identified supply shock
single,current_production_growth_control,lwti,military_conflict,44,393,1990-04-01,2022-12-01,0.0191086420622,HC3,0.518834172432,0.112078384543,0.86462200363,-0.165243895255,0.20346117938,-0.200560955087,0.238778239211,0.0967333822545,0.843405550994,-0.140003612586,0.178220896711,-0.170485303259,0.208702587384,0.0212971289441,393,Conditional specification; production growth is not an identified supply shock
single,current_production_growth_control,lwti,military_conflict,45,392,1990-04-01,2022-11-01,0.0490189478747,HC3,0.51932310611,0.113242821087,0.665112244447,-0.137248917116,0.235286812865,-0.172932902963,0.270970798712,0.0976840000461,0.615800171308,-0.111656933896,0.209694829646,-0.142438174081,0.240476069831,0.0524517704135,392,Conditional specification; production growth is not an identified supply shock
single,current_production_growth_control,lwti,military_conflict,46,391,1990-04-01,2022-10-01,0.0534730492049,HC3,0.519451662054,0.111183011359,0.630554720879,-0.129406730284,0.236352828694,-0.164441648752,0.271387747162,0.0960738426179,0.577812501888,-0.10455435928,0.21150045769,-0.134828222183,0.241774320592,0.0575927899112,391,Conditional specification; production growth is not an identified supply shock
single,current_production_growth_control,lwti,military_conflict,47,390,1990-04-01,2022-09-01,0.0361740742461,HC3,0.51950563021,0.0945351114584,0.701977614535,-0.119322346711,0.191670495203,-0.149111339487,0.221459487979,0.0835438632902,0.665018409559,-0.101243352296,0.173591500789,-0.127568888932,0.199917037424,0.0395620561419,390,Conditional specification; production growth is not an identified supply shock
single,current_production_growth_control,lwti,military_conflict,48,389,1990-04-01,2022-08-01,0.0426665711924,HC3,0.519835055351,0.0868546985089,0.623256148292,-0.100196694668,0.185529837053,-0.127565509773,0.212898652158,0.0769182653789,0.579099792708,-0.0838527165949,0.16918585898,-0.108090458704,0.193423601088,0.0465391798434,389,Conditional specification; production growth is not an identified supply shock
single,current_production_growth_control,lwti,diplomatic_tension,0,431,1990-04-01,2026-02-01,0.0066839891176,HC3,0.500706639755,0.0307064563744,0.82768332764,-0.0438236370207,0.0571916152559,-0.0534995594691,0.0668675377043,0.028413028896,0.81401950591,-0.0400512845146,0.0534192627498,-0.0490045242102,0.0623725024454,-0.000978207650184,431,Conditional specification; production growth is not an identified supply shock
single,current_production_growth_control,lwti,diplomatic_tension,1,431,1990-04-01,2026-02-01,-0.00205967381158,HC3,0.500706639755,0.0514103508346,0.968042575317,-0.0866221758448,0.0825028282216,-0.10282210988,0.0987027622569,0.0478796673866,0.965687413635,-0.0808147183697,0.0766953707465,-0.0959020974811,0.0917827498579,-0.0135888469373,431,Conditional specification; production growth is not an identified supply shock
single,current_production_growth_control,lwti,diplomatic_tension,2,431,1990-04-01,2026-02-01,-0.0135753518783,HC3,0.500706639755,0.0622043520099,0.827243697578,-0.115892405894,0.0887417021373,-0.135493641499,0.108342937743,0.0575123765376,0.81339987046,-0.108174793021,0.0810240892642,-0.126297538557,0.0991468348007,-0.0294299256633,431,Conditional specification; production growth is not an identified supply shock
single,current_production_growth_control,lwti,diplomatic_tension,3,431,1990-04-01,2026-02-01,-0.014046463965,HC3,0.500706639755,0.0667583454989,0.833349553196,-0.123854170688,0.0957612427582,-0.14489041681,0.11679748888,0.0632223104312,0.824177074412,-0.118037910582,0.089944982652,-0.13795991543,0.1098669875,-0.0297907588616,431,Conditional specification; production growth is not an identified supply shock
single,current_production_growth_control,lwti,diplomatic_tension,4,431,1990-04-01,2026-02-01,0.0349059004625,HC3,0.500706639755,0.0663979424889,0.59909140896,-0.0743089960626,0.144120796988,-0.0952316754634,0.165043476388,0.063588815769,0.583052498273,-0.0696883937887,0.139500194714,-0.0897258882643,0.159537689189,0.0201441181596,431,Conditional specification; production growth is not an identified supply shock
single,current_production_growth_control,lwti,diplomatic_tension,5,431,1990-04-01,2026-02-01,0.0174384508262,HC3,0.500706639755,0.0640055498428,0.785274364845,-0.0878413099778,0.12271821163,-0.108010121676,0.142887023329,0.0617655454583,0.777688195461,-0.0841568306415,0.119033732294,-0.103619793758,0.13849669541,0.00165425389136,431,Conditional specification; production growth is not an identified supply shock
single,current_production_growth_control,lwti,diplomatic_tension,6,431,1990-04-01,2026-02-01,0.000407091605487,HC3,0.500706639755,0.0663339546237,0.995103411672,-0.108702554247,0.109516737458,-0.129605070409,0.13041925362,0.0641863820007,0.9949395819,-0.105170111629,0.10598429484,-0.125395905414,0.126210088625,-0.0133168452654,431,Conditional specification; production growth is not an identified supply shock
single,current_production_growth_control,lwti,diplomatic_tension,7,430,1990-04-01,2026-01-01,-0.0126417193858,HC3,0.502704539591,0.0778305662158,0.870970277885,-0.140661608514,0.115378169742,-0.165186826065,0.139903387294,0.0748502547861,0.865880434289,-0.135759432449,0.110475993677,-0.159345523,0.134062084229,-0.0277074228923,430,Conditional specification; production growth is not an identified supply shock
single,current_production_growth_control,lwti,diplomatic_tension,8,429,1990-04-01,2025-12-01,-0.114844340646,HC3,0.504014791801,0.0888351873835,0.196087209768,-0.260965220814,0.0312765395229,-0.288958108477,0.0592694271858,0.0848901700361,0.176101018152,-0.254476244722,0.0247875634307,-0.281226016558,0.0515373352665,-0.132620793905,429,Conditional specification; production growth is not an identified supply shock
single,current_production_growth_control,lwti,diplomatic_tension,9,428,1990-04-01,2025-11-01,-0.126744887401,HC3,0.504121643116,0.0745099019654,0.0889340556219,-0.249302769893,-0.00418700490966,-0.272781611745,0.0192918369426,0.0711152007019,0.0747088827974,-0.243718983207,-0.00977079159535,-0.26612811953,0.0126383447278,-0.144622850903,428,Conditional specification; production growth is not an identified supply shock
single,current_production_growth_control,lwti,diplomatic_tension,10,427,1990-04-01,2025-10-01,-0.152431803261,HC3,0.504518880564,0.076344578604,0.0458654949646,-0.278007460276,-0.0268561462461,-0.30206442774,-0.00279917878221,0.0732045466221,0.0373176000795,-0.272842567282,-0.0320210392402,-0.295910078145,-0.008953528377,-0.171001894531,427,Conditional specification; production growth is not an identified supply shock
single,current_production_growth_control,lwti,diplomatic_tension,11,426,1990-04-01,2025-09-01,-0.166406563117,HC3,0.504554970772,0.0744985725272,0.0255036129689,-0.288945810341,-0.0438673158928,-0.31242108217,-0.020392044064,0.0720280109341,0.020871359331,-0.284882098144,-0.0479310280899,-0.307578870426,-0.025234255808,-0.1865169966,426,Conditional specification; production growth is not an identified supply shock
single,current_production_growth_control,lwti,diplomatic_tension,12,425,1990-04-01,2025-08-01,-0.176497428669,HC3,0.504560486941,0.0761787659343,0.0205100052703,-0.301800348113,-0.0511945092255,-0.325805066287,-0.0271897910513,0.0737830500126,0.0167516619677,-0.29785974609,-0.0551351112486,-0.321109549363,-0.0318853079751,-0.19529046305,425,Conditional specification; production growth is not an identified supply shock
single,current_production_growth_control,lwti,diplomatic_tension,13,424,1990-04-01,2025-07-01,-0.156157500272,HC3,0.504560522345,0.0800654202537,0.0511315788198,-0.28785339717,-0.0244616033743,-0.313082840376,0.000767839832351,0.0774778339011,0.0438510349824,-0.283597196372,-0.0287178041713,-0.308011264318,-0.00430373622551,-0.177120522154,424,Conditional specification; production growth is not an identified supply shock
single,current_production_growth_control,lwti,diplomatic_tension,14,423,1990-04-01,2025-06-01,-0.148908502315,HC3,0.504560624306,0.0819079621433,0.0690644553431,-0.283635110922,-0.0141818937069,-0.309445158163,0.0116281535334,0.0791979143418,0.06007982143,-0.279177478967,-0.0186395256624,-0.304133562075,0.00631655744615,-0.169393156874,423,Conditional specification; production growth is not an identified supply shock
single,current_production_growth_control,lwti,diplomatic_tension,15,422,1990-04-01,2025-05-01,-0.17258984983,HC3,0.505117156987,0.0848048792098,0.0418367312994,-0.312081462982,-0.0330982366789,-0.338804358795,-0.00637534086589,0.0818586874596,0.0349974674469,-0.307235408796,-0.037944290865,-0.333029929073,-0.0121497705879,-0.192231337587,422,Conditional specification; production growth is not an identified supply shock
single,current_production_growth_control,lwti,diplomatic_tension,16,421,1990-04-01,2025-04-01,-0.183166553719,HC3,0.505338555014,0.0978328502136,0.0611734382253,-0.344087272228,-0.02224583521,-0.374915416642,0.00858230920476,0.0944503744268,0.0524661813408,-0.338523594662,-0.0278095127759,-0.368285885922,0.00195277848408,-0.204706988964,421,Conditional specification; production growth is not an identified supply shock
single,current_production_growth_control,lwti,diplomatic_tension,17,420,1990-04-01,2025-03-01,-0.187875327017,HC3,0.505338900901,0.104134389439,0.0712058863892,-0.359161155177,-0.0165894988572,-0.391974979871,0.0162243258364,0.100964272665,0.0627710144998,-0.353946777102,-0.0218038769323,-0.385761665165,0.0100110111307,-0.209690000428,420,Conditional specification; production growth is not an identified supply shock
single,current_production_growth_control,lwti,diplomatic_tension,18,419,1990-04-01,2025-02-01,-0.221492770568,HC3,0.506928528206,0.108822740997,0.0418152945975,-0.400490250792,-0.0424952903448,-0.434781423621,-0.00820411751544,0.105318797522,0.0354596782692,-0.394726776658,-0.0482587644787,-0.427913820606,-0.0150717205308,-0.242301221524,419,Conditional specification; production growth is not an identified supply shock
single,current_production_growth_control,lwti,diplomatic_tension,19,418,1990-04-01,2025-01-01,-0.194467579134,HC3,0.507182637816,0.10617214127,0.0670072661691,-0.369105210782,-0.0198299474848,-0.402561152184,0.0136259939167,0.102487267263,0.0577645654603,-0.363044132407,-0.0258910258601,-0.395338931842,0.00640377357533,-0.212648257914,418,Conditional specification; production growth is not an identified supply shock
single,current_production_growth_control,lwti,diplomatic_tension,20,417,1990-04-01,2024-12-01,-0.135993541257,HC3,0.507414943339,0.118001080389,0.249125080449,-0.330088046319,0.058100963805,-0.367271408956,0.0952843264422,0.112426195005,0.226422803154,-0.320918175875,0.048931093361,-0.356344834385,0.0843577518713,-0.156728709051,417,Conditional specification; production growth is not an identified supply shock
single,current_production_growth_control,lwti,diplomatic_tension,21,416,1990-04-01,2024-11-01,-0.186689905872,HC3,0.507430151883,0.100906428443,0.064294964322,-0.35266621068,-0.0207136010652,-0.384462871429,0.0110830596844,0.0969841491914,0.0542352681895,-0.346214635427,-0.0271651763182,-0.376775345359,0.00339553361395,-0.208757445969,416,Conditional specification; production growth is not an identified supply shock
single,current_production_growth_control,lwti,diplomatic_tension,22,415,1990-04-01,2024-10-01,-0.230848632569,HC3,0.50753595507,0.094449556798,0.0145194956645,-0.386204328632,-0.0754929365059,-0.415966362249,-0.0457309028892,0.0907313513007,0.0109494041127,-0.380088424834,-0.0816088403039,-0.408678813387,-0.0530184517511,-0.251093173764,415,Conditional specification; production growth is not an identified supply shock
single,current_production_growth_control,lwti,diplomatic_tension,23,414,1990-04-01,2024-09-01,-0.288290048552,HC3,0.50759883187,0.105497696615,0.00628238599198,-0.461818317465,-0.11476177964,-0.49506173437,-0.0815183627347,0.101850952717,0.00464739890681,-0.455819957538,-0.120760139566,-0.487914247669,-0.088665849435,-0.305664570955,414,Conditional specification; production growth is not an identified supply shock
single,current_production_growth_control,lwti,diplomatic_tension,24,413,1990-04-01,2024-08-01,-0.288115481968,HC3,0.508219756516,0.0974926682856,0.00312412934136,-0.448476650998,-0.127754312937,-0.479197600564,-0.0970333633713,0.0946077535166,0.00232395301175,-0.443731388477,-0.132499575458,-0.473543271518,-0.102687692417,-0.306418676153,413,Conditional specification; production growth is not an identified supply shock
single,current_production_growth_control,lwti,diplomatic_tension,25,412,1990-04-01,2024-07-01,-0.308327584696,HC3,0.508367077965,0.102458554119,0.0026185834239,-0.476856909051,-0.139798260342,-0.509142660677,-0.107512508715,0.0996936654022,0.00198311113024,-0.472309071817,-0.144346097575,-0.503723578371,-0.112931591021,-0.327804477111,412,Conditional specification; production growth is not an identified supply shock
single,current_production_growth_control,lwti,diplomatic_tension,26,411,1990-04-01,2024-06-01,-0.276435236144,HC3,0.508413582183,0.0957615670495,0.00389301092092,-0.433948997028,-0.11892147526,-0.464124458665,-0.0887460136241,0.0933893823916,0.00307610555499,-0.43004710049,-0.122823371799,-0.45947506217,-0.0933954101183,-0.297383945226,411,Conditional specification; production growth is not an identified supply shock
single,current_production_growth_control,lwti,diplomatic_tension,27,410,1990-04-01,2024-05-01,-0.246989773349,HC3,0.508471044645,0.0925595216111,0.00762037913067,-0.39923663818,-0.0947429085185,-0.428403102133,-0.0655764445654,0.0903695908163,0.00627399211416,-0.39563452257,-0.098345024129,-0.424110916647,-0.0698686300517,-0.262812279768,410,Conditional specification; production growth is not an identified supply shock
single,current_production_growth_control,lwti,diplomatic_tension,28,409,1990-04-01,2024-04-01,-0.223359982196,HC3,0.508868518043,0.0931902156391,0.0165381379517,-0.376644246386,-0.0700757180056,-0.40600944856,-0.0407105158318,0.0913858133433,0.0145196762205,-0.373676268726,-0.0730436956662,-0.402472885047,-0.0442470793451,-0.236236141693,409,Conditional specification; production growth is not an identified supply shock
single,current_production_growth_control,lwti,diplomatic_tension,29,408,1990-04-01,2024-03-01,-0.201641741565,HC3,0.509598962319,0.0935598465246,0.0311448824475,-0.355533994459,-0.0477494886724,-0.385015671153,-0.0182678119781,0.091526591855,0.0275880807298,-0.352189588141,-0.0510938949903,-0.381030565229,-0.022252917902,-0.211904514039,408,Conditional specification; production growth is not an identified supply shock
single,current_production_growth_control,lwti,diplomatic_tension,30,407,1990-04-01,2024-02-01,-0.197188756881,HC3,0.509646087823,0.0957901411959,0.0395374050859,-0.354749518054,-0.0396279957092,-0.384933983699,-0.00944353006354,0.0935476800253,0.0350400081821,-0.351060997664,-0.0433165160989,-0.380538840568,-0.0138386731945,-0.20559837783,407,Conditional specification; production growth is not an identified supply shock
single,current_production_growth_control,lwti,diplomatic_tension,31,406,1990-04-01,2024-01-01,-0.144557371629,HC3,0.509741440687,0.0976721120826,0.138866017809,-0.30521369944,0.0160989561826,-0.335991193604,0.0468764503474,0.0954146221005,0.129761206299,-0.301500458855,0.0123857155978,-0.331566594544,0.0424518512871,-0.148876741204,406,Conditional specification; production growth is not an identified supply shock
single,current_production_growth_control,lwti,diplomatic_tension,32,405,1990-04-01,2023-12-01,-0.116842498505,HC3,0.511694512913,0.099581277997,0.240660285616,-0.280639124795,0.0469541277843,-0.312018216914,0.0783332199031,0.0974840751534,0.230691156287,-0.277189533092,0.0435045360807,-0.307907774872,0.0742227778615,-0.120991871679,405,Conditional specification; production growth is not an identified supply shock
single,current_production_growth_control,lwti,diplomatic_tension,33,404,1990-04-01,2023-11-01,-0.117386171067,HC3,0.511788002107,0.0976058635332,0.229109889213,-0.277933529711,0.0431611875776,-0.308690148272,0.0739178061383,0.09554243219,0.219211062385,-0.274539487182,0.0397671450488,-0.304645897154,0.069873555021,-0.123881959979,404,Conditional specification; production growth is not an identified supply shock
single,current_production_growth_control,lwti,diplomatic_tension,34,403,1990-04-01,2023-10-01,-0.147694812288,HC3,0.511851940872,0.0996619516463,0.138351508773,-0.311624134923,0.0162345103462,-0.343028648144,0.0476390235674,0.0975720799021,0.130102062146,-0.308186601805,0.0127969772279,-0.338932574793,0.0435429502165,-0.153409176037,403,Conditional specification; production growth is not an identified supply shock
single,current_production_growth_control,lwti,diplomatic_tension,35,402,1990-04-01,2023-09-01,-0.206103017666,HC3,0.511875940482,0.1034751118,0.0463916378993,-0.37630443061,-0.0359016047216,-0.408910510091,-0.00329552524061,0.101355769653,0.0420059570045,-0.372818422992,-0.0393876123401,-0.40475667581,-0.00744935952114,-0.213633138386,402,Conditional specification; production growth is not an identified supply shock
single,current_production_growth_control,lwti,diplomatic_tension,36,401,1990-04-01,2023-08-01,-0.152625326381,HC3,0.511947484964,0.0974564105334,0.117327989807,-0.312926856717,0.00767620395418,-0.34363638109,0.0383857283267,0.0955372780917,0.110143749619,-0.30977016476,0.00451951199676,-0.339874950622,0.0346242978593,-0.160158995623,401,Conditional specification; production growth is not an identified supply shock
single,current_production_growth_control,lwti,diplomatic_tension,37,400,1990-04-01,2023-07-01,-0.0848342648234,HC3,0.512277228072,0.103394781146,0.411937484388,-0.254903545599,0.0852350159522,-0.287484312059,0.117815782412,0.101049031349,0.401168789219,-0.251045130539,0.0813766008918,-0.282886726941,0.113218197294,-0.0938944379615,400,Conditional specification; production growth is not an identified supply shock
single,current_production_growth_control,lwti,diplomatic_tension,38,399,1990-04-01,2023-06-01,-0.131872451032,HC3,0.513370538533,0.104397565977,0.206526103768,-0.303591166075,0.0398462640106,-0.336487920421,0.0727430183571,0.1017781744,0.195084040958,-0.299282650338,0.0355377482743,-0.331354007268,0.0676091052042,-0.142535683981,399,Conditional specification; production growth is not an identified supply shock
single,current_production_growth_control,lwti,diplomatic_tension,39,398,1990-04-01,2023-05-01,-0.173106143718,HC3,0.513427653389,0.112348772431,0.12336730021,-0.357903429535,0.0116911420995,-0.39330569139,0.047093403955,0.109436323066,0.113695719372,-0.353112876633,0.00690058919831,-0.387597395528,0.0413851080929,-0.18132980831,398,Conditional specification; production growth is not an identified supply shock
single,current_production_growth_control,lwti,diplomatic_tension,40,397,1990-04-01,2023-04-01,-0.195195818676,HC3,0.514679494969,0.119764792773,0.103138196667,-0.39219137245,0.00179973509764,-0.429930499127,0.0395388617749,0.116583818525,0.0940724442052,-0.386959135421,-0.00343250193098,-0.423695904166,0.0333042668136,-0.204207507052,397,Conditional specification; production growth is not an identified supply shock
single,current_production_growth_control,lwti,diplomatic_tension,41,396,1990-04-01,2023-03-01,-0.180845728831,HC3,0.515081693793,0.118463825828,0.126862917578,-0.375701382408,0.0140099247452,-0.413030560926,0.0513391032633,0.115379624749,0.117021821227,-0.370628323075,0.00893686541261,-0.406985637888,0.0452941802256,-0.190620342,396,Conditional specification; production growth is not an identified supply shock
single,current_production_growth_control,lwti,diplomatic_tension,42,395,1990-04-01,2023-02-01,-0.158526964901,HC3,0.515195258876,0.113492835122,0.16247326432,-0.345206066385,0.0281521365832,-0.380968834244,0.0639149044424,0.11024979502,0.150465557999,-0.33987174011,0.0228178103079,-0.374612592442,0.0575586626406,-0.164304887151,395,Conditional specification; production growth is not an identified supply shock
single,current_production_growth_control,lwti,diplomatic_tension,43,394,1990-04-01,2023-01-01,-0.164516795502,HC3,0.5152336497,0.115066123156,0.152786274231,-0.353783725515,0.0247501345105,-0.390042252729,0.0610086617245,0.111456537618,0.139927162992,-0.34784648565,0.0188128946459,-0.382967595075,0.0539340040702,-0.164999015463,394,Conditional specification; production growth is not an identified supply shock
single,current_production_growth_control,lwti,diplomatic_tension,44,393,1990-04-01,2022-12-01,-0.143229666701,HC3,0.515626467291,0.115339281017,0.214306051097,-0.332945901412,0.0464865680105,-0.369290503497,0.0828311700958,0.111935232256,0.200694200839,-0.32734673946,0.0408874060586,-0.362618690523,0.0761593571214,-0.144921440294,393,Conditional specification; production growth is not an identified supply shock
single,current_production_growth_control,lwti,diplomatic_tension,45,392,1990-04-01,2022-11-01,-0.168231685442,HC3,0.51672629983,0.112440045852,0.13460411906,-0.353179102676,0.0167157317919,-0.388610125732,0.0521467548475,0.109008978105,0.122762165019,-0.347535498448,0.011072127564,-0.381885356519,0.045421985635,-0.17339678756,392,Conditional specification; production growth is not an identified supply shock
single,current_production_growth_control,lwti,diplomatic_tension,46,391,1990-04-01,2022-10-01,-0.159140941883,HC3,0.517183096625,0.115362945607,0.167746633086,-0.348896101381,0.030614217614,-0.385248160424,0.0669662766567,0.111783291445,0.154546106826,-0.34300809425,0.0247262104832,-0.37823216719,0.059950283423,-0.165656367516,391,Conditional specification; production growth is not an identified supply shock
single,current_production_growth_control,lwti,diplomatic_tension,47,390,1990-04-01,2022-09-01,-0.212735782519,HC3,0.517209535314,0.109311012521,0.0516365531458,-0.392536397929,-0.0329351671087,-0.426981430173,0.00150986513509,0.106478104295,0.0457242663638,-0.387876678559,-0.0375948864787,-0.421429032079,-0.00404253295902,-0.216184781725,390,Conditional specification; production growth is not an identified supply shock
single,current_production_growth_control,lwti,diplomatic_tension,48,389,1990-04-01,2022-08-01,-0.221732408448,HC3,0.517489742094,0.104704921221,0.0342014567239,-0.393956677877,-0.0495081390175,-0.426950283045,-0.0165145338503,0.102334402447,0.0302544124152,-0.390057521475,-0.0534072954199,-0.422304151624,-0.0211606652711,-0.226655004576,389,Conditional specification; production growth is not an identified supply shock
single,current_production_growth_control,lwti,nuclear_threat,0,431,1990-04-01,2026-02-01,0.0209587420644,HC3,0.496684588769,0.0146801574092,0.153380553905,-0.00318796809444,0.0451054522232,-0.00781383774512,0.0497313218738,0.0136127549474,0.123648128912,-0.00143224728365,0.0433497314124,-0.00572176736289,0.0476392514916,0.0211922779396,431,Conditional specification; production growth is not an identified supply shock
single,current_production_growth_control,lwti,nuclear_threat,1,431,1990-04-01,2026-02-01,0.0278798770278,HC3,0.496684588769,0.0245728108287,0.256550359101,-0.0125387999882,0.0682985540438,-0.0202819471954,0.076041701251,0.0228587382817,0.22259398517,-0.00971940154247,0.0654791555981,-0.0169224267365,0.072682180792,0.028232592356,431,Conditional specification; production growth is not an identified supply shock
single,current_production_growth_control,lwti,nuclear_threat,2,431,1990-04-01,2026-02-01,0.0273727855886,HC3,0.496684588769,0.0264870572528,0.301398015361,-0.016194546601,0.0709401177781,-0.0245408926834,0.0792864638605,0.0245363730546,0.264593255834,-0.0129859566225,0.0677315277996,-0.0207176219096,0.0754631930868,0.0278558536956,431,Conditional specification; production growth is not an identified supply shock
single,current_production_growth_control,lwti,nuclear_threat,3,431,1990-04-01,2026-02-01,0.0223618218326,HC3,0.496684588769,0.0290995259927,0.442213944203,-0.025502639039,0.0702262827042,-0.0346722010802,0.0793958447454,0.0273623713119,0.413787163592,-0.0226452738618,0.067368917527,-0.0312674404704,0.0759910841356,0.0228404429184,431,Conditional specification; production growth is not an identified supply shock
single,current_production_growth_control,lwti,nuclear_threat,4,431,1990-04-01,2026-02-01,0.0389266409375,HC3,0.496684588769,0.0293482507264,0.184717152467,-0.00934693571453,0.0872002175895,-0.0185948734955,0.0964481553705,0.0278926398,0.162838516615,-0.00695266880274,0.0848059506777,-0.0157419285042,0.0935952103792,0.0393703672096,431,Conditional specification; production growth is not an identified supply shock
single,current_production_growth_control,lwti,nuclear_threat,5,431,1990-04-01,2026-02-01,0.043523788084,HC3,0.496684588769,0.0335536776606,0.194583321665,-0.0116671003136,0.0987146764816,-0.0222402116797,0.109287787848,0.0318862912945,0.172262902561,-0.00892449380171,0.0959720699697,-0.0189721944537,0.106019770622,0.0440007354152,431,Conditional specification; production growth is not an identified supply shock
single,current_production_growth_control,lwti,nuclear_threat,6,431,1990-04-01,2026-02-01,0.0471329979024,HC3,0.496684588769,0.0402079321906,0.241104192314,-0.0190031651935,0.113269160998,-0.0316731010839,0.125939096889,0.0380897185338,0.215931018355,-0.0155190137774,0.109785009582,-0.0275214786051,0.12178747441,0.0475476891369,431,Conditional specification; production growth is not an identified supply shock
single,current_production_growth_control,lwti,nuclear_threat,7,430,1990-04-01,2026-01-01,0.0229840057406,HC3,0.497586368452,0.0437803246189,0.599593745179,-0.0490282199978,0.0949962314791,-0.0628238537439,0.108791865225,0.0411391852824,0.576374063252,-0.0446839323809,0.0906519438621,-0.0576473157661,0.103615327247,0.0242043934943,430,Conditional specification; production growth is not an identified supply shock
single,current_production_growth_control,lwti,nuclear_threat,8,429,1990-04-01,2025-12-01,0.0378297546621,HC3,0.498643870672,0.0436782982937,0.386435569887,-0.0340146527054,0.10967416203,-0.0477781368996,0.123437646224,0.0409271415642,0.35531999767,-0.0294894025806,0.105148911905,-0.042385968794,0.118045478118,0.0394582364562,429,Conditional specification; production growth is not an identified supply shock
single,current_production_growth_control,lwti,nuclear_threat,9,428,1990-04-01,2025-11-01,0.0305446488589,HC3,0.498809530938,0.045744101033,0.504306790091,-0.0446977016368,0.105786999355,-0.0591121416709,0.120201439389,0.0430349537211,0.47785067033,-0.0402415508549,0.101330848573,-0.0538023105108,0.114891608229,0.0322151420306,428,Conditional specification; production growth is not an identified supply shock
single,current_production_growth_control,lwti,nuclear_threat,10,427,1990-04-01,2025-10-01,0.0352563987035,HC3,0.499226482196,0.042209897278,0.403569201273,-0.0341727039275,0.104685501334,-0.0474734797525,0.117986277159,0.040025611696,0.378401195318,-0.0305798738657,0.101092671273,-0.0431923586799,0.113705156087,0.0370605716247,427,Conditional specification; production growth is not an identified supply shock
single,current_production_growth_control,lwti,nuclear_threat,11,426,1990-04-01,2025-09-01,0.0807950369215,HC3,0.499230126422,0.0437216298407,0.064610731032,0.00887935550184,0.152710718341,-0.00489778291162,0.166487856755,0.041919020411,0.0539288579907,0.0118443841603,0.149745689683,-0.00136473335112,0.162954807194,0.0827561849267,426,Conditional specification; production growth is not an identified supply shock
single,current_production_growth_control,lwti,nuclear_threat,12,425,1990-04-01,2025-08-01,0.0802603181493,HC3,0.499230162573,0.0438976048201,0.0674965879789,0.00805518364641,0.152465452652,-0.00577740630575,0.166298042604,0.0421956723486,0.0571583000112,0.0108546134451,0.149666022854,-0.00244167995739,0.162962316256,0.0822149437182,425,Conditional specification; production growth is not an identified supply shock
single,current_production_growth_control,lwti,nuclear_threat,13,424,1990-04-01,2025-07-01,0.0785535905009,HC3,0.49923133943,0.042484733701,0.0644601311067,0.00867242218276,0.148434758819,-0.00471495744581,0.161822138448,0.0408811211741,0.0546671121475,0.0113101300638,0.145797050938,-0.00157193464795,0.15867911565,0.0806726552885,424,Conditional specification; production growth is not an identified supply shock
single,current_production_growth_control,lwti,nuclear_threat,14,423,1990-04-01,2025-06-01,0.073357206944,HC3,0.4992349954,0.042710296939,0.0858781438778,0.00310502011576,0.143609393772,-0.0103534368254,0.157067850713,0.0412508024823,0.0753509955634,0.00550567486644,0.141208739022,-0.00749288025456,0.154207294143,0.0753685620158,423,Conditional specification; production growth is not an identified supply shock
single,current_production_growth_control,lwti,nuclear_threat,15,422,1990-04-01,2025-05-01,0.0803188831569,HC3,0.499326509303,0.0437560149723,0.0664156801071,0.00834664322868,0.152291123085,-0.0054413302959,0.16607909661,0.0421177978225,0.0565198412664,0.0110412706494,0.149596495664,-0.00223048368328,0.162868249997,0.0822591856346,422,Conditional specification; production growth is not an identified supply shock
single,current_production_growth_control,lwti,nuclear_threat,16,421,1990-04-01,2025-04-01,0.0861790580427,HC3,0.499598329965,0.0464952709158,0.063810500085,0.00970114304075,0.162656973045,-0.0049499984037,0.177308114489,0.0445801978941,0.053220903291,0.0128511578463,0.159506958239,-0.00119652425346,0.173554640339,0.0883085125749,421,Conditional specification; production growth is not an identified supply shock
single,current_production_growth_control,lwti,nuclear_threat,17,420,1990-04-01,2025-03-01,0.0879499064983,HC3,0.49989222029,0.0467807293322,0.0601018572252,0.0110024541848,0.164897358812,-0.00373863816336,0.17963845116,0.044802276788,0.0496382975798,0.0142567190278,0.161643093969,0.000139057568387,0.175760755428,0.0901019745097,420,Conditional specification; production growth is not an identified supply shock
single,current_production_growth_control,lwti,nuclear_threat,18,419,1990-04-01,2025-02-01,0.11656722766,HC3,0.50014571754,0.0472506114683,0.0136250605868,0.0388468880112,0.19428756731,0.0239577309352,0.209176724386,0.0452514873902,0.00999545038336,0.0421351545018,0.190999300819,0.0278759421288,0.205258513192,0.118492141152,419,Conditional specification; production growth is not an identified supply shock
single,current_production_growth_control,lwti,nuclear_threat,19,418,1990-04-01,2025-01-01,0.129812907936,HC3,0.500176279,0.0477551684964,0.00656181737653,0.051262645829,0.208363170043,0.0362144976074,0.223411318265,0.0459712732873,0.00474604802904,0.0541968923338,0.205428923538,0.0397108679695,0.219914947903,0.131425127266,418,Conditional specification; production growth is not an identified supply shock
single,current_production_growth_control,lwti,nuclear_threat,20,417,1990-04-01,2024-12-01,0.122444518163,HC3,0.500317267293,0.049142339071,0.0127158483199,0.0416125635049,0.20327647282,0.0261273034675,0.218761732858,0.0474078228283,0.0098004553042,0.0444655888376,0.200423447488,0.0295268928337,0.215362143492,0.124208787096,417,Conditional specification; production growth is not an identified supply shock
single,current_production_growth_control,lwti,nuclear_threat,21,416,1990-04-01,2024-11-01,0.103374134001,HC3,0.500354916362,0.0492420001773,0.0357897424027,0.0223782514109,0.184370016591,0.00686158712661,0.199886680875,0.0473898836846,0.0291572094137,0.0254247119413,0.18132355606,0.0104916687474,0.196256599254,0.105204019291,416,Conditional specification; production growth is not an identified supply shock
single,current_production_growth_control,lwti,nuclear_threat,22,415,1990-04-01,2024-10-01,0.105507921691,HC3,0.500355077887,0.049267107772,0.0322297974791,0.0244707407828,0.186545102599,0.00894616483538,0.202069678547,0.0472537582017,0.025562512734,0.0277824061258,0.183233437256,0.0128922574815,0.198123585901,0.107191708582,415,Conditional specification; production growth is not an identified supply shock
single,current_production_growth_control,lwti,nuclear_threat,23,414,1990-04-01,2024-09-01,0.0915684478488,HC3,0.50039695348,0.0468121338345,0.0504553053091,0.0145693397258,0.168567555972,-0.00018164850628,0.183318544204,0.0451715812055,0.0426496165072,0.0172678086678,0.16586908703,0.0030337755613,0.180103120136,0.0932314423889,414,Conditional specification; production growth is not an identified supply shock
single,current_production_growth_control,lwti,nuclear_threat,24,413,1990-04-01,2024-08-01,0.0795804497966,HC3,0.501254198262,0.0460876505481,0.0842180327844,0.00377301063492,0.155387888958,-0.0107496854097,0.169910585003,0.0445708241174,0.0741830026015,0.00626796809094,0.152892931502,-0.0077767602347,0.166937659828,0.0810225368937,413,Conditional specification; production growth is not an identified supply shock
single,current_production_growth_control,lwti,nuclear_threat,25,412,1990-04-01,2024-07-01,0.0964326574533,HC3,0.501478034531,0.0502424192834,0.0549403814198,0.0137912318682,0.179074083038,-0.00204067483835,0.194905989745,0.048792328479,0.0481106525603,0.0161764189872,0.176688895919,0.000801450912563,0.192063863994,0.0978616986061,412,Conditional specification; production growth is not an identified supply shock
single,current_production_growth_control,lwti,nuclear_threat,26,411,1990-04-01,2024-06-01,0.0781731373555,HC3,0.501534900847,0.0567420834042,0.168298277251,-0.0151592843327,0.171505559044,-0.0330393025246,0.189385577235,0.0553536345678,0.157876538757,-0.0128754892283,0.169221763939,-0.0303179928108,0.186664267522,0.0795982317949,411,Conditional specification; production growth is not an identified supply shock
single,current_production_growth_control,lwti,nuclear_threat,27,410,1990-04-01,2024-05-01,0.0567230277189,HC3,0.501722153301,0.058327478557,0.330805660073,-0.0392171369365,0.152663192374,-0.0575967295618,0.171042785,0.0570198535912,0.319836298774,-0.0370662852689,0.150512340707,-0.0550338317236,0.168479887161,0.057731127033,410,Conditional specification; production growth is not an identified supply shock
single,current_production_growth_control,lwti,nuclear_threat,28,409,1990-04-01,2024-04-01,0.0568168039931,HC3,0.502095668175,0.0549404251158,0.301064654787,-0.0335521535248,0.147185761511,-0.0508644505292,0.164498058515,0.0536522399546,0.289607573147,-0.0314332774902,0.145066885477,-0.0483396540077,0.161973261994,0.057657691979,409,Conditional specification; production growth is not an identified supply shock
single,current_production_growth_control,lwti,nuclear_threat,29,408,1990-04-01,2024-03-01,0.0545839420169,HC3,0.503011861443,0.0553172234126,0.323768120974,-0.0364047935462,0.14557267758,-0.0538358235966,0.16300370763,0.0537729330931,0.310066691969,-0.0338646620132,0.143032546047,-0.0508090701887,0.159976954223,0.0552976083811,408,Conditional specification; production growth is not an identified supply shock
single,current_production_growth_control,lwti,nuclear_threat,30,407,1990-04-01,2024-02-01,0.0692261156529,HC3,0.503014029529,0.0594257086681,0.24405192803,-0.0285204767841,0.16697270809,-0.0472461330924,0.185698364398,0.0571713238691,0.225951435701,-0.0248123437708,0.163264575077,-0.042827620079,0.181279851385,0.0698364142247,407,Conditional specification; production growth is not an identified supply shock
single,current_production_growth_control,lwti,nuclear_threat,31,406,1990-04-01,2024-01-01,0.0544831853933,HC3,0.503105572584,0.0779857977499,0.484783550753,-0.0737920368863,0.182758407673,-0.0983661695021,0.207332540289,0.0734850986406,0.458439947023,-0.0663890456325,0.175355416419,-0.0895449613426,0.198511332129,0.05479007473,406,Conditional specification; production growth is not an identified supply shock
single,current_production_growth_control,lwti,nuclear_threat,32,405,1990-04-01,2023-12-01,-0.00236726191933,HC3,0.505406314637,0.0887181392941,0.978712610022,-0.148295615114,0.143561091275,-0.176251619711,0.171517095872,0.0826386600909,0.977146974012,-0.138295761696,0.133561237858,-0.164336059428,0.15960153559,-0.00207959873931,405,Conditional specification; production growth is not an identified supply shock
single,current_production_growth_control,lwti,nuclear_threat,33,404,1990-04-01,2023-11-01,0.00895941114589,HC3,0.505488341881,0.0711526067,0.89979664262,-0.108076212052,0.125995034343,-0.130497135392,0.148415957684,0.0677767608642,0.894833997399,-0.102523439785,0.120442262076,-0.123880599137,0.141799421428,0.0094158135087,404,Conditional specification; production growth is not an identified supply shock
single,current_production_growth_control,lwti,nuclear_threat,34,403,1990-04-01,2023-10-01,0.0211768005215,HC3,0.505504160962,0.0614784803069,0.730501312235,-0.0799463007908,0.122299901834,-0.0993188067043,0.141672407747,0.059313865059,0.721069709567,-0.0763858255492,0.118739426592,-0.0950762387779,0.137429839821,0.0215796731188,403,Conditional specification; production growth is not an identified supply shock
single,current_production_growth_control,lwti,nuclear_threat,35,402,1990-04-01,2023-09-01,0.0157872506721,HC3,0.505601493091,0.0646050152803,0.806947593403,-0.090478543031,0.122053044375,-0.110836252498,0.142410753842,0.0625134323822,0.800622359386,-0.087038195315,0.118612696659,-0.106736825347,0.138311326691,0.016301590915,402,Conditional specification; production growth is not an identified supply shock
single,current_production_growth_control,lwti,nuclear_threat,36,401,1990-04-01,2023-08-01,0.00174073874165,HC3,0.505748461381,0.0643317719667,0.978412857991,-0.104075609706,0.107557087189,-0.124347217375,0.127828694858,0.0624264334346,0.977754157667,-0.100941606711,0.104423084194,-0.120612822474,0.124094299957,0.00216977702369,401,Conditional specification; production growth is not an identified supply shock
single,current_production_growth_control,lwti,nuclear_threat,37,400,1990-04-01,2023-07-01,0.00321287882591,HC3,0.506692587488,0.0611900873045,0.958125096608,-0.0974358582103,0.103861615862,-0.116717488502,0.123143246153,0.0591152447378,0.956656782155,-0.0940230458892,0.100448803541,-0.112650871797,0.119076629449,0.00371609915939,400,Conditional specification; production growth is not an identified supply shock
single,current_production_growth_control,lwti,nuclear_threat,38,399,1990-04-01,2023-06-01,0.00309036991408,HC3,0.507536366889,0.0595791279238,0.958632271279,-0.0949085747421,0.10108931457,-0.113682575047,0.119863314875,0.0574218267855,0.957079585067,-0.0913601301402,0.0975408699684,-0.109454342512,0.11563508234,0.00370611989579,399,Conditional specification; production growth is not an identified supply shock
single,current_production_growth_control,lwti,nuclear_threat,39,398,1990-04-01,2023-05-01,0.0112866858113,HC3,0.507633387367,0.0579849332004,0.845668056844,-0.0840900418719,0.106663413494,-0.102361694907,0.12493506653,0.0559833559037,0.840223282812,-0.0807977401959,0.103371111818,-0.0984386754938,0.121012047116,0.0117784357906,398,Conditional specification; production growth is not an identified supply shock
single,current_production_growth_control,lwti,nuclear_threat,40,397,1990-04-01,2023-04-01,0.015778731808,HC3,0.50995717992,0.0584488011055,0.787192429098,-0.0803609906813,0.111918454297,-0.0987788132983,0.130336276914,0.0566943342137,0.780772617934,-0.0774751494509,0.109032613067,-0.0953401213782,0.126897584994,0.0163521578704,397,Conditional specification; production growth is not an identified supply shock
single,current_production_growth_control,lwti,nuclear_threat,41,396,1990-04-01,2023-03-01,0.0101620663753,HC3,0.510380411255,0.0594243140648,0.864217034864,-0.0875822321433,0.107906364894,-0.106307448998,0.126631581748,0.0577397984215,0.860295822109,-0.0848114504778,0.105135583228,-0.103005859006,0.123329991756,0.0107715954213,396,Conditional specification; production growth is not an identified supply shock
single,current_production_growth_control,lwti,nuclear_threat,42,395,1990-04-01,2023-02-01,0.011947585584,HC3,0.510390496948,0.0607693325524,0.844136258864,-0.0880090714722,0.11190424264,-0.107158117583,0.131053288751,0.0592023354709,0.840065761874,-0.0854315906393,0.109326761807,-0.10408685974,0.127982030908,0.0122782550981,395,Conditional specification; production growth is not an identified supply shock
single,current_production_growth_control,lwti,nuclear_threat,43,394,1990-04-01,2023-01-01,-0.0016432549592,HC3,0.510403227211,0.0607918826778,0.978435145366,-0.101637003671,0.0983504937526,-0.12079315556,0.117506645642,0.0593645639642,0.977916786429,-0.0992892733081,0.0960027633897,-0.117995662287,0.114709152369,-0.00161494580408,394,Conditional specification; production growth is not an identified supply shock
single,current_production_growth_control,lwti,nuclear_threat,44,393,1990-04-01,2022-12-01,0.0119835874924,HC3,0.511059295713,0.0569918920594,0.833458285617,-0.0817597328683,0.105726907853,-0.0997184683548,0.12368564334,0.0555772532928,0.829283682292,-0.0794328591621,0.103400034147,-0.096945827321,0.120913002306,0.0120781851202,393,Conditional specification; production growth is not an identified supply shock
single,current_production_growth_control,lwti,nuclear_threat,45,392,1990-04-01,2022-11-01,0.00877023111004,HC3,0.511920832993,0.0557547487823,0.875008291258,-0.0829381696443,0.100478631864,-0.10050706847,0.11804753069,0.0545108568713,0.87218033694,-0.080892149523,0.098432611743,-0.0980690851241,0.115609547344,0.00908978662326,392,Conditional specification; production growth is not an identified supply shock
single,current_production_growth_control,lwti,nuclear_threat,46,391,1990-04-01,2022-10-01,0.0161672283599,HC3,0.512099053438,0.0537461340904,0.763561457395,-0.0722372952333,0.104571751953,-0.0891732587655,0.121507715485,0.0527288377306,0.759139671995,-0.0705639916263,0.102898448346,-0.0871793945389,0.119513851259,0.0165489074377,391,Conditional specification; production growth is not an identified supply shock
single,current_production_growth_control,lwti,nuclear_threat,47,390,1990-04-01,2022-09-01,0.0076058536869,HC3,0.512132048632,0.0522675899424,0.884302229308,-0.0783666812018,0.0935783885756,-0.0948367401588,0.110048447533,0.0512969700889,0.882128891246,-0.0767701536155,0.0919818609893,-0.0929343602034,0.108146067577,0.00784722210737,390,Conditional specification; production growth is not an identified supply shock
single,current_production_growth_control,lwti,nuclear_threat,48,389,1990-04-01,2022-08-01,0.00334130017576,HC3,0.512321002263,0.0519071470418,0.948675047588,-0.0820383589006,0.0887209592522,-0.0983948385664,0.105077438918,0.0509908117422,0.947754015307,-0.0805311214597,0.0872137218112,-0.0965988543815,0.103281454733,0.00362429046817,389,Conditional specification; production growth is not an identified supply shock
single,current_production_growth_control,lbrent,military_conflict,0,431,1990-04-01,2026-02-01,0.0436876494379,HC3,0.506417451846,0.0278473874909,0.11668895783,-0.00211722687759,0.0894925257534,-0.0108922271078,0.0982675259835,0.0243625799524,0.0729365473827,0.00361477144133,0.0837605274345,-0.00406212983925,0.091437428715,0.0475665029555,431,Conditional specification; production growth is not an identified supply shock
single,current_production_growth_control,lbrent,military_conflict,1,431,1990-04-01,2026-02-01,0.0173693044821,HC3,0.506417451846,0.0412815166626,0.673935764693,-0.0505327479264,0.0852713568907,-0.0635409814038,0.098279590368,0.0358812150621,0.628330560256,-0.0416500422521,0.0763886512164,-0.052956584761,0.0876951937253,0.0240172912621,431,Conditional specification; production growth is not an identified supply shock
single,current_production_growth_control,lbrent,military_conflict,2,431,1990-04-01,2026-02-01,-0.0249778776088,HC3,0.506417451846,0.0474935939977,0.598943109708,-0.103097887953,0.0531421327352,-0.118063611341,0.068107856123,0.0414065040716,0.546351963472,-0.0930855160103,0.0431297607927,-0.106133134315,0.0561773790971,-0.0154281558256,431,Conditional specification; production growth is not an identified supply shock
single,current_production_growth_control,lbrent,military_conflict,3,431,1990-04-01,2026-02-01,-0.0275479622561,HC3,0.506417451846,0.0497261399516,0.579583239915,-0.10934018391,0.0542442593976,-0.125009405651,0.0699134811392,0.0454982199727,0.544864489098,-0.102385874398,0.0472899498858,-0.116722834763,0.0616269102511,-0.0176597765952,431,Conditional specification; production growth is not an identified supply shock
single,current_production_growth_control,lbrent,military_conflict,4,431,1990-04-01,2026-02-01,-0.0268003787137,HC3,0.506417451846,0.0456541889048,0.557183555605,-0.101894836919,0.0482940794919,-0.11628094471,0.0626801872831,0.0423083727432,0.526437662148,-0.0963914590707,0.0427907016433,-0.109723265535,0.0561225081074,-0.0178398927821,431,Conditional specification; production growth is not an identified supply shock
single,current_production_growth_control,lbrent,military_conflict,5,431,1990-04-01,2026-02-01,-0.0246382485322,HC3,0.506417451846,0.0437769135446,0.573561721667,-0.0966448635528,0.0473683664883,-0.110439422434,0.0611629253695,0.0405903951099,0.54385289535,-0.0914035071481,0.0421270100837,-0.104193961066,0.0549174640015,-0.0147310425153,431,Conditional specification; production growth is not an identified supply shock
single,current_production_growth_control,lbrent,military_conflict,6,431,1990-04-01,2026-02-01,-0.0540179717948,HC3,0.506417451846,0.0399010804326,0.175801080605,-0.119649408664,0.0116134650741,-0.132222652387,0.0241867087974,0.037197263699,0.146445214678,-0.115202025903,0.00716608231315,-0.126923268968,0.0188873253787,-0.0444897663141,431,Conditional specification; production growth is not an identified supply shock
single,current_production_growth_control,lbrent,military_conflict,7,430,1990-04-01,2026-01-01,-0.0555634391268,HC3,0.507585128799,0.0401894818156,0.16680692744,-0.121669254056,0.0105423758029,-0.134333376043,0.0232064977891,0.0363888771717,0.126777250714,-0.115417815723,0.00429093746983,-0.126884327821,0.0157574495677,-0.0474101173699,430,Conditional specification; production growth is not an identified supply shock
single,current_production_growth_control,lbrent,military_conflict,8,429,1990-04-01,2025-12-01,-0.0550338622274,HC3,0.507956011327,0.0449168192136,0.220484986509,-0.128915455222,0.0188477307673,-0.143069210186,0.0330014857314,0.0401056535692,0.169994322608,-0.121001791962,0.0109340675072,-0.1336394988,0.0235717743448,-0.0466841936182,429,Conditional specification; production growth is not an identified supply shock
single,current_production_growth_control,lbrent,military_conflict,9,428,1990-04-01,2025-11-01,-0.03596679011,HC3,0.508035944874,0.0470534781863,0.444640159594,-0.113362874365,0.0414292941455,-0.128189912703,0.0562563324826,0.0421328157466,0.393297473117,-0.105269104904,0.0333355246844,-0.118545591541,0.0466120113205,-0.0278732517607,428,Conditional specification; production growth is not an identified supply shock
single,current_production_growth_control,lbrent,military_conflict,10,427,1990-04-01,2025-10-01,-0.0187450350918,HC3,0.508478531554,0.0517467847086,0.717168650423,-0.103860921603,0.0663708514192,-0.120166869436,0.0826767992528,0.0462346231786,0.685159367584,-0.0947942227179,0.0573041525342,-0.109363231361,0.071873161177,-0.0106148400075,427,Conditional specification; production growth is not an identified supply shock
single,current_production_growth_control,lbrent,military_conflict,11,426,1990-04-01,2025-09-01,-0.00118680347169,HC3,0.508591150498,0.0557616348667,0.983019495709,-0.092906530827,0.0905329238836,-0.11047759953,0.108103992586,0.0500465764945,0.98108075539,-0.0835060963352,0.0811324893918,-0.0992762909504,0.096902684007,0.0077442164234,426,Conditional specification; production growth is not an identified supply shock
single,current_production_growth_control,lbrent,military_conflict,12,425,1990-04-01,2025-08-01,-0.0127002514679,HC3,0.508619547783,0.0522267046781,0.80786949819,-0.0986055360815,0.0732050331456,-0.115062711668,0.0896622087324,0.0472036927625,0.787889609818,-0.0903434167139,0.064942913778,-0.10521778922,0.079817286284,-0.00406498170357,425,Conditional specification; production growth is not an identified supply shock
single,current_production_growth_control,lbrent,military_conflict,13,424,1990-04-01,2025-07-01,-0.0161488263619,HC3,0.508706422919,0.0594823119838,0.786014532688,-0.113988522968,0.0816908702441,-0.132732015567,0.100434362843,0.0532425147004,0.761655927024,-0.103724969775,0.0714273170512,-0.120502237621,0.0882045848973,-0.00643887287249,424,Conditional specification; production growth is not an identified supply shock
single,current_production_growth_control,lbrent,military_conflict,14,423,1990-04-01,2025-06-01,0.0114756529496,HC3,0.50871152018,0.0634005624112,0.856365704685,-0.0928089920832,0.115760297982,-0.112787165976,0.135738471875,0.0569516084602,0.84030894948,-0.0822014067868,0.105152712686,-0.100147448494,0.123098754393,0.0203129096269,423,Conditional specification; production growth is not an identified supply shock
single,current_production_growth_control,lbrent,military_conflict,15,422,1990-04-01,2025-05-01,0.00475179263426,HC3,0.509321018002,0.0571977256818,0.933790631219,-0.0893300939068,0.0988336791753,-0.1073536897,0.116857274968,0.0521427712926,0.927388961746,-0.0810154338457,0.0905190191142,-0.0974461611534,0.106949746422,0.0139633275773,422,Conditional specification; production growth is not an identified supply shock
single,current_production_growth_control,lbrent,military_conflict,16,421,1990-04-01,2025-04-01,-0.0244684229885,HC3,0.509410740758,0.056264015535,0.663645301831,-0.117014493008,0.068077647031,-0.134743867063,0.0858070210856,0.0519790208623,0.637828907053,-0.109966303979,0.0610294580021,-0.12634543183,0.0774085858532,-0.0137008341333,421,Conditional specification; production growth is not an identified supply shock
single,current_production_growth_control,lbrent,military_conflict,17,420,1990-04-01,2025-03-01,-0.00319625070452,HC3,0.509540038335,0.057560155461,0.955717126136,-0.0978742811824,0.0914817797734,-0.116012082353,0.109619580944,0.0532187504384,0.952108857176,-0.090733305385,0.084340803976,-0.107503084866,0.101110583457,0.00790022547002,420,Conditional specification; production growth is not an identified supply shock
single,current_production_growth_control,lbrent,military_conflict,18,419,1990-04-01,2025-02-01,-0.00972266830683,HC3,0.510178784823,0.0611743310173,0.873721038119,-0.110345488557,0.0909001519432,-0.129622153879,0.110176817265,0.0564396197808,0.863227844986,-0.102557581607,0.0831122449935,-0.120342290378,0.100896953765,0.00094269327963,419,Conditional specification; production growth is not an identified supply shock
single,current_production_growth_control,lbrent,military_conflict,19,418,1990-04-01,2025-01-01,0.00115478451086,HC3,0.510179115988,0.0633672710117,0.985460416377,-0.103075101043,0.105384670064,-0.123042784471,0.125352353492,0.0579475757227,0.984100736922,-0.0941604955897,0.0964700646114,-0.112420376897,0.114729945919,0.0103307589381,418,Conditional specification; production growth is not an identified supply shock
single,current_production_growth_control,lbrent,military_conflict,20,417,1990-04-01,2024-12-01,0.0247460964888,HC3,0.510184685334,0.0639747588561,0.698896641848,-0.080483017649,0.129975210627,-0.100642126789,0.150134319766,0.0575094818933,0.666980381114,-0.0698485833875,0.119340776365,-0.0879704167916,0.137462609769,0.0343063548821,417,Conditional specification; production growth is not an identified supply shock
single,current_production_growth_control,lbrent,military_conflict,21,416,1990-04-01,2024-11-01,0.00875844955824,HC3,0.510203452139,0.0637820410096,0.890779105569,-0.0961536719307,0.113670571047,-0.116252053681,0.133768952797,0.0576009896059,0.87914449986,-0.085986747111,0.103503646227,-0.104137415543,0.12165431466,0.0191808568166,416,Conditional specification; production growth is not an identified supply shock
single,current_production_growth_control,lbrent,military_conflict,22,415,1990-04-01,2024-10-01,-0.000341105696521,HC3,0.510220920991,0.0648580655529,0.995803733709,-0.107023130058,0.106340918665,-0.127460578287,0.126778366894,0.0587640839727,0.995368575121,-0.0969994223535,0.0963172109605,-0.115516593868,0.114834382474,0.00910740610546,415,Conditional specification; production growth is not an identified supply shock
single,current_production_growth_control,lbrent,military_conflict,23,414,1990-04-01,2024-09-01,-0.00307918714211,HC3,0.510526011357,0.0664463679528,0.963038509042,-0.112373736467,0.106215362183,-0.133311675233,0.127153300949,0.060764947484,0.959585502304,-0.103028631403,0.0968702571185,-0.122176295733,0.116017921449,0.00555834966897,414,Conditional specification; production growth is not an identified supply shock
single,current_production_growth_control,lbrent,military_conflict,24,413,1990-04-01,2024-08-01,-0.0046715720986,HC3,0.510858938189,0.0685625174306,0.945677414747,-0.117446877567,0.10810373337,-0.139051636952,0.129708492755,0.0629156879476,0.940810420928,-0.108158669611,0.0988155254141,-0.127984054538,0.118640910341,0.00449431800885,413,Conditional specification; production growth is not an identified supply shock
single,current_production_growth_control,lbrent,military_conflict,25,412,1990-04-01,2024-07-01,0.0171874966335,HC3,0.510866101753,0.0699593085054,0.80593113154,-0.0978853257007,0.132260318968,-0.11993022842,0.154305221688,0.0640775536261,0.788522591356,-0.0882106998546,0.122585693122,-0.108402200691,0.142777193958,0.0267530883359,412,Conditional specification; production growth is not an identified supply shock
single,current_production_growth_control,lbrent,military_conflict,26,411,1990-04-01,2024-06-01,0.00131570136827,HC3,0.51086638256,0.0684466759072,0.984663781697,-0.11126906175,0.113900464487,-0.132837318271,0.135468721008,0.0632166253886,0.983395158801,-0.102666394186,0.105297796922,-0.122586607618,0.125218010354,0.0114584854586,411,Conditional specification; production growth is not an identified supply shock
single,current_production_growth_control,lbrent,military_conflict,27,410,1990-04-01,2024-05-01,-0.00677260003008,HC3,0.510923541442,0.0679035749874,0.920551942335,-0.118464041631,0.104918841571,-0.139861161427,0.126315961367,0.0630365622654,0.914440529559,-0.110458518103,0.0969133180427,-0.130321991779,0.116776791719,0.00100038621251,410,Conditional specification; production growth is not an identified supply shock
single,current_production_growth_control,lbrent,military_conflict,28,409,1990-04-01,2024-04-01,-0.0215089598597,HC3,0.51099052955,0.0698231070837,0.758044812603,-0.136357750791,0.0933398310719,-0.158359735032,0.115341815313,0.0645380778468,0.738926334996,-0.127664651283,0.084646731563,-0.148001268071,0.104983348351,-0.0147861811795,409,Conditional specification; production growth is not an identified supply shock
single,current_production_growth_control,lbrent,military_conflict,29,408,1990-04-01,2024-03-01,0.000568574744654,HC3,0.511257641736,0.0747260765353,0.993929125492,-0.122344883272,0.123482032762,-0.145891843971,0.14702899346,0.0680644484305,0.993334967889,-0.111387480123,0.112524629612,-0.132835292807,0.133972442296,0.00493220158083,408,Conditional specification; production growth is not an identified supply shock
single,current_production_growth_control,lbrent,military_conflict,30,407,1990-04-01,2024-02-01,-0.00207600906393,HC3,0.511312272898,0.0724662896011,0.97714538655,-0.121272448346,0.117120430218,-0.144107326775,0.139955308647,0.065963193173,0.974892935073,-0.1105758066,0.106423788472,-0.131361491988,0.12720947386,0.0016543676767,407,Conditional specification; production growth is not an identified supply shock
single,current_production_growth_control,lbrent,military_conflict,31,406,1990-04-01,2024-01-01,0.00713363871288,HC3,0.51132846589,0.0722823128134,0.921383340549,-0.111760185683,0.126027463108,-0.134537091121,0.148804368546,0.0657501000008,0.913602061952,-0.101015651746,0.115282929172,-0.121734189269,0.136001466694,0.00806261292548,406,Conditional specification; production growth is not an identified supply shock
single,current_production_growth_control,lbrent,military_conflict,32,405,1990-04-01,2023-12-01,-0.0178825911432,HC3,0.512235247942,0.0738776279989,0.808736057967,-0.139400475508,0.103635293221,-0.162680081284,0.126914898998,0.0669785956475,0.789477137693,-0.128052577122,0.0922873948356,-0.149158226347,0.113393044061,-0.0159488709859,405,Conditional specification; production growth is not an identified supply shock
single,current_production_growth_control,lbrent,military_conflict,33,404,1990-04-01,2023-11-01,-0.0171150891349,HC3,0.512338125576,0.0751522027915,0.819849134594,-0.14072946247,0.1064992842,-0.164410699965,0.130180521695,0.0683627520368,0.802311329431,-0.129561809771,0.0953316315012,-0.151103621011,0.116873442741,-0.0137168871224,404,Conditional specification; production growth is not an identified supply shock
single,current_production_growth_control,lbrent,military_conflict,34,403,1990-04-01,2023-10-01,0.000291024680203,HC3,0.512521817199,0.0835999173833,0.99722244187,-0.137218602641,0.137800652001,-0.163561802502,0.164143851862,0.0747413496444,0.99689323897,-0.122647555366,0.123229604726,-0.146199328779,0.146781378139,0.00283247582659,403,Conditional specification; production growth is not an identified supply shock
single,current_production_growth_control,lbrent,military_conflict,35,402,1990-04-01,2023-09-01,-0.000785828232553,HC3,0.512917234627,0.0964156890974,0.993496978777,-0.159375524139,0.157803867674,-0.189757106408,0.188185449943,0.0852380789563,0.99264423436,-0.140989991558,0.139418335093,-0.167849393098,0.166277736633,0.00340740180874,402,Conditional specification; production growth is not an identified supply shock
single,current_production_growth_control,lbrent,military_conflict,36,401,1990-04-01,2023-08-01,-0.00296158069191,HC3,0.513402287448,0.102368635545,0.976919982285,-0.171343002155,0.165419840771,-0.203600419507,0.197677258124,0.0902821296933,0.973831191278,-0.151462469167,0.145539307783,-0.179911303338,0.173988141954,0.0012302529553,401,Conditional specification; production growth is not an identified supply shock
single,current_production_growth_control,lbrent,military_conflict,37,400,1990-04-01,2023-07-01,0.00265190889298,HC3,0.513968831867,0.108518746263,0.980503768651,-0.175845544489,0.181149362275,-0.210040925429,0.215344743215,0.0950965557185,0.977752685829,-0.153768005691,0.159071823477,-0.183733915369,0.189037733155,0.00645555706089,400,Conditional specification; production growth is not an identified supply shock
single,current_production_growth_control,lbrent,military_conflict,38,399,1990-04-01,2023-06-01,-0.0236825090418,HC3,0.514406217993,0.102351250048,0.817015982539,-0.192035333907,0.144670315824,-0.224287272909,0.176922254826,0.0903107691101,0.793141427812,-0.172230505165,0.124865487082,-0.200688363914,0.15332334583,-0.0184746653841,399,Conditional specification; production growth is not an identified supply shock
single,current_production_growth_control,lbrent,military_conflict,39,398,1990-04-01,2023-05-01,-0.000818401602107,HC3,0.514794871529,0.101533935904,0.993568820844,-0.167826864333,0.166190061129,-0.199821259183,0.198184455979,0.0894485946879,0.992699931231,-0.147948247,0.146311443796,-0.176134425658,0.174497622454,0.0032044481909,398,Conditional specification; production growth is not an identified supply shock
single,current_production_growth_control,lbrent,military_conflict,40,397,1990-04-01,2023-04-01,0.00359902584832,HC3,0.516712041383,0.104664794812,0.97256917801,-0.168559241512,0.175757293208,-0.201540202432,0.208738254128,0.0914691544023,0.968613830643,-0.146854344525,0.154052396221,-0.175677222477,0.182875274173,0.00843320529393,397,Conditional specification; production growth is not an identified supply shock
single,current_production_growth_control,lbrent,military_conflict,41,396,1990-04-01,2023-03-01,0.014051657363,HC3,0.516974496015,0.104125596412,0.892652104421,-0.157219707553,0.185323022279,-0.190030761473,0.218134076199,0.0908353554254,0.87706279565,-0.135359206464,0.16346252119,-0.163982367794,0.19208568252,0.0193732792984,396,Conditional specification; production growth is not an identified supply shock
single,current_production_growth_control,lbrent,military_conflict,42,395,1990-04-01,2023-02-01,0.0298949222357,HC3,0.51698528442,0.108340049585,0.782597206503,-0.148308601268,0.20809844574,-0.182447673034,0.242237517506,0.0937784347952,0.749891462847,-0.124356876367,0.184146720838,-0.153907432489,0.213697276961,0.0331925818986,395,Conditional specification; production growth is not an identified supply shock
single,current_production_growth_control,lbrent,military_conflict,43,394,1990-04-01,2023-01-01,0.0140538870647,HC3,0.517205244759,0.111659120983,0.899839413512,-0.169609023067,0.197716797197,-0.204793968608,0.232901742738,0.0962461081404,0.883905350965,-0.14425687299,0.172364647119,-0.174585018543,0.202692792672,0.0155279048961,394,Conditional specification; production growth is not an identified supply shock
single,current_production_growth_control,lbrent,military_conflict,44,393,1990-04-01,2022-12-01,0.0222191197,HC3,0.517457143762,0.117900928272,0.850519321639,-0.171710649789,0.216148889189,-0.208862453457,0.253300692857,0.101376178982,0.826513762403,-0.144529855985,0.188968095385,-0.176474539995,0.220912779395,0.0240493921156,393,Conditional specification; production growth is not an identified supply shock
single,current_production_growth_control,lbrent,military_conflict,45,392,1990-04-01,2022-11-01,0.0559808684557,HC3,0.517913243351,0.117225457133,0.632971427864,-0.136837849881,0.248799586792,-0.173776805596,0.285738542508,0.100980035641,0.579321817126,-0.110116509418,0.222078246329,-0.141936364558,0.253898101469,0.0590057821506,392,Conditional specification; production growth is not an identified supply shock
single,current_production_growth_control,lbrent,military_conflict,46,391,1990-04-01,2022-10-01,0.0658385097544,HC3,0.51805142774,0.115928210225,0.570086007104,-0.1248464273,0.256523446809,-0.161376607079,0.293053626588,0.0999037427905,0.509883278083,-0.0984885239205,0.230165543429,-0.129969228036,0.261646247545,0.0687232492941,391,Conditional specification; production growth is not an identified supply shock
single,current_production_growth_control,lbrent,military_conflict,47,390,1990-04-01,2022-09-01,0.0444721001999,HC3,0.518112601607,0.0985442289824,0.651780001988,-0.117618732257,0.206562932657,-0.14867103949,0.23761523989,0.0869966811221,0.609215873207,-0.0986247062766,0.187568906676,-0.126038261574,0.214982461974,0.0469909954024,390,Conditional specification; production growth is not an identified supply shock
single,current_production_growth_control,lbrent,military_conflict,48,389,1990-04-01,2022-08-01,0.0437279435513,HC3,0.518433437867,0.0908622347877,0.630334972299,-0.105727132892,0.193183019995,-0.134358764187,0.22181465129,0.0805499847504,0.587221250395,-0.0887649910163,0.176220878119,-0.114147125515,0.201603012617,0.0470016758468,389,Conditional specification; production growth is not an identified supply shock
single,current_production_growth_control,lbrent,diplomatic_tension,0,431,1990-04-01,2026-02-01,0.00316822599194,HC3,0.497914326363,0.0308379614774,0.918171029237,-0.047555706792,0.0538921587759,-0.0572730678605,0.0636095198444,0.0289186097998,0.912760992478,-0.0443986542237,0.0507351062076,-0.0535112076987,0.0598476596826,-0.00416486846968,431,Conditional specification; production growth is not an identified supply shock
single,current_production_growth_control,lbrent,diplomatic_tension,1,431,1990-04-01,2026-02-01,0.0022524774321,HC3,0.497914326363,0.0527660587195,0.96595024671,-0.0845399656326,0.0890449204968,-0.101167097264,0.105672052128,0.049438999849,0.963660361371,-0.0790674407824,0.0835723956466,-0.0946461817037,0.0991511365679,-0.00929380192264,431,Conditional specification; production growth is not an identified supply shock
single,current_production_growth_control,lbrent,diplomatic_tension,2,431,1990-04-01,2026-02-01,-0.000985360898985,HC3,0.497914326363,0.0651637025489,0.987935395674,-0.108170113382,0.106199391584,-0.128703870994,0.126733149196,0.0604661401581,0.986998186923,-0.100443310846,0.0984725890478,-0.119496817893,0.117526096095,-0.0162565582579,431,Conditional specification; production growth is not an identified supply shock
single,current_production_growth_control,lbrent,diplomatic_tension,3,431,1990-04-01,2026-02-01,0.000413397440016,HC3,0.497914326363,0.0691892179419,0.995232761951,-0.113392738638,0.114219533518,-0.135194977845,0.136021772725,0.0655513123418,0.994968197635,-0.107408916417,0.108235711297,-0.128064813889,0.128891608769,-0.0155499517981,431,Conditional specification; production growth is not an identified supply shock
single,current_production_growth_control,lbrent,diplomatic_tension,4,431,1990-04-01,2026-02-01,0.0410824635549,HC3,0.497914326363,0.0664235264528,0.5362506348,-0.0681745148459,0.150339441956,-0.0891052560187,0.171270183129,0.0637534035898,0.519318420488,-0.0637825535703,0.14594748068,-0.0838719113729,0.166036838483,0.0261595426484,431,Conditional specification; production growth is not an identified supply shock
single,current_production_growth_control,lbrent,diplomatic_tension,5,431,1990-04-01,2026-02-01,0.029048761453,HC3,0.497914326363,0.0658318412677,0.659026944808,-0.079234981425,0.137332504331,-0.0999792764675,0.158076799374,0.0637613435066,0.648687870175,-0.0758293156732,0.133926838579,-0.0959211754259,0.154018698332,0.012589558832,431,Conditional specification; production growth is not an identified supply shock
single,current_production_growth_control,lbrent,diplomatic_tension,6,431,1990-04-01,2026-02-01,-0.00341410434307,HC3,0.497914326363,0.069529063255,0.960836997731,-0.117779236217,0.11095102753,-0.139688564202,0.132860355516,0.0674144892636,0.959609615177,-0.114301071517,0.107472862831,-0.135544075336,0.12871586665,-0.0183299422976,431,Conditional specification; production growth is not an identified supply shock
single,current_production_growth_control,lbrent,diplomatic_tension,7,430,1990-04-01,2026-01-01,0.00247908925036,HC3,0.500051036919,0.0808310766751,0.975532715164,-0.130476200389,0.13543437889,-0.155946909864,0.160905088365,0.077672243339,0.974537992427,-0.125280381919,0.13023856042,-0.149755710293,0.154713888793,-0.0136350703785,430,Conditional specification; production growth is not an identified supply shock
single,current_production_growth_control,lbrent,diplomatic_tension,8,429,1990-04-01,2025-12-01,-0.0820791369911,HC3,0.501312666313,0.0923688072208,0.374216840307,-0.234012304565,0.0698540305832,-0.263118672439,0.0989603984566,0.0882387907706,0.352270980839,-0.227219032028,0.0630607580457,-0.255023988941,0.0908657149586,-0.101423260559,429,Conditional specification; production growth is not an identified supply shock
single,current_production_growth_control,lbrent,diplomatic_tension,9,428,1990-04-01,2025-11-01,-0.105691801791,HC3,0.501413622301,0.0798061364773,0.185384565283,-0.236961214828,0.0255776112471,-0.262108955032,0.0507253514502,0.0760528947268,0.164615625009,-0.230787681522,0.0194040779409,-0.254752736375,0.0433691327939,-0.12479984504,428,Conditional specification; production growth is not an identified supply shock
single,current_production_growth_control,lbrent,diplomatic_tension,10,427,1990-04-01,2025-10-01,-0.137363840096,HC3,0.501794519551,0.0811457511539,0.0904928093173,-0.270836723193,-0.00389095699827,-0.296406589856,0.0216789096646,0.0777582982445,0.0773037969483,-0.265264858989,-0.00946282120246,-0.289767304154,0.0150396239629,-0.156623230827,427,Conditional specification; production growth is not an identified supply shock
single,current_production_growth_control,lbrent,diplomatic_tension,11,426,1990-04-01,2025-09-01,-0.144252206124,HC3,0.501835827666,0.0796488829492,0.0701251516104,-0.275262960126,-0.0132414521225,-0.300361148114,0.0118567358651,0.0770654167224,0.0612321967091,-0.271013536333,-0.0174908759159,-0.295297647354,0.00679323510519,-0.165953299365,426,Conditional specification; production growth is not an identified supply shock
single,current_production_growth_control,lbrent,diplomatic_tension,12,425,1990-04-01,2025-08-01,-0.161106656885,HC3,0.501843793587,0.0811923441909,0.0472269507021,-0.294656178708,-0.0275571350621,-0.32024072732,-0.00197258645065,0.0786156057233,0.0404331664646,-0.290417821094,-0.0317954926761,-0.315190412726,-0.00702290104462,-0.180809647546,425,Conditional specification; production growth is not an identified supply shock
single,current_production_growth_control,lbrent,diplomatic_tension,13,424,1990-04-01,2025-07-01,-0.153373591973,HC3,0.501843981702,0.0865051798202,0.0762288828087,-0.295661950751,-0.011085233196,-0.322920628897,0.0161734449504,0.0836259936002,0.0666477467112,-0.290926110854,-0.0158210730927,-0.317277527601,0.0105303436544,-0.174896078129,424,Conditional specification; production growth is not an identified supply shock
single,current_production_growth_control,lbrent,diplomatic_tension,14,423,1990-04-01,2025-06-01,-0.127648873189,HC3,0.501844703399,0.0880931218566,0.147331433854,-0.272549164184,0.0172514178062,-0.300308219314,0.0450104729355,0.0850680897821,0.133472140823,-0.267573429205,0.0122756828269,-0.294379265396,0.0390815190175,-0.149203310198,423,Conditional specification; production growth is not an identified supply shock
single,current_production_growth_control,lbrent,diplomatic_tension,15,422,1990-04-01,2025-05-01,-0.157326171128,HC3,0.502355245767,0.0880038520808,0.0738213314845,-0.302079626408,-0.0125727158469,-0.329810551707,0.0151582094515,0.0851122329733,0.0645364830773,-0.297323336232,-0.0173290060235,-0.324143082399,0.00949074014388,-0.178670226134,422,Conditional specification; production growth is not an identified supply shock
single,current_production_growth_control,lbrent,diplomatic_tension,16,421,1990-04-01,2025-04-01,-0.180035417619,HC3,0.502581456797,0.101173698226,0.0751629708583,-0.346451342098,-0.0136194931396,-0.378332222324,0.018261387087,0.0977995394685,0.0656418415612,-0.340901344828,-0.0191694904098,-0.371718992681,0.0116481574441,-0.202947833978,421,Conditional specification; production growth is not an identified supply shock
single,current_production_growth_control,lbrent,diplomatic_tension,17,420,1990-04-01,2025-03-01,-0.176314389387,HC3,0.502581457166,0.108479795914,0.104094377355,-0.354747775147,0.00211899637249,-0.388930882428,0.036302103654,0.105150182437,0.0935842701685,-0.349271048343,-0.0033577304309,-0.382404959932,0.0297761811573,-0.199692605139,420,Conditional specification; production growth is not an identified supply shock
single,current_production_growth_control,lbrent,diplomatic_tension,18,419,1990-04-01,2025-02-01,-0.20804619824,HC3,0.504203216947,0.111900992619,0.0629989559399,-0.392106951809,-0.0239854446718,-0.427368113608,0.0112757171268,0.108262613781,0.054645920682,-0.386122351181,-0.0299700452997,-0.420237022123,0.00414462564226,-0.231239257423,419,Conditional specification; production growth is not an identified supply shock
single,current_production_growth_control,lbrent,diplomatic_tension,19,418,1990-04-01,2025-01-01,-0.197352337374,HC3,0.504499829336,0.110054108701,0.0729361433348,-0.378375237232,-0.0163294375155,-0.413054426779,0.0183497520314,0.106344422602,0.0634842723706,-0.372273346596,-0.0224313281514,-0.405783575629,0.0110789008822,-0.218020430456,418,Conditional specification; production growth is not an identified supply shock
single,current_production_growth_control,lbrent,diplomatic_tension,20,417,1990-04-01,2024-12-01,-0.129956642282,HC3,0.504743918177,0.119761541202,0.277864817459,-0.326946847698,0.0670335631345,-0.364684949771,0.104771665208,0.114432337752,0.256097374123,-0.318181088074,0.0582678035104,-0.354239902942,0.0943266183792,-0.153981188627,417,Conditional specification; production growth is not an identified supply shock
single,current_production_growth_control,lbrent,diplomatic_tension,21,416,1990-04-01,2024-11-01,-0.175297687558,HC3,0.504750908489,0.105992365667,0.0981537495471,-0.349639614655,-0.000955760462172,-0.383038906902,0.0324435317848,0.101953806058,0.0855445724019,-0.342996775234,-0.00759859988276,-0.375123475519,0.0245281004016,-0.20035399896,416,Conditional specification; production growth is not an identified supply shock
single,current_production_growth_control,lbrent,diplomatic_tension,22,415,1990-04-01,2024-10-01,-0.236373638139,HC3,0.50486535013,0.100615559924,0.0188099993137,-0.401871506808,-0.070875769471,-0.433576511875,-0.0391707644044,0.0965834486756,0.0143910455431,-0.395239273997,-0.0775080022819,-0.425673719046,-0.0470735572326,-0.258412640255,415,Conditional specification; production growth is not an identified supply shock
single,current_production_growth_control,lbrent,diplomatic_tension,23,414,1990-04-01,2024-09-01,-0.285131784485,HC3,0.504939793519,0.110648198898,0.00996844252542,-0.467131875758,-0.103131693213,-0.501998269279,-0.0682652996918,0.106977544828,0.00769099747178,-0.461094187098,-0.109169381872,-0.494803919503,-0.0754596494675,-0.304103917314,414,Conditional specification; production growth is not an identified supply shock
single,current_production_growth_control,lbrent,diplomatic_tension,24,413,1990-04-01,2024-08-01,-0.288476147125,HC3,0.505527270885,0.104380672659,0.00571512611247,-0.460167075132,-0.116785219118,-0.493058506219,-0.0838937880305,0.101424254345,0.0044515812812,-0.455304199745,-0.121648094504,-0.4872640328,-0.0896882614496,-0.307917543159,413,Conditional specification; production growth is not an identified supply shock
single,current_production_growth_control,lbrent,diplomatic_tension,25,412,1990-04-01,2024-07-01,-0.298974520163,HC3,0.50567854985,0.107530876081,0.00542987079851,-0.475847071695,-0.122101968632,-0.509731164509,-0.0882178758177,0.104728341698,0.00430690521896,-0.47123731285,-0.126711727477,-0.504238298052,-0.0937107422749,-0.319845557531,412,Conditional specification; production growth is not an identified supply shock
single,current_production_growth_control,lbrent,diplomatic_tension,26,411,1990-04-01,2024-06-01,-0.264825537368,HC3,0.505732556289,0.10146215496,0.00905179318963,-0.431715930953,-0.0979351437828,-0.463687706884,-0.0659633678515,0.0991222960218,0.00754669525831,-0.427867205491,-0.101783869245,-0.459101667635,-0.0705494071002,-0.286328660834,411,Conditional specification; production growth is not an identified supply shock
single,current_production_growth_control,lbrent,diplomatic_tension,27,410,1990-04-01,2024-05-01,-0.246278336533,HC3,0.505797656698,0.0975706371208,0.0115993941838,-0.406767752886,-0.0857889201813,-0.437513271239,-0.055043401828,0.0955148897743,0.00992507693776,-0.403386349407,-0.0891703236604,-0.433484080478,-0.0590725925886,-0.262117756796,410,Conditional specification; production growth is not an identified supply shock
single,current_production_growth_control,lbrent,diplomatic_tension,28,409,1990-04-01,2024-04-01,-0.227310110878,HC3,0.506200206362,0.0981440323277,0.0205535225886,-0.388742678416,-0.0658775433402,-0.419668879538,-0.0349513422182,0.0964861797871,0.0184787573639,-0.386015753652,-0.0686044681046,-0.416419548267,-0.0382006734895,-0.240261646866,409,Conditional specification; production growth is not an identified supply shock
single,current_production_growth_control,lbrent,diplomatic_tension,29,408,1990-04-01,2024-03-01,-0.207739184912,HC3,0.506980775365,0.0983735651676,0.0347089372266,-0.369549300374,-0.0459290694502,-0.400547829672,-0.014930540153,0.0965523553399,0.0314312095207,-0.366553676784,-0.0489246930408,-0.396978324001,-0.0185000458236,-0.21739596261,408,Conditional specification; production growth is not an identified supply shock
single,current_production_growth_control,lbrent,diplomatic_tension,30,407,1990-04-01,2024-02-01,-0.200586021966,HC3,0.507029226807,0.1000697941,0.0450206766278,-0.365186185739,-0.035985858193,-0.396719214342,-0.00445282959047,0.0981295555551,0.0409442756418,-0.361994777332,-0.0391772666001,-0.392916416673,-0.00825562725916,-0.209085468779,407,Conditional specification; production growth is not an identified supply shock
single,current_production_growth_control,lbrent,diplomatic_tension,31,406,1990-04-01,2024-01-01,-0.157528780902,HC3,0.507127058654,0.102033913207,0.122615831682,-0.325359633112,0.0103020713082,-0.357511575989,0.0424540141849,0.100067663151,0.115435986948,-0.322125439577,0.00706787777311,-0.353657796696,0.0386002348918,-0.160699092382,406,Conditional specification; production growth is not an identified supply shock
single,current_production_growth_control,lbrent,diplomatic_tension,32,405,1990-04-01,2023-12-01,-0.147397822792,HC3,0.509016062703,0.103028816664,0.152531534431,-0.316865145561,0.0220694999782,-0.349330592822,0.0545349472391,0.101265517575,0.145514876919,-0.313964776661,0.0191691310774,-0.345874590115,0.051078944532,-0.151815417271,405,Conditional specification; production growth is not an identified supply shock
single,current_production_growth_control,lbrent,diplomatic_tension,33,404,1990-04-01,2023-11-01,-0.144189624176,HC3,0.509095474661,0.101441175148,0.155197247547,-0.311045509041,0.0226662606888,-0.343010674017,0.054631425664,0.0996271557088,0.147815049931,-0.308061712587,0.0196824642343,-0.339455261248,0.0510760128952,-0.151523645044,404,Conditional specification; production growth is not an identified supply shock
single,current_production_growth_control,lbrent,diplomatic_tension,34,403,1990-04-01,2023-10-01,-0.173395767457,HC3,0.5091715129,0.102971572091,0.0921973599849,-0.342768931284,-0.00402260363043,-0.375216340187,0.0284248052726,0.101038892858,0.0861384466421,-0.339589956838,-0.00720157807572,-0.371428358497,0.0246368235833,-0.179694426039,403,Conditional specification; production growth is not an identified supply shock
single,current_production_growth_control,lbrent,diplomatic_tension,35,402,1990-04-01,2023-09-01,-0.228531663163,HC3,0.509191540504,0.106040366924,0.0311510081872,-0.402952545301,-0.0541107810252,-0.436366963241,-0.0206963630849,0.104060295163,0.0280814522466,-0.399695617083,-0.0573677092435,-0.432486093902,-0.0245772324241,-0.237199503452,402,Conditional specification; production growth is not an identified supply shock
single,current_production_growth_control,lbrent,diplomatic_tension,36,401,1990-04-01,2023-08-01,-0.17753316812,HC3,0.50926245066,0.100433745499,0.0771170054491,-0.342731978672,-0.0123343575673,-0.37437969213,0.0193133558909,0.0985922538859,0.0717532223043,-0.339702994513,-0.015363341726,-0.370770434891,0.0157040986514,-0.186076364248,401,Conditional specification; production growth is not an identified supply shock
single,current_production_growth_control,lbrent,diplomatic_tension,37,400,1990-04-01,2023-07-01,-0.111634119146,HC3,0.509605053966,0.106132929782,0.292876170523,-0.286207253637,0.0629390153456,-0.319650839093,0.0963826008012,0.103882330337,0.282544508749,-0.282505346977,0.0592371086852,-0.315239745237,0.0919715069449,-0.119606513831,400,Conditional specification; production growth is not an identified supply shock
single,current_production_growth_control,lbrent,diplomatic_tension,38,399,1990-04-01,2023-06-01,-0.14016921273,HC3,0.51069468206,0.107671198982,0.192975726152,-0.317272574894,0.0369341494342,-0.351200884907,0.0708624594475,0.105161268978,0.182565380024,-0.313144107423,0.0328056819626,-0.346281512495,0.0659430870346,-0.149478275376,399,Conditional specification; production growth is not an identified supply shock
single,current_production_growth_control,lbrent,diplomatic_tension,39,398,1990-04-01,2023-05-01,-0.187909080258,HC3,0.510761746949,0.114475384439,0.100697767882,-0.376204331549,0.000386171032656,-0.412276710875,0.0364585503583,0.111658167276,0.0923952309679,-0.371570421681,-0.00424773883502,-0.406755066699,0.0309369061831,-0.194903848836,398,Conditional specification; production growth is not an identified supply shock
single,current_production_growth_control,lbrent,diplomatic_tension,40,397,1990-04-01,2023-04-01,-0.229057538523,HC3,0.512072296235,0.121960345557,0.0603632097174,-0.429664455256,-0.0284506217897,-0.468095423357,0.00998034631029,0.119005244196,0.0542583336413,-0.424803746065,-0.0333113309816,-0.462303531118,0.00418845407178,-0.23743445791,397,Conditional specification; production growth is not an identified supply shock
single,current_production_growth_control,lbrent,diplomatic_tension,41,396,1990-04-01,2023-03-01,-0.18950525122,HC3,0.512471842865,0.121214799343,0.117962352875,-0.388885853559,0.00987535111907,-0.427081892325,0.048071389885,0.11828130321,0.109120833796,-0.384060681806,0.00505017936536,-0.421332345556,0.0423218431159,-0.199147338857,396,Conditional specification; production growth is not an identified supply shock
single,current_production_growth_control,lbrent,diplomatic_tension,42,395,1990-04-01,2023-02-01,-0.175422354045,HC3,0.512566787341,0.115995016093,0.130450784753,-0.366217176974,0.0153724688841,-0.402768407974,0.0519236998837,0.112865151917,0.120121221253,-0.361069008532,0.0102243004421,-0.396633986912,0.0457892788219,-0.180884552145,395,Conditional specification; production growth is not an identified supply shock
single,current_production_growth_control,lbrent,diplomatic_tension,43,394,1990-04-01,2023-01-01,-0.187056813408,HC3,0.512609994731,0.119037675919,0.116087797448,-0.382856366387,0.00874273957016,-0.420366371012,0.0462527441954,0.115443549576,0.105161097779,-0.376944554636,0.00283092781984,-0.413322012825,0.039208386008,-0.187413329744,394,Conditional specification; production growth is not an identified supply shock
single,current_production_growth_control,lbrent,diplomatic_tension,44,393,1990-04-01,2022-12-01,-0.16371013047,HC3,0.512992516718,0.118852658717,0.168382169568,-0.359205357233,0.0317850962932,-0.396657061022,0.0692368000817,0.115657193972,0.156928604944,-0.353949285458,0.0265290245184,-0.390394065208,0.0629738042686,-0.164590126719,393,Conditional specification; production growth is not an identified supply shock
single,current_production_growth_control,lbrent,diplomatic_tension,45,392,1990-04-01,2022-11-01,-0.187572127324,HC3,0.514034332686,0.115811837673,0.105312151168,-0.378065648564,0.0029213939166,-0.414559158147,0.0394149034988,0.112596015401,0.0957361197385,-0.372776091637,-0.00236816301065,-0.408256262313,0.0331120076655,-0.191762375638,392,Conditional specification; production growth is not an identified supply shock
single,current_production_growth_control,lbrent,diplomatic_tension,46,391,1990-04-01,2022-10-01,-0.181158684908,HC3,0.514507402822,0.119087676736,0.12820436574,-0.377040481912,0.0147231120963,-0.414566242312,0.0522488724969,0.115605328729,0.117104309948,-0.371312529163,0.0089951593471,-0.407740965638,0.0454235958221,-0.18499200002,391,Conditional specification; production growth is not an identified supply shock
single,current_production_growth_control,lbrent,diplomatic_tension,47,390,1990-04-01,2022-09-01,-0.242212775823,HC3,0.514531798647,0.113634473763,0.0330473242809,-0.429124852139,-0.0553006995066,-0.464932251801,-0.0194932998447,0.110784647159,0.0287908252997,-0.424437304514,-0.059988247132,-0.459346694295,-0.0250788573502,-0.243656983292,390,Conditional specification; production growth is not an identified supply shock
single,current_production_growth_control,lbrent,diplomatic_tension,48,389,1990-04-01,2022-08-01,-0.252048483296,HC3,0.514783885907,0.10798423286,0.0195892814443,-0.42966674037,-0.0744302262224,-0.463693690601,-0.0404032759918,0.105589321008,0.0169835272619,-0.425727460924,-0.078369505669,-0.458999749624,-0.0450972169686,-0.254957104636,389,Conditional specification; production growth is not an identified supply shock
single,current_production_growth_control,lbrent,nuclear_threat,0,431,1990-04-01,2026-02-01,0.0268336859119,HC3,0.49515554112,0.0153028137715,0.0795139561262,0.00166279717729,0.0520045746464,-0.00315927794235,0.0568266497661,0.0143105383636,0.0607790115262,0.00329494498082,0.0503724268429,-0.00121445388023,0.054881825704,0.0270937974632,431,Conditional specification; production growth is not an identified supply shock
single,current_production_growth_control,lbrent,nuclear_threat,1,431,1990-04-01,2026-02-01,0.0338942942445,HC3,0.49515554112,0.0256697663516,0.186702351786,-0.00832871404195,0.076117302531,-0.0164175232962,0.0842061117853,0.0239427438847,0.156881076901,-0.00548801487329,0.0732766033624,-0.0130326214604,0.0808212099495,0.0343021811045,431,Conditional specification; production growth is not an identified supply shock
single,current_production_growth_control,lbrent,nuclear_threat,2,431,1990-04-01,2026-02-01,0.024716608863,HC3,0.49515554112,0.0286144193545,0.38770787888,-0.0223499225954,0.0717831403214,-0.0313666225104,0.0807998402364,0.0265634460622,0.352125467489,-0.0189763717367,0.0684095894627,-0.0273467887242,0.0767800064502,0.0252525102562,431,Conditional specification; production growth is not an identified supply shock
single,current_production_growth_control,lbrent,nuclear_threat,3,431,1990-04-01,2026-02-01,0.0236838131083,HC3,0.49515554112,0.0302511714064,0.433682517556,-0.026074935899,0.0734425621157,-0.0356073933383,0.082975019555,0.0284386819707,0.404955972501,-0.0230936560769,0.0704612822935,-0.032054979322,0.0794226055387,0.0242436529229,431,Conditional specification; production growth is not an identified supply shock
single,current_production_growth_control,lbrent,nuclear_threat,4,431,1990-04-01,2026-02-01,0.0429349585135,HC3,0.49515554112,0.031001828373,0.166077854425,-0.00805851132799,0.0939284283551,-0.0178275085525,0.10369742558,0.0294856232654,0.145356142925,-0.00556457585755,0.0914344928846,-0.0148558011484,0.100725718176,0.0434539013108,431,Conditional specification; production growth is not an identified supply shock
single,current_production_growth_control,lbrent,nuclear_threat,5,431,1990-04-01,2026-02-01,0.052693385935,HC3,0.49515554112,0.0366303091942,0.150286926426,-0.00755811099943,0.11294488287,-0.0191007008282,0.124487472698,0.0347935361849,0.129909451026,-0.00453688825322,0.109923660123,-0.0155006918822,0.120887463752,0.0532676199082,431,Conditional specification; production growth is not an identified supply shock
single,current_production_growth_control,lbrent,nuclear_threat,6,431,1990-04-01,2026-02-01,0.0486585458017,HC3,0.49515554112,0.0441975162364,0.270925408062,-0.024039899082,0.121356990685,-0.0379669942278,0.135284085831,0.0418786317223,0.245278380325,-0.0202256734786,0.117542765082,-0.0334220640959,0.130739155699,0.0491789976286,431,Conditional specification; production growth is not an identified supply shock
single,current_production_growth_control,lbrent,nuclear_threat,7,430,1990-04-01,2026-01-01,0.0259052437232,HC3,0.49613333698,0.0467203540844,0.579254170786,-0.050942900145,0.102753387591,-0.0656649676272,0.117475455074,0.0439145256362,0.555256700966,-0.0463277230453,0.0981382104918,-0.0601656449219,0.111976132368,0.0272751435755,430,Conditional specification; production growth is not an identified supply shock
single,current_production_growth_control,lbrent,nuclear_threat,8,429,1990-04-01,2025-12-01,0.0440630421412,HC3,0.497121568011,0.0470514396946,0.349022715693,-0.0333296890938,0.121455773376,-0.048156085081,0.136282169363,0.0440932380657,0.31764203405,-0.0284638804152,0.116589964698,-0.0423581164293,0.130484200712,0.045884143631,429,Conditional specification; production growth is not an identified supply shock
single,current_production_growth_control,lbrent,nuclear_threat,9,428,1990-04-01,2025-11-01,0.0397762372833,HC3,0.497273735926,0.0496478673333,0.423034921979,-0.0418872373702,0.121439711937,-0.0575317945991,0.137084269166,0.0466020998941,0.39336608929,-0.036877395751,0.116429870318,-0.051562200113,0.13111467468,0.0416150316391,428,Conditional specification; production growth is not an identified supply shock
single,current_production_growth_control,lbrent,nuclear_threat,10,427,1990-04-01,2025-10-01,0.0408738106709,HC3,0.497663018967,0.045652754778,0.370616212804,-0.0342182886061,0.115965909948,-0.0486039444891,0.130351565831,0.0431835024673,0.3438862369,-0.030156729987,0.111904351329,-0.0437642988914,0.125511920233,0.042791144414,427,Conditional specification; production growth is not an identified supply shock
single,current_production_growth_control,lbrent,nuclear_threat,11,426,1990-04-01,2025-09-01,0.0870220340158,HC3,0.497669326151,0.0465642704765,0.0616424993767,0.0104306248362,0.163613443195,-0.00424225908451,0.178286327116,0.0445698755964,0.050880595666,0.0137111124883,0.160332955543,-0.000333316948576,0.17437738498,0.0891810301393,426,Conditional specification; production growth is not an identified supply shock
single,current_production_growth_control,lbrent,nuclear_threat,12,425,1990-04-01,2025-08-01,0.0863018130833,HC3,0.497669945892,0.0472417176456,0.0677277977965,0.00859610247059,0.164007523696,-0.00629025206981,0.178893878236,0.0453164850565,0.0568549533952,0.0117628282774,0.160840797889,-0.0025168655334,0.1751204917,0.0883900101636,425,Conditional specification; production growth is not an identified supply shock
single,current_production_growth_control,lbrent,nuclear_threat,13,424,1990-04-01,2025-07-01,0.0797288412273,HC3,0.497670395163,0.0451177617024,0.0772068639126,0.00551672725119,0.153940955203,-0.00870034677244,0.168158029227,0.043394481898,0.0661650771329,0.00835127028772,0.151106412167,-0.00532278042051,0.164780462875,0.0819649326975,424,Conditional specification; production growth is not an identified supply shock
single,current_production_growth_control,lbrent,nuclear_threat,14,423,1990-04-01,2025-06-01,0.0784025400668,HC3,0.497674241626,0.0447432168706,0.0797260727832,0.00480649751575,0.151998582618,-0.00929255355199,0.166097633686,0.0432295174371,0.069734030169,0.007296311519,0.149508768615,-0.00632575717899,0.163130837313,0.0805523209628,423,Conditional specification; production growth is not an identified supply shock
single,current_production_growth_control,lbrent,nuclear_threat,15,422,1990-04-01,2025-05-01,0.0816889714494,HC3,0.497757841673,0.0445964192563,0.0669904120419,0.00833438948657,0.155043553412,-0.00571840413246,0.169096347031,0.0430853395745,0.0579625992133,0.0108198943819,0.152558048517,-0.00275674237824,0.166134685277,0.0838338785131,422,Conditional specification; production growth is not an identified supply shock
single,current_production_growth_control,lbrent,nuclear_threat,16,421,1990-04-01,2025-04-01,0.0928665834933,HC3,0.498001323174,0.0471339587349,0.0488075353143,0.0153381205156,0.170395046471,0.000485721924041,0.185247445063,0.0453928014094,0.0407717364428,0.0182020694575,0.167531097529,0.00389832757344,0.181834839413,0.0951878065102,421,Conditional specification; production growth is not an identified supply shock
single,current_production_growth_control,lbrent,nuclear_threat,17,420,1990-04-01,2025-03-01,0.0979795502957,HC3,0.498280704775,0.0469656615773,0.036960920679,0.020727911508,0.175231189083,0.00592854509402,0.190030555497,0.0451670317765,0.0300620851484,0.0236863942594,0.172272706332,0.00945379472511,0.186505305866,0.100331570417,420,Conditional specification; production growth is not an identified supply shock
single,current_production_growth_control,lbrent,nuclear_threat,18,419,1990-04-01,2025-02-01,0.130054259327,HC3,0.498559876049,0.0477868905142,0.00649771824186,0.051451819144,0.20865669951,0.036393674986,0.223714843668,0.0459590327162,0.0046579046888,0.0544583776727,0.205650140982,0.0399762104391,0.220132308215,0.132217321907,419,Conditional specification; production growth is not an identified supply shock
single,current_production_growth_control,lbrent,nuclear_threat,19,418,1990-04-01,2025-01-01,0.138667075242,HC3,0.498593451919,0.0489331222235,0.00459969527698,0.0581792516744,0.219154898809,0.0427599180326,0.234574232451,0.0472401691311,0.00333156995022,0.0609639117088,0.216370238775,0.0460780451214,0.231256105362,0.140531621227,418,Conditional specification; production growth is not an identified supply shock
single,current_production_growth_control,lbrent,nuclear_threat,20,417,1990-04-01,2024-12-01,0.128016527801,HC3,0.498735499849,0.0509586107267,0.0119992373374,0.0441970721229,0.211835983479,0.0281394860745,0.227893569528,0.049235801341,0.00932047581379,0.0470308413895,0.209002214213,0.0315161304228,0.22451692518,0.130099168538,417,Conditional specification; production growth is not an identified supply shock
single,current_production_growth_control,lbrent,nuclear_threat,21,416,1990-04-01,2024-11-01,0.114949289748,HC3,0.498764101004,0.0507952458208,0.023636115918,0.0313985454283,0.198500034069,0.0153924373539,0.214506142143,0.0490263310998,0.0190452579945,0.0343081512228,0.195590428274,0.0188594464986,0.211039132998,0.117053680686,416,Conditional specification; production growth is not an identified supply shock
single,current_production_growth_control,lbrent,nuclear_threat,22,415,1990-04-01,2024-10-01,0.122143773774,HC3,0.498764797856,0.0504527571678,0.0154798617342,0.0391563731567,0.205131174391,0.0232581868043,0.221029360743,0.0484471413435,0.0116963308291,0.0424553176195,0.201832229928,0.0271891215866,0.217098425961,0.123994901394,415,Conditional specification; production growth is not an identified supply shock
single,current_production_growth_control,lbrent,nuclear_threat,23,414,1990-04-01,2024-09-01,0.104502813977,HC3,0.498814221967,0.0496786417666,0.0354154221708,0.0227887198848,0.186216908068,0.00713446531321,0.20187116264,0.0479913276173,0.0294406447728,0.0255641046831,0.18344152327,0.0104415402765,0.198564087677,0.106303388541,414,Conditional specification; production growth is not an identified supply shock
single,current_production_growth_control,lbrent,nuclear_threat,24,413,1990-04-01,2024-08-01,0.0964881990639,HC3,0.49965038848,0.0493932593925,0.0507640518298,0.0152435172053,0.177732880923,-0.000320810424356,0.193297208552,0.0478207798679,0.043622053893,0.0178300158545,0.175146382273,0.0027611928102,0.190215205318,0.0980116919863,413,Conditional specification; production growth is not an identified supply shock
single,current_production_growth_control,lbrent,nuclear_threat,25,412,1990-04-01,2024-07-01,0.113662214529,HC3,0.499884256146,0.0533390417832,0.0330942139725,0.025927298194,0.201397130864,0.00911961366423,0.218204815394,0.0518670500246,0.0284217981643,0.0283485091769,0.198975919881,0.0120046644966,0.215319764562,0.115190420471,412,Conditional specification; production growth is not an identified supply shock
single,current_production_growth_control,lbrent,nuclear_threat,26,411,1990-04-01,2024-06-01,0.0911784651822,HC3,0.49994527507,0.0589035501161,0.121639588825,-0.0057092528666,0.188066183231,-0.0242703716069,0.206627301971,0.0575286183984,0.112983692941,-0.00344769144396,0.185804621808,-0.0215755549591,0.203932485323,0.0926217020331,411,Conditional specification; production growth is not an identified supply shock
single,current_production_growth_control,lbrent,nuclear_threat,27,410,1990-04-01,2024-05-01,0.0712600875425,HC3,0.500142289387,0.0599872668449,0.234864840584,-0.0274101858983,0.169930360983,-0.0463127950045,0.18883297009,0.0587027912471,0.224780908366,-0.0252974115525,0.167817586637,-0.0437952690938,0.186315444179,0.0722475820611,410,Conditional specification; production growth is not an identified supply shock
single,current_production_growth_control,lbrent,nuclear_threat,28,409,1990-04-01,2024-04-01,0.0726867321328,HC3,0.500513537612,0.0571290187298,0.203257337714,-0.021282141529,0.166655605795,-0.0392840870496,0.184657551315,0.0558723618047,0.19327812446,-0.019215124828,0.164588589094,-0.0368210847356,0.182194549001,0.0735101029759,409,Conditional specification; production growth is not an identified supply shock
single,current_production_growth_control,lbrent,nuclear_threat,29,408,1990-04-01,2024-03-01,0.0668511805546,HC3,0.501463787416,0.0573900604166,0.244077114808,-0.0275470684725,0.161249429582,-0.0456312709324,0.179333632042,0.0559276821959,0.231964099316,-0.0251416703523,0.158844031462,-0.0427650622882,0.176467423397,0.0675016958971,408,Conditional specification; production growth is not an identified supply shock
single,current_production_growth_control,lbrent,nuclear_threat,30,407,1990-04-01,2024-02-01,0.085975196884,HC3,0.501466122764,0.0619535010659,0.165216991615,-0.0159292440466,0.187879637815,-0.0354514339213,0.207401827689,0.0597510551843,0.150181686074,-0.0123065429502,0.184256936718,-0.0311347193156,0.203085113084,0.0865609790593,407,Conditional specification; production growth is not an identified supply shock
single,current_production_growth_control,lbrent,nuclear_threat,31,406,1990-04-01,2024-01-01,0.0658115938167,HC3,0.501557627397,0.0802320481424,0.412064678902,-0.0661583815681,0.197781569202,-0.0914403309483,0.223063518582,0.0758186258588,0.385386920449,-0.0588989479175,0.190522135551,-0.0827901822238,0.214413369857,0.0660078194398,406,Conditional specification; production growth is not an identified supply shock
single,current_production_growth_control,lbrent,nuclear_threat,32,405,1990-04-01,2023-12-01,0.0109152274348,HC3,0.503825070892,0.0911738523962,0.904705879121,-0.139052414362,0.160882869232,-0.167782239593,0.189612694463,0.0852056216538,0.898066238913,-0.129235548379,0.151066003249,-0.156084722287,0.177915177157,0.0112026538929,405,Conditional specification; production growth is not an identified supply shock
single,current_production_growth_control,lbrent,nuclear_threat,33,404,1990-04-01,2023-11-01,0.0193883533623,HC3,0.503901441293,0.0758923798794,0.798358818468,-0.10544350294,0.144220209665,-0.129357977902,0.168134684627,0.0722777965657,0.78850865347,-0.0994980424669,0.138274749192,-0.122273524788,0.161050231513,0.0198909519372,404,Conditional specification; production growth is not an identified supply shock
single,current_production_growth_control,lbrent,nuclear_threat,34,403,1990-04-01,2023-10-01,0.0324391297701,HC3,0.503921347188,0.0651134288736,0.6183472008,-0.0746629298759,0.139541189416,-0.0951808457321,0.160059105272,0.062846744645,0.605740953027,-0.0709345661014,0.135812825642,-0.0907382262798,0.15561648582,0.0328614145186,403,Conditional specification; production growth is not an identified supply shock
single,current_production_growth_control,lbrent,nuclear_threat,35,402,1990-04-01,2023-09-01,0.0222726593524,HC3,0.504036361741,0.0672528490948,0.740510089759,-0.088348433404,0.132893752109,-0.109540502731,0.154085821436,0.065113975068,0.73230836212,-0.0848302987034,0.129375617408,-0.105348386671,0.149893705376,0.0228441337161,402,Conditional specification; production growth is not an identified supply shock
single,current_production_growth_control,lbrent,nuclear_threat,36,401,1990-04-01,2023-08-01,0.0139676337704,HC3,0.504184215105,0.0677435250194,0.836647153112,-0.0974605490602,0.125395816601,-0.118807235453,0.146742502994,0.0656444727165,0.831500906677,-0.0940079152667,0.121943182808,-0.114693168538,0.142628436079,0.0144453421516,401,Conditional specification; production growth is not an identified supply shock
single,current_production_growth_control,lbrent,nuclear_threat,37,400,1990-04-01,2023-07-01,0.019327841101,HC3,0.505159753736,0.0661833483654,0.770260014297,-0.0895340795017,0.128189761704,-0.110389138071,0.149044820274,0.063748179461,0.76174470399,-0.085528583097,0.124184265299,-0.105616294723,0.144271976925,0.0197572338035,400,Conditional specification; production growth is not an identified supply shock
single,current_production_growth_control,lbrent,nuclear_threat,38,399,1990-04-01,2023-06-01,0.0165036571446,HC3,0.506003202296,0.0648254360449,0.799042769881,-0.0901246964526,0.123132010742,-0.110551862786,0.143559177075,0.0623282166123,0.791174100207,-0.0860171360115,0.119024450301,-0.105657402636,0.138664716925,0.0170190972321,399,Conditional specification; production growth is not an identified supply shock
single,current_production_growth_control,lbrent,nuclear_threat,39,398,1990-04-01,2023-05-01,0.0195424281221,HC3,0.506114377726,0.0619402731007,0.75237871791,-0.082340254742,0.121425110986,-0.101858276348,0.140943132592,0.0597628988104,0.743668388773,-0.0787587927433,0.117843648988,-0.097590701158,0.136675557402,0.0199405535988,398,Conditional specification; production growth is not an identified supply shock
single,current_production_growth_control,lbrent,nuclear_threat,40,397,1990-04-01,2023-04-01,0.0283533047999,HC3,0.508486328914,0.0620470547856,0.647696522221,-0.0737050183058,0.130411627906,-0.0932566879266,0.149963297526,0.0601588619192,0.637421374379,-0.0705992174212,0.127305827021,-0.0895558979127,0.146262507513,0.0288731014863,397,Conditional specification; production growth is not an identified supply shock
single,current_production_growth_control,lbrent,nuclear_threat,41,396,1990-04-01,2023-03-01,0.0216693192853,HC3,0.508895277605,0.0630868268982,0.731234332306,-0.082099276751,0.125437915322,-0.101978589334,0.145317227905,0.061240894262,0.723460737262,-0.0790629877593,0.12240162633,-0.0983606278493,0.14169926642,0.0222473235871,396,Conditional specification; production growth is not an identified supply shock
single,current_production_growth_control,lbrent,nuclear_threat,42,395,1990-04-01,2023-02-01,0.0221391957124,HC3,0.508902193986,0.0639619307955,0.729244400471,-0.0830688181434,0.127347209568,-0.103223885028,0.147502276453,0.0623159409577,0.722384787147,-0.0803614057887,0.124639797214,-0.0999978042273,0.144276195652,0.0224293014757,395,Conditional specification; production growth is not an identified supply shock
single,current_production_growth_control,lbrent,nuclear_threat,43,394,1990-04-01,2023-01-01,0.00775424780514,HC3,0.508912053128,0.0635188917051,0.902837387843,-0.0967250315959,0.112233527206,-0.116740492275,0.132248987885,0.0620567086787,0.900559791091,-0.0943199545417,0.109828450152,-0.113874666204,0.129383161814,0.0077453264964,394,Conditional specification; production growth is not an identified supply shock
single,current_production_growth_control,lbrent,nuclear_threat,44,393,1990-04-01,2022-12-01,0.0184829015335,HC3,0.509571777293,0.0593431909365,0.755452595686,-0.0791279613133,0.11609376438,-0.0978276154298,0.134793418497,0.0579473004812,0.749756445034,-0.076831925835,0.113797728902,-0.095091720411,0.132057523478,0.0185026067618,393,Conditional specification; production growth is not an identified supply shock
single,current_production_growth_control,lbrent,nuclear_threat,45,392,1990-04-01,2022-11-01,0.0184444360676,HC3,0.510401065526,0.0578798349569,0.749978481681,-0.0767594203885,0.113648292524,-0.0949979558789,0.131886828014,0.0566688311376,0.744819620929,-0.0747674963641,0.111656368499,-0.092624432008,0.129513304143,0.018677821081,392,Conditional specification; production growth is not an identified supply shock
single,current_production_growth_control,lbrent,nuclear_threat,46,391,1990-04-01,2022-10-01,0.0191529336208,HC3,0.510590721099,0.0561873384102,0.733196685888,-0.073267013752,0.111572880994,-0.0909722260503,0.129278093292,0.0552210421919,0.728710608339,-0.0716775979126,0.109983465154,-0.089078320264,0.127384187506,0.0193609336178,391,Conditional specification; production growth is not an identified supply shock
single,current_production_growth_control,lbrent,nuclear_threat,47,390,1990-04-01,2022-09-01,0.0235740873054,HC3,0.510627856999,0.0540009240845,0.662437946856,-0.0652495285337,0.112397703144,-0.0822657790321,0.129413953643,0.0530955942855,0.657047439078,-0.0637603935302,0.110908568141,-0.0804913652319,0.127639539843,0.0236717995997,390,Conditional specification; production growth is not an identified supply shock
single,current_production_growth_control,lbrent,nuclear_threat,48,389,1990-04-01,2022-08-01,0.0146815801241,HC3,0.510801975672,0.0538681562417,0.785201803888,-0.0739236520472,0.103286812295,-0.0908980660232,0.120261226271,0.0529317134652,0.781497309207,-0.0723833407499,0.101746500998,-0.0890626719077,0.118425832156,0.014845668432,389,Conditional specification; production growth is not an identified supply shock
