model,outcome,event,horizon,beta,block_length,draws,seed,multiplier_se,critical90,critical95,sim90_low,sim90_high,sim95_low,sim95_high
single,lwti,military_conflict,0,0.065124540943,1,1999,20260920,0.0255629038089,2.52008509378,2.77957628652,0.000703848100428,0.129545233786,-0.00592950029875,0.136178582185
single,lwti,military_conflict,1,0.0473526791375,1,1999,20260920,0.0405258500887,2.52008509378,2.77957628652,-0.0547759115839,0.149481269859,-0.06529201276,0.159997371035
single,lwti,military_conflict,2,0.0155723003004,1,1999,20260920,0.0502231744755,2.52008509378,2.77957628652,-0.110994373058,0.142138973659,-0.124026844505,0.155171445106
single,lwti,military_conflict,3,-0.00030824478444,1,1999,20260920,0.0458186009407,2.52008509378,2.77957628652,-0.115775018033,0.115158528464,-0.12766454144,0.127048051872
single,lwti,military_conflict,4,-0.00668024763771,1,1999,20260920,0.0402459418461,2.52008509378,2.77957628652,-0.108103445769,0.0947429504937,-0.118546913222,0.105186417946
single,lwti,military_conflict,5,0.00230098233755,1,1999,20260920,0.0385742127754,2.52008509378,2.77957628652,-0.0949093162819,0.099511280957,-0.104918984764,0.109520949439
single,lwti,military_conflict,6,-0.0471543597054,1,1999,20260920,0.0361650721276,2.52008509378,2.77957628652,-0.13829341889,0.0439846994788,-0.147677936591,0.0533692171806
single,lwti,military_conflict,7,-0.0430706134081,1,1999,20260920,0.0354095180571,2.52008509378,2.77957628652,-0.132305612042,0.0461643852255,-0.141494070117,0.0553528433004
single,lwti,military_conflict,8,-0.0427894599761,1,1999,20260920,0.0397582637812,2.52008509378,2.77957628652,-0.142983667886,0.0574047479333,-0.153300587175,0.067721667223
single,lwti,military_conflict,9,-0.0239959805324,1,1999,20260920,0.0412541454697,2.52008509378,2.77957628652,-0.127959937587,0.0799679765223,-0.138665025,0.0906730639356
single,lwti,military_conflict,10,-0.00636447364324,1,1999,20260920,0.0463352745949,2.52008509378,2.77957628652,-0.123133308466,0.11040436118,-0.135156904136,0.12242795685
single,lwti,military_conflict,11,0.010337233002,1,1999,20260920,0.0516322251934,2.52008509378,2.77957628652,-0.119780368067,0.140454834071,-0.133178475766,0.15385294177
single,lwti,military_conflict,12,-0.00153839171121,1,1999,20260920,0.0497805888541,2.52008509378,2.77957628652,-0.126989711642,0.12391292822,-0.139907336019,0.136830552596
single,lwti,military_conflict,13,-0.00519790642702,1,1999,20260920,0.0556386478451,2.52008509378,2.77957628652,-0.1454120335,0.135016220646,-0.159849772591,0.149453959737
single,lwti,military_conflict,14,0.0209008138072,1,1999,20260920,0.0590989755882,2.52008509378,2.77957628652,-0.12803363363,0.169835261245,-0.143369297295,0.18517092491
single,lwti,military_conflict,15,0.0178376210336,1,1999,20260920,0.0536776444452,2.52008509378,2.77957628652,-0.117434610602,0.153109852669,-0.131363486582,0.16703872865
single,lwti,military_conflict,16,-0.0049637516902,1,1999,20260920,0.053593710082,2.52008509378,2.77957628652,-0.140024461588,0.130096958208,-0.15393155734,0.14400405396
single,lwti,military_conflict,17,0.0102798925685,1,1999,20260920,0.0544591831567,2.52008509378,2.77957628652,-0.126961883124,0.147521668261,-0.141093561517,0.161653346654
single,lwti,military_conflict,18,0.00186956874838,1,1999,20260920,0.0576454311718,2.52008509378,2.77957628652,-0.143401823072,0.147140960569,-0.158360304763,0.162099442259
single,lwti,military_conflict,19,0.0120770629934,1,1999,20260920,0.0583131643802,2.52008509378,2.77957628652,-0.134877073332,0.159031199319,-0.150008825909,0.174162951896
single,lwti,military_conflict,20,0.0351417038751,1,1999,20260920,0.0587800562962,2.52008509378,2.77957628652,-0.112989039808,0.183272447559,-0.128241946726,0.198525354476
single,lwti,military_conflict,21,0.0275239358089,1,1999,20260920,0.06000469015,2.52008509378,2.77957628652,-0.123692989395,0.178740861013,-0.139263678012,0.19431154963
single,lwti,military_conflict,22,0.0174347157956,1,1999,20260920,0.0620354679108,2.52008509378,2.77957628652,-0.138899942172,0.173769373763,-0.154997599732,0.189867031324
single,lwti,military_conflict,23,0.00833351203494,1,1999,20260920,0.0628145315964,2.52008509378,2.77957628652,-0.149964452714,0.166631476784,-0.166264270439,0.182931294509
single,lwti,military_conflict,24,0.00589755499183,1,1999,20260920,0.0643165171073,2.52008509378,2.77957628652,-0.156185541054,0.167980651038,-0.172875110791,0.184670220775
single,lwti,military_conflict,25,0.0277269569479,1,1999,20260920,0.0650676581524,2.52008509378,2.77957628652,-0.136249078449,0.191702992345,-0.153133562672,0.208587476567
single,lwti,military_conflict,26,0.0131240666597,1,1999,20260920,0.0652742791821,2.52008509378,2.77957628652,-0.151372671314,0.177620804634,-0.168310771874,0.194558905194
single,lwti,military_conflict,27,0.00492571627977,1,1999,20260920,0.0661811029911,2.52008509378,2.77957628652,-0.161856294858,0.171707727418,-0.17902970821,0.188881140769
single,lwti,military_conflict,28,-0.00426775842002,1,1999,20260920,0.0661320048321,2.52008509378,2.77957628652,-0.170926038019,0.162390521179,-0.188086710831,0.179551193991
single,lwti,military_conflict,29,0.00799319891409,1,1999,20260920,0.0691875027391,2.52008509378,2.77957628652,-0.166365195415,0.182351593243,-0.184318743023,0.200305140851
single,lwti,military_conflict,30,-0.00777190186023,1,1999,20260920,0.0680517177522,2.52008509378,2.77957628652,-0.179268021374,0.163724217653,-0.196926842781,0.181383039061
single,lwti,military_conflict,31,0.000996532934105,1,1999,20260920,0.0682665633847,2.52008509378,2.77957628652,-0.171041015855,0.173034081723,-0.188755587812,0.19074865368
single,lwti,military_conflict,32,-0.0205873655805,1,1999,20260920,0.0676943914232,2.52008509378,2.77957628652,-0.191182992338,0.150008261177,-0.20874909071,0.167574359549
single,lwti,military_conflict,33,-0.0181954279841,1,1999,20260920,0.0691583066111,2.52008509378,2.77957628652,-0.192480245586,0.156089389618,-0.210426217056,0.174035361088
single,lwti,military_conflict,34,0.000681888901103,1,1999,20260920,0.0790478813971,2.52008509378,2.77957628652,-0.198525498703,0.199889276505,-0.21903772773,0.220401505532
single,lwti,military_conflict,35,0.0025300902924,1,1999,20260920,0.0914634244314,2.52008509378,2.77957628652,-0.227965522243,0.233025702828,-0.251699475341,0.256759655925
single,lwti,military_conflict,36,-0.00231802104475,1,1999,20260920,0.096303600192,2.52008509378,2.77957628652,-0.245011288366,0.240375246276,-0.270001224445,0.265365182355
single,lwti,military_conflict,37,0.00227346586108,1,1999,20260920,0.10110698127,2.52008509378,2.77957628652,-0.252524730516,0.257071662238,-0.27876110168,0.283308033402
single,lwti,military_conflict,38,-0.022985925748,1,1999,20260920,0.09637314116,2.52008509378,2.77957628652,-0.265854442226,0.21988259073,-0.290862423573,0.244890572077
single,lwti,military_conflict,39,-0.00388617700505,1,1999,20260920,0.0924397582922,2.52008509378,2.77957628652,-0.23684223395,0.22906987994,-0.260829537085,0.253057183075
single,lwti,military_conflict,40,-1.50769987786e-05,1,1999,20260920,0.0930908845762,2.52008509378,2.77957628652,-0.234612027586,0.234581873588,-0.258768292258,0.25873813826
single,lwti,military_conflict,41,0.0141266543752,1,1999,20260920,0.0927831201227,2.52008509378,2.77957628652,-0.219694703601,0.247948012351,-0.243771106107,0.272024414857
single,lwti,military_conflict,42,0.0266964258508,1,1999,20260920,0.0973469624027,2.52008509378,2.77957628652,-0.218626203025,0.272019054727,-0.243886882408,0.29727973411
single,lwti,military_conflict,43,0.00926314148589,1,1999,20260920,0.101683336824,2.52008509378,2.77957628652,-0.24698751993,0.265513802901,-0.273373450283,0.291899733255
single,lwti,military_conflict,44,0.0212971289441,1,1999,20260920,0.108997156955,2.52008509378,2.77957628652,-0.253384981562,0.295979239451,-0.281668783825,0.324263041714
single,lwti,military_conflict,45,0.0524517704135,1,1999,20260920,0.11025866374,2.52008509378,2.77957628652,-0.225409444538,0.330312985365,-0.254020596702,0.358924137529
single,lwti,military_conflict,46,0.0575927899112,1,1999,20260920,0.107932215724,2.52008509378,2.77957628652,-0.214405578074,0.329591157896,-0.242413037467,0.357598617289
single,lwti,military_conflict,47,0.0395620561419,1,1999,20260920,0.0926122660424,2.52008509378,2.77957628652,-0.193828735013,0.272952847296,-0.21786080239,0.296984914674
single,lwti,military_conflict,48,0.0465391798434,1,1999,20260920,0.084466635508,2.52008509378,2.77957628652,-0.166323929222,0.259402288909,-0.188242277216,0.281320636903
single,lwti,military_conflict,0,0.065124540943,6,1999,20260925,0.0201675419788,2.6154442729,2.87586922455,0.0123774587759,0.11787162311,0.00712532763123,0.123123754255
single,lwti,military_conflict,1,0.0473526791375,6,1999,20260925,0.029653764732,2.6154442729,2.87586922455,-0.0302050900008,0.124910448276,-0.0379276702472,0.132633028522
single,lwti,military_conflict,2,0.0155723003004,6,1999,20260925,0.037440026368,2.6154442729,2.87586922455,-0.0823500022412,0.113494602842,-0.0921003192976,0.123244919899
single,lwti,military_conflict,3,-0.00030824478444,6,1999,20260925,0.035479452577,2.6154442729,2.87586922455,-0.0931027758328,0.092486286264,-0.102342510555,0.101726020986
single,lwti,military_conflict,4,-0.00668024763771,6,1999,20260925,0.031210171805,2.6154442729,2.87586922455,-0.0883087127413,0.0749482174659,-0.0964366202245,0.0830761249491
single,lwti,military_conflict,5,0.00230098233755,6,1999,20260925,0.0329876400288,2.6154442729,2.87586922455,-0.0839763518524,0.0885783165275,-0.0925671564118,0.0971691210869
single,lwti,military_conflict,6,-0.0471543597054,6,1999,20260925,0.0292666656225,2.6154442729,2.87586922455,-0.123699692695,0.0293909732841,-0.131321462674,0.0370127432636
single,lwti,military_conflict,7,-0.0430706134081,6,1999,20260925,0.0303757616347,2.6154442729,2.87586922455,-0.122516725211,0.0363754983946,-0.130427331466,0.0442861046495
single,lwti,military_conflict,8,-0.0427894599761,6,1999,20260925,0.0345909516386,2.6154442729,2.87586922455,-0.133260166334,0.0476812463813,-0.142268513241,0.0566895932891
single,lwti,military_conflict,9,-0.0239959805324,6,1999,20260925,0.032190182655,2.6154442729,2.87586922455,-0.108187609401,0.0601956483365,-0.116570736163,0.0685787750979
single,lwti,military_conflict,10,-0.00636447364324,6,1999,20260925,0.0339178742233,2.6154442729,2.87586922455,-0.0950747835297,0.0823458362432,-0.103907844284,0.0911788969977
single,lwti,military_conflict,11,0.010337233002,6,1999,20260925,0.0373251175615,2.6154442729,2.87586922455,-0.0872845319598,0.107958997964,-0.0970049238959,0.1176793899
single,lwti,military_conflict,12,-0.00153839171121,6,1999,20260925,0.0372024927034,2.6154442729,2.87586922455,-0.0988394381902,0.0957626547678,-0.108527895554,0.105451112131
single,lwti,military_conflict,13,-0.00519790642702,6,1999,20260925,0.0412869631413,2.6154442729,2.87586922455,-0.113181657721,0.102785844867,-0.1239338131,0.113538000246
single,lwti,military_conflict,14,0.0209008138072,6,1999,20260925,0.0469579584154,2.6154442729,2.87586922455,-0.101915109598,0.143716737212,-0.114144133647,0.155945761262
single,lwti,military_conflict,15,0.0178376210336,6,1999,20260925,0.0446223979305,2.6154442729,2.87586922455,-0.0988697740772,0.134545016144,-0.110490559901,0.146165801968
single,lwti,military_conflict,16,-0.0049637516902,6,1999,20260925,0.0451239031246,2.6154442729,2.87586922455,-0.122982805688,0.113055302308,-0.134734195978,0.124806692597
single,lwti,military_conflict,17,0.0102798925685,6,1999,20260925,0.0484254661566,2.6154442729,2.87586922455,-0.116374215554,0.136934000691,-0.128985415236,0.149545200373
single,lwti,military_conflict,18,0.00186956874838,6,1999,20260925,0.0494732803845,2.6154442729,2.87586922455,-0.127525039095,0.131264176592,-0.140409115747,0.144148253244
single,lwti,military_conflict,19,0.0120770629934,6,1999,20260925,0.0514868206838,2.6154442729,2.87586922455,-0.122583847294,0.146737973281,-0.135992300081,0.160146426068
single,lwti,military_conflict,20,0.0351417038751,6,1999,20260925,0.0500095794217,2.6154442729,2.87586922455,-0.0956555642137,0.165938971964,-0.108679306516,0.178962714267
single,lwti,military_conflict,21,0.0275239358089,6,1999,20260925,0.0490614155497,2.6154442729,2.87586922455,-0.100793462511,0.155841334129,-0.113570279283,0.168618150901
single,lwti,military_conflict,22,0.0174347157956,6,1999,20260925,0.0509897264307,2.6154442729,2.87586922455,-0.115926072175,0.150795503766,-0.129205069215,0.164074500806
single,lwti,military_conflict,23,0.00833351203494,6,1999,20260925,0.0481197480274,2.6154442729,2.87586922455,-0.117521007357,0.134188031427,-0.13005259041,0.14671961448
single,lwti,military_conflict,24,0.00589755499183,6,1999,20260925,0.0480302059519,2.6154442729,2.87586922455,-0.119722772091,0.131517882075,-0.132231036154,0.144026146138
single,lwti,military_conflict,25,0.0277269569479,6,1999,20260925,0.0488527172526,2.6154442729,2.87586922455,-0.100044602606,0.155498516502,-0.112767069134,0.16822098303
single,lwti,military_conflict,26,0.0131240666597,6,1999,20260925,0.0471274288633,2.6154442729,2.87586922455,-0.110135097257,0.136383230577,-0.12240825564,0.14865638896
single,lwti,military_conflict,27,0.00492571627977,6,1999,20260925,0.0462645290709,2.6154442729,2.87586922455,-0.116076581317,0.125928013877,-0.128125019063,0.137976451623
single,lwti,military_conflict,28,-0.00426775842002,6,1999,20260925,0.0461913734452,2.6154442729,2.87586922455,-0.125078721555,0.116543204715,-0.137108107751,0.128572590911
single,lwti,military_conflict,29,0.00799319891409,6,1999,20260925,0.0441738546311,2.6154442729,2.87586922455,-0.107541056193,0.123527454021,-0.119045030149,0.135031427977
single,lwti,military_conflict,30,-0.00777190186023,6,1999,20260925,0.0433402670651,2.6154442729,2.87586922455,-0.121125955142,0.105582151421,-0.132412842096,0.116869038376
single,lwti,military_conflict,31,0.000996532934105,6,1999,20260925,0.0436537137613,2.6154442729,2.87586922455,-0.113177322714,0.115170388582,-0.124545839009,0.126538904878
single,lwti,military_conflict,32,-0.0205873655805,6,1999,20260925,0.0424875792614,2.6154442729,2.87586922455,-0.131711261429,0.0905365302684,-0.142776087204,0.101601356043
single,lwti,military_conflict,33,-0.0181954279841,6,1999,20260925,0.0433070139699,2.6154442729,2.87586922455,-0.131462509648,0.0950716536802,-0.142740736667,0.106349880699
single,lwti,military_conflict,34,0.000681888901103,6,1999,20260925,0.0435513170622,2.6154442729,2.87586922455,-0.113224153887,0.114587931689,-0.124566003527,0.125929781329
single,lwti,military_conflict,35,0.0025300902924,6,1999,20260925,0.0513250951212,2.6154442729,2.87586922455,-0.131707835799,0.136768016384,-0.145074171214,0.150134351799
single,lwti,military_conflict,36,-0.00231802104475,6,1999,20260925,0.0534752169753,2.6154442729,2.87586922455,-0.142179471025,0.137543428936,-0.15610575182,0.151469709731
single,lwti,military_conflict,37,0.00227346586108,6,1999,20260925,0.0568538609107,2.6154442729,2.87586922455,-0.14642463905,0.150971570772,-0.161230803029,0.165777734751
single,lwti,military_conflict,38,-0.022985925748,6,1999,20260925,0.0552150574616,2.6154442729,2.87586922455,-0.167397831564,0.121425980068,-0.181777210234,0.135805358738
single,lwti,military_conflict,39,-0.00388617700505,6,1999,20260925,0.054049715733,2.6154442729,2.87586922455,-0.145250196471,0.137477842461,-0.159326091077,0.151553737067
single,lwti,military_conflict,40,-1.50769987786e-05,6,1999,20260925,0.0554783967174,2.6154442729,2.87586922455,-0.145115731963,0.145085577966,-0.159563690746,0.159533536748
single,lwti,military_conflict,41,0.0141266543752,6,1999,20260925,0.0545421795609,2.6154442729,2.87586922455,-0.128525376789,0.15677868554,-0.142729521264,0.170982830014
single,lwti,military_conflict,42,0.0266964258508,6,1999,20260925,0.0541393503911,2.6154442729,2.87586922455,-0.114902028068,0.16829487977,-0.129001265776,0.182394117478
single,lwti,military_conflict,43,0.00926314148589,6,1999,20260925,0.0530459340865,2.6154442729,2.87586922455,-0.129475543021,0.148001825993,-0.143290027841,0.161816310813
single,lwti,military_conflict,44,0.0212971289441,6,1999,20260925,0.0545158290433,2.6154442729,2.87586922455,-0.12128598391,0.163880241798,-0.135483266052,0.178077523941
single,lwti,military_conflict,45,0.0524517704135,6,1999,20260925,0.0569213335457,2.6154442729,2.87586922455,-0.0964228054146,0.201326346242,-0.111246540951,0.216150081778
single,lwti,military_conflict,46,0.0575927899112,6,1999,20260925,0.0554892534215,2.6154442729,2.87586922455,-0.0875362601577,0.20272183998,-0.101987046297,0.217172626119
single,lwti,military_conflict,47,0.0395620561419,6,1999,20260925,0.0567624727498,2.6154442729,2.87586922455,-0.108897028127,0.188021140411,-0.123679392349,0.202803504632
single,lwti,military_conflict,48,0.0465391798434,6,1999,20260925,0.0509941218465,2.6154442729,2.87586922455,-0.0868331040919,0.179911463779,-0.100113245808,0.193191605495
single,lwti,military_conflict,0,0.065124540943,12,1999,20260931,0.020045923329,2.56727468235,2.75063511443,0.013661149496,0.11658793239,0.00998552033289,0.120263561553
single,lwti,military_conflict,1,0.0473526791375,12,1999,20260931,0.028379486893,2.56727468235,2.75063511443,-0.0255052590609,0.120210617336,-0.0307089340399,0.125414292315
single,lwti,military_conflict,2,0.0155723003004,12,1999,20260931,0.0349307222276,2.56727468235,2.75063511443,-0.0741044585107,0.105249059112,-0.0805093708313,0.111653971432
single,lwti,military_conflict,3,-0.00030824478444,12,1999,20260931,0.034349632371,2.56727468235,2.75063511443,-0.0884931863186,0.0878766967497,-0.0947915497521,0.0941750601832
single,lwti,military_conflict,4,-0.00668024763771,12,1999,20260931,0.029313242044,2.56727468235,2.75063511443,-0.0819353917949,0.0685748965195,-0.0873102805219,0.0739497852465
single,lwti,military_conflict,5,0.00230098233755,12,1999,20260931,0.0318554189435,2.56727468235,2.75063511443,-0.0794806282116,0.0840825928867,-0.0853216515933,0.0899236162684
single,lwti,military_conflict,6,-0.0471543597054,12,1999,20260931,0.0311882183693,2.56727468235,2.75063511443,-0.127223083113,0.0329143637018,-0.132941768309,0.0386330488979
single,lwti,military_conflict,7,-0.0430706134081,12,1999,20260931,0.033454587681,2.56727468235,2.75063511443,-0.12895772937,0.0428165025537,-0.135091977022,0.0489507502061
single,lwti,military_conflict,8,-0.0427894599761,12,1999,20260931,0.036618078941,2.56727468235,2.75063511443,-0.136798126957,0.0512192070052,-0.143512433734,0.0579335137819
single,lwti,military_conflict,9,-0.0239959805324,12,1999,20260931,0.0364526541794,2.56727468235,2.75063511443,-0.117579956712,0.0695879956468,-0.124263931133,0.0762719700677
single,lwti,military_conflict,10,-0.00636447364324,12,1999,20260931,0.0375479994778,2.56727468235,2.75063511443,-0.102760502076,0.090031554789,-0.109645319484,0.0969163721972
single,lwti,military_conflict,11,0.010337233002,12,1999,20260931,0.0417472399047,2.56727468235,2.75063511443,-0.0968393990633,0.117513865067,-0.104494191011,0.125168657015
single,lwti,military_conflict,12,-0.00153839171121,12,1999,20260931,0.0423578986057,2.56727468235,2.75063511443,-0.110282752399,0.107205968977,-0.11804951499,0.114972731567
single,lwti,military_conflict,13,-0.00519790642702,12,1999,20260931,0.0464336328302,2.56727468235,2.75063511443,-0.124405796402,0.114009983548,-0.132919887381,0.122524074526
single,lwti,military_conflict,14,0.0209008138072,12,1999,20260931,0.0526415192023,2.56727468235,2.75063511443,-0.114244425681,0.156046053296,-0.123896797388,0.165698425002
single,lwti,military_conflict,15,0.0178376210336,12,1999,20260931,0.0505679959305,2.56727468235,2.75063511443,-0.111984314656,0.147659556723,-0.121256484239,0.156931726306
single,lwti,military_conflict,16,-0.0049637516902,12,1999,20260931,0.0515642973741,2.56727468235,2.75063511443,-0.137343466852,0.127415963472,-0.146798318699,0.136870815318
single,lwti,military_conflict,17,0.0102798925685,12,1999,20260931,0.0552612281857,2.56727468235,2.75063511443,-0.131590859468,0.152150644605,-0.141723582146,0.162283367283
single,lwti,military_conflict,18,0.00186956874838,12,1999,20260931,0.055951286793,2.56727468235,2.75063511443,-0.14177275328,0.145511890777,-0.152032005402,0.155771142899
single,lwti,military_conflict,19,0.0120770629934,12,1999,20260931,0.0571854916124,2.56727468235,2.75063511443,-0.134733801821,0.158887927808,-0.145219358272,0.169373484259
single,lwti,military_conflict,20,0.0351417038751,12,1999,20260931,0.0553693537311,2.56727468235,2.75063511443,-0.107006636137,0.177290043887,-0.117159184761,0.187442592511
single,lwti,military_conflict,21,0.0275239358089,12,1999,20260931,0.0547687921931,2.56727468235,2.75063511443,-0.113082597771,0.168130469389,-0.123125027172,0.17817289879
single,lwti,military_conflict,22,0.0174347157956,12,1999,20260931,0.0570413942885,2.56727468235,2.75063511443,-0.129006211607,0.163875643198,-0.139465346311,0.174334777902
single,lwti,military_conflict,23,0.00833351203494,12,1999,20260931,0.0519839746417,2.56727468235,2.75063511443,-0.125123629951,0.14179065402,-0.134655434002,0.151322458072
single,lwti,military_conflict,24,0.00589755499183,12,1999,20260931,0.0507208597744,2.56727468235,2.75063511443,-0.124316824174,0.136111934158,-0.133617022938,0.145412132922
single,lwti,military_conflict,25,0.0277269569479,12,1999,20260931,0.0500206455606,2.56727468235,2.75063511443,-0.100689779994,0.15614369389,-0.109861587178,0.165315501073
single,lwti,military_conflict,26,0.0131240666597,12,1999,20260931,0.0471265638788,2.56727468235,2.75063511443,-0.107862767652,0.134110900972,-0.116503914768,0.142752048087
single,lwti,military_conflict,27,0.00492571627977,12,1999,20260931,0.0473012432291,2.56727468235,2.75063511443,-0.116509567906,0.126361000466,-0.125182744303,0.135034176862
single,lwti,military_conflict,28,-0.00426775842002,12,1999,20260931,0.0477591931883,2.56727468235,2.75063511443,-0.126878725942,0.118343209102,-0.135635872241,0.127100355401
single,lwti,military_conflict,29,0.00799319891409,12,1999,20260931,0.0444375165412,2.56727468235,2.75063511443,-0.106090112249,0.122076510077,-0.114238194482,0.13022459231
single,lwti,military_conflict,30,-0.00777190186023,12,1999,20260931,0.0447826093858,2.56727468235,2.75063511443,-0.122741161146,0.107197357425,-0.130952519753,0.115408716032
single,lwti,military_conflict,31,0.000996532934105,12,1999,20260931,0.0456337608579,2.56727468235,2.75063511443,-0.116157865977,0.118150931845,-0.124525292085,0.126518357953
single,lwti,military_conflict,32,-0.0205873655805,12,1999,20260931,0.0434808669913,2.56727468235,2.75063511443,-0.132214694574,0.0910399634129,-0.140187365133,0.0990126339719
single,lwti,military_conflict,33,-0.0181954279841,12,1999,20260931,0.0450582315074,2.56727468235,2.75063511443,-0.133872284965,0.0974814289963,-0.142134181763,0.105743325794
single,lwti,military_conflict,34,0.000681888901103,12,1999,20260931,0.042200909124,2.56727468235,2.75063511443,-0.107659436665,0.109023214467,-0.115397413596,0.116761191399
single,lwti,military_conflict,35,0.0025300902924,12,1999,20260931,0.0483460921448,2.56727468235,2.75063511443,-0.121587608062,0.126647788646,-0.130452368407,0.135512548992
single,lwti,military_conflict,36,-0.00231802104475,12,1999,20260931,0.0486741068667,2.56727468235,2.75063511443,-0.12727782329,0.1226417812,-0.136202728556,0.131566686467
single,lwti,military_conflict,37,0.00227346586108,12,1999,20260931,0.0518107364936,2.56727468235,2.75063511443,-0.130738926213,0.135285857935,-0.140238965243,0.144785896965
single,lwti,military_conflict,38,-0.022985925748,12,1999,20260931,0.0515772997503,2.56727468235,2.75063511443,-0.155399021581,0.109427170085,-0.164856257549,0.118884406053
single,lwti,military_conflict,39,-0.00388617700505,12,1999,20260931,0.0497196745735,2.56727468235,2.75063511443,-0.131530238752,0.123757884742,-0.140646859765,0.132874505755
single,lwti,military_conflict,40,-1.50769987786e-05,12,1999,20260931,0.0523768141186,2.56727468235,2.75063511443,-0.134480745827,0.13445059183,-0.144084581095,0.144054427098
single,lwti,military_conflict,41,0.0141266543752,12,1999,20260931,0.0522981483951,2.56727468235,2.75063511443,-0.120137057933,0.148390366684,-0.12972646902,0.157979777771
single,lwti,military_conflict,42,0.0266964258508,12,1999,20260931,0.0514610498489,2.56727468235,2.75063511443,-0.105418224553,0.158811076255,-0.114854144889,0.168246996591
single,lwti,military_conflict,43,0.00926314148589,12,1999,20260931,0.0482255354256,2.56727468235,2.75063511443,-0.114545054655,0.133071337627,-0.123387709668,0.14191399264
single,lwti,military_conflict,44,0.0212971289441,12,1999,20260931,0.0484881572463,2.56727468235,2.75063511443,-0.103185289548,0.145779547436,-0.112076099012,0.1546703569
single,lwti,military_conflict,45,0.0524517704135,12,1999,20260931,0.0512858168205,2.56727468235,2.75063511443,-0.0792130086734,0.1841165495,-0.0886167982054,0.193520339032
single,lwti,military_conflict,46,0.0575927899112,12,1999,20260931,0.0486046690235,2.56727468235,2.75063511443,-0.0671887463169,0.182374326139,-0.0761009194303,0.191286499253
single,lwti,military_conflict,47,0.0395620561419,12,1999,20260931,0.05540368425,2.56727468235,2.75063511443,-0.102674419742,0.181798532026,-0.112833263225,0.191957375509
single,lwti,military_conflict,48,0.0465391798434,12,1999,20260931,0.0509648763306,2.56727468235,2.75063511443,-0.0843016568493,0.177380016536,-0.0936465985944,0.186724958281
single,lwti,diplomatic_tension,0,-0.0121237005105,1,1999,20260920,0.0306075093833,2.68700951331,2.92204204538,-0.0943663694021,0.0701189683812,-0.101560129833,0.0773127288119
single,lwti,diplomatic_tension,1,-0.0273772974067,1,1999,20260920,0.0495305824545,2.68700951331,2.92204204538,-0.160466443662,0.105711848848,-0.172107741871,0.117353147058
single,lwti,diplomatic_tension,2,-0.0433949340563,1,1999,20260920,0.0607968880859,2.68700951331,2.92204204538,-0.206756750723,0.11996688261,-0.221045997272,0.134256129159
single,lwti,diplomatic_tension,3,-0.0373765749857,1,1999,20260920,0.0644568667873,2.68700951331,2.92204204538,-0.210572789242,0.13581963927,-0.225722249852,0.15096909988
single,lwti,diplomatic_tension,4,0.0124033190398,1,1999,20260920,0.0640697419835,2.68700951331,2.92204204538,-0.159752687185,0.184559325265,-0.174811160873,0.199617798952
single,lwti,diplomatic_tension,5,-0.00729442083791,1,1999,20260920,0.0616744637955,2.68700951331,2.92204204538,-0.173014291785,0.158425450109,-0.187509797175,0.172920955499
single,lwti,diplomatic_tension,6,-0.0133168452654,1,1999,20260920,0.0638833118409,2.68700951331,2.92204204538,-0.184971911924,0.158338221393,-0.199986568463,0.173352877932
single,lwti,diplomatic_tension,7,-0.0277074228923,1,1999,20260920,0.0771691428271,2.68700951331,2.92204204538,-0.235061643803,0.179646798018,-0.253198902839,0.197784057055
single,lwti,diplomatic_tension,8,-0.132620793905,1,1999,20260920,0.0890552638672,2.68700951331,2.92204204538,-0.371913135126,0.106671547317,-0.392844019287,0.127602431478
single,lwti,diplomatic_tension,9,-0.144622850903,1,1999,20260920,0.0722446228655,2.68700951331,2.92204204538,-0.338744839828,0.0494991380222,-0.355724676469,0.0664789746627
single,lwti,diplomatic_tension,10,-0.171001894531,1,1999,20260920,0.0735154121574,2.68700951331,2.92204204538,-0.368538506373,0.026534717311,-0.385817019839,0.0438132307764
single,lwti,diplomatic_tension,11,-0.1865169966,1,1999,20260920,0.0729256005858,2.68700951331,2.92204204538,-0.382468779138,0.00943478593849,-0.399608667696,0.0265746744968
single,lwti,diplomatic_tension,12,-0.19529046305,1,1999,20260920,0.0746285589077,2.68700951331,2.92204204538,-0.3958181108,0.00523718469934,-0.413358249965,0.0227773238641
single,lwti,diplomatic_tension,13,-0.177120522154,1,1999,20260920,0.0782195403935,2.68700951331,2.92204204538,-0.387297171318,0.0330561270109,-0.405681307954,0.0514402636469
single,lwti,diplomatic_tension,14,-0.169393156874,1,1999,20260920,0.0804711278744,2.68700951331,2.92204204538,-0.385619843019,0.0468335292718,-0.404533175962,0.0657468622146
single,lwti,diplomatic_tension,15,-0.192231337587,1,1999,20260920,0.0836956934838,2.68700951331,2.92204204538,-0.417122462201,0.0326597870276,-0.436793672964,0.0523309977904
single,lwti,diplomatic_tension,16,-0.204706988964,1,1999,20260920,0.0969669175172,2.68700951331,2.92204204538,-0.465258018809,0.0558440408813,-0.48804839896,0.0786344210323
single,lwti,diplomatic_tension,17,-0.209690000428,1,1999,20260920,0.104551101434,2.68700951331,2.92204204538,-0.490619804609,0.0712398037524,-0.515192714709,0.095812713853
single,lwti,diplomatic_tension,18,-0.242301221524,1,1999,20260920,0.110394571166,2.68700951331,2.92204204538,-0.538932484465,0.0543300414167,-0.564878800053,0.0802763570045
single,lwti,diplomatic_tension,19,-0.212648257914,1,1999,20260920,0.108620301254,2.68700951331,2.92204204538,-0.504512040723,0.0792155248938,-0.530041345161,0.104744829332
single,lwti,diplomatic_tension,20,-0.156728709051,1,1999,20260920,0.120218240977,2.68700951331,2.92204204538,-0.479756266229,0.166298848127,-0.508011463806,0.194554045705
single,lwti,diplomatic_tension,21,-0.208757445969,1,1999,20260920,0.102359633032,2.68700951331,2.92204204538,-0.483798753705,0.0662838617673,-0.507856597439,0.0903417055004
single,lwti,diplomatic_tension,22,-0.251093173764,1,1999,20260920,0.0934180069184,2.68700951331,2.92204204538,-0.502108247069,-7.81004592023e-05,-0.524064517775,0.0218781702477
single,lwti,diplomatic_tension,23,-0.305664570955,1,1999,20260920,0.102306668374,2.68700951331,2.92204204538,-0.580563562153,-0.0307655797577,-0.604608957468,-0.00672018444212
single,lwti,diplomatic_tension,24,-0.306418676153,1,1999,20260920,0.0960507981374,2.68700951331,2.92204204538,-0.564508084509,-0.0483292677959,-0.587083146803,-0.0257542055024
single,lwti,diplomatic_tension,25,-0.327804477111,1,1999,20260920,0.101675432331,2.68700951331,2.92204204538,-0.601007331055,-0.0546016231668,-0.624904365365,-0.0307045888568
single,lwti,diplomatic_tension,26,-0.297383945226,1,1999,20260920,0.0956612302315,2.68700951331,2.92204204538,-0.554426580913,-0.0403413095386,-0.576910082076,-0.0178578083765
single,lwti,diplomatic_tension,27,-0.262812279768,1,1999,20260920,0.0919721779163,2.68700951331,2.92204204538,-0.509942396789,-0.0156821627466,-0.531558850645,0.00593429110894
single,lwti,diplomatic_tension,28,-0.236236141693,1,1999,20260920,0.0920577580987,2.68700951331,2.92204204538,-0.483596213479,0.0111239300924,-0.505232781461,0.032760498075
single,lwti,diplomatic_tension,29,-0.211904514039,1,1999,20260920,0.0918852152081,2.68700951331,2.92204204538,-0.458800961436,0.0349919333586,-0.480396976226,0.0565879481487
single,lwti,diplomatic_tension,30,-0.20559837783,1,1999,20260920,0.0940992713025,2.68700951331,2.92204204538,-0.458444015016,0.0472472593557,-0.480560405016,0.0693636493558
single,lwti,diplomatic_tension,31,-0.148876741204,1,1999,20260920,0.0972987284615,2.68700951331,2.92204204538,-0.410319350213,0.112565867805,-0.433187716731,0.135434234323
single,lwti,diplomatic_tension,32,-0.120991871679,1,1999,20260920,0.0990227382016,2.68700951331,2.92204204538,-0.387066911261,0.145083167903,-0.410340476153,0.168356732795
single,lwti,diplomatic_tension,33,-0.123881959979,1,1999,20260920,0.0982135948849,2.68700951331,2.92204204538,-0.387782823771,0.140018903813,-0.410866213661,0.163102293703
single,lwti,diplomatic_tension,34,-0.153409176037,1,1999,20260920,0.100922982623,2.68700951331,2.92204204538,-0.424590190458,0.117771838383,-0.448310374608,0.141492022533
single,lwti,diplomatic_tension,35,-0.213633138386,1,1999,20260920,0.104756110951,2.68700951331,2.92204204538,-0.495113805089,0.0678475283159,-0.519734899095,0.0924686223224
single,lwti,diplomatic_tension,36,-0.160158995623,1,1999,20260920,0.0974991085983,2.68700951331,2.92204204538,-0.422140027966,0.101822036721,-0.445055490334,0.124737499089
single,lwti,diplomatic_tension,37,-0.0938944379615,1,1999,20260920,0.103603795107,2.68700951331,2.92204204538,-0.37227882103,0.184489945107,-0.396629083326,0.208840207403
single,lwti,diplomatic_tension,38,-0.142535683981,1,1999,20260920,0.103955900509,2.68700951331,2.92204204538,-0.421866177615,0.136794809653,-0.446299196135,0.161227828173
single,lwti,diplomatic_tension,39,-0.18132980831,1,1999,20260920,0.110805904578,2.68700951331,2.92204204538,-0.479066328041,0.116406711421,-0.505109320362,0.142449703742
single,lwti,diplomatic_tension,40,-0.204207507052,1,1999,20260920,0.117299516416,2.68700951331,2.92204204538,-0.51939242357,0.110977409466,-0.546961625923,0.13854661182
single,lwti,diplomatic_tension,41,-0.190620342,1,1999,20260920,0.117643745278,2.68700951331,2.92204204538,-0.506730204744,0.125489520743,-0.534380312079,0.153139628078
single,lwti,diplomatic_tension,42,-0.164304887151,1,1999,20260920,0.112434286039,2.68700951331,2.92204204538,-0.466416883359,0.137807109057,-0.492842598298,0.164232823996
single,lwti,diplomatic_tension,43,-0.164999015463,1,1999,20260920,0.114961143231,2.68700951331,2.92204204538,-0.473900700987,0.143902670061,-0.500920309571,0.170922278644
single,lwti,diplomatic_tension,44,-0.144921440294,1,1999,20260920,0.115977071804,2.68700951331,2.92204204538,-0.456552935558,0.166710054969,-0.483811320406,0.193968439817
single,lwti,diplomatic_tension,45,-0.17339678756,1,1999,20260920,0.110821744247,2.68700951331,2.92204204538,-0.471175868636,0.124382293515,-0.497222583794,0.150429008673
single,lwti,diplomatic_tension,46,-0.165656367516,1,1999,20260920,0.11343121297,2.68700951331,2.92204204538,-0.470447115872,0.13913438084,-0.497107141072,0.16579440604
single,lwti,diplomatic_tension,47,-0.216184781725,1,1999,20260920,0.108843262758,2.68700951331,2.92204204538,-0.508647664217,0.0762781007663,-0.534229371862,0.101859808411
single,lwti,diplomatic_tension,48,-0.226655004576,1,1999,20260920,0.10421736189,2.68700951331,2.92204204538,-0.506688047426,0.0533780382746,-0.531182517877,0.0778725087252
single,lwti,diplomatic_tension,0,-0.0121237005105,6,1999,20260925,0.0379733919773,2.66704219597,2.92990504693,-0.113400339238,0.0891529382171,-0.123382133314,0.0991347322927
single,lwti,diplomatic_tension,1,-0.0273772974067,6,1999,20260925,0.0544972596441,2.66704219597,2.92990504693,-0.172723788442,0.117969193629,-0.187049093482,0.132294498668
single,lwti,diplomatic_tension,2,-0.0433949340563,6,1999,20260925,0.0549421450779,2.66704219597,2.92990504693,-0.189927953316,0.103138085204,-0.204370202209,0.117580334096
single,lwti,diplomatic_tension,3,-0.0373765749857,6,1999,20260925,0.0565474303817,2.66704219597,2.92990504693,-0.188190957887,0.113437807916,-0.203055176652,0.12830202668
single,lwti,diplomatic_tension,4,0.0124033190398,6,1999,20260925,0.0585309250743,2.66704219597,2.92990504693,-0.143701127903,0.168507765982,-0.159086733737,0.183893371816
single,lwti,diplomatic_tension,5,-0.00729442083791,6,1999,20260925,0.0567953083096,2.66704219597,2.92990504693,-0.158769904633,0.144181062957,-0.173699281296,0.15911043962
single,lwti,diplomatic_tension,6,-0.0133168452654,6,1999,20260925,0.0584054983626,2.66704219597,2.92990504693,-0.169086773875,0.142453083344,-0.184439409686,0.157805719155
single,lwti,diplomatic_tension,7,-0.0277074228923,6,1999,20260925,0.0596089572513,2.66704219597,2.92990504693,-0.186687027139,0.131272181355,-0.202356007585,0.1469411618
single,lwti,diplomatic_tension,8,-0.132620793905,6,1999,20260925,0.0718524142247,2.66704219597,2.92990504693,-0.324254214524,0.0590126267148,-0.343141544975,0.077899957166
single,lwti,diplomatic_tension,9,-0.144622850903,6,1999,20260925,0.0606465563629,2.66704219597,2.92990504693,-0.306369775763,0.0171240739572,-0.322311502469,0.0330658006634
single,lwti,diplomatic_tension,10,-0.171001894531,6,1999,20260925,0.0681426407391,2.66704219597,2.92990504693,-0.352741192727,0.0107374036649,-0.370653361543,0.0286495724813
single,lwti,diplomatic_tension,11,-0.1865169966,6,1999,20260925,0.0701840155288,2.66704219597,2.92990504693,-0.373700727497,0.000666734298186,-0.392149497911,0.0191155047116
single,lwti,diplomatic_tension,12,-0.19529046305,6,1999,20260925,0.0699584854838,2.66704219597,2.92990504693,-0.381872695802,-0.00870823029915,-0.400262182745,0.00968125664369
single,lwti,diplomatic_tension,13,-0.177120522154,6,1999,20260925,0.0663512009964,2.66704219597,2.92990504693,-0.354081974964,-0.000159069342803,-0.371523240823,0.0172821965155
single,lwti,diplomatic_tension,14,-0.169393156874,6,1999,20260925,0.0683807142049,2.66704219597,2.92990504693,-0.351767407049,0.0129810933012,-0.369742156535,0.0309558427875
single,lwti,diplomatic_tension,15,-0.192231337587,6,1999,20260925,0.0757945844376,2.66704219597,2.92990504693,-0.394378692508,0.00991601733417,-0.41430227306,0.0298395978865
single,lwti,diplomatic_tension,16,-0.204706988964,6,1999,20260925,0.0812268121866,2.66704219597,2.92990504693,-0.42134232451,0.0119283465818,-0.442693835935,0.0332798580072
single,lwti,diplomatic_tension,17,-0.209690000428,6,1999,20260925,0.0734887816265,2.66704219597,2.92990504693,-0.405687681956,-0.0136923189001,-0.425005152608,0.00562515175155
single,lwti,diplomatic_tension,18,-0.242301221524,6,1999,20260925,0.0903421731889,2.66704219597,2.92990504693,-0.483247609495,-0.00135483355375,-0.506995210701,0.0223927676523
single,lwti,diplomatic_tension,19,-0.212648257914,6,1999,20260925,0.0777882746371,2.66704219597,2.92990504693,-0.420112868723,-0.00518364710555,-0.440560516365,0.0152640005365
single,lwti,diplomatic_tension,20,-0.156728709051,6,1999,20260925,0.0797458388488,2.66704219597,2.92990504693,-0.369414226213,0.0559568081121,-0.390376444765,0.0769190266638
single,lwti,diplomatic_tension,21,-0.208757445969,6,1999,20260925,0.0742673831728,2.66704219597,2.92990504693,-0.406831690675,-0.010683201263,-0.426353826749,0.00883893481085
single,lwti,diplomatic_tension,22,-0.251093173764,6,1999,20260925,0.0782829143221,2.66704219597,2.92990504693,-0.459877009484,-0.0423093380434,-0.480454679524,-0.0217316680035
single,lwti,diplomatic_tension,23,-0.305664570955,6,1999,20260925,0.0889520409838,2.66704219597,2.92990504693,-0.542903417676,-0.0684257242339,-0.566285604768,-0.0450435371425
single,lwti,diplomatic_tension,24,-0.306418676153,6,1999,20260925,0.0798878380418,2.66704219597,2.92990504693,-0.519482911155,-0.0933544411502,-0.540482456019,-0.0723548962858
single,lwti,diplomatic_tension,25,-0.327804477111,6,1999,20260925,0.0864877852228,2.66704219597,2.92990504693,-0.558471049736,-0.0971379044857,-0.581205475532,-0.0744034786892
single,lwti,diplomatic_tension,26,-0.297383945226,6,1999,20260925,0.0829756451959,2.66704219597,2.92990504693,-0.518683492201,-0.0760843982508,-0.540494706857,-0.0542731835947
single,lwti,diplomatic_tension,27,-0.262812279768,6,1999,20260925,0.0775570770336,2.66704219597,2.92990504693,-0.469660276813,-0.0559642827232,-0.490047151193,-0.0355774083423
single,lwti,diplomatic_tension,28,-0.236236141693,6,1999,20260925,0.0781436879369,2.66704219597,2.92990504693,-0.44464865477,-0.0278236286169,-0.465189727365,-0.00728255602158
single,lwti,diplomatic_tension,29,-0.211904514039,6,1999,20260925,0.0784248522442,2.66704219597,2.92990504693,-0.421066904187,-0.00274212389052,-0.441681884433,0.0178728563562
single,lwti,diplomatic_tension,30,-0.20559837783,6,1999,20260925,0.0797779031036,2.66704219597,2.92990504693,-0.418369411713,0.00717265605314,-0.439340058766,0.0281433031063
single,lwti,diplomatic_tension,31,-0.148876741204,6,1999,20260925,0.0816309904441,2.66704219597,2.92990504693,-0.366590037217,0.0688365548091,-0.388047792092,0.0902943096836
single,lwti,diplomatic_tension,32,-0.120991871679,6,1999,20260925,0.0832298609116,2.66704219597,2.92990504693,-0.342969422695,0.100985679337,-0.364847461219,0.12286371786
single,lwti,diplomatic_tension,33,-0.123881959979,6,1999,20260925,0.0855106460096,2.66704219597,2.92990504693,-0.351942461091,0.104178541133,-0.374420033288,0.12665611333
single,lwti,diplomatic_tension,34,-0.153409176037,6,1999,20260925,0.0855259217764,2.66704219597,2.92990504693,-0.381510418264,0.0746920661895,-0.403992005893,0.0971736538183
single,lwti,diplomatic_tension,35,-0.213633138386,6,1999,20260925,0.0883338707551,2.66704219597,2.92990504693,-0.449223299024,0.0219570222507,-0.472442992126,0.0451767153534
single,lwti,diplomatic_tension,36,-0.160158995623,6,1999,20260925,0.0838411314218,2.66704219597,2.92990504693,-0.383766830882,0.0634488396371,-0.405805549715,0.08548755847
single,lwti,diplomatic_tension,37,-0.0938944379615,6,1999,20260925,0.0834214923274,2.66704219597,2.92990504693,-0.316383078049,0.128594202126,-0.338311489354,0.150522613431
single,lwti,diplomatic_tension,38,-0.142535683981,6,1999,20260925,0.083297636204,2.66704219597,2.92990504693,-0.364693994561,0.0796226265996,-0.386589848692,0.10151848073
single,lwti,diplomatic_tension,39,-0.18132980831,6,1999,20260925,0.103123841641,2.66704219597,2.92990504693,-0.456365445377,0.0937058287567,-0.483472872392,0.120813255772
single,lwti,diplomatic_tension,40,-0.204207507052,6,1999,20260925,0.116954630805,2.66704219597,2.92990504693,-0.516130442423,0.107715428319,-0.546873470108,0.138458456005
single,lwti,diplomatic_tension,41,-0.190620342,6,1999,20260925,0.111203682441,2.66704219597,2.92990504693,-0.487205255418,0.105964571417,-0.516436572421,0.13519588842
single,lwti,diplomatic_tension,42,-0.164304887151,6,1999,20260925,0.0980109475061,2.66704219597,2.92990504693,-0.425704219816,0.0970944455147,-0.451467656903,0.122857882601
single,lwti,diplomatic_tension,43,-0.164999015463,6,1999,20260925,0.0927934108684,2.66704219597,2.92990504693,-0.412482957757,0.0824849268306,-0.436874898288,0.106876867361
single,lwti,diplomatic_tension,44,-0.144921440294,6,1999,20260925,0.100686541443,2.66704219597,2.92990504693,-0.413456694889,0.123613814301,-0.439923446226,0.150080565637
single,lwti,diplomatic_tension,45,-0.17339678756,6,1999,20260925,0.0996510836785,2.66704219597,2.92990504693,-0.439170432605,0.0923768574842,-0.465365000562,0.118571425441
single,lwti,diplomatic_tension,46,-0.165656367516,6,1999,20260925,0.103382688197,2.66704219597,2.92990504693,-0.441382359271,0.110069624239,-0.46855782743,0.137245092398
single,lwti,diplomatic_tension,47,-0.216184781725,6,1999,20260925,0.0984398018013,2.66704219597,2.92990504693,-0.478727886892,0.0463583234416,-0.504604053841,0.0722344903906
single,lwti,diplomatic_tension,48,-0.226655004576,6,1999,20260925,0.0958603487143,2.66704219597,2.92990504693,-0.482318599517,0.0290085903657,-0.507516724074,0.0542067149224
single,lwti,diplomatic_tension,0,-0.0121237005105,12,1999,20260931,0.0350449220555,2.64995323825,2.82746619096,-0.104991105196,0.0807437041747,-0.111212032787,0.0869646317663
single,lwti,diplomatic_tension,1,-0.0273772974067,12,1999,20260931,0.0521929043139,2.64995323825,2.82746619096,-0.165686053207,0.110931458393,-0.174950969762,0.120196374949
single,lwti,diplomatic_tension,2,-0.0433949340563,12,1999,20260931,0.0497535609778,2.64995323825,2.82746619096,-0.175239544084,0.0884496759712,-0.184071445601,0.0972815774883
single,lwti,diplomatic_tension,3,-0.0373765749857,12,1999,20260931,0.0533004325927,2.64995323825,2.82746619096,-0.178620228935,0.103867078964,-0.188081746105,0.113328596134
single,lwti,diplomatic_tension,4,0.0124033190398,12,1999,20260931,0.0551116684364,2.64995323825,2.82746619096,-0.133640025199,0.158446663278,-0.143423060192,0.168229698271
single,lwti,diplomatic_tension,5,-0.00729442083791,12,1999,20260931,0.0536432788379,2.64995323825,2.82746619096,-0.149446601305,0.134857759629,-0.158968978124,0.144380136449
single,lwti,diplomatic_tension,6,-0.0133168452654,12,1999,20260931,0.0539600985368,2.64995323825,2.82746619096,-0.156308583119,0.129674892589,-0.165887199539,0.139253509008
single,lwti,diplomatic_tension,7,-0.0277074228923,12,1999,20260931,0.0552739401365,2.64995323825,2.82746619096,-0.174180779548,0.118765933763,-0.183992619869,0.128577774085
single,lwti,diplomatic_tension,8,-0.132620793905,12,1999,20260931,0.0635678735613,2.64995323825,2.82746619096,-0.301072686297,0.0358310984879,-0.312356807231,0.0471152194214
single,lwti,diplomatic_tension,9,-0.144622850903,12,1999,20260931,0.0557690089243,2.64995323825,2.82746619096,-0.292408116696,0.00316241488987,-0.30230783814,0.0130621363338
single,lwti,diplomatic_tension,10,-0.171001894531,12,1999,20260931,0.0631180666683,2.64995323825,2.82746619096,-0.338261819691,-0.00374196937122,-0.349466094075,0.00746230501252
single,lwti,diplomatic_tension,11,-0.1865169966,12,1999,20260931,0.0664515777188,2.64995323825,2.82746619096,-0.362610570162,-0.010423423037,-0.374406585935,0.00137259273623
single,lwti,diplomatic_tension,12,-0.19529046305,12,1999,20260931,0.0671913543988,2.64995323825,2.82746619096,-0.373344410222,-0.017236515879,-0.385271745938,-0.005309180163
single,lwti,diplomatic_tension,13,-0.177120522154,12,1999,20260931,0.0631537241513,2.64995323825,2.82746619096,-0.344474937976,-0.00976610633112,-0.355685542025,0.00144449771771
single,lwti,diplomatic_tension,14,-0.169393156874,12,1999,20260931,0.0687144277773,2.64995323825,2.82746619096,-0.351483177277,0.0126968635292,-0.363680878245,0.0248945644978
single,lwti,diplomatic_tension,15,-0.192231337587,12,1999,20260931,0.0792661312527,2.64995323825,2.82746619096,-0.402282878783,0.0178202036096,-0.416353643792,0.0318909686183
single,lwti,diplomatic_tension,16,-0.204706988964,12,1999,20260931,0.0811945283052,2.64995323825,2.82746619096,-0.419868692175,0.0104547142466,-0.434281772638,0.02486779471
single,lwti,diplomatic_tension,17,-0.209690000428,12,1999,20260931,0.0705511929717,2.64995323825,2.82746619096,-0.396647362706,-0.0227326381504,-0.409171113288,-0.0102088875687
single,lwti,diplomatic_tension,18,-0.242301221524,12,1999,20260931,0.0840150892178,2.64995323825,2.82746619096,-0.464937279259,-0.0196651637896,-0.479851045818,-0.00475139723024
single,lwti,diplomatic_tension,19,-0.212648257914,12,1999,20260931,0.0690038618499,2.64995323825,2.82746619096,-0.395505265075,-0.0297912507535,-0.407754344341,-0.017542171488
single,lwti,diplomatic_tension,20,-0.156728709051,12,1999,20260931,0.0729170822832,2.64995323825,2.82746619096,-0.349955567371,0.0364981492694,-0.36289929395,0.0494418758486
single,lwti,diplomatic_tension,21,-0.208757445969,12,1999,20260931,0.0688129263345,2.64995323825,2.82746619096,-0.391108482943,-0.0264064089955,-0.403323668681,-0.0141912232572
single,lwti,diplomatic_tension,22,-0.251093173764,12,1999,20260931,0.0744676156272,2.64995323825,2.82746619096,-0.44842887294,-0.0537574745877,-0.461647839271,-0.0405385082563
single,lwti,diplomatic_tension,23,-0.305664570955,12,1999,20260931,0.0839178099069,2.64995323825,2.82746619096,-0.528042843065,-0.0832862988455,-0.542939341286,-0.0683898006239
single,lwti,diplomatic_tension,24,-0.306418676153,12,1999,20260931,0.074604933842,2.64995323825,2.82746619096,-0.504118262177,-0.108719090128,-0.51736160427,-0.0954757480353
single,lwti,diplomatic_tension,25,-0.327804477111,12,1999,20260931,0.0819069011049,2.64995323825,2.82746619096,-0.544853934929,-0.110755019293,-0.559393470791,-0.0962154834304
single,lwti,diplomatic_tension,26,-0.297383945226,12,1999,20260931,0.0782398734101,2.64995323825,2.82746619096,-0.504715951129,-0.0900519393228,-0.518604542078,-0.076163348374
single,lwti,diplomatic_tension,27,-0.262812279768,12,1999,20260931,0.0726327473515,2.64995323825,2.82746619096,-0.455285663815,-0.0703388957207,-0.468178917261,-0.0574456422747
single,lwti,diplomatic_tension,28,-0.236236141693,12,1999,20260931,0.0732658007709,2.64995323825,2.82746619096,-0.430387087699,-0.0420851956873,-0.443392716327,-0.0290795670597
single,lwti,diplomatic_tension,29,-0.211904514039,12,1999,20260931,0.0764107746286,2.64995323825,2.82746619096,-0.414389493703,-0.00941953437442,-0.427953395926,0.00414436784887
single,lwti,diplomatic_tension,30,-0.20559837783,12,1999,20260931,0.080395505989,2.64995323825,2.82746619096,-0.418642709266,0.00744595360615,-0.432913952919,0.021717197259
single,lwti,diplomatic_tension,31,-0.148876741204,12,1999,20260931,0.0784655496217,2.64995323825,2.82746619096,-0.356806778515,0.0590532961071,-0.370735429915,0.0729819475065
single,lwti,diplomatic_tension,32,-0.120991871679,12,1999,20260931,0.0755368714801,2.64995323825,2.82746619096,-0.321161048865,0.0791773055066,-0.33456982196,0.0925860786016
single,lwti,diplomatic_tension,33,-0.123881959979,12,1999,20260931,0.0855299306679,2.64995323825,2.82746619096,-0.35053227672,0.102768356762,-0.365714947258,0.1179510273
single,lwti,diplomatic_tension,34,-0.153409176037,12,1999,20260931,0.0877346927388,2.64995323825,2.82746619096,-0.385902009167,0.0790836570925,-0.401476053531,0.0946577014558
single,lwti,diplomatic_tension,35,-0.213633138386,12,1999,20260931,0.0926791425746,2.64995323825,2.82746619096,-0.45922853237,0.0319622555972,-0.475680280623,0.0484140038504
single,lwti,diplomatic_tension,36,-0.160158995623,12,1999,20260931,0.0913033410591,2.64995323825,2.82746619096,-0.402108579925,0.08179058868,-0.418316105589,0.0979981143438
single,lwti,diplomatic_tension,37,-0.0938944379615,12,1999,20260931,0.0891601691937,2.64995323825,2.82746619096,-0.330164717039,0.142375841116,-0.345991801937,0.158202926014
single,lwti,diplomatic_tension,38,-0.142535683981,12,1999,20260931,0.0847895384537,2.64995323825,2.82746619096,-0.367223995976,0.0821526280142,-0.382275237306,0.0972038693442
single,lwti,diplomatic_tension,39,-0.18132980831,12,1999,20260931,0.105459761278,2.64995323825,2.82746619096,-0.460793244213,0.0981336275931,-0.47951371783,0.11685410121
single,lwti,diplomatic_tension,40,-0.204207507052,12,1999,20260931,0.11920738237,2.64995323825,2.82746619096,-0.520101495985,0.111686481882,-0.541262350415,0.132847336311
single,lwti,diplomatic_tension,41,-0.190620342,12,1999,20260931,0.114760975718,2.64995323825,2.82746619096,-0.494731561228,0.113490877227,-0.515103120884,0.133862436883
single,lwti,diplomatic_tension,42,-0.164304887151,12,1999,20260931,0.100926658276,2.64995323825,2.82746619096,-0.431755812074,0.103146037772,-0.449671601192,0.12106182689
single,lwti,diplomatic_tension,43,-0.164999015463,12,1999,20260931,0.0926636079851,2.64995323825,2.82746619096,-0.410553243511,0.0805552125847,-0.427002234174,0.097004203247
single,lwti,diplomatic_tension,44,-0.144921440294,12,1999,20260931,0.106461132395,2.64995323825,2.82746619096,-0.427038462831,0.137195582243,-0.445936692792,0.156093812203
single,lwti,diplomatic_tension,45,-0.17339678756,12,1999,20260931,0.103222769986,2.64995323825,2.82746619096,-0.446932301147,0.100138726026,-0.465255679834,0.118462104713
single,lwti,diplomatic_tension,46,-0.165656367516,12,1999,20260931,0.105009226679,2.64995323825,2.82746619096,-0.4439259078,0.112613172767,-0.46256640569,0.131253670657
single,lwti,diplomatic_tension,47,-0.216184781725,12,1999,20260931,0.101151064674,2.64995323825,2.82746619096,-0.48423037311,0.0518608096599,-0.502185997271,0.0698164338201
single,lwti,diplomatic_tension,48,-0.226655004576,12,1999,20260931,0.103025837015,2.64995323825,2.82746619096,-0.499668654998,0.0463586458467,-0.517957075533,0.0646470663809
single,lwti,nuclear_threat,0,0.0190881634422,1,1999,20260920,0.0147936331665,2.6058801251,2.83609062049,-0.0194622712045,0.0576385980889,-0.0228679208244,0.0610442477088
single,lwti,nuclear_threat,1,0.0255623997954,1,1999,20260920,0.0244970960371,2.6058801251,2.83609062049,-0.0382740958904,0.0893988954811,-0.0439135845048,0.0950383840955
single,lwti,nuclear_threat,2,0.0249727805729,1,1999,20260920,0.0263346082307,2.6058801251,2.83609062049,-0.0436520516179,0.0935976127638,-0.0497145548246,0.0996601159705
single,lwti,nuclear_threat,3,0.0214919734582,1,1999,20260920,0.0287345499149,2.6058801251,2.83609062049,-0.0533868190687,0.0963707659851,-0.0600018140395,0.102985760956
single,lwti,nuclear_threat,4,0.0383488238156,1,1999,20260920,0.0290047227786,2.6058801251,2.83609062049,-0.0372340068073,0.113931654439,-0.0439111984069,0.120608846038
single,lwti,nuclear_threat,5,0.0428044309127,1,1999,20260920,0.0333614000008,2.6058801251,2.83609062049,-0.0441313782949,0.12974024012,-0.0518115227161,0.137420384541
single,lwti,nuclear_threat,6,0.0475476891369,1,1999,20260920,0.040223854552,2.6058801251,2.83609062049,-0.0572708539951,0.152366232269,-0.0665308074782,0.161626185752
single,lwti,nuclear_threat,7,0.0242043934943,1,1999,20260920,0.0437515662275,2.6058801251,2.83609062049,-0.08980694338,0.138215730369,-0.0998790131154,0.148287800104
single,lwti,nuclear_threat,8,0.0394582364562,1,1999,20260920,0.0435310546304,2.6058801251,2.83609062049,-0.0739784736298,0.152894946542,-0.0839997792813,0.162916252194
single,lwti,nuclear_threat,9,0.0322151420306,1,1999,20260920,0.0460227263155,2.6058801251,2.83609062049,-0.0877145657779,0.152144849839,-0.0983094804023,0.162739764464
single,lwti,nuclear_threat,10,0.0370605716247,1,1999,20260920,0.0422919541821,2.6058801251,2.83609062049,-0.0731471912302,0.14726833448,-0.0828832429536,0.157004386203
single,lwti,nuclear_threat,11,0.0827561849267,1,1999,20260920,0.0433917260475,2.6058801251,2.83609062049,-0.0303174515743,0.195829821428,-0.0403066823237,0.205819052177
single,lwti,nuclear_threat,12,0.0822149437182,1,1999,20260920,0.043527775896,2.6058801251,2.83609062049,-0.0312132223792,0.195643109816,-0.0412337732315,0.205663660668
single,lwti,nuclear_threat,13,0.0806726552885,1,1999,20260920,0.0422811295967,2.6058801251,2.83609062049,-0.0295068999943,0.190852210571,-0.0392404597846,0.200585770362
single,lwti,nuclear_threat,14,0.0753685620158,1,1999,20260920,0.042099955916,2.6058801251,2.83609062049,-0.0343388763734,0.185076000405,-0.0440307280808,0.194767852113
single,lwti,nuclear_threat,15,0.0822591856346,1,1999,20260920,0.0429178588052,2.6058801251,2.83609062049,-0.0295796096378,0.194097980907,-0.0394597511745,0.203978122444
single,lwti,nuclear_threat,16,0.0883085125749,1,1999,20260920,0.0458793448898,2.6058801251,2.83609062049,-0.0312475604261,0.207864585576,-0.0418094671415,0.218426492291
single,lwti,nuclear_threat,17,0.0901019745097,1,1999,20260920,0.0463386299083,2.6058801251,2.83609062049,-0.0306509401929,0.210854889212,-0.0413185791399,0.221522528159
single,lwti,nuclear_threat,18,0.118492141152,1,1999,20260920,0.0469386834639,2.6058801251,2.83609062049,-0.0038244411851,0.240808723489,-0.0146302187584,0.251614501062
single,lwti,nuclear_threat,19,0.131425127266,1,1999,20260920,0.0471888208167,2.6058801251,2.83609062049,0.00845671697291,0.254393537559,-0.00240664484432,0.265256899377
single,lwti,nuclear_threat,20,0.124208787096,1,1999,20260920,0.0488731599595,2.6058801251,2.83609062049,-0.00314880909347,0.251566383285,-0.0143999234592,0.262817497651
single,lwti,nuclear_threat,21,0.105204019291,1,1999,20260920,0.0489912758593,2.6058801251,2.83609062049,-0.0224613727745,0.232869411356,-0.03373967866,0.244147717241
single,lwti,nuclear_threat,22,0.107191708582,1,1999,20260920,0.0490810497278,2.6058801251,2.83609062049,-0.0207076234225,0.235091040587,-0.0320065961947,0.24639001336
single,lwti,nuclear_threat,23,0.0932314423889,1,1999,20260920,0.0469644917294,2.6058801251,2.83609062049,-0.0291523931943,0.215615277972,-0.0399641121012,0.226426996879
single,lwti,nuclear_threat,24,0.0810225368937,1,1999,20260920,0.0462507561314,2.6058801251,2.83609062049,-0.0395013892801,0.201546463067,-0.0501487987614,0.212193872549
single,lwti,nuclear_threat,25,0.0978616986061,1,1999,20260920,0.0504000710806,2.6058801251,2.83609062049,-0.0334748449265,0.229198242139,-0.0450774702578,0.24080086747
single,lwti,nuclear_threat,26,0.0795982317949,1,1999,20260920,0.0571137705299,2.6058801251,2.83609062049,-0.0692334076987,0.228429871288,-0.0823815971061,0.241578060696
single,lwti,nuclear_threat,27,0.057731127033,1,1999,20260920,0.0592634378796,2.6058801251,2.83609062049,-0.0967022878825,0.212164541949,-0.110345353275,0.225807607342
single,lwti,nuclear_threat,28,0.057657691979,1,1999,20260920,0.0555950345952,2.6058801251,2.83609062049,-0.0872163037269,0.202531687685,-0.100014864182,0.21533024814
single,lwti,nuclear_threat,29,0.0552976083811,1,1999,20260920,0.0557351368829,2.6058801251,2.83609062049,-0.0899414770918,0.200536693854,-0.102772290564,0.213367507327
single,lwti,nuclear_threat,30,0.0698364142247,1,1999,20260920,0.0593613569481,2.6058801251,2.83609062049,-0.0848521660454,0.224524994495,-0.0985177734356,0.238190601885
single,lwti,nuclear_threat,31,0.05479007473,1,1999,20260920,0.0772006220592,2.6058801251,2.83609062049,-0.14638549194,0.255965641399,-0.164157885388,0.273738034848
single,lwti,nuclear_threat,32,-0.00207959873931,1,1999,20260920,0.0878587133833,2.6058801251,2.83609062049,-0.231028873762,0.226869676283,-0.251254871694,0.247095674216
single,lwti,nuclear_threat,33,0.0094158135087,1,1999,20260920,0.0705618032505,2.6058801251,2.83609062049,-0.174459787173,0.19329141419,-0.190703854855,0.209535481873
single,lwti,nuclear_threat,34,0.0215796731188,1,1999,20260920,0.0610754207727,2.6058801251,2.83609062049,-0.137575552005,0.180734898243,-0.151635754877,0.194795101115
single,lwti,nuclear_threat,35,0.016301590915,1,1999,20260920,0.0651106100714,2.6058801251,2.83609062049,-0.153368853803,0.185972035633,-0.168357999603,0.200961181433
single,lwti,nuclear_threat,36,0.00216977702369,1,1999,20260920,0.0657798635143,2.6058801251,2.83609062049,-0.16924466194,0.173584215987,-0.184387876907,0.188727430954
single,lwti,nuclear_threat,37,0.00371609915939,1,1999,20260920,0.0626960249364,2.6058801251,2.83609062049,-0.159662226145,0.167094424464,-0.174095509105,0.181527707424
single,lwti,nuclear_threat,38,0.00370611989579,1,1999,20260920,0.0609449894767,2.6058801251,2.83609062049,-0.155109216906,0.162521456698,-0.169139393125,0.176551632917
single,lwti,nuclear_threat,39,0.0117784357906,1,1999,20260920,0.0591871705606,2.6058801251,2.83609062049,-0.142456235634,0.166013107215,-0.15608174349,0.179638615071
single,lwti,nuclear_threat,40,0.0163521578704,1,1999,20260920,0.059266469886,2.6058801251,2.83609062049,-0.138089158091,0.170793473831,-0.151732921483,0.184437237224
single,lwti,nuclear_threat,41,0.0107715954213,1,1999,20260920,0.0597244337404,2.6058801251,2.83609062049,-0.144863119446,0.166406310288,-0.158612310924,0.180155501767
single,lwti,nuclear_threat,42,0.0122782550981,1,1999,20260920,0.0605161106772,2.6058801251,2.83609062049,-0.145419474964,0.16997598516,-0.159350918782,0.183907428978
single,lwti,nuclear_threat,43,-0.00161494580408,1,1999,20260920,0.0602489677162,2.6058801251,2.83609062049,-0.158616533334,0.155386641725,-0.172486478038,0.16925658643
single,lwti,nuclear_threat,44,0.0120781851202,1,1999,20260920,0.0568024886711,2.6058801251,2.83609062049,-0.135942291164,0.160098661405,-0.149018820221,0.173175190461
single,lwti,nuclear_threat,45,0.00908978662326,1,1999,20260920,0.0558227726972,2.6058801251,2.83609062049,-0.136377667276,0.154557240523,-0.149228655433,0.16740822868
single,lwti,nuclear_threat,46,0.0165489074377,1,1999,20260920,0.0541792134533,2.6058801251,2.83609062049,-0.124635628094,0.157733442969,-0.137108251663,0.170206066538
single,lwti,nuclear_threat,47,0.00784722210737,1,1999,20260920,0.0529040444007,2.6058801251,2.83609062049,-0.130014375734,0.145708819949,-0.142193442004,0.157887886218
single,lwti,nuclear_threat,48,0.00362429046817,1,1999,20260920,0.0522355341725,2.6058801251,2.83609062049,-0.132495249856,0.139743830792,-0.144520418055,0.151768998991
single,lwti,nuclear_threat,0,0.0190881634422,6,1999,20260925,0.0118304462412,2.65476250352,2.90647160787,-0.0123188616389,0.0504951885232,-0.0152966926663,0.0534730195507
single,lwti,nuclear_threat,1,0.0255623997954,6,1999,20260925,0.0191294985019,2.65476250352,2.90647160787,-0.0252218755386,0.0763466751293,-0.0300369444731,0.0811617440638
single,lwti,nuclear_threat,2,0.0249727805729,6,1999,20260925,0.0202511432701,2.65476250352,2.90647160787,-0.0287891952339,0.0787347563798,-0.0338865923684,0.0838321535143
single,lwti,nuclear_threat,3,0.0214919734582,6,1999,20260925,0.0225041485251,2.65476250352,2.90647160787,-0.03825119622,0.0812351431364,-0.0439156952894,0.0868996422058
single,lwti,nuclear_threat,4,0.0383488238156,6,1999,20260925,0.0217515152426,2.65476250352,2.90647160787,-0.0193962832452,0.0960939308763,-0.0248713376651,0.101568985296
single,lwti,nuclear_threat,5,0.0428044309127,6,1999,20260925,0.0252040123581,2.65476250352,2.90647160787,-0.0241062360339,0.109715097859,-0.0304503154105,0.116059177236
single,lwti,nuclear_threat,6,0.0475476891369,6,1999,20260925,0.0294653522089,2.65476250352,2.90647160787,-0.0306758230602,0.125771201334,-0.0380925204741,0.133187898748
single,lwti,nuclear_threat,7,0.0242043934943,6,1999,20260925,0.0329845426098,2.65476250352,2.90647160787,-0.0633617334218,0.11177052041,-0.0716642430994,0.120073030088
single,lwti,nuclear_threat,8,0.0394582364562,6,1999,20260925,0.0300622355663,2.65476250352,2.90647160787,-0.0403498592972,0.11926633221,-0.0479167976863,0.126833270599
single,lwti,nuclear_threat,9,0.0322151420306,6,1999,20260925,0.0373507974232,2.65476250352,2.90647160787,-0.066942354445,0.131372638506,-0.0763438902111,0.140774174272
single,lwti,nuclear_threat,10,0.0370605716247,6,1999,20260925,0.0354902600748,2.65476250352,2.90647160787,-0.0571576400621,0.131278783311,-0.0660908616386,0.140212004888
single,lwti,nuclear_threat,11,0.0827561849267,6,1999,20260925,0.0365489503304,2.65476250352,2.90647160787,-0.0142725979533,0.179784967807,-0.0234723015059,0.188984671359
single,lwti,nuclear_threat,12,0.0822149437182,6,1999,20260925,0.0369171167097,2.65476250352,2.90647160787,-0.0157912334606,0.180221120897,-0.0250836078428,0.189513495279
single,lwti,nuclear_threat,13,0.0806726552885,6,1999,20260925,0.0353451373586,2.65476250352,2.90647160787,-0.0131602900529,0.17450560063,-0.0220569829206,0.183402293498
single,lwti,nuclear_threat,14,0.0753685620158,6,1999,20260925,0.0363497710711,2.65476250352,2.90647160787,-0.021131447235,0.171868571267,-0.0302810155546,0.181018139586
single,lwti,nuclear_threat,15,0.0822591856346,6,1999,20260925,0.0355797259568,2.65476250352,2.90647160787,-0.0121965367211,0.17671490799,-0.0211522776747,0.185670648944
single,lwti,nuclear_threat,16,0.0883085125749,6,1999,20260925,0.0367229043978,2.65476250352,2.90647160787,-0.00918207704075,0.185799102191,-0.0184255664158,0.195042591566
single,lwti,nuclear_threat,17,0.0901019745097,6,1999,20260925,0.0391253227267,2.65476250352,2.90647160787,-0.0137664652033,0.193970414223,-0.0236146651442,0.203818614164
single,lwti,nuclear_threat,18,0.118492141152,6,1999,20260925,0.040027072653,2.65476250352,2.90647160787,0.0122297695471,0.224754512757,0.00215459093984,0.234829691364
single,lwti,nuclear_threat,19,0.131425127266,6,1999,20260925,0.0422733204067,2.65476250352,2.90647160787,0.0191995013511,0.243650753181,0.00855892173368,0.254291332799
single,lwti,nuclear_threat,20,0.124208787096,6,1999,20260925,0.0428748162389,2.65476250352,2.90647160787,0.0103863325996,0.238031241592,-0.000405648995045,0.248823223187
single,lwti,nuclear_threat,21,0.105204019291,6,1999,20260925,0.043107212732,2.65476250352,2.90647160787,-0.00923539270153,0.219643431283,-0.0200858706093,0.23049390919
single,lwti,nuclear_threat,22,0.107191708582,6,1999,20260925,0.0445033379022,2.65476250352,2.90647160787,-0.0109540841616,0.225337501326,-0.0221559794855,0.23653939665
single,lwti,nuclear_threat,23,0.0932314423889,6,1999,20260925,0.0440713913889,2.65476250352,2.90647160787,-0.0237676349482,0.210230519726,-0.0348608054021,0.22132369018
single,lwti,nuclear_threat,24,0.0810225368937,6,1999,20260925,0.0425063028065,2.65476250352,2.90647160787,-0.0318216019601,0.193866675747,-0.0425208253687,0.204565899156
single,lwti,nuclear_threat,25,0.0978616986061,6,1999,20260925,0.0430041709493,2.65476250352,2.90647160787,-0.0163041619251,0.212027559137,-0.0271287032781,0.22285210049
single,lwti,nuclear_threat,26,0.0795982317949,6,1999,20260925,0.0452280805983,2.65476250352,2.90647160787,-0.0404715806836,0.199668044273,-0.0518559003424,0.211052363932
single,lwti,nuclear_threat,27,0.057731127033,6,1999,20260925,0.0495274633503,2.65476250352,2.90647160787,-0.0737525255638,0.18921477963,-0.0862190390044,0.20168129307
single,lwti,nuclear_threat,28,0.057657691979,6,1999,20260925,0.0483309550124,2.65476250352,2.90647160787,-0.0706495151471,0.185964899105,-0.0828148565456,0.198130240504
single,lwti,nuclear_threat,29,0.0552976083811,6,1999,20260925,0.0464992682209,2.65476250352,2.90647160787,-0.0681469053327,0.178742122095,-0.0798511944895,0.190446411252
single,lwti,nuclear_threat,30,0.0698364142247,6,1999,20260925,0.0431244873197,2.65476250352,2.90647160787,-0.044648857695,0.184321686144,-0.0555036837737,0.195176512223
single,lwti,nuclear_threat,31,0.05479007473,6,1999,20260925,0.0450713280187,2.65476250352,2.90647160787,-0.064863596878,0.174443746338,-0.0762084604854,0.185788609945
single,lwti,nuclear_threat,32,-0.00207959873931,6,1999,20260925,0.0696206927894,2.65476250352,2.90647160787,-0.186906003426,0.182746805947,-0.204430165652,0.200270968173
single,lwti,nuclear_threat,33,0.0094158135087,6,1999,20260925,0.0599319959433,2.65476250352,2.90647160787,-0.149689402083,0.1685210291,-0.164774831103,0.183606458121
single,lwti,nuclear_threat,34,0.0215796731188,6,1999,20260925,0.0450643756344,2.65476250352,2.90647160787,-0.0980555415599,0.141214887797,-0.109398655189,0.152558001426
single,lwti,nuclear_threat,35,0.016301590915,6,1999,20260925,0.0424231065207,2.65476250352,2.90647160787,-0.0963216815588,0.128924863389,-0.106999963705,0.139603145535
single,lwti,nuclear_threat,36,0.00216977702369,6,1999,20260925,0.0482088180032,2.65476250352,2.90647160787,-0.12581318535,0.130152739398,-0.137947783751,0.142287337799
single,lwti,nuclear_threat,37,0.00371609915939,6,1999,20260925,0.0474446368159,2.65476250352,2.90647160787,-0.122238143653,0.129670341971,-0.134180390692,0.14161258901
single,lwti,nuclear_threat,38,0.00370611989579,6,1999,20260925,0.044035704949,2.65476250352,2.90647160787,-0.113198218419,0.12061045821,-0.124282406271,0.131694646062
single,lwti,nuclear_threat,39,0.0117784357906,6,1999,20260925,0.0438464997526,2.65476250352,2.90647160787,-0.104623607663,0.128180479244,-0.115660170845,0.139217042426
single,lwti,nuclear_threat,40,0.0163521578704,6,1999,20260925,0.0414072308067,2.65476250352,2.90647160787,-0.0935742058497,0.126278521591,-0.10399678283,0.13670109857
single,lwti,nuclear_threat,41,0.0107715954213,6,1999,20260925,0.0409379838754,2.65476250352,2.90647160787,-0.0979090291407,0.119452219983,-0.108213492396,0.129756683238
single,lwti,nuclear_threat,42,0.0122782550981,6,1999,20260925,0.0409012314107,2.65476250352,2.90647160787,-0.0963048003987,0.120861310595,-0.106600012724,0.13115652292
single,lwti,nuclear_threat,43,-0.00161494580408,6,1999,20260925,0.0421903312531,2.65476250352,2.90647160787,-0.113620255226,0.110390363618,-0.124239945718,0.12101005411
single,lwti,nuclear_threat,44,0.0120781851202,6,1999,20260925,0.0405185559021,2.65476250352,2.90647160787,-0.0954889577854,0.119645328026,-0.105687847201,0.129844217441
single,lwti,nuclear_threat,45,0.00908978662326,6,1999,20260925,0.0422576626734,2.65476250352,2.90647160787,-0.103094271728,0.121273844975,-0.113730910152,0.131910483398
single,lwti,nuclear_threat,46,0.0165489074377,6,1999,20260925,0.0398775102748,2.65476250352,2.90647160787,-0.0893164115735,0.122414226449,-0.0993539439684,0.132451758844
single,lwti,nuclear_threat,47,0.00784722210737,6,1999,20260925,0.0401299747141,2.65476250352,2.90647160787,-0.0986883300308,0.114382774246,-0.108789410024,0.124483854238
single,lwti,nuclear_threat,48,0.00362429046817,6,1999,20260925,0.039111924652,2.65476250352,2.90647160787,-0.100208580538,0.107457161475,-0.110053408062,0.117301988998
single,lwti,nuclear_threat,0,0.0190881634422,12,1999,20260931,0.0116932011514,2.67082236513,2.89841162748,-0.0121422997128,0.0503186265972,-0.0148035467374,0.0529798736217
single,lwti,nuclear_threat,1,0.0255623997954,12,1999,20260931,0.0177362342053,2.67082236513,2.89841162748,-0.0218079311933,0.072932730784,-0.0258445076529,0.0769693072437
single,lwti,nuclear_threat,2,0.0249727805729,12,1999,20260931,0.0192390729913,2.67082236513,2.89841162748,-0.0264113658565,0.0763569270024,-0.0307899722869,0.0807355334327
single,lwti,nuclear_threat,3,0.0214919734582,12,1999,20260931,0.0210044399637,2.67082236513,2.89841162748,-0.034607154564,0.0775911014804,-0.0393875395614,0.0823714864778
single,lwti,nuclear_threat,4,0.0383488238156,12,1999,20260931,0.0207938445649,2.67082236513,2.89841162748,-0.0171878413055,0.0938854889367,-0.0219202970515,0.0986179446826
single,lwti,nuclear_threat,5,0.0428044309127,12,1999,20260931,0.0231599041187,2.67082236513,2.89841162748,-0.0190515589817,0.104660420807,-0.0243225044762,0.109931366302
single,lwti,nuclear_threat,6,0.0475476891369,12,1999,20260931,0.0277753424624,2.67082236513,2.89841162748,-0.0266353167108,0.121730694985,-0.0329566864133,0.128052064687
single,lwti,nuclear_threat,7,0.0242043934943,12,1999,20260931,0.030227516881,2.67082236513,2.89841162748,-0.0565279346338,0.104936721622,-0.0634073929034,0.111816179892
single,lwti,nuclear_threat,8,0.0394582364562,12,1999,20260931,0.0276150856089,2.67082236513,2.89841162748,-0.034296751803,0.113213224715,-0.0405816487664,0.119498121679
single,lwti,nuclear_threat,9,0.0322151420306,12,1999,20260931,0.0356097752635,2.67082236513,2.89841162748,-0.0628922421605,0.127322526222,-0.0709966446452,0.135426928706
single,lwti,nuclear_threat,10,0.0370605716247,12,1999,20260931,0.0355848894705,2.67082236513,2.89841162748,-0.0579803470338,0.132101490283,-0.0660790857792,0.140200229029
single,lwti,nuclear_threat,11,0.0827561849267,12,1999,20260931,0.0377224654119,2.67082236513,2.89841162748,-0.0179938193633,0.183506189217,-0.0265790474405,0.192091417294
single,lwti,nuclear_threat,12,0.0822149437182,12,1999,20260931,0.0394664181046,2.67082236513,2.89841162748,-0.0231928484271,0.187622735864,-0.0321749814111,0.196604868848
single,lwti,nuclear_threat,13,0.0806726552885,12,1999,20260931,0.0365115323377,2.67082236513,2.89841162748,-0.0168431618641,0.178188472441,-0.0251527945761,0.186498105153
single,lwti,nuclear_threat,14,0.0753685620158,12,1999,20260931,0.0376024511761,2.67082236513,2.89841162748,-0.0250609055689,0.175798029601,-0.0336188196946,0.184355943726
single,lwti,nuclear_threat,15,0.0822591856346,12,1999,20260931,0.0379159104446,2.67082236513,2.89841162748,-0.0190074759752,0.183525847244,-0.0276367300646,0.192155101334
single,lwti,nuclear_threat,16,0.0883085125749,12,1999,20260931,0.0401169008974,2.67082236513,2.89841162748,-0.0188366035616,0.195453628711,-0.0279667794447,0.204583804594
single,lwti,nuclear_threat,17,0.0901019745097,12,1999,20260931,0.0428590482326,2.67082236513,2.89841162748,-0.0243669300582,0.204570879078,-0.0341211892305,0.21432513825
single,lwti,nuclear_threat,18,0.118492141152,12,1999,20260931,0.0444096434462,2.67082236513,2.89841162748,-0.000118127791695,0.237102410095,-0.0102252857848,0.247209568089
single,lwti,nuclear_threat,19,0.131425127266,12,1999,20260931,0.0465283690083,2.67082236513,2.89841162748,0.00715611870561,0.255694135827,-0.00343323847534,0.266283493008
single,lwti,nuclear_threat,20,0.124208787096,12,1999,20260931,0.0471421275316,2.67082236513,2.89841162748,-0.00169946145546,0.250117035647,-0.012428503486,0.260846077678
single,lwti,nuclear_threat,21,0.105204019291,12,1999,20260931,0.0472031552059,2.67082236513,2.89841162748,-0.0208672233382,0.231275261919,-0.0316101546121,0.242018193193
single,lwti,nuclear_threat,22,0.107191708582,12,1999,20260931,0.0484757040132,2.67082236513,2.89841162748,-0.0222782858615,0.236661703026,-0.0333108355798,0.247694252745
single,lwti,nuclear_threat,23,0.0932314423889,12,1999,20260931,0.048026479228,2.67082236513,2.89841162748,-0.0350387524517,0.221501637229,-0.0459690634325,0.23243194821
single,lwti,nuclear_threat,24,0.0810225368937,12,1999,20260931,0.0462059884784,2.67082236513,2.89841162748,-0.0423854505373,0.204430524325,-0.0529014373713,0.214946511159
single,lwti,nuclear_threat,25,0.0978616986061,12,1999,20260931,0.0457906298198,2.67082236513,2.89841162748,-0.02443693963,0.220160336842,-0.0348583952933,0.230581792505
single,lwti,nuclear_threat,26,0.0795982317949,12,1999,20260931,0.0472406717285,2.67082236513,2.89841162748,-0.0465732108014,0.205769674391,-0.057324680433,0.216521144023
single,lwti,nuclear_threat,27,0.057731127033,12,1999,20260931,0.0505691948862,2.67082236513,2.89841162748,-0.0773302096556,0.192792463722,-0.0888392154174,0.204301469483
single,lwti,nuclear_threat,28,0.057657691979,12,1999,20260931,0.0491440344477,2.67082236513,2.89841162748,-0.0735972943368,0.188912678295,-0.0847819488857,0.200097332844
single,lwti,nuclear_threat,29,0.0552976083811,12,1999,20260931,0.0476059240078,2.67082236513,2.89841162748,-0.0718493581717,0.182444574934,-0.0826839553001,0.193279172062
single,lwti,nuclear_threat,30,0.0698364142247,12,1999,20260931,0.0427278732927,2.67082236513,2.89841162748,-0.0442821453798,0.183954973829,-0.0540065505443,0.193679378994
single,lwti,nuclear_threat,31,0.05479007473,12,1999,20260931,0.0442433672053,2.67082236513,2.89841162748,-0.0633760999106,0.172956249371,-0.0734454152168,0.183025564677
single,lwti,nuclear_threat,32,-0.00207959873931,12,1999,20260931,0.0716306095481,2.67082236513,2.89841162748,-0.193392232748,0.18923303527,-0.209694590337,0.205535392858
single,lwti,nuclear_threat,33,0.0094158135087,12,1999,20260931,0.0636350710566,2.67082236513,2.89841162748,-0.160542157476,0.179373784493,-0.175024816357,0.193856443375
single,lwti,nuclear_threat,34,0.0215796731188,12,1999,20260931,0.0479256801186,2.67082236513,2.89841162748,-0.106421305206,0.149580651444,-0.117328675392,0.160488021629
single,lwti,nuclear_threat,35,0.016301590915,12,1999,20260931,0.0439330889764,2.67082236513,2.89841162748,-0.101035885692,0.133639067522,-0.111034585005,0.143637766835
single,lwti,nuclear_threat,36,0.00216977702369,12,1999,20260931,0.052523403813,2.67082236513,2.89841162748,-0.138110904573,0.14245045862,-0.150064667303,0.15440422135
single,lwti,nuclear_threat,37,0.00371609915939,12,1999,20260931,0.0535948682694,2.67082236513,2.89841162748,-0.139426273671,0.14685847199,-0.151623890206,0.159056088525
single,lwti,nuclear_threat,38,0.00370611989579,12,1999,20260931,0.0500404739661,2.67082236513,2.89841162748,-0.129943097135,0.137355336926,-0.141331771692,0.148744011484
single,lwti,nuclear_threat,39,0.0117784357906,12,1999,20260931,0.0499084399141,2.67082236513,2.89841162748,-0.121518141741,0.145075013322,-0.132876766766,0.156433638347
single,lwti,nuclear_threat,40,0.0163521578704,12,1999,20260931,0.0452561049304,2.67082236513,2.89841162748,-0.104518859336,0.137223175077,-0.114818662874,0.147522978615
single,lwti,nuclear_threat,41,0.0107715954213,12,1999,20260931,0.0414904664275,2.67082236513,2.89841162748,-0.100042070253,0.121585261096,-0.109484854902,0.131028045745
single,lwti,nuclear_threat,42,0.0122782550981,12,1999,20260931,0.0408818869249,2.67082236513,2.89841162748,-0.0969100028296,0.121466513026,-0.106214281318,0.130770791514
single,lwti,nuclear_threat,43,-0.00161494580408,12,1999,20260931,0.0444560287952,2.67082236513,2.89841162748,-0.120349101775,0.117119210167,-0.130466816576,0.127236924968
single,lwti,nuclear_threat,44,0.0120781851202,12,1999,20260931,0.0405227337684,2.67082236513,2.89841162748,-0.0961508385248,0.120307208765,-0.105373377612,0.129529747852
single,lwti,nuclear_threat,45,0.00908978662326,12,1999,20260931,0.0400515006256,2.67082236513,2.89841162748,-0.0978806570046,0.116060230251,-0.106995948488,0.125175521735
single,lwti,nuclear_threat,46,0.0165489074377,12,1999,20260931,0.038583278412,2.67082236513,2.89841162748,-0.0865001754652,0.119597990341,-0.095281315338,0.128379130213
single,lwti,nuclear_threat,47,0.00784722210737,12,1999,20260931,0.0394547715066,2.67082236513,2.89841162748,-0.0975294640436,0.113223908258,-0.106508946387,0.122203390602
single,lwti,nuclear_threat,48,0.00362429046817,12,1999,20260931,0.0390393325404,2.67082236513,2.89841162748,-0.100642832001,0.107891412937,-0.109527764896,0.116776345832
joint,lwti,military_conflict,0,0.0713456273969,1,1999,20260920,0.0274445370103,2.56489766088,2.78256615472,0.000953198615426,0.141738056178,-0.0050206124197,0.147711867213
joint,lwti,military_conflict,1,0.0532733750702,1,1999,20260920,0.0435663967724,2.56489766088,2.78256615472,-0.0584699741042,0.165016724245,-0.0679530060717,0.174499756212
joint,lwti,military_conflict,2,0.0176435107017,1,1999,20260920,0.0559223221732,2.56489766088,2.78256615472,-0.125791522631,0.161078544034,-0.13796405027,0.173251071674
joint,lwti,military_conflict,3,-0.00418722137985,1,1999,20260920,0.0518377498346,2.56489766088,2.78256615472,-0.137145744676,0.128771301916,-0.148429189606,0.140054746847
joint,lwti,military_conflict,4,-0.00145035323139,1,1999,20260920,0.0450197011262,2.56489766088,2.78256615472,-0.116921279343,0.114020572881,-0.12672064988,0.123819943418
joint,lwti,military_conflict,5,0.0102142017613,1,1999,20260920,0.0428545840143,2.56489766088,2.78256615472,-0.0997034205349,0.120131824058,-0.109031513291,0.129459916814
joint,lwti,military_conflict,6,-0.0521025143005,1,1999,20260920,0.0402621952066,2.56489766088,2.78256615472,-0.155370924608,0.0511658960066,-0.164134735997,0.0599297073959
joint,lwti,military_conflict,7,-0.0416245230653,1,1999,20260920,0.0393255013201,2.56489766088,2.78256615472,-0.142490409414,0.0592413632834,-0.151050332056,0.0678012859252
joint,lwti,military_conflict,8,-0.0540172503949,1,1999,20260920,0.0475860971955,2.56489766088,2.78256615472,-0.176070719782,0.0680362189922,-0.186428713886,0.0783942130964
joint,lwti,military_conflict,9,-0.037204326383,1,1999,20260920,0.0505341781139,2.56489766088,2.78256615472,-0.166819321622,0.0924106688557,-0.177819020059,0.103410367293
joint,lwti,military_conflict,10,-0.0202411014807,1,1999,20260920,0.0508651207934,2.56489766088,2.78256615472,-0.150704930824,0.110222727863,-0.161776665056,0.121294462095
joint,lwti,military_conflict,11,-0.000485649617212,1,1999,20260920,0.0517674586447,2.56489766088,2.78256615472,-0.133263883205,0.13229258397,-0.144532027958,0.143560728723
joint,lwti,military_conflict,12,-0.0163787099009,1,1999,20260920,0.0495625677644,2.56489766088,2.78256615472,-0.143501624027,0.110744204225,-0.154289833503,0.121532413701
joint,lwti,military_conflict,13,-0.0244596484747,1,1999,20260920,0.0547720738695,2.56489766088,2.78256615472,-0.164944412624,0.116025115675,-0.176866567448,0.127947270498
joint,lwti,military_conflict,14,0.014864094213,1,1999,20260920,0.0568218275486,2.56489766088,2.78256615472,-0.130878078353,0.160606266779,-0.143246399973,0.172974588399
joint,lwti,military_conflict,15,0.00216182795746,1,1999,20260920,0.0559310617084,2.56489766088,2.78256615472,-0.141295621389,0.145619277304,-0.15347005135,0.157793707265
joint,lwti,military_conflict,16,-0.0274935117096,1,1999,20260920,0.0585201233176,2.56489766088,2.78256615472,-0.177591639121,0.122604615702,-0.190329626223,0.135342602804
joint,lwti,military_conflict,17,-0.00650403823748,1,1999,20260920,0.0563781524225,2.56489766088,2.78256615472,-0.15110822951,0.138100153036,-0.163379977034,0.150371900559
joint,lwti,military_conflict,18,-0.0229902903455,1,1999,20260920,0.0585869564855,2.56489766088,2.78256615472,-0.173259837993,0.127279257302,-0.18601237257,0.140031791879
joint,lwti,military_conflict,19,-0.0120148394005,1,1999,20260920,0.0629191167544,2.56489766088,2.78256615472,-0.173395934788,0.149366255987,-0.187091444166,0.163061765365
joint,lwti,military_conflict,20,0.0193225318761,1,1999,20260920,0.0653331393447,2.56489766088,2.78256615472,-0.148250284407,0.186895348159,-0.162471250446,0.201116314198
joint,lwti,military_conflict,21,0.00879373366935,1,1999,20260920,0.0638786702788,2.56489766088,2.78256615472,-0.155048518309,0.172635985647,-0.168952892257,0.186540359595
joint,lwti,military_conflict,22,0.000377550935077,1,1999,20260920,0.0638109531515,2.56489766088,2.78256615472,-0.163291013542,0.164046115412,-0.177180647604,0.177935749475
joint,lwti,military_conflict,23,-0.0146624095741,1,1999,20260920,0.0626789800744,2.56489766088,2.78256615472,-0.175427578953,0.146102759805,-0.189070818141,0.159745998993
joint,lwti,military_conflict,24,-0.0161406549078,1,1999,20260920,0.0624951074511,2.56489766088,2.78256615472,-0.176434209825,0.14415290001,-0.190037425737,0.157756115921
joint,lwti,military_conflict,25,0.00402295322294,1,1999,20260920,0.0652474212829,2.56489766088,2.78256615472,-0.163330005004,0.17137591145,-0.177532312921,0.185578219367
joint,lwti,military_conflict,26,-0.00907702154122,1,1999,20260920,0.0646582316084,2.56489766088,2.78256615472,-0.17491876855,0.156764725468,-0.188992828439,0.170838785356
joint,lwti,military_conflict,27,-0.0179820181038,1,1999,20260920,0.0645674625889,2.56489766088,2.78256615472,-0.183590951867,0.147626915659,-0.197645254199,0.161681217992
joint,lwti,military_conflict,28,-0.0234012788619,1,1999,20260920,0.0670320877052,2.56489766088,2.78256615472,-0.195331723821,0.148529166097,-0.20992249739,0.163119939667
joint,lwti,military_conflict,29,-0.0103773016298,1,1999,20260920,0.0712080038479,2.56489766088,2.78256615472,-0.193018544135,0.172263940875,-0.208518283082,0.187763679822
joint,lwti,military_conflict,30,-0.0282454278638,1,1999,20260920,0.0693168099828,2.56489766088,2.78256615472,-0.206035951648,0.14954509592,-0.221124037275,0.164633181547
joint,lwti,military_conflict,31,-0.0184446128937,1,1999,20260920,0.0675512574592,2.56489766088,2.78256615472,-0.19170667514,0.154817449353,-0.206410455608,0.169521229821
joint,lwti,military_conflict,32,-0.0432176735138,1,1999,20260920,0.0667920234341,2.56489766088,2.78256615472,-0.214532378185,0.128097031158,-0.229070897326,0.142635550299
joint,lwti,military_conflict,33,-0.0382980260637,1,1999,20260920,0.0678048667789,2.56489766088,2.78256615472,-0.212210570261,0.135614518134,-0.226969553488,0.15037350136
joint,lwti,military_conflict,34,-0.0125805378032,1,1999,20260920,0.0736135200746,2.56489766088,2.78256615472,-0.201391683251,0.176230607645,-0.217415027292,0.192253951686
joint,lwti,military_conflict,35,-0.0210003740372,1,1999,20260920,0.0839309621405,2.56489766088,2.78256615472,-0.236274702506,0.194273954432,-0.254543828622,0.212543080548
joint,lwti,military_conflict,36,-0.028209309761,1,1999,20260920,0.0894862358984,2.56489766088,2.78256615472,-0.257732346898,0.201313727376,-0.277210681085,0.220792061563
joint,lwti,military_conflict,37,-0.0121654889487,1,1999,20260920,0.0912816020831,2.56489766088,2.78256615472,-0.246293456613,0.221962478715,-0.266162585453,0.241831607556
joint,lwti,military_conflict,38,-0.045311413234,1,1999,20260920,0.0879347070293,2.56489766088,2.78256615472,-0.270854937603,0.180232111135,-0.289995552839,0.199372726371
joint,lwti,military_conflict,39,-0.0254031774777,1,1999,20260920,0.0863592287011,2.56489766088,2.78256615472,-0.246905761168,0.196099406213,-0.265703444409,0.214897089453
joint,lwti,military_conflict,40,-0.0270573214645,1,1999,20260920,0.0884163294861,2.56489766088,2.78256615472,-0.253836158147,0.199721515218,-0.273081607417,0.218966964488
joint,lwti,military_conflict,41,-0.00951882063168,1,1999,20260920,0.0890772076862,2.56489766088,2.78256615472,-0.237992742263,0.218955101,-0.257382043896,0.238344402632
joint,lwti,military_conflict,42,0.00581383584724,1,1999,20260920,0.0911606836703,2.56489766088,2.78256615472,-0.228003988463,0.239631660157,-0.247846797174,0.259474468869
joint,lwti,military_conflict,43,-0.0157084125574,1,1999,20260920,0.096353262055,2.56489766088,2.78256615472,-0.26284466902,0.231427843905,-0.283817738448,0.252400913333
joint,lwti,military_conflict,44,0.00303815903112,1,1999,20260920,0.102731309527,2.56489766088,2.78256615472,-0.260457136472,0.266533454535,-0.282818505887,0.288894823949
joint,lwti,military_conflict,45,0.0291457648632,1,1999,20260920,0.101960492525,2.56489766088,2.78256615472,-0.232372463917,0.290663993643,-0.254566050756,0.312857580483
joint,lwti,military_conflict,46,0.0409507871305,1,1999,20260920,0.0982436923872,2.56489766088,2.78256615472,-0.211034229669,0.29293580393,-0.23241878622,0.314320360481
joint,lwti,military_conflict,47,0.0198897612362,1,1999,20260920,0.0814737108444,2.56489766088,2.78256615472,-0.189081969132,0.228861491604,-0.206816229058,0.246595751531
joint,lwti,military_conflict,48,0.0179249981484,1,1999,20260920,0.0719012773677,2.56489766088,2.78256615472,-0.166494419986,0.202344416283,-0.182145062736,0.217995059032
joint,lwti,diplomatic_tension,0,0.0354198250985,1,1999,20260920,0.032507822915,2.67057370328,2.8776357144,-0.0513947119292,0.122234362126,-0.0581258471189,0.128965497316
joint,lwti,diplomatic_tension,1,0.00864217662063,1,1999,20260920,0.0548494582217,2.67057370328,2.8776357144,-0.137837344146,0.155121697387,-0.149194583273,0.166478936515
joint,lwti,diplomatic_tension,2,-0.0316305644107,1,1999,20260920,0.068578440531,2.67057370328,2.8776357144,-0.214774344305,0.151513215484,-0.22897433412,0.165713205299
joint,lwti,diplomatic_tension,3,-0.033988715189,1,1999,20260920,0.0740035719338,2.67057370328,2.8776357144,-0.231620708344,0.163643277966,-0.246944036779,0.178966606401
joint,lwti,diplomatic_tension,4,0.0215776523904,1,1999,20260920,0.0722999247981,2.67057370328,2.8776357144,-0.171504625525,0.214659930306,-0.186475193357,0.229630498138
joint,lwti,diplomatic_tension,5,0.00654618435863,1,1999,20260920,0.0670439878307,2.67057370328,2.8776357144,-0.172499726505,0.185592095223,-0.186381989459,0.199474358176
joint,lwti,diplomatic_tension,6,-0.0337572411868,1,1999,20260920,0.0693498759596,2.67057370328,2.8776357144,-0.21896119625,0.151446713877,-0.233320921037,0.165806438663
joint,lwti,diplomatic_tension,7,-0.0417756428727,1,1999,20260920,0.0844485450105,2.67057370328,2.8776357144,-0.267301706458,0.183750420713,-0.284787792024,0.201236506278
joint,lwti,diplomatic_tension,8,-0.156280762704,1,1999,20260920,0.0948058928808,2.67057370328,2.8776357144,-0.409466887147,0.0969053617403,-0.429097585993,0.116536060586
joint,lwti,diplomatic_tension,9,-0.158295683699,1,1999,20260920,0.0780513178606,2.67057370328,2.8776357144,-0.366737480684,0.0501461132861,-0.382898943531,0.0663075761324
joint,lwti,diplomatic_tension,10,-0.169357286077,1,1999,20260920,0.0809241516323,2.67057370328,2.8776357144,-0.385471197387,0.0467566252331,-0.402227514971,0.0635129428177
joint,lwti,diplomatic_tension,11,-0.169823933642,1,1999,20260920,0.0803852489252,2.67057370328,2.8776357144,-0.384498665553,0.04485079827,-0.40114339686,0.0614955295763
joint,lwti,diplomatic_tension,12,-0.187825957335,1,1999,20260920,0.0826094585581,2.67057370328,2.8776357144,-0.408440605003,0.0327886903326,-0.425545885629,0.0498939709586
joint,lwti,diplomatic_tension,13,-0.174578553488,1,1999,20260920,0.0894735606395,2.67057370328,2.8776357144,-0.413524291671,0.064367184695,-0.432050867078,0.0828937601025
joint,lwti,diplomatic_tension,14,-0.143243521999,1,1999,20260920,0.0923042539437,2.67057370328,2.8776357144,-0.389748835283,0.103261791284,-0.408861539738,0.12237449574
joint,lwti,diplomatic_tension,15,-0.172880903807,1,1999,20260920,0.0946833896334,2.67057370328,2.8776357144,-0.425739874299,0.079978066686,-0.445345207376,0.0995833997626
joint,lwti,diplomatic_tension,16,-0.20366099151,1,1999,20260920,0.107123544157,2.67057370328,2.8776357144,-0.489742311539,0.0824203285189,-0.511923528029,0.10460154501
joint,lwti,diplomatic_tension,17,-0.189941742711,1,1999,20260920,0.111597843574,2.67057370328,2.8776357144,-0.487972009102,0.10808852368,-0.511079683029,0.131196197607
joint,lwti,diplomatic_tension,18,-0.224880168033,1,1999,20260920,0.111370097044,2.67057370328,2.8776357144,-0.522302220533,0.0725418844657,-0.545362736805,0.0956024007376
joint,lwti,diplomatic_tension,19,-0.202674415163,1,1999,20260920,0.109939230154,2.67057370328,2.8776357144,-0.496275232171,0.0909264018455,-0.519039470267,0.113690639941
joint,lwti,diplomatic_tension,20,-0.133099281763,1,1999,20260920,0.127241317541,2.67057370328,2.8776357144,-0.472906598359,0.206708034832,-0.499253441465,0.233054877939
joint,lwti,diplomatic_tension,21,-0.194449772573,1,1999,20260920,0.105873356185,2.67057370328,2.8776357144,-0.477192373479,0.0882928283329,-0.499114723534,0.110215178388
joint,lwti,diplomatic_tension,22,-0.24903659518,1,1999,20260920,0.0980284302892,2.67057370328,2.8776357144,-0.510828743284,0.0127555529248,-0.531126707206,0.0330535168468
joint,lwti,diplomatic_tension,23,-0.311448142101,1,1999,20260920,0.107412082434,2.67057370328,2.8776357144,-0.598300024866,-0.0245962593368,-0.620540986673,-0.00235529753008
joint,lwti,diplomatic_tension,24,-0.309666592153,1,1999,20260920,0.100473300197,2.67057370328,2.8776357144,-0.577987945543,-0.041345238764,-0.598792149145,-0.0205410351619
joint,lwti,diplomatic_tension,25,-0.325646742153,1,1999,20260920,0.109141161435,2.67057370328,2.8776357144,-0.617116257826,-0.0341772264801,-0.639715246208,-0.0115782380982
joint,lwti,diplomatic_tension,26,-0.303879859438,1,1999,20260920,0.103481450543,2.67057370328,2.8776357144,-0.580234700036,-0.0275250188411,-0.601661777298,-0.00609794157872
joint,lwti,diplomatic_tension,27,-0.270166216799,1,1999,20260920,0.100433633687,2.67057370328,2.8776357144,-0.538381637848,-0.00195079575033,-0.559177628023,0.0188451944243
joint,lwti,diplomatic_tension,28,-0.247577713598,1,1999,20260920,0.100769731778,2.67057370328,2.8776357144,-0.516690709372,0.0215352821751,-0.537556292693,0.0424008654964
joint,lwti,diplomatic_tension,29,-0.219600066179,1,1999,20260920,0.103595380829,2.67057370328,2.8776357144,-0.496259166003,0.0570590336451,-0.517709833899,0.0785097015416
joint,lwti,diplomatic_tension,30,-0.227435709025,1,1999,20260920,0.104331589771,2.67057370328,2.8776357144,-0.50606090909,0.0511894910394,-0.527664017891,0.0727925998401
joint,lwti,diplomatic_tension,31,-0.168813206968,1,1999,20260920,0.110162906166,2.67057370328,2.8776357144,-0.463011367251,0.125384953315,-0.485821920152,0.148195506216
joint,lwti,diplomatic_tension,32,-0.151540534444,1,1999,20260920,0.112278033857,2.67057370328,2.8776357144,-0.451387299118,0.14830623023,-0.474635814612,0.171554745724
joint,lwti,diplomatic_tension,33,-0.152979933546,1,1999,20260920,0.109951592808,2.67057370328,2.8776357144,-0.446613765935,0.140653898842,-0.469380563867,0.163420696774
joint,lwti,diplomatic_tension,34,-0.169671075089,1,1999,20260920,0.114642109223,2.67057370328,2.8776357144,-0.475831277269,0.136489127091,-0.499569302963,0.160227152785
joint,lwti,diplomatic_tension,35,-0.233942494616,1,1999,20260920,0.117760357042,2.67057370328,2.8776357144,-0.548430207423,0.0805452181903,-0.572813903781,0.104928914549
joint,lwti,diplomatic_tension,36,-0.18434777022,1,1999,20260920,0.114112434849,2.67057370328,2.8776357144,-0.489093437947,0.120397897507,-0.5127217882,0.14402624776
joint,lwti,diplomatic_tension,37,-0.105731201419,1,1999,20260920,0.120143450494,2.67057370328,2.8776357144,-0.42658314093,0.215120738092,-0.451460285411,0.239997882573
joint,lwti,diplomatic_tension,38,-0.172572759788,1,1999,20260920,0.11987971993,2.67057370328,2.8776357144,-0.49272038739,0.147574867815,-0.517542923291,0.172397403715
joint,lwti,diplomatic_tension,39,-0.200256011425,1,1999,20260920,0.127889690293,2.67057370328,2.8776357144,-0.541794855243,0.141282832392,-0.568275951716,0.167763928865
joint,lwti,diplomatic_tension,40,-0.22260662903,1,1999,20260920,0.135921855737,2.67057370328,2.8776357144,-0.585595962664,0.140382704605,-0.613740215467,0.168526957408
joint,lwti,diplomatic_tension,41,-0.197437821917,1,1999,20260920,0.136549135329,2.67057370328,2.8776357144,-0.562102351932,0.167226708097,-0.590376490509,0.195500846674
joint,lwti,diplomatic_tension,42,-0.162686088486,1,1999,20260920,0.135336320667,2.67057370328,2.8776357144,-0.52411170756,0.198739530588,-0.552134718294,0.226762541322
joint,lwti,diplomatic_tension,43,-0.174563010842,1,1999,20260920,0.141031066934,2.67057370328,2.8776357144,-0.551196869541,0.202070847857,-0.58039904589,0.231273024205
joint,lwti,diplomatic_tension,44,-0.140294438558,1,1999,20260920,0.143653583405,2.67057370328,2.8776357144,-0.523931920783,0.243343043667,-0.553677120666,0.273088243551
joint,lwti,diplomatic_tension,45,-0.149428764752,1,1999,20260920,0.13696771163,2.67057370328,2.8776357144,-0.51521113363,0.216353604125,-0.543571943457,0.244714413953
joint,lwti,diplomatic_tension,46,-0.135466468826,1,1999,20260920,0.138921930896,2.67057370328,2.8776357144,-0.506467724286,0.235534786634,-0.535233178685,0.264300241033
joint,lwti,diplomatic_tension,47,-0.199444709831,1,1999,20260920,0.123704893493,2.67057370328,2.8776357144,-0.529807745361,0.1309183257,-0.555422329392,0.156532909731
joint,lwti,diplomatic_tension,48,-0.209689289131,1,1999,20260920,0.117343854069,2.67057370328,2.8776357144,-0.523064700051,0.103686121789,-0.547362154466,0.127983576205
joint,lwti,nuclear_threat,0,0.0304570180382,1,1999,20260920,0.0158599264359,2.6338897306,2.86474568846,-0.0113162793294,0.0722303154058,-0.0149776378384,0.0758916739148
joint,lwti,nuclear_threat,1,0.0381118142352,1,1999,20260920,0.026060945796,2.6338897306,2.86474568846,-0.0305298432665,0.106753471737,-0.0365461678711,0.112769796342
joint,lwti,nuclear_threat,2,0.0349155627615,1,1999,20260920,0.0274056163402,2.6338897306,2.86474568846,-0.0372678086776,0.107098934201,-0.0435945584886,0.113425684012
joint,lwti,nuclear_threat,3,0.0279867880478,1,1999,20260920,0.0299606526994,2.6338897306,2.86474568846,-0.0509262674191,0.106899843515,-0.0578428625962,0.113816438692
joint,lwti,nuclear_threat,4,0.0500072859611,1,1999,20260920,0.0310843426234,2.6338897306,2.86474568846,-0.0318654448572,0.131880016779,-0.0390414505481,0.13905602247
joint,lwti,nuclear_threat,5,0.0564969991526,1,1999,20260920,0.036299524144,2.6338897306,2.86474568846,-0.0391119447158,0.152105943021,-0.0474919061321,0.160485904437
joint,lwti,nuclear_threat,6,0.055999827313,1,1999,20260920,0.0426534106289,2.6338897306,2.86474568846,-0.0563445529175,0.168344207543,-0.0661913468845,0.17819100151
joint,lwti,nuclear_threat,7,0.0356735272326,1,1999,20260920,0.0467256795663,2.6338897306,2.86474568846,-0.0873967603323,0.158743814797,-0.0981836618454,0.169530716311
joint,lwti,nuclear_threat,8,0.0480807602546,1,1999,20260920,0.0453878043434,2.6338897306,2.86474568846,-0.0714657114999,0.167627232009,-0.081943756547,0.178105277056
joint,lwti,nuclear_threat,9,0.042902751142,1,1999,20260920,0.0475564296421,2.6338897306,2.86474568846,-0.0823556405163,0.1681611428,-0.0933343256339,0.179139827918
joint,lwti,nuclear_threat,10,0.0484205651176,1,1999,20260920,0.0436914457983,2.6338897306,2.86474568846,-0.0666578852855,0.163499015521,-0.0767443158558,0.173585446091
joint,lwti,nuclear_threat,11,0.0969988931502,1,1999,20260920,0.043941134963,2.6338897306,2.86474568846,-0.0187372109796,0.21273499728,-0.0288812837811,0.222879070081
joint,lwti,nuclear_threat,12,0.0926260778176,1,1999,20260920,0.0430751466963,2.6338897306,2.86474568846,-0.0208291087099,0.206081264345,-0.0307732629606,0.216025418596
joint,lwti,nuclear_threat,13,0.09127084859,1,1999,20260920,0.0419782662768,2.6338897306,2.86474568846,-0.0192952758648,0.201836973045,-0.0289862087356,0.211527905916
joint,lwti,nuclear_threat,14,0.095365384611,1,1999,20260920,0.0411571988799,2.6338897306,2.86474568846,-0.0130381388589,0.203768908081,-0.0225395234293,0.213270292651
joint,lwti,nuclear_threat,15,0.0973837892786,1,1999,20260920,0.0406787339689,2.6338897306,2.86474568846,-0.00975951037568,0.204527088933,-0.0191504384707,0.213918017028
joint,lwti,nuclear_threat,16,0.102649593864,1,1999,20260920,0.0422753581013,2.6338897306,2.86474568846,-0.00869903769661,0.213998225424,-0.0184585559851,0.223757743712
joint,lwti,nuclear_threat,17,0.108692262608,1,1999,20260920,0.0427264709333,2.6338897306,2.86474568846,-0.00384455040806,0.221229075624,-0.0137082107815,0.231092735997
joint,lwti,nuclear_threat,18,0.13610033461,1,1999,20260920,0.0414660171357,2.6338897306,2.86474568846,0.0268834179077,0.245317251313,0.017310740803,0.254889928417
joint,lwti,nuclear_threat,19,0.150852234854,1,1999,20260920,0.0411510389027,2.6338897306,2.86474568846,0.0424649360845,0.259239533623,0.0329649735815,0.268739496126
joint,lwti,nuclear_threat,20,0.152254662129,1,1999,20260920,0.0442869792121,2.6338897306,2.86474568846,0.035607642383,0.268901681875,0.0253837293761,0.279125594882
joint,lwti,nuclear_threat,21,0.135139326096,1,1999,20260920,0.0433210336498,2.6338897306,2.86474568846,0.0210365004471,0.249242151745,0.0110355817282,0.259243070464
joint,lwti,nuclear_threat,22,0.138027489008,1,1999,20260920,0.0442270636882,2.6338897306,2.86474568846,0.0215382801453,0.254516697871,0.0113281989941,0.264726779022
joint,lwti,nuclear_threat,23,0.119897391021,1,1999,20260920,0.0441869253362,2.6338897306,2.86474568846,0.00351390215136,0.236280879891,-0.00668691282218,0.246481694864
joint,lwti,nuclear_threat,24,0.106967260478,1,1999,20260920,0.0440191167715,2.6338897306,2.86474568846,-0.00897423913646,0.222908760092,-0.0191363145031,0.233070835459
joint,lwti,nuclear_threat,25,0.124418727905,1,1999,20260920,0.0478971507687,2.6338897306,2.86474568846,-0.00173708562929,0.25057454144,-0.0127944282489,0.261631884059
joint,lwti,nuclear_threat,26,0.104887009031,1,1999,20260920,0.0541883922484,2.6338897306,2.86474568846,-0.0378392408292,0.247613258892,-0.0503489540269,0.26012297209
joint,lwti,nuclear_threat,27,0.0795119262499,1,1999,20260920,0.0562995463288,2.6338897306,2.86474568846,-0.0687748706629,0.227798723163,-0.0817719563579,0.240795808858
joint,lwti,nuclear_threat,28,0.0798603679079,1,1999,20260920,0.0535271941067,2.6338897306,2.86474568846,-0.0611243589575,0.220845094773,-0.0734814306248,0.233202166441
joint,lwti,nuclear_threat,29,0.077882575029,1,1999,20260920,0.0533952375836,2.6338897306,2.86474568846,-0.0627545929053,0.218519742963,-0.075081201623,0.230846351681
joint,lwti,nuclear_threat,30,0.0874987331319,1,1999,20260920,0.0569286066885,2.6338897306,2.86474568846,-0.0624449394021,0.237442405666,-0.075587247429,0.250584713693
joint,lwti,nuclear_threat,31,0.0705807089126,1,1999,20260920,0.0728214531852,2.6338897306,2.86474568846,-0.121222968799,0.262384386624,-0.138034235127,0.279195652952
joint,lwti,nuclear_threat,32,0.0117658823526,1,1999,20260920,0.0829998489126,2.6338897306,2.86474568846,-0.206846567339,0.230378332045,-0.226007576963,0.249539341668
joint,lwti,nuclear_threat,33,0.0266981628295,1,1999,20260920,0.0665964895567,2.6338897306,2.86474568846,-0.148709647108,0.202105972767,-0.164083843495,0.217480169154
joint,lwti,nuclear_threat,34,0.0424182874593,1,1999,20260920,0.0582484027148,2.6338897306,2.86474568846,-0.111001582275,0.195838157194,-0.124448573078,0.209285147996
joint,lwti,nuclear_threat,35,0.0324879334034,1,1999,20260920,0.0622144687734,2.6338897306,2.86474568846,-0.131378116993,0.1963539838,-0.145740697775,0.210716564582
joint,lwti,nuclear_threat,36,0.0152182924125,1,1999,20260920,0.0631551461486,2.6338897306,2.86474568846,-0.151125398463,0.181561983288,-0.165705140221,0.196141725046
joint,lwti,nuclear_threat,37,0.0193689768056,1,1999,20260920,0.0579784165898,2.6338897306,2.86474568846,-0.133339779247,0.172077732858,-0.146724442144,0.185462395755
joint,lwti,nuclear_threat,38,0.0170001594236,1,1999,20260920,0.0568024507982,2.6338897306,2.86474568846,-0.132611232407,0.166611551254,-0.145724416595,0.179724735442
joint,lwti,nuclear_threat,39,0.0254700862667,1,1999,20260920,0.0553002785539,2.6338897306,2.86474568846,-0.120184749515,0.171124922049,-0.132951148291,0.183891320825
joint,lwti,nuclear_threat,40,0.0263007443209,1,1999,20260920,0.0563641327289,2.6338897306,2.86474568846,-0.122156166048,0.17475765469,-0.135168161898,0.18776965054
joint,lwti,nuclear_threat,41,0.0204197302192,1,1999,20260920,0.0580003764177,2.6338897306,2.86474568846,-0.132346865598,0.173186326037,-0.145736598052,0.186576058491
joint,lwti,nuclear_threat,42,0.0193690564072,1,1999,20260920,0.0607262565006,2.6338897306,2.86474568846,-0.140577206967,0.179315319782,-0.154596225079,0.193334337894
joint,lwti,nuclear_threat,43,0.000429447567211,1,1999,20260920,0.0627584439867,2.6338897306,2.86474568846,-0.164869373558,0.165728268692,-0.179357534258,0.180216429393
joint,lwti,nuclear_threat,44,0.0163866327068,1,1999,20260920,0.0574927143476,2.6338897306,2.86474568846,-0.135042837198,0.167816102611,-0.148315372838,0.181088638252
joint,lwti,nuclear_threat,45,0.0112098764244,1,1999,20260920,0.0566978097524,2.6338897306,2.86474568846,-0.13812590243,0.160545655279,-0.151214929609,0.173634682458
joint,lwti,nuclear_threat,46,0.0200598371024,1,1999,20260920,0.0557741232508,2.6338897306,2.86474568846,-0.126843053361,0.166962727566,-0.139718842008,0.179838516213
joint,lwti,nuclear_threat,47,0.0090138387088,1,1999,20260920,0.0532267786927,2.6338897306,2.86474568846,-0.131179627083,0.1492073045,-0.143467346062,0.161495023479
joint,lwti,nuclear_threat,48,-0.000346287268343,1,1999,20260920,0.0520559249003,2.6338897306,2.86474568846,-0.13745585328,0.136763278743,-0.149473273685,0.148780699149
joint,lwti,military_conflict,0,0.0713456273969,6,1999,20260925,0.0227875855687,2.66864424114,2.92229552652,0.0105336683997,0.132157586394,0.00475356802928,0.137937686764
joint,lwti,military_conflict,1,0.0532733750702,6,1999,20260925,0.0311392266701,2.66864424114,2.92229552652,-0.0298261428564,0.136372892997,-0.0377246477273,0.144271397868
joint,lwti,military_conflict,2,0.0176435107017,6,1999,20260925,0.0399126596738,2.66864424114,2.92229552652,-0.0888691786853,0.124156200089,-0.0989930761148,0.134280097518
joint,lwti,military_conflict,3,-0.00418722137985,6,1999,20260925,0.0378015768402,2.66864424114,2.92229552652,-0.10506618172,0.0966917389607,-0.114654600276,0.106280157516
joint,lwti,military_conflict,4,-0.00145035323139,6,1999,20260925,0.0351804768624,2.66864424114,2.92229552652,-0.0953345302107,0.0924338237479,-0.104258103387,0.101357396925
joint,lwti,military_conflict,5,0.0102142017613,6,1999,20260925,0.0363948150155,2.66864424114,2.92229552652,-0.0869106117369,0.10733901526,-0.096142203347,0.11657060687
joint,lwti,military_conflict,6,-0.0521025143005,6,1999,20260925,0.0292190715289,2.66864424114,2.92229552652,-0.130077821267,0.0258727926664,-0.137489276319,0.0332842477176
joint,lwti,military_conflict,7,-0.0416245230653,6,1999,20260925,0.0302919046764,2.66864424114,2.92229552652,-0.122462840033,0.0392137939024,-0.130146420591,0.0468973744604
joint,lwti,military_conflict,8,-0.0540172503949,6,1999,20260925,0.0360142198156,2.66864424114,2.92229552652,-0.150126390705,0.042091889915,-0.159261443853,0.0512269430635
joint,lwti,military_conflict,9,-0.037204326383,6,1999,20260925,0.0358312712294,2.66864424114,2.92229552652,-0.132825242002,0.058416589236,-0.141913890006,0.0675052372404
joint,lwti,military_conflict,10,-0.0202411014807,6,1999,20260925,0.0349897823085,2.66864424114,2.92229552652,-0.113616382537,0.0731341795756,-0.122491585795,0.0820093828336
joint,lwti,military_conflict,11,-0.000485649617212,6,1999,20260925,0.0362477305034,2.66864424114,2.92229552652,-0.0972179468794,0.096246647645,-0.106412230314,0.10544093108
joint,lwti,military_conflict,12,-0.0163787099009,6,1999,20260925,0.0356800701936,2.66864424114,2.92229552652,-0.111596123747,0.0788387039447,-0.120646419414,0.087888999612
joint,lwti,military_conflict,13,-0.0244596484747,6,1999,20260925,0.0388506293404,2.66864424114,2.92229552652,-0.128138156729,0.0792188597792,-0.137992668799,0.0890733718496
joint,lwti,military_conflict,14,0.014864094213,6,1999,20260925,0.0440820990877,2.66864424114,2.92229552652,-0.102775345654,0.132503534081,-0.113956826751,0.143685015177
joint,lwti,military_conflict,15,0.00216182795746,6,1999,20260925,0.0435809130916,2.66864424114,2.92229552652,-0.114140124788,0.118463780703,-0.125194479412,0.129518135327
joint,lwti,military_conflict,16,-0.0274935117096,6,1999,20260925,0.0431487561024,2.66864424114,2.92229552652,-0.142642191194,0.0876551677752,-0.153586928643,0.0985999052235
joint,lwti,military_conflict,17,-0.00650403823748,6,1999,20260925,0.0452550887183,2.66864424114,2.92229552652,-0.127273770128,0.114265693653,-0.138752781551,0.125744705076
joint,lwti,military_conflict,18,-0.0229902903455,6,1999,20260925,0.0459392736522,2.66864424114,2.92229552652,-0.145585868419,0.0996052877284,-0.157238424231,0.11125784354
joint,lwti,military_conflict,19,-0.0120148394005,6,1999,20260925,0.0494104182248,2.66864424114,2.92229552652,-0.143873667448,0.119843988647,-0.156406683543,0.132377004742
joint,lwti,military_conflict,20,0.0193225318761,6,1999,20260925,0.0500637506948,2.66864424114,2.92229552652,-0.114279808105,0.152924871857,-0.12697854282,0.165623606573
joint,lwti,military_conflict,21,0.00879373366935,6,1999,20260925,0.0456085368114,2.66864424114,2.92229552652,-0.112919225439,0.130506692778,-0.124487889426,0.142075356764
joint,lwti,military_conflict,22,0.000377550935077,6,1999,20260925,0.0470277536667,2.66864424114,2.92229552652,-0.125122793061,0.125877894931,-0.137051443228,0.137806545098
joint,lwti,military_conflict,23,-0.0146624095741,6,1999,20260925,0.0443677230587,2.66864424114,2.92229552652,-0.133064078207,0.103739259059,-0.144318008191,0.114993189042
joint,lwti,military_conflict,24,-0.0161406549078,6,1999,20260925,0.0424482385986,2.66864424114,2.92229552652,-0.12941990239,0.0971385925747,-0.140186952673,0.107905642858
joint,lwti,military_conflict,25,0.00402295322294,6,1999,20260925,0.0455957111489,2.66864424114,2.92229552652,-0.117655778755,0.125701685201,-0.129221189496,0.137267095942
joint,lwti,military_conflict,26,-0.00907702154122,6,1999,20260925,0.0441617456349,2.66864424114,2.92229552652,-0.126929009708,0.108774966626,-0.138130693254,0.119976650171
joint,lwti,military_conflict,27,-0.0179820181038,6,1999,20260925,0.0432349435148,2.66864424114,2.92229552652,-0.13336070113,0.0973966649227,-0.144327300127,0.108363263919
joint,lwti,military_conflict,28,-0.0234012788619,6,1999,20260925,0.0443473953404,2.66864424114,2.92229552652,-0.141748700046,0.0949461423226,-0.152997473878,0.106194916154
joint,lwti,military_conflict,29,-0.0103773016298,6,1999,20260925,0.0432939171585,2.66864424114,2.92229552652,-0.125913364331,0.105158761071,-0.136894922068,0.116140318808
joint,lwti,military_conflict,30,-0.0282454278638,6,1999,20260925,0.042105204245,2.66864424114,2.92229552652,-0.140609238694,0.0841183829665,-0.151289277872,0.0947984221448
joint,lwti,military_conflict,31,-0.0184446128937,6,1999,20260925,0.0431140685678,2.66864424114,2.92229552652,-0.133500723689,0.0966114979016,-0.1444366626,0.107547436812
joint,lwti,military_conflict,32,-0.0432176735138,6,1999,20260925,0.0419237765182,2.66864424114,2.92229552652,-0.155097318286,0.0686619712583,-0.165731338088,0.0792959910604
joint,lwti,military_conflict,33,-0.0382980260637,6,1999,20260925,0.0433254255487,2.66864424114,2.92229552652,-0.153918173449,0.0773221213215,-0.164907723329,0.0883116712019
joint,lwti,military_conflict,34,-0.0125805378032,6,1999,20260925,0.0425837960354,2.66864424114,2.92229552652,-0.126221539859,0.101060464252,-0.13702297446,0.111861898853
joint,lwti,military_conflict,35,-0.0210003740372,6,1999,20260925,0.0486956524044,2.66864424114,2.92229552652,-0.150951746395,0.10895099832,-0.16330346122,0.121302713145
joint,lwti,military_conflict,36,-0.028209309761,6,1999,20260925,0.0525673005969,2.66864424114,2.92229552652,-0.168492733771,0.112074114249,-0.181826497137,0.125407877615
joint,lwti,military_conflict,37,-0.0121654889487,6,1999,20260925,0.0526350179841,2.66864424114,2.92229552652,-0.152629626574,0.128298648677,-0.165980566542,0.141649588645
joint,lwti,military_conflict,38,-0.045311413234,6,1999,20260925,0.051906650023,2.66864424114,2.92229552652,-0.183831795895,0.0932089694266,-0.196997984393,0.106375157925
joint,lwti,military_conflict,39,-0.0254031774777,6,1999,20260925,0.051765220856,2.66864424114,2.92229552652,-0.163546136006,0.112739781051,-0.176676450815,0.125870095859
joint,lwti,military_conflict,40,-0.0270573214645,6,1999,20260925,0.0538502425348,2.66864424114,2.92229552652,-0.170764461089,0.11664981816,-0.184423644326,0.130309001397
joint,lwti,military_conflict,41,-0.00951882063168,6,1999,20260925,0.0528235352974,2.66864424114,2.92229552652,-0.1504860439,0.131448402636,-0.163884801527,0.144847160263
joint,lwti,military_conflict,42,0.00581383584724,6,1999,20260925,0.0511620740471,2.66864424114,2.92229552652,-0.130719538423,0.142347210117,-0.143696864268,0.155324535963
joint,lwti,military_conflict,43,-0.0157084125574,6,1999,20260925,0.0500524303676,2.66864424114,2.92229552652,-0.149280542613,0.117863717498,-0.161976405912,0.130559580798
joint,lwti,military_conflict,44,0.00303815903112,6,1999,20260925,0.0500556679048,2.66864424114,2.92229552652,-0.130542610859,0.136618928921,-0.143239295364,0.149315613426
joint,lwti,military_conflict,45,0.0291457648632,6,1999,20260925,0.051526833558,2.66864424114,2.92229552652,-0.108361022775,0.166652552502,-0.121430870339,0.179722400066
joint,lwti,military_conflict,46,0.0409507871305,6,1999,20260925,0.0496749467923,2.66864424114,2.92229552652,-0.0916139735554,0.173515547816,-0.104214087661,0.186115661922
joint,lwti,military_conflict,47,0.0198897612362,6,1999,20260925,0.0500172805107,2.66864424114,2.92229552652,-0.113588566356,0.153368088828,-0.126275513849,0.166055036322
joint,lwti,military_conflict,48,0.0179249981484,6,1999,20260925,0.0456353368338,2.66864424114,2.92229552652,-0.103859480686,0.139709476982,-0.115434942533,0.151284938829
joint,lwti,diplomatic_tension,0,0.0354198250985,6,1999,20260925,0.0347865062996,2.69008586346,2.9329652149,-0.0581588637374,0.128998513934,-0.0666077878261,0.137447438023
joint,lwti,diplomatic_tension,1,0.00864217662063,6,1999,20260925,0.0506076665604,2.69008586346,2.9329652149,-0.127496791777,0.144781145018,-0.139788349008,0.15707270225
joint,lwti,diplomatic_tension,2,-0.0316305644107,6,1999,20260925,0.0539232376449,2.69008586346,2.9329652149,-0.176688703711,0.11342757489,-0.189785544698,0.126524415877
joint,lwti,diplomatic_tension,3,-0.033988715189,6,1999,20260925,0.0558064711038,2.69008586346,2.9329652149,-0.184112914195,0.116135483817,-0.197667153703,0.129689723325
joint,lwti,diplomatic_tension,4,0.0215776523904,6,1999,20260925,0.0595218039307,2.69008586346,2.9329652149,-0.138541110931,0.181696415712,-0.152997728066,0.196153032847
joint,lwti,diplomatic_tension,5,0.00654618435863,6,1999,20260925,0.0553618403353,2.69008586346,2.9329652149,-0.142381919703,0.15547428842,-0.155828167578,0.168920536295
joint,lwti,diplomatic_tension,6,-0.0337572411868,6,1999,20260925,0.0555621875938,2.69008586346,2.9329652149,-0.183224296576,0.115709814202,-0.196719204663,0.12920472229
joint,lwti,diplomatic_tension,7,-0.0417756428727,6,1999,20260925,0.0603823964723,2.69008586346,2.9329652149,-0.204209474025,0.12065818828,-0.218875111318,0.135323825573
joint,lwti,diplomatic_tension,8,-0.156280762704,6,1999,20260925,0.0722784088755,2.69008586346,2.9329652149,-0.350715888653,0.0381543632462,-0.368270821724,0.0557092963166
joint,lwti,diplomatic_tension,9,-0.158295683699,6,1999,20260925,0.0621112097751,2.69008586346,2.9329652149,-0.325380171078,0.00878880367942,-0.340465701425,0.0238743340264
joint,lwti,diplomatic_tension,10,-0.169357286077,6,1999,20260925,0.0703117001135,2.69008586346,2.9329652149,-0.358501796588,0.0197872244347,-0.37557905671,0.0368644845566
joint,lwti,diplomatic_tension,11,-0.169823933642,6,1999,20260925,0.0705134304759,2.69008586346,2.9329652149,-0.359511116149,0.019863248866,-0.376637372411,0.0369895051274
joint,lwti,diplomatic_tension,12,-0.187825957335,6,1999,20260925,0.0702781026501,2.69008586346,2.9329652149,-0.376880087785,0.00122817311493,-0.393949187777,0.0182972731066
joint,lwti,diplomatic_tension,13,-0.174578553488,6,1999,20260925,0.0692661629139,2.69008586346,2.9329652149,-0.360910479159,0.0117533721833,-0.377733799884,0.0285766929082
joint,lwti,diplomatic_tension,14,-0.143243521999,6,1999,20260925,0.0736659333514,2.69008586346,2.9329652149,-0.341411207927,0.0549241639282,-0.359303142042,0.0728160980435
joint,lwti,diplomatic_tension,15,-0.172880903807,6,1999,20260925,0.080778912946,2.69008586346,2.9329652149,-0.390183115589,0.0444213079752,-0.409802645575,0.0640408379612
joint,lwti,diplomatic_tension,16,-0.20366099151,6,1999,20260925,0.0830673946906,2.69008586346,2.9329652149,-0.427119415682,0.0197974326623,-0.44729477063,0.0399727876101
joint,lwti,diplomatic_tension,17,-0.189941742711,6,1999,20260925,0.0751869982095,2.69008586346,2.9329652149,-0.392201223711,0.0123177382887,-0.410462593072,0.0305791076502
joint,lwti,diplomatic_tension,18,-0.224880168033,6,1999,20260925,0.0925622740752,2.69008586346,2.9329652149,-0.473880633013,0.0241202969465,-0.496362098108,0.0466017620412
joint,lwti,diplomatic_tension,19,-0.202674415163,6,1999,20260925,0.0774091514927,2.69008586346,2.9329652149,-0.410911679296,0.0055628489706,-0.429712763806,0.0243639334803
joint,lwti,diplomatic_tension,20,-0.133099281763,6,1999,20260925,0.0885678256787,2.69008586346,2.9329652149,-0.371354337579,0.105155774053,-0.392865633638,0.126667070112
joint,lwti,diplomatic_tension,21,-0.194449772573,6,1999,20260925,0.0729004082996,2.69008586346,2.9329652149,-0.390558130381,0.00165858523459,-0.408264134268,0.0193645891217
joint,lwti,diplomatic_tension,22,-0.24903659518,6,1999,20260925,0.0763631780862,2.69008586346,2.9329652149,-0.454460101039,-0.0436130893209,-0.473007140206,-0.0250660501538
joint,lwti,diplomatic_tension,23,-0.311448142101,6,1999,20260925,0.0897658919582,2.69008586346,2.9329652149,-0.552926099079,-0.0699701851232,-0.574728380699,-0.0481679035035
joint,lwti,diplomatic_tension,24,-0.309666592153,6,1999,20260925,0.0789968378515,2.69008586346,2.9329652149,-0.522174868916,-0.0971583153908,-0.541361569659,-0.077971614648
joint,lwti,diplomatic_tension,25,-0.325646742153,6,1999,20260925,0.0910860437434,2.69008586346,2.9329652149,-0.570676020786,-0.08061746352,-0.592798940015,-0.0584945442909
joint,lwti,diplomatic_tension,26,-0.303879859438,6,1999,20260925,0.0857841288351,2.69008586346,2.9329652149,-0.534646531727,-0.0731131871495,-0.555481725302,-0.0522779935746
joint,lwti,diplomatic_tension,27,-0.270166216799,6,1999,20260925,0.0803029295406,2.69008586346,2.9329652149,-0.486187992351,-0.0541444412472,-0.505691915796,-0.0346405178021
joint,lwti,diplomatic_tension,28,-0.247577713598,6,1999,20260925,0.0802809279002,2.69008586346,2.9329652149,-0.463540302849,-0.0316151243484,-0.48303888255,-0.0121165446474
joint,lwti,diplomatic_tension,29,-0.219600066179,6,1999,20260925,0.0813028525635,2.69008586346,2.9329652149,-0.438311720519,-0.00088841183859,-0.45805850462,0.0188583722618
joint,lwti,diplomatic_tension,30,-0.227435709025,6,1999,20260925,0.0824391909302,2.69008586346,2.9329652149,-0.449204211142,-0.00566720690867,-0.469226988368,0.0143555703173
joint,lwti,diplomatic_tension,31,-0.168813206968,6,1999,20260925,0.0862896634509,2.69008586346,2.9329652149,-0.40093981078,0.0633133968445,-0.421897788275,0.084271374339
joint,lwti,diplomatic_tension,32,-0.151540534444,6,1999,20260925,0.0895279204874,2.69008586346,2.9329652149,-0.392378327732,0.0892972588447,-0.414122810995,0.111041742108
joint,lwti,diplomatic_tension,33,-0.152979933546,6,1999,20260925,0.0924020828726,2.69008586346,2.9329652149,-0.401549470437,0.0955896033439,-0.423992028396,0.118032161303
joint,lwti,diplomatic_tension,34,-0.169671075089,6,1999,20260925,0.0916654343463,2.69008586346,2.9329652149,-0.416258964192,0.0769168140145,-0.438522605435,0.0991804552575
joint,lwti,diplomatic_tension,35,-0.233942494616,6,1999,20260925,0.0962309317374,2.69008586346,2.9329652149,-0.492811963711,0.0249269744787,-0.516184469999,0.048299480767
joint,lwti,diplomatic_tension,36,-0.18434777022,6,1999,20260925,0.0938399250496,2.69008586346,2.9329652149,-0.436785226024,0.0680896855844,-0.459577006159,0.0908814657191
joint,lwti,diplomatic_tension,37,-0.105731201419,6,1999,20260925,0.0902911965769,2.69008586346,2.9329652149,-0.348622272926,0.137159870088,-0.370552140191,0.159089737353
joint,lwti,diplomatic_tension,38,-0.172572759788,6,1999,20260925,0.0918961630703,2.69008586346,2.9329652149,-0.41978132897,0.0746358093944,-0.442101009456,0.0969554898802
joint,lwti,diplomatic_tension,39,-0.200256011425,6,1999,20260925,0.111931492653,2.69008586346,2.9329652149,-0.501361337488,0.100849314637,-0.528547185828,0.128035162977
joint,lwti,diplomatic_tension,40,-0.22260662903,6,1999,20260925,0.12586595646,2.69008586346,2.9329652149,-0.561196859194,0.115983601135,-0.591767101066,0.146553843007
joint,lwti,diplomatic_tension,41,-0.197437821917,6,1999,20260925,0.12041761345,2.69008586346,2.9329652149,-0.521371541571,0.126495897737,-0.550618493427,0.155742849593
joint,lwti,diplomatic_tension,42,-0.162686088486,6,1999,20260925,0.108709291392,2.69008586346,2.9329652149,-0.455123416487,0.129751239516,-0.481526658676,0.156154481704
joint,lwti,diplomatic_tension,43,-0.174563010842,6,1999,20260925,0.102672052465,2.69008586346,2.9329652149,-0.450759647751,0.101633626066,-0.475696569264,0.126570547579
joint,lwti,diplomatic_tension,44,-0.140294438558,6,1999,20260925,0.108803166269,2.69008586346,2.9329652149,-0.432984298038,0.152395420923,-0.459410340496,0.178821463381
joint,lwti,diplomatic_tension,45,-0.149428764752,6,1999,20260925,0.107322160377,2.69008586346,2.9329652149,-0.43813459122,0.139277061715,-0.464200927926,0.165343398422
joint,lwti,diplomatic_tension,46,-0.135466468826,6,1999,20260925,0.110547264859,2.69008586346,2.9329652149,-0.432848103267,0.161915165615,-0.459697751258,0.188764813607
joint,lwti,diplomatic_tension,47,-0.199444709831,6,1999,20260925,0.100467718446,2.69008586346,2.9329652149,-0.469711498956,0.0708220792942,-0.494113033252,0.0952236135904
joint,lwti,diplomatic_tension,48,-0.209689289131,6,1999,20260925,0.0991164891483,2.69008586346,2.9329652149,-0.476321155425,0.0569425771633,-0.500394504025,0.0810159257641
joint,lwti,nuclear_threat,0,0.0304570180382,6,1999,20260925,0.0114322584506,2.70458484816,2.92234789677,-0.000462494947648,0.061376531024,-0.00295201840035,0.0638660544767
joint,lwti,nuclear_threat,1,0.0381118142352,6,1999,20260925,0.019062031579,2.70458484816,2.92234789677,-0.0134430675484,0.0896666960189,-0.0175940736578,0.0938177021282
joint,lwti,nuclear_threat,2,0.0349155627615,6,1999,20260925,0.01928028644,2.70458484816,2.92234789677,-0.0172296078124,0.0870607333354,-0.0214281417656,0.0912592672886
joint,lwti,nuclear_threat,3,0.0279867880478,6,1999,20260925,0.0220332772861,2.70458484816,2.92234789677,-0.0316040798556,0.0875776559512,-0.0364021134883,0.0923756895839
joint,lwti,nuclear_threat,4,0.0500072859611,6,1999,20260925,0.0212647010733,2.70458484816,2.92234789677,-0.00750490236249,0.107519474285,-0.012135568496,0.112150140418
joint,lwti,nuclear_threat,5,0.0564969991526,6,1999,20260925,0.0260348147539,2.70458484816,2.92234789677,-0.0139163663555,0.126910364661,-0.0195857869863,0.132579785292
joint,lwti,nuclear_threat,6,0.055999827313,6,1999,20260925,0.0305672554571,2.70458484816,2.92234789677,-0.0266719086461,0.138671563272,-0.033328327382,0.145327982008
joint,lwti,nuclear_threat,7,0.0356735272326,6,1999,20260925,0.0357251488076,2.70458484816,2.92234789677,-0.0609481689307,0.132295223396,-0.0687277862471,0.140074840712
joint,lwti,nuclear_threat,8,0.0480807602546,6,1999,20260925,0.0313041975379,2.70458484816,2.92234789677,-0.0365840980902,0.132745618599,-0.0434009955804,0.139562516089
joint,lwti,nuclear_threat,9,0.042902751142,6,1999,20260925,0.0384761258424,2.70458484816,2.92234789677,-0.0611591958273,0.146964698111,-0.0695378742894,0.155343376573
joint,lwti,nuclear_threat,10,0.0484205651176,6,1999,20260925,0.035585226439,2.70458484816,2.92234789677,-0.0478226991278,0.144663829363,-0.0555718465226,0.152412976758
joint,lwti,nuclear_threat,11,0.0969988931502,6,1999,20260925,0.0349148490659,2.70458484816,2.92234789677,0.00256872139063,0.19142906491,-0.0050344425837,0.199032228884
joint,lwti,nuclear_threat,12,0.0926260778176,6,1999,20260925,0.0345702499292,2.70458484816,2.92234789677,-0.000872096338075,0.186124251973,-0.00840021935384,0.193652374989
joint,lwti,nuclear_threat,13,0.09127084859,6,1999,20260925,0.0335746750916,2.70458484816,2.92234789677,0.000465291055459,0.182076406125,-0.00684603254854,0.189387729729
joint,lwti,nuclear_threat,14,0.095365384611,6,1999,20260925,0.0350542015769,2.70458484816,2.92234789677,0.000558322161621,0.19017244706,-0.00707518764033,0.197805956862
joint,lwti,nuclear_threat,15,0.0973837892786,6,1999,20260925,0.0347001427118,2.70458484816,2.92234789677,0.00353430907114,0.191233269486,-0.00402209979297,0.19878967835
joint,lwti,nuclear_threat,16,0.102649593864,6,1999,20260925,0.034165730817,2.70458484816,2.92234789677,0.0102454759697,0.195053711758,0.002805442269,0.202493745458
joint,lwti,nuclear_threat,17,0.108692262608,6,1999,20260925,0.0364352742823,2.70458484816,2.92234789677,0.0101499718452,0.20723455337,0.0022157154406,0.215168809775
joint,lwti,nuclear_threat,18,0.13610033461,6,1999,20260925,0.0361735342015,2.70458484816,2.92234789677,0.0382659421044,0.233934727116,0.0303886830177,0.241811986203
joint,lwti,nuclear_threat,19,0.150852234854,6,1999,20260925,0.0385092262943,2.70458484816,2.92234789677,0.046700764904,0.255003704804,0.0383148783866,0.263389591321
joint,lwti,nuclear_threat,20,0.152254662129,6,1999,20260925,0.0410828160506,2.70458484816,2.92234789677,0.0411427003189,0.263366623939,0.0321963810503,0.272312943208
joint,lwti,nuclear_threat,21,0.135139326096,6,1999,20260925,0.0401105043945,2.70458484816,2.92234789677,0.0266570636587,0.243621588533,0.0179224779405,0.252356174252
joint,lwti,nuclear_threat,22,0.138027489008,6,1999,20260925,0.0400396997971,2.70458484816,2.92234789677,0.0297367236119,0.246318254404,0.0210175565187,0.255037421498
joint,lwti,nuclear_threat,23,0.119897391021,6,1999,20260925,0.0412448460017,2.70458484816,2.92234789677,0.00834720546019,0.231447576582,-0.00063439794455,0.240429179987
joint,lwti,nuclear_threat,24,0.106967260478,6,1999,20260925,0.0403238054885,2.70458484816,2.92234789677,-0.00209189286628,0.216026413822,-0.010872927681,0.224807448637
joint,lwti,nuclear_threat,25,0.124418727905,6,1999,20260925,0.0418441686822,2.70458484816,2.92234789677,0.0112476233033,0.237589832507,0.00213550956458,0.246701946246
joint,lwti,nuclear_threat,26,0.104887009031,6,1999,20260925,0.0429461949552,2.70458484816,2.92234789677,-0.0112646191305,0.221038637193,-0.0206167134701,0.230390731533
joint,lwti,nuclear_threat,27,0.0795119262499,6,1999,20260925,0.0467739003144,2.70458484816,2.92234789677,-0.0469920558297,0.206015908329,-0.0571776829575,0.216201535457
joint,lwti,nuclear_threat,28,0.0798603679079,6,1999,20260925,0.0461201232226,2.70458484816,2.92234789677,-0.0448754185551,0.204596154371,-0.0549186771903,0.214639413006
joint,lwti,nuclear_threat,29,0.077882575029,6,1999,20260925,0.0445531258929,2.70458484816,2.92234789677,-0.0426151341991,0.198380284257,-0.0523171587186,0.208082308777
joint,lwti,nuclear_threat,30,0.0874987331319,6,1999,20260925,0.0422893906443,2.70458484816,2.92234789677,-0.0268765120427,0.201873978306,-0.0360855786733,0.211083044937
joint,lwti,nuclear_threat,31,0.0705807089126,6,1999,20260925,0.0431600622155,2.70458484816,2.92234789677,-0.0461493414012,0.187310759226,-0.0555480081274,0.196709425953
joint,lwti,nuclear_threat,32,0.0117658823526,6,1999,20260925,0.0648198481843,2.70458484816,2.92234789677,-0.163544896907,0.187076661612,-0.177660264658,0.201192029363
joint,lwti,nuclear_threat,33,0.0266981628295,6,1999,20260925,0.0545053577217,2.70458484816,2.92234789677,-0.120716201808,0.174112527467,-0.132585454671,0.18598178033
joint,lwti,nuclear_threat,34,0.0424182874593,6,1999,20260925,0.0432829022053,2.70458484816,2.92234789677,-0.0746439940295,0.159480568948,-0.0840694107664,0.168905985685
joint,lwti,nuclear_threat,35,0.0324879334034,6,1999,20260925,0.0420715874176,2.70458484816,2.92234789677,-0.0812982444642,0.146274111271,-0.0904598816001,0.155435748407
joint,lwti,nuclear_threat,36,0.0152182924125,6,1999,20260925,0.0457099276916,2.70458484816,2.92234789677,-0.108408085433,0.138844670258,-0.118362018638,0.148798603463
joint,lwti,nuclear_threat,37,0.0193689768056,6,1999,20260925,0.0416102678976,2.70458484816,2.92234789677,-0.0931695232781,0.131907476889,-0.102230702069,0.14096865568
joint,lwti,nuclear_threat,38,0.0170001594236,6,1999,20260925,0.0377523258775,2.70458484816,2.92234789677,-0.0851042091276,0.119104527975,-0.0933252707027,0.12732558955
joint,lwti,nuclear_threat,39,0.0254700862667,6,1999,20260925,0.0373371091267,2.70458484816,2.92234789677,-0.0755112933514,0.126451465885,-0.0836419360611,0.134582108595
joint,lwti,nuclear_threat,40,0.0263007443209,6,1999,20260925,0.0360133175491,2.70458484816,2.92234789677,-0.0711003286544,0.123701817296,-0.0789426984744,0.131544187116
joint,lwti,nuclear_threat,41,0.0204197302192,6,1999,20260925,0.0384824352804,2.70458484816,2.92234789677,-0.0836592811604,0.124498741599,-0.092039333585,0.132878794023
joint,lwti,nuclear_threat,42,0.0193690564072,6,1999,20260925,0.0395387285561,2.70458484816,2.92234789677,-0.0875667897611,0.126304902575,-0.0961768638296,0.134914976644
joint,lwti,nuclear_threat,43,0.000429447567211,6,1999,20260925,0.0450052866649,2.70458484816,2.92234789677,-0.121291168834,0.122150063968,-0.131091657262,0.131950552396
joint,lwti,nuclear_threat,44,0.0163866327068,6,1999,20260925,0.0410604936468,2.70458484816,2.92234789677,-0.0946649562683,0.127438221682,-0.103606414542,0.136379679956
joint,lwti,nuclear_threat,45,0.0112098764244,6,1999,20260925,0.0430630653747,2.70458484816,2.92234789677,-0.105257837703,0.127677590552,-0.114635382102,0.137055134951
joint,lwti,nuclear_threat,46,0.0200598371024,6,1999,20260925,0.04162493379,2.70458484816,2.92234789677,-0.0925183281318,0.132638002337,-0.101582700612,0.141702374817
joint,lwti,nuclear_threat,47,0.0090138387088,6,1999,20260925,0.042077175001,2.70458484816,2.92234789677,-0.104787451252,0.12281512867,-0.113950305158,0.131977982575
joint,lwti,nuclear_threat,48,-0.000346287268343,6,1999,20260925,0.0393272446624,2.70458484816,2.92234789677,-0.106710157302,0.106017582766,-0.115274177993,0.114581603457
joint,lwti,military_conflict,0,0.0713456273969,12,1999,20260931,0.0229315108593,2.60204925498,2.86640911203,0.0116767066497,0.131014548144,0.00561453571707,0.137076719077
joint,lwti,military_conflict,1,0.0532733750702,12,1999,20260931,0.0292884940214,2.60204925498,2.86640911203,-0.0229367289777,0.129483479118,-0.0306794310703,0.137226181211
joint,lwti,military_conflict,2,0.0176435107017,12,1999,20260931,0.0364999798815,2.60204925498,2.86640911203,-0.0773312347558,0.112618256159,-0.0869803642195,0.122267385623
joint,lwti,military_conflict,3,-0.00418722137985,12,1999,20260931,0.0356455964462,2.60204925498,2.86640911203,-0.0969388190561,0.0885643762964,-0.106362083837,0.0979876410773
joint,lwti,military_conflict,4,-0.00145035323139,12,1999,20260931,0.032055902578,2.60204925498,2.86640911203,-0.0848613906523,0.0819606841895,-0.0933356844753,0.0904349780125
joint,lwti,military_conflict,5,0.0102142017613,12,1999,20260931,0.0335221166735,2.60204925498,2.86640911203,-0.0770119969544,0.097440400477,-0.0858738989261,0.106302302449
joint,lwti,military_conflict,6,-0.0521025143005,12,1999,20260931,0.0284652642572,2.60204925498,2.86640911203,-0.126170533954,0.0219655053528,-0.133695607144,0.0294905785427
joint,lwti,military_conflict,7,-0.0416245230653,12,1999,20260931,0.0300970733869,2.60204925498,2.86640911203,-0.119938590449,0.0366895443182,-0.127895048467,0.0446460023363
joint,lwti,military_conflict,8,-0.0540172503949,12,1999,20260931,0.0334350566706,2.60204925498,2.86640911203,-0.141016914695,0.0329824139051,-0.149855801497,0.0418213007068
joint,lwti,military_conflict,9,-0.037204326383,12,1999,20260931,0.0359622556587,2.60204925498,2.86640911203,-0.130779886927,0.0563712341613,-0.140286863692,0.0658782109263
joint,lwti,military_conflict,10,-0.0202411014807,12,1999,20260931,0.0357827034786,2.60204925498,2.86640911203,-0.113349458408,0.072867255447,-0.122808968785,0.0823267658233
joint,lwti,military_conflict,11,-0.000485649617212,12,1999,20260931,0.0374244293225,2.60204925498,2.86640911203,-0.0978658580541,0.0968945588196,-0.10775937484,0.106788075605
joint,lwti,military_conflict,12,-0.0163787099009,12,1999,20260931,0.0382165200632,2.60204925498,2.86640911203,-0.115819977459,0.0830625576575,-0.12592289124,0.0931654714382
joint,lwti,military_conflict,13,-0.0244596484747,12,1999,20260931,0.0411016176812,2.60204925498,2.86640911203,-0.131408082141,0.0824887851914,-0.142273699915,0.093354402966
joint,lwti,military_conflict,14,0.014864094213,12,1999,20260931,0.0473283427062,2.60204925498,2.86640911203,-0.108286584665,0.138014773091,-0.120798298577,0.150526487003
joint,lwti,military_conflict,15,0.00216182795746,12,1999,20260931,0.0464791512073,2.60204925498,2.86640911203,-0.118779212814,0.123102868729,-0.131066434583,0.135390090498
joint,lwti,military_conflict,16,-0.0274935117096,12,1999,20260931,0.0450543164092,2.60204925498,2.86640911203,-0.144727062156,0.0897400387366,-0.156637614801,0.101650591382
joint,lwti,military_conflict,17,-0.00650403823748,12,1999,20260931,0.0492173368483,2.60204925498,2.86640911203,-0.134569972916,0.121561896441,-0.147581061049,0.134572984574
joint,lwti,military_conflict,18,-0.0229902903455,12,1999,20260931,0.0482047871197,2.60204925498,2.86640911203,-0.148421520757,0.102440940066,-0.161164931389,0.115184350698
joint,lwti,military_conflict,19,-0.0120148394005,12,1999,20260931,0.0499234018059,2.60204925498,2.86640911203,-0.141917989876,0.117888311075,-0.15511573324,0.131086054439
joint,lwti,military_conflict,20,0.0193225318761,12,1999,20260931,0.0515024630617,2.60204925498,2.86640911203,-0.114689413763,0.153334477516,-0.128304597536,0.166949661288
joint,lwti,military_conflict,21,0.00879373366935,12,1999,20260931,0.0488623611783,2.60204925498,2.86640911203,-0.118348536831,0.13593600417,-0.131265783647,0.148853250986
joint,lwti,military_conflict,22,0.000377550935077,12,1999,20260931,0.0511392597082,2.60204925498,2.86640911203,-0.132689321689,0.133444423559,-0.146208489075,0.146963590945
joint,lwti,military_conflict,23,-0.0146624095741,12,1999,20260931,0.0460543333465,2.60204925498,2.86640911203,-0.134498053347,0.105173234199,-0.146672970327,0.117348151179
joint,lwti,military_conflict,24,-0.0161406549078,12,1999,20260931,0.0428385646942,2.60204925498,2.86640911203,-0.127608710255,0.0953274004394,-0.138933507094,0.106652197278
joint,lwti,military_conflict,25,0.00402295322294,12,1999,20260931,0.0445735294491,2.60204925498,2.86640911203,-0.111959565872,0.120005472318,-0.123743017745,0.131788924191
joint,lwti,military_conflict,26,-0.00907702154122,12,1999,20260931,0.0422613864238,2.60204925498,2.86640911203,-0.1190432306,0.100889187517,-0.130215444674,0.112061401591
joint,lwti,military_conflict,27,-0.0179820181038,12,1999,20260931,0.0425112082558,2.60204925498,2.86640911203,-0.128598275874,0.0926342396666,-0.139836532812,0.103872496604
joint,lwti,military_conflict,28,-0.0234012788619,12,1999,20260931,0.042817695338,2.60204925498,2.86640911203,-0.134815031116,0.0880124733925,-0.146134310935,0.0993317532112
joint,lwti,military_conflict,29,-0.0103773016298,12,1999,20260931,0.0427140398383,2.60204925498,2.86640911203,-0.121521337168,0.100766733909,-0.132813214634,0.112058611374
joint,lwti,military_conflict,30,-0.0282454278638,12,1999,20260931,0.043390581524,2.60204925498,2.86640911203,-0.141149858192,0.0846590024641,-0.152620586121,0.096129730393
joint,lwti,military_conflict,31,-0.0184446128937,12,1999,20260931,0.0466966637735,2.60204925498,2.86640911203,-0.139951632076,0.103062406288,-0.152296355436,0.115407129648
joint,lwti,military_conflict,32,-0.0432176735138,12,1999,20260931,0.0432706327275,2.60204925498,2.86640911203,-0.155809991165,0.0693746441374,-0.167249009447,0.0808136624196
joint,lwti,military_conflict,33,-0.0382980260637,12,1999,20260931,0.0462986988524,2.60204925498,2.86640911203,-0.158769520919,0.0821734687919,-0.171009038329,0.094412986202
joint,lwti,military_conflict,34,-0.0125805378032,12,1999,20260931,0.0429724934112,2.60204925498,2.86640911203,-0.124397082269,0.0992360066622,-0.135757284484,0.110596208877
joint,lwti,military_conflict,35,-0.0210003740372,12,1999,20260931,0.047278333514,2.60204925498,2.86640911203,-0.144020926534,0.10202017846,-0.156519420023,0.114518671949
joint,lwti,military_conflict,36,-0.028209309761,12,1999,20260931,0.0499693336143,2.60204925498,2.86640911203,-0.158231977064,0.101813357542,-0.171441862955,0.115023243433
joint,lwti,military_conflict,37,-0.0121654889487,12,1999,20260931,0.0502887762189,2.60204925498,2.86640911203,-0.143019361643,0.118688383746,-0.156313695335,0.131982717438
joint,lwti,military_conflict,38,-0.045311413234,12,1999,20260931,0.0500118099962,2.60204925498,2.86640911203,-0.175444606175,0.0848217797069,-0.188665721116,0.0980428946481
joint,lwti,military_conflict,39,-0.0254031774777,12,1999,20260931,0.0489927361005,2.60204925498,2.86640911203,-0.152884689948,0.102078334992,-0.16583640266,0.115030047704
joint,lwti,military_conflict,40,-0.0270573214645,12,1999,20260931,0.05235885501,2.60204925498,2.86640911203,-0.163297641135,0.109182998206,-0.177139220561,0.123024577632
joint,lwti,military_conflict,41,-0.00951882063168,12,1999,20260931,0.0521523852875,2.60204925498,2.86640911203,-0.145221895915,0.126184254651,-0.159008893034,0.139971251771
joint,lwti,military_conflict,42,0.00581383584724,12,1999,20260931,0.0502835930099,2.60204925498,2.86640911203,-0.125026549882,0.136654221576,-0.138319513342,0.149947185036
joint,lwti,military_conflict,43,-0.0157084125574,12,1999,20260931,0.047797554034,2.60204925498,2.86640911203,-0.140080002422,0.108663177307,-0.152715756973,0.121298931858
joint,lwti,military_conflict,44,0.00303815903112,12,1999,20260931,0.0458485532761,2.60204925498,2.86640911203,-0.116262034863,0.122338352925,-0.128382551853,0.134458869915
joint,lwti,military_conflict,45,0.0291457648632,12,1999,20260931,0.0478739679838,2.60204925498,2.86640911203,-0.0954246578622,0.153716187589,-0.108080613195,0.166372142921
joint,lwti,military_conflict,46,0.0409507871305,12,1999,20260931,0.0447862262985,2.60204925498,2.86640911203,-0.0755851796431,0.157486753904,-0.087424860025,0.169326434286
joint,lwti,military_conflict,47,0.0198897612362,12,1999,20260931,0.0504523201113,2.60204925498,2.86640911203,-0.111389660722,0.151169183194,-0.124727228854,0.164506751326
joint,lwti,military_conflict,48,0.0179249981484,12,1999,20260931,0.047359481664,2.60204925498,2.86640911203,-0.105306705832,0.141156702128,-0.117826651634,0.153676647931
joint,lwti,diplomatic_tension,0,0.0354198250985,12,1999,20260931,0.0309920214596,2.6635337016,2.89283187202,-0.04712846854,0.117968118737,-0.0542348823584,0.125074532555
joint,lwti,diplomatic_tension,1,0.00864217662063,12,1999,20260931,0.045321202007,2.6635337016,2.89283187202,-0.112072372322,0.129356725563,-0.122464441024,0.139748794265
joint,lwti,diplomatic_tension,2,-0.0316305644107,12,1999,20260931,0.0464202969304,2.6635337016,2.89283187202,-0.155272589723,0.0920114609019,-0.16591667888,0.102655550059
joint,lwti,diplomatic_tension,3,-0.033988715189,12,1999,20260931,0.0525523577215,2.6635337016,2.89283187202,-0.173963691079,0.105986260701,-0.186013850556,0.118036420178
joint,lwti,diplomatic_tension,4,0.0215776523904,12,1999,20260931,0.0557167956025,2.6635337016,2.89283187202,-0.126825910442,0.169981215223,-0.139601669736,0.182756974516
joint,lwti,diplomatic_tension,5,0.00654618435863,12,1999,20260931,0.053608490965,2.6635337016,2.89283187202,-0.136241838019,0.149334206736,-0.148534166916,0.161626535633
joint,lwti,diplomatic_tension,6,-0.0337572411868,12,1999,20260931,0.0508485736461,2.6635337016,2.89283187202,-0.169194130772,0.101679648398,-0.180853615677,0.113339133304
joint,lwti,diplomatic_tension,7,-0.0417756428727,12,1999,20260931,0.0569582124007,2.6635337016,2.89283187202,-0.193485761185,0.10993447544,-0.206546175079,0.122994889334
joint,lwti,diplomatic_tension,8,-0.156280762704,12,1999,20260931,0.0641860671538,2.6635337016,2.89283187202,-0.327242515741,0.014680990334,-0.341960263506,0.0293987380989
joint,lwti,diplomatic_tension,9,-0.158295683699,12,1999,20260931,0.0567537634203,2.6635337016,2.89283187202,-0.309461245262,-0.00713012213641,-0.322474779379,0.00588341198045
joint,lwti,diplomatic_tension,10,-0.169357286077,12,1999,20260931,0.0665523732483,2.6635337016,2.89283187202,-0.346621775145,0.00790720299175,-0.361882112569,0.0231675404149
joint,lwti,diplomatic_tension,11,-0.169823933642,12,1999,20260931,0.069744615399,2.6635337016,2.89283187202,-0.355591067262,0.0159431999787,-0.37158337997,0.0319355126865
joint,lwti,diplomatic_tension,12,-0.187825957335,12,1999,20260931,0.070700566016,2.6635337016,2.89283187202,-0.376139297641,0.000487382970749,-0.392350808076,0.016698893406
joint,lwti,diplomatic_tension,13,-0.174578553488,12,1999,20260931,0.0691106484727,2.6635337016,2.89283187202,-0.358657094835,0.00949998785878,-0.374504040086,0.0253469331103
joint,lwti,diplomatic_tension,14,-0.143243521999,12,1999,20260931,0.0774949976982,2.6635337016,2.89283187202,-0.349654060074,0.0631670160756,-0.367423521263,0.0809364772647
joint,lwti,diplomatic_tension,15,-0.172880903807,12,1999,20260931,0.0883211371564,2.6635337016,2.89283187202,-0.408127229187,0.0623654215731,-0.428379104346,0.0826172967327
joint,lwti,diplomatic_tension,16,-0.20366099151,12,1999,20260931,0.0848250750126,2.6635337016,2.89283187202,-0.429595437547,0.0222734545272,-0.449045672053,0.0417236890336
joint,lwti,diplomatic_tension,17,-0.189941742711,12,1999,20260931,0.0770223778992,2.6635337016,2.89283187202,-0.395093442023,0.0152099566011,-0.412754532357,0.032871046935
joint,lwti,diplomatic_tension,18,-0.224880168033,12,1999,20260931,0.0913046437168,2.6635337016,2.89283187202,-0.468073163686,0.018312827619,-0.489009151441,0.0392488153744
joint,lwti,diplomatic_tension,19,-0.202674415163,12,1999,20260931,0.0760242043415,2.6635337016,2.89283187202,-0.405167445564,-0.000181384761602,-0.422599656527,0.0172508262017
joint,lwti,diplomatic_tension,20,-0.133099281763,12,1999,20260931,0.087730256544,2.6635337016,2.89283187202,-0.366771776719,0.100573213192,-0.386888164035,0.120689600508
joint,lwti,diplomatic_tension,21,-0.194449772573,12,1999,20260931,0.0703857775474,2.6635337016,2.89283187202,-0.381924663184,-0.00697488196192,-0.398063993199,0.00916444805347
joint,lwti,diplomatic_tension,22,-0.24903659518,12,1999,20260931,0.0743411763929,2.6635337016,2.89283187202,-0.447046823919,-0.0510263664405,-0.464093119653,-0.0339800707066
joint,lwti,diplomatic_tension,23,-0.311448142101,12,1999,20260931,0.0855646487208,2.6635337016,2.89283187202,-0.539352467635,-0.0835438165676,-0.55897228504,-0.0639239991631
joint,lwti,diplomatic_tension,24,-0.309666592153,12,1999,20260931,0.0759500878651,2.6635337016,2.89283187202,-0.511962210822,-0.107370973485,-0.529377427013,-0.0899557572942
joint,lwti,diplomatic_tension,25,-0.325646742153,12,1999,20260931,0.0896089824121,2.6635337016,2.89283187202,-0.564323286774,-0.0869701975322,-0.584870462494,-0.0664230218117
joint,lwti,diplomatic_tension,26,-0.303879859438,12,1999,20260931,0.0829081310633,2.6635337016,2.89283187202,-0.524708460662,-0.0830512582145,-0.543719143428,-0.0640405754485
joint,lwti,diplomatic_tension,27,-0.270166216799,12,1999,20260931,0.0768837563061,2.6635337016,2.89283187202,-0.474948692826,-0.0653837407723,-0.492577997482,-0.0477544361161
joint,lwti,diplomatic_tension,28,-0.247577713598,12,1999,20260931,0.0756951108755,2.6635337016,2.89283187202,-0.449194192462,-0.0459612347351,-0.466550942896,-0.0286044843014
joint,lwti,diplomatic_tension,29,-0.219600066179,12,1999,20260931,0.0797926946471,2.6635337016,2.89283187202,-0.432130597513,-0.00706953484479,-0.450426916409,0.0112267840509
joint,lwti,diplomatic_tension,30,-0.227435709025,12,1999,20260931,0.0846846191041,2.6635337016,2.89283187202,-0.452996046017,-0.00187537203429,-0.47241407424,0.0175426561892
joint,lwti,diplomatic_tension,31,-0.168813206968,12,1999,20260931,0.0841575366725,2.6635337016,2.89283187202,-0.392969642139,0.0553432282033,-0.412266811325,0.0746403973896
joint,lwti,diplomatic_tension,32,-0.151540534444,12,1999,20260931,0.0826380474442,2.6635337016,2.89283187202,-0.371649758846,0.0685686899585,-0.390598511932,0.0875174430447
joint,lwti,diplomatic_tension,33,-0.152979933546,12,1999,20260931,0.0947310942794,2.6635337016,2.89283187202,-0.405299395749,0.0993395286565,-0.42702106235,0.121061195257
joint,lwti,diplomatic_tension,34,-0.169671075089,12,1999,20260931,0.094040024783,2.6635337016,2.89283187202,-0.420149850398,0.0808077002202,-0.441713056027,0.102370905849
joint,lwti,diplomatic_tension,35,-0.233942494616,12,1999,20260931,0.100718811,2.6635337016,2.89283187202,-0.502210442101,0.0343254528686,-0.52530508119,0.0574200919581
joint,lwti,diplomatic_tension,36,-0.18434777022,12,1999,20260931,0.100599110208,2.6635337016,2.89283187202,-0.452296890611,0.0836013501706,-0.475364082527,0.106668542087
joint,lwti,diplomatic_tension,37,-0.105731201419,12,1999,20260931,0.0948150675402,2.6635337016,2.89283187202,-0.358274329232,0.146811926394,-0.380015250748,0.16855284791
joint,lwti,diplomatic_tension,38,-0.172572759788,12,1999,20260931,0.0931186247088,2.6635337016,2.89283187202,-0.420597354947,0.0754518353711,-0.441949285224,0.0968037656491
joint,lwti,diplomatic_tension,39,-0.200256011425,12,1999,20260931,0.114399811267,2.6635337016,2.89283187202,-0.504963764192,0.104451741341,-0.531195431612,0.130683408761
joint,lwti,diplomatic_tension,40,-0.22260662903,12,1999,20260931,0.12837535712,2.6635337016,2.89283187202,-0.564538719173,0.119325461114,-0.593974953688,0.148761695629
joint,lwti,diplomatic_tension,41,-0.197437821917,12,1999,20260931,0.124259598863,2.6635337016,2.89283187202,-0.528407451237,0.133531807402,-0.556899949914,0.162024306079
joint,lwti,diplomatic_tension,42,-0.162686088486,12,1999,20260931,0.110805239393,2.6635337016,2.89283187202,-0.457819577923,0.132447400951,-0.483227016589,0.157854839618
joint,lwti,diplomatic_tension,43,-0.174563010842,12,1999,20260931,0.100616843637,2.6635337016,2.89283187202,-0.442559364817,0.0934333431326,-0.465630622977,0.116504601292
joint,lwti,diplomatic_tension,44,-0.140294438558,12,1999,20260931,0.109179004156,2.6635337016,2.89283187202,-0.431096395635,0.15050751852,-0.456130941537,0.175542064422
joint,lwti,diplomatic_tension,45,-0.149428764752,12,1999,20260931,0.105588782141,2.6635337016,2.89283187202,-0.430668044497,0.131810514992,-0.454879359059,0.156021829554
joint,lwti,diplomatic_tension,46,-0.135466468826,12,1999,20260931,0.106552707607,2.6635337016,2.89283187202,-0.419273196534,0.148340258883,-0.443705537442,0.172772599791
joint,lwti,diplomatic_tension,47,-0.199444709831,12,1999,20260931,0.100595716123,2.6635337016,2.89283187202,-0.467384789962,0.0684953703007,-0.490451203622,0.0915617839602
joint,lwti,diplomatic_tension,48,-0.209689289131,12,1999,20260931,0.104025134763,2.6635337016,2.89283187202,-0.486763741386,0.0673851631242,-0.510616514465,0.0912379362033
joint,lwti,nuclear_threat,0,0.0304570180382,12,1999,20260931,0.0111104255073,2.69377164846,2.94455803485,0.00052806880423,0.0603859672721,-0.00225827466004,0.0631723107364
joint,lwti,nuclear_threat,1,0.0381118142352,12,1999,20260931,0.0179054004973,2.69377164846,2.94455803485,-0.0101212459787,0.0863448744491,-0.0146116766663,0.0908353051368
joint,lwti,nuclear_threat,2,0.0349155627615,12,1999,20260931,0.0182480696074,2.69377164846,2.94455803485,-0.014240569786,0.084071695309,-0.0188169372215,0.0886480627445
joint,lwti,nuclear_threat,3,0.0279867880478,12,1999,20260931,0.0209312384792,2.69377164846,2.94455803485,-0.0283971887347,0.0843707648303,-0.0336464583956,0.0896200344912
joint,lwti,nuclear_threat,4,0.0500072859611,12,1999,20260931,0.0194690336032,2.69377164846,2.94455803485,-0.0024378447823,0.102452416704,-0.00732041336622,0.107334985288
joint,lwti,nuclear_threat,5,0.0564969991526,12,1999,20260931,0.0241834913544,2.69377164846,2.94455803485,-0.00864780421873,0.121641802524,-0.0147126946259,0.127706692931
joint,lwti,nuclear_threat,6,0.055999827313,12,1999,20260931,0.028562818722,2.69377164846,2.94455803485,-0.0209418839606,0.132941538587,-0.0281050500531,0.140104704679
joint,lwti,nuclear_threat,7,0.0356735272326,12,1999,20260931,0.0329769881493,2.69377164846,2.94455803485,-0.0531589484956,0.124506002961,-0.0614291281876,0.132776182653
joint,lwti,nuclear_threat,8,0.0480807602546,12,1999,20260931,0.0289740544905,2.69377164846,2.94455803485,-0.0299687262729,0.126130246782,-0.0372350246978,0.133396545207
joint,lwti,nuclear_threat,9,0.042902751142,12,1999,20260931,0.0366365689493,2.69377164846,2.94455803485,-0.0557877995906,0.141593301875,-0.0649757523272,0.150781254611
joint,lwti,nuclear_threat,10,0.0484205651176,12,1999,20260931,0.0351320336325,2.69377164846,2.94455803485,-0.0462171110343,0.14305824127,-0.0550277467956,0.151868877031
joint,lwti,nuclear_threat,11,0.0969988931502,12,1999,20260931,0.0343604446666,2.69377164846,2.94455803485,0.00443970147875,0.189558084822,-0.00417743027404,0.198175216574
joint,lwti,nuclear_threat,12,0.0926260778176,12,1999,20260931,0.0353479307004,2.69377164846,2.94455803485,-0.00259317573502,0.18784533137,-0.0114579555419,0.196710111177
joint,lwti,nuclear_threat,13,0.09127084859,12,1999,20260931,0.0338015551668,2.69377164846,2.94455803485,0.000217177607819,0.182324519572,-0.00825979226692,0.190801489447
joint,lwti,nuclear_threat,14,0.095365384611,12,1999,20260931,0.0367672433386,2.69377164846,2.94455803485,-0.00367717308671,0.194407942309,-0.0128978971812,0.203628666403
joint,lwti,nuclear_threat,15,0.0973837892786,12,1999,20260931,0.0369059440689,2.69377164846,2.94455803485,-0.00203239651377,0.196799975071,-0.0112879048632,0.20605548342
joint,lwti,nuclear_threat,16,0.102649593864,12,1999,20260931,0.0363110684515,2.69377164846,2.94455803485,0.00483586714378,0.200463320583,-0.00427045449923,0.209569642226
joint,lwti,nuclear_threat,17,0.108692262608,12,1999,20260931,0.0382330528841,2.69377164846,2.94455803485,0.00570114871461,0.211683376501,-0.00388718045895,0.221271705675
joint,lwti,nuclear_threat,18,0.13610033461,12,1999,20260931,0.0388940423817,2.69377164846,2.94455803485,0.0313286659484,0.240872003272,0.0215745696073,0.250626099613
joint,lwti,nuclear_threat,19,0.150852234854,12,1999,20260931,0.0412543999128,2.69377164846,2.94455803485,0.0397223019946,0.261982167713,0.0293762601177,0.27232820959
joint,lwti,nuclear_threat,20,0.152254662129,12,1999,20260931,0.0445523930549,2.69377164846,2.94455803485,0.0322406888468,0.272268635411,0.0210675551874,0.283441769071
joint,lwti,nuclear_threat,21,0.135139326096,12,1999,20260931,0.0439119358037,2.69377164846,2.94455803485,0.0168505983991,0.253428053793,0.00583808269933,0.264440569493
joint,lwti,nuclear_threat,22,0.138027489008,12,1999,20260931,0.0435092217397,2.69377164846,2.94455803485,0.0208235810392,0.255231396977,0.00991206054438,0.266142917472
joint,lwti,nuclear_threat,23,0.119897391021,12,1999,20260931,0.0448664520643,2.69377164846,2.94455803485,-0.000962585516851,0.240757367559,-0.0122144809003,0.252009262942
joint,lwti,nuclear_threat,24,0.106967260478,12,1999,20260931,0.0442651127786,2.69377164846,2.94455803485,-0.0122728453408,0.226207366297,-0.0233739330178,0.237308453974
joint,lwti,nuclear_threat,25,0.124418727905,12,1999,20260931,0.0448606925362,2.69377164846,2.94455803485,0.00357426622084,0.245263189589,-0.0076761847514,0.256513640562
joint,lwti,nuclear_threat,26,0.104887009031,12,1999,20260931,0.0442795855245,2.69377164846,2.94455803485,-0.01439208306,0.224166101123,-0.0254968003047,0.235270818367
joint,lwti,nuclear_threat,27,0.0795119262499,12,1999,20260931,0.0463462498728,2.69377164846,2.94455803485,-0.0453342876701,0.20435814017,-0.0569572961985,0.215981148698
joint,lwti,nuclear_threat,28,0.0798603679079,12,1999,20260931,0.0453169043232,2.69377164846,2.94455803485,-0.042213024154,0.20193375997,-0.0535778868318,0.213298622648
joint,lwti,nuclear_threat,29,0.077882575029,12,1999,20260931,0.0442955512812,2.69377164846,2.94455803485,-0.0414395251654,0.197204675223,-0.0525482464045,0.208313396462
joint,lwti,nuclear_threat,30,0.0874987331319,12,1999,20260931,0.0418870063805,2.69377164846,2.94455803485,-0.0253352970948,0.200332763359,-0.0358399880618,0.210837454326
joint,lwti,nuclear_threat,31,0.0705807089126,12,1999,20260931,0.0426185484592,2.69377164846,2.94455803485,-0.0442239286253,0.18538534645,-0.0549120803866,0.196073498212
joint,lwti,nuclear_threat,32,0.0117658823526,12,1999,20260931,0.0639427633459,2.69377164846,2.94455803485,-0.160481320673,0.184013085378,-0.176517295228,0.200049059934
joint,lwti,nuclear_threat,33,0.0266981628295,12,1999,20260931,0.0550481867295,2.69377164846,2.94455803485,-0.121589081882,0.17498540754,-0.135394417709,0.188790743368
joint,lwti,nuclear_threat,34,0.0424182874593,12,1999,20260931,0.0446983493646,2.69377164846,2.94455803485,-0.0779888587919,0.162825433711,-0.0891985963068,0.174035171225
joint,lwti,nuclear_threat,35,0.0324879334034,12,1999,20260931,0.0428640245414,2.69377164846,2.94455803485,-0.082977960645,0.147953827452,-0.093727674466,0.158703541273
joint,lwti,nuclear_threat,36,0.0152182924125,12,1999,20260931,0.0480937454399,2.69377164846,2.94455803485,-0.114335275522,0.144771860347,-0.126396532149,0.156833116974
joint,lwti,nuclear_threat,37,0.0193689768056,12,1999,20260931,0.0450087253365,2.69377164846,2.94455803485,-0.101874251439,0.140612205051,-0.113161827023,0.151899780634
joint,lwti,nuclear_threat,38,0.0170001594236,12,1999,20260931,0.0406908139873,2.69377164846,2.94455803485,-0.0926116016481,0.126611920495,-0.102816303847,0.136816622695
joint,lwti,nuclear_threat,39,0.0254700862667,12,1999,20260931,0.0397986461294,2.69377164846,2.94455803485,-0.0817383783237,0.132678550857,-0.0917193369698,0.142659509503
joint,lwti,nuclear_threat,40,0.0263007443209,12,1999,20260931,0.0370290194272,2.69377164846,2.94455803485,-0.0734469783825,0.126048467024,-0.0827333523563,0.135334840998
joint,lwti,nuclear_threat,41,0.0204197302192,12,1999,20260931,0.0387829609672,2.69377164846,2.94455803485,-0.0840527104775,0.124892170916,-0.0937789491121,0.13461840955
joint,lwti,nuclear_threat,42,0.0193690564072,12,1999,20260931,0.0387963936375,2.69377164846,2.94455803485,-0.085139568836,0.12387768165,-0.0948691762014,0.133607289016
joint,lwti,nuclear_threat,43,0.000429447567211,12,1999,20260931,0.0454600595666,2.69377164846,2.94455803485,-0.122029572031,0.122888467165,-0.133430336094,0.134289231229
joint,lwti,nuclear_threat,44,0.0163866327068,12,1999,20260931,0.0398473857908,2.69377164846,2.94455803485,-0.0909531254019,0.123726390815,-0.100946307292,0.133719572705
joint,lwti,nuclear_threat,45,0.0112098764244,12,1999,20260931,0.0404416303929,2.69377164846,2.94455803485,-0.0977306409454,0.120150393794,-0.107872851291,0.13029260414
joint,lwti,nuclear_threat,46,0.0200598371024,12,1999,20260931,0.0393633829474,2.69377164846,2.94455803485,-0.0859761278689,0.126095802074,-0.0958479284344,0.135967602639
joint,lwti,nuclear_threat,47,0.0090138387088,12,1999,20260931,0.0411335942961,2.69377164846,2.94455803485,-0.101790671405,0.119818348823,-0.112106416878,0.130134094296
joint,lwti,nuclear_threat,48,-0.000346287268343,12,1999,20260931,0.0379866051586,2.69377164846,2.94455803485,-0.102673527266,0.101980952729,-0.112200050705,0.111507476168
single,lbrent,military_conflict,0,0.0636325636996,1,1999,20260920,0.0302521310919,2.50324646717,2.7469056071,-0.0120959765805,0.13936110398,-0.0194671848235,0.146732312223
single,lbrent,military_conflict,1,0.0489913702399,1,1999,20260920,0.0468463951442,2.50324646717,2.7469056071,-0.0682767029046,0.166259443384,-0.0796912552543,0.177673995734
single,lbrent,military_conflict,2,0.00770190656948,1,1999,20260920,0.0529894610277,2.50324646717,2.7469056071,-0.124943774545,0.140347587684,-0.137855141045,0.153258954184
single,lbrent,military_conflict,3,-0.00772891225354,1,1999,20260920,0.0506064145335,2.50324646717,2.7469056071,-0.134409240651,0.118951416144,-0.146739956091,0.131282131584
single,lbrent,military_conflict,4,-0.00878020312076,1,1999,20260920,0.0461333956003,2.50324646717,2.7469056071,-0.124263462676,0.106703056434,-0.13550428617,0.117943879928
single,lbrent,military_conflict,5,-0.00220367158715,1,1999,20260920,0.0439717580226,2.50324646717,2.7469056071,-0.112275819513,0.107868476338,-0.122989940254,0.118582597079
single,lbrent,military_conflict,6,-0.0444897663141,1,1999,20260920,0.0406197875934,2.50324646717,2.7469056071,-0.146171106105,0.0571915734763,-0.156068488614,0.0670889559855
single,lbrent,military_conflict,7,-0.0474101173699,1,1999,20260920,0.0402161319723,2.50324646717,2.7469056071,-0.148081007653,0.053260772913,-0.157880035781,0.0630598010408
single,lbrent,military_conflict,8,-0.0466841936182,1,1999,20260920,0.0441743567265,2.50324646717,2.7469056071,-0.157263496033,0.063895108797,-0.1680269818,0.0746585945641
single,lbrent,military_conflict,9,-0.0278732517607,1,1999,20260920,0.0451877550986,2.50324646717,2.7469056071,-0.140989340071,0.0852428365493,-0.151999749614,0.0962532460921
single,lbrent,military_conflict,10,-0.0106148400075,1,1999,20260920,0.0492968589961,2.50324646717,2.7469056071,-0.134017028132,0.112787348117,-0.146028658396,0.124798978381
single,lbrent,military_conflict,11,0.0077442164234,1,1999,20260920,0.0543145146791,2.50324646717,2.7469056071,-0.128218400563,0.14370683341,-0.141452628496,0.156941061343
single,lbrent,military_conflict,12,-0.00406498170357,1,1999,20260920,0.0518871315671,2.50324646717,2.7469056071,-0.133951260491,0.125821297083,-0.146594034342,0.138464070935
single,lbrent,military_conflict,13,-0.00643887287249,1,1999,20260920,0.0592545562404,2.50324646717,2.7469056071,-0.154767631445,0.1418898857,-0.169205545656,0.156327799911
single,lbrent,military_conflict,14,0.0203129096269,1,1999,20260920,0.0631482782207,2.50324646717,2.7469056071,-0.137762794737,0.178388613991,-0.153149449897,0.19377526915
single,lbrent,military_conflict,15,0.0139633275773,1,1999,20260920,0.057551331986,2.50324646717,2.7469056071,-0.130101840898,0.158028496052,-0.144124748952,0.172051404106
single,lbrent,military_conflict,16,-0.0137008341333,1,1999,20260920,0.0559397056853,2.50324646717,2.7469056071,-0.153731704765,0.126330036498,-0.16736192534,0.139960257074
single,lbrent,military_conflict,17,0.00790022547002,1,1999,20260920,0.0564756350845,2.50324646717,2.7469056071,-0.133472208537,0.149272659477,-0.147233013208,0.163033464149
single,lbrent,military_conflict,18,0.00094269327963,1,1999,20260920,0.0602487924327,2.50324646717,2.7469056071,-0.149874883529,0.151760270088,-0.164555052475,0.166440439034
single,lbrent,military_conflict,19,0.0103307589381,1,1999,20260920,0.0611208602982,2.50324646717,2.7469056071,-0.142669818674,0.16333133655,-0.157562474926,0.178223992802
single,lbrent,military_conflict,20,0.0343063548821,1,1999,20260920,0.0610267849551,2.50324646717,2.7469056071,-0.11845872896,0.187071438724,-0.133328462895,0.201941172659
single,lbrent,military_conflict,21,0.0191808568166,1,1999,20260920,0.0618152647224,2.50324646717,2.7469056071,-0.135557986217,0.17391969985,-0.150619840454,0.188981554087
single,lbrent,military_conflict,22,0.00910740610546,1,1999,20260920,0.0638777303696,2.50324646717,2.7469056071,-0.150794296773,0.169009108984,-0.166358689616,0.184573501827
single,lbrent,military_conflict,23,0.00555834966897,1,1999,20260920,0.0660353248739,2.50324646717,2.7469056071,-0.15974434403,0.170861043368,-0.175834454494,0.186951153832
single,lbrent,military_conflict,24,0.00449431800885,1,1999,20260920,0.0684569344453,2.50324646717,2.7469056071,-0.166870261295,0.175858897313,-0.183550419064,0.192539055082
single,lbrent,military_conflict,25,0.0267530883359,1,1999,20260920,0.0696097473969,2.50324646717,2.7469056071,-0.147497265916,0.201003442588,-0.164458317098,0.21796449377
single,lbrent,military_conflict,26,0.0114584854586,1,1999,20260920,0.0682731322158,2.50324646717,2.7469056071,-0.159445991563,0.18236296248,-0.176081364239,0.198998335157
single,lbrent,military_conflict,27,0.00100038621251,1,1999,20260920,0.067908374977,2.50324646717,2.7469056071,-0.16899101354,0.170991785965,-0.185537509781,0.187538282206
single,lbrent,military_conflict,28,-0.0147861811795,1,1999,20260920,0.0685378662219,2.50324646717,2.7469056071,-0.186353352667,0.156780990308,-0.203053230203,0.173480867844
single,lbrent,military_conflict,29,0.00493220158083,1,1999,20260920,0.0724527608765,2.50324646717,2.7469056071,-0.17643491612,0.186299319282,-0.194088693521,0.203953096683
single,lbrent,military_conflict,30,0.0016543676767,1,1999,20260920,0.0712070137405,2.50324646717,2.7469056071,-0.176594337907,0.179903073261,-0.193944577632,0.197253312986
single,lbrent,military_conflict,31,0.00806261292548,1,1999,20260920,0.0715724723543,2.50324646717,2.7469056071,-0.171100925642,0.187226151493,-0.188540212699,0.20466543855
single,lbrent,military_conflict,32,-0.0159488709859,1,1999,20260920,0.0732429544534,2.50324646717,2.7469056071,-0.199294037967,0.167396295995,-0.217140353255,0.185242611283
single,lbrent,military_conflict,33,-0.0137168871224,1,1999,20260920,0.0742324900194,2.50324646717,2.7469056071,-0.199539105513,0.172105331268,-0.217626530186,0.190192755941
single,lbrent,military_conflict,34,0.00283247582659,1,1999,20260920,0.0827583796809,2.50324646717,2.7469056071,-0.204332145738,0.209997097392,-0.224496981354,0.230161933007
single,lbrent,military_conflict,35,0.00340740180874,1,1999,20260920,0.0948815594106,2.50324646717,2.7469056071,-0.234104526586,0.240919330203,-0.257223285747,0.264038089365
single,lbrent,military_conflict,36,0.0012302529553,1,1999,20260920,0.100114313265,2.50324646717,2.7469056071,-0.249380548038,0.251841053949,-0.273774315503,0.276234821414
single,lbrent,military_conflict,37,0.00645555706089,1,1999,20260920,0.106484340269,2.50324646717,2.7469056071,-0.260100991526,0.273012105648,-0.286046874292,0.298957988414
single,lbrent,military_conflict,38,-0.0184746653841,1,1999,20260920,0.101136472079,2.50324646717,2.7469056071,-0.271644181819,0.234694851051,-0.296287007622,0.259337676854
single,lbrent,military_conflict,39,0.0032044481909,1,1999,20260920,0.0991708669586,2.50324646717,2.7469056071,-0.24504467417,0.251453570551,-0.269208562319,0.275617458701
single,lbrent,military_conflict,40,0.00843320529393,1,1999,20260920,0.101067916892,2.50324646717,2.7469056071,-0.244564700612,0.261431111199,-0.269190822316,0.286057232904
single,lbrent,military_conflict,41,0.0193732792984,1,1999,20260920,0.100601637052,2.50324646717,2.7469056071,-0.232457413243,0.27120397184,-0.256969921603,0.2957164802
single,lbrent,military_conflict,42,0.0331925818986,1,1999,20260920,0.10502452309,2.50324646717,2.7469056071,-0.229709684494,0.296094848291,-0.255299869462,0.321685033259
single,lbrent,military_conflict,43,0.0155279048961,1,1999,20260920,0.108671906007,2.50324646717,2.7469056071,-0.256504659896,0.287560469689,-0.282983563049,0.314039372841
single,lbrent,military_conflict,44,0.0240493921156,1,1999,20260920,0.114860650625,2.50324646717,2.7469056071,-0.263475125778,0.311573910009,-0.291461973122,0.339560757353
single,lbrent,military_conflict,45,0.0590057821506,1,1999,20260920,0.114259428211,2.50324646717,2.7469056071,-0.227013727861,0.345025292162,-0.254854081868,0.372865646169
single,lbrent,military_conflict,46,0.0687232492941,1,1999,20260920,0.112693633037,2.50324646717,2.7469056071,-0.21337668948,0.350823188068,-0.240835523181,0.37828202177
single,lbrent,military_conflict,47,0.0469909954024,1,1999,20260920,0.0966652760053,2.50324646717,2.7469056071,-0.194986015256,0.288968006061,-0.218539393269,0.312521384074
single,lbrent,military_conflict,48,0.0470016758468,1,1999,20260920,0.088651161652,2.50324646717,2.7469056071,-0.174914031369,0.268917383063,-0.196514697171,0.290518048865
single,lbrent,military_conflict,0,0.0636325636996,6,1999,20260925,0.0259460906186,2.61850901583,2.86774373161,-0.00430750851063,0.13157263591,-0.0107741750318,0.138039302431
single,lbrent,military_conflict,1,0.0489913702399,6,1999,20260925,0.0374952292611,2.61850901583,2.86774373161,-0.0491902256306,0.14717296611,-0.0585353384389,0.156518078919
single,lbrent,military_conflict,2,0.00770190656948,6,1999,20260925,0.0381584724398,2.61850901583,2.86774373161,-0.0922163975442,0.107620210683,-0.101726813578,0.117130626717
single,lbrent,military_conflict,3,-0.00772891225354,6,1999,20260925,0.0361736625044,2.61850901583,2.86774373161,-0.102449973657,0.0869921491498,-0.11146570615,0.0960078816431
single,lbrent,military_conflict,4,-0.00878020312076,6,1999,20260925,0.0335283295739,2.61850901583,2.86774373161,-0.0965744363956,0.0790140301541,-0.104930860088,0.0873704538463
single,lbrent,military_conflict,5,-0.00220367158715,6,1999,20260925,0.036787349614,2.61850901583,2.86774373161,-0.0985316782198,0.0941243350455,-0.107700362846,0.103293019671
single,lbrent,military_conflict,6,-0.0444897663141,6,1999,20260925,0.0324058353254,2.61850901583,2.86774373161,-0.129344738279,0.0403652056506,-0.137421397436,0.0484418648079
single,lbrent,military_conflict,7,-0.0474101173699,6,1999,20260925,0.0339083424255,2.61850901583,2.86774373161,-0.136199417723,0.041379182983,-0.14465055381,0.0498303190703
single,lbrent,military_conflict,8,-0.0466841936182,6,1999,20260925,0.0382941196782,2.61850901583,2.86774373161,-0.146957691249,0.0535893040122,-0.156501915283,0.0631335280466
single,lbrent,military_conflict,9,-0.0278732517607,6,1999,20260925,0.0341751724951,2.61850901583,2.86774373161,-0.117361249056,0.061614745535,-0.12587888846,0.0701323849389
single,lbrent,military_conflict,10,-0.0106148400075,6,1999,20260925,0.0351709585301,2.61850901583,2.86774373161,-0.102710312014,0.0814806319989,-0.111476135867,0.0902464558522
single,lbrent,military_conflict,11,0.0077442164234,6,1999,20260925,0.040645585894,2.61850901583,2.86774373161,-0.0986866166935,0.11417504954,-0.108816907742,0.124305340589
single,lbrent,military_conflict,12,-0.00406498170357,6,1999,20260925,0.038688614548,2.61850901583,2.86774373161,-0.105371467707,0.0972415043002,-0.115014013559,0.106884050151
single,lbrent,military_conflict,13,-0.00643887287249,6,1999,20260925,0.043963225931,2.61850901583,2.86774373161,-0.121556976338,0.108679230593,-0.132514138458,0.119636392713
single,lbrent,military_conflict,14,0.0203129096269,6,1999,20260925,0.0495920688846,2.61850901583,2.86774373161,-0.109544369861,0.150170189115,-0.121904435055,0.162530254309
single,lbrent,military_conflict,15,0.0139633275773,6,1999,20260925,0.0474007746625,2.61850901583,2.86774373161,-0.110156028233,0.138082683388,-0.121969946835,0.149896601989
single,lbrent,military_conflict,16,-0.0137008341333,6,1999,20260925,0.0467273844987,2.61850901583,2.86774373161,-0.136056911729,0.108655243462,-0.147702998124,0.120301329858
single,lbrent,military_conflict,17,0.00790022547002,6,1999,20260925,0.0503538386733,2.61850901583,2.86774373161,-0.123951755078,0.139752206018,-0.136501679748,0.152302130688
single,lbrent,military_conflict,18,0.00094269327963,6,1999,20260925,0.0519331235637,2.61850901583,2.86774373161,-0.135044658992,0.136930045551,-0.147988196283,0.149873582843
single,lbrent,military_conflict,19,0.0103307589381,6,1999,20260925,0.0546456680993,2.61850901583,2.86774373161,-0.132759415656,0.153420933532,-0.146379013214,0.16704053109
single,lbrent,military_conflict,20,0.0343063548821,6,1999,20260925,0.0519776587746,2.61850901583,2.86774373161,-0.101797613241,0.170410323005,-0.114752250253,0.183364960017
single,lbrent,military_conflict,21,0.0191808568166,6,1999,20260925,0.0503108106168,2.61850901583,2.86774373161,-0.112558454377,0.15092016801,-0.125097654962,0.163459368595
single,lbrent,military_conflict,22,0.00910740610546,6,1999,20260925,0.0529614633751,2.61850901583,2.86774373161,-0.129572663233,0.147787475444,-0.142772498506,0.160987310716
single,lbrent,military_conflict,23,0.00555834966897,6,1999,20260925,0.0501180444529,2.61850901583,2.86774373161,-0.125676201587,0.136792900924,-0.138167358152,0.14928405749
single,lbrent,military_conflict,24,0.00449431800885,6,1999,20260925,0.0503084354697,2.61850901583,2.86774373161,-0.127238773841,0.136227409858,-0.139777382457,0.148766018474
single,lbrent,military_conflict,25,0.0267530883359,6,1999,20260925,0.0516340147325,2.61850901583,2.86774373161,-0.108451044764,0.161957221436,-0.121320033751,0.174826210423
single,lbrent,military_conflict,26,0.0114584854586,6,1999,20260925,0.0497425532756,2.61850901583,2.86774373161,-0.118792838764,0.141709809681,-0.131190409892,0.154107380809
single,lbrent,military_conflict,27,0.00100038621251,6,1999,20260925,0.0480377676067,2.61850901583,2.86774373161,-0.124786941366,0.126787713791,-0.136759620722,0.138760393147
single,lbrent,military_conflict,28,-0.0147861811795,6,1999,20260925,0.0479463760341,2.61850901583,2.86774373161,-0.140334199101,0.110761836742,-0.152284100505,0.122711738146
single,lbrent,military_conflict,29,0.00493220158083,6,1999,20260925,0.0470779876352,2.61850901583,2.86774373161,-0.118341933489,0.128206336651,-0.130075402357,0.139939805519
single,lbrent,military_conflict,30,0.0016543676767,6,1999,20260925,0.0454397917533,2.61850901583,2.86774373161,-0.117330136707,0.12063887206,-0.12865531029,0.131964045643
single,lbrent,military_conflict,31,0.00806261292548,6,1999,20260925,0.0455150930544,2.61850901583,2.86774373161,-0.111119068594,0.127244294444,-0.122463009875,0.138588235726
single,lbrent,military_conflict,32,-0.0159488709859,6,1999,20260925,0.0449522899114,2.61850901583,2.86774373161,-0.133656847401,0.101759105429,-0.144860518601,0.112962776629
single,lbrent,military_conflict,33,-0.0137168871224,6,1999,20260925,0.0455899692943,2.61850901583,2.86774373161,-0.133094632751,0.105660858506,-0.144457235791,0.117023461546
single,lbrent,military_conflict,34,0.00283247582659,6,1999,20260925,0.0458274643192,2.61850901583,2.86774373161,-0.117167152666,0.122832104319,-0.128588947711,0.134253899364
single,lbrent,military_conflict,35,0.00340740180874,6,1999,20260925,0.0535596705579,2.61850901583,2.86774373161,-0.136839078432,0.143653882049,-0.150188007701,0.157002811319
single,lbrent,military_conflict,36,0.0012302529553,6,1999,20260925,0.0554911025084,2.61850901583,2.86774373161,-0.144073699261,0.146534205172,-0.157904008424,0.160364514334
single,lbrent,military_conflict,37,0.00645555706089,6,1999,20260925,0.0598888703296,2.61850901583,2.86774373161,-0.150363989845,0.163275103967,-0.16529037542,0.178201489542
single,lbrent,military_conflict,38,-0.0184746653841,6,1999,20260925,0.0565797254563,2.61850901583,2.86774373161,-0.166629186604,0.129679855836,-0.180730818398,0.14378148763
single,lbrent,military_conflict,39,0.0032044481909,6,1999,20260925,0.0557254408941,2.61850901583,2.86774373161,-0.142713121201,0.149122017583,-0.156601835625,0.163010732007
single,lbrent,military_conflict,40,0.00843320529393,6,1999,20260925,0.0573562197403,2.61850901583,2.86774373161,-0.14175457321,0.158620983797,-0.156049734335,0.172916144923
single,lbrent,military_conflict,41,0.0193732792984,6,1999,20260925,0.0575633785436,2.61850901583,2.86774373161,-0.131356946399,0.170103504996,-0.145703738691,0.184450297287
single,lbrent,military_conflict,42,0.0331925818986,6,1999,20260925,0.0568427045486,2.61850901583,2.86774373161,-0.115650552446,0.182035716243,-0.129817727759,0.196202891556
single,lbrent,military_conflict,43,0.0155279048961,6,1999,20260925,0.0554779964892,2.61850901583,2.86774373161,-0.129741729091,0.160797538883,-0.143568771778,0.174624581571
single,lbrent,military_conflict,44,0.0240493921156,6,1999,20260925,0.0571783584633,2.61850901583,2.86774373161,-0.125672655031,0.173771439262,-0.139923486952,0.188022271183
single,lbrent,military_conflict,45,0.0590057821506,6,1999,20260925,0.0595212156718,2.61850901583,2.86774373161,-0.0968510577188,0.21486262202,-0.11168581099,0.229697375291
single,lbrent,military_conflict,46,0.0687232492941,6,1999,20260925,0.057698895474,2.61850901583,2.86774373161,-0.0823618287076,0.219808327296,-0.0967423965224,0.234188895111
single,lbrent,military_conflict,47,0.0469909954024,6,1999,20260925,0.0581586105513,2.61850901583,2.86774373161,-0.105297850674,0.199279841479,-0.119792995446,0.21377498625
single,lbrent,military_conflict,48,0.0470016758468,6,1999,20260925,0.0539959529745,2.61850901583,2.86774373161,-0.0943872138351,0.188390565529,-0.107844879828,0.201848231522
single,lbrent,military_conflict,0,0.0636325636996,12,1999,20260931,0.0247942000212,2.56228694073,2.76574764214,0.000102708779254,0.12716241862,-0.0049419365479,0.132207063947
single,lbrent,military_conflict,1,0.0489913702399,12,1999,20260931,0.0348366886658,2.56228694073,2.76574764214,-0.0402702221869,0.138252962667,-0.0473581192975,0.145340859777
single,lbrent,military_conflict,2,0.00770190656948,12,1999,20260931,0.0347785158219,2.56228694073,2.76574764214,-0.0814106303392,0.0968144434782,-0.0884866915623,0.103890504701
single,lbrent,military_conflict,3,-0.00772891225354,12,1999,20260931,0.0339497695706,2.56228694073,2.76574764214,-0.0947179634653,0.0792601389582,-0.101625407395,0.0861675828877
single,lbrent,military_conflict,4,-0.00878020312076,12,1999,20260931,0.0305622188012,2.56228694073,2.76574764214,-0.0870893772351,0.0695289709936,-0.093307587709,0.0757471814674
single,lbrent,military_conflict,5,-0.00220367158715,12,1999,20260931,0.0350746248785,2.56228694073,2.76574764214,-0.0920749248645,0.0876675816902,-0.0992112326438,0.0948038894696
single,lbrent,military_conflict,6,-0.0444897663141,12,1999,20260931,0.0334345002847,2.56228694073,2.76574764214,-0.130158549764,0.0411790171352,-0.136961156643,0.0479816240144
single,lbrent,military_conflict,7,-0.0474101173699,12,1999,20260931,0.0360910948888,2.56228694073,2.76574764214,-0.13988585848,0.0450656237404,-0.147228977961,0.052408743221
single,lbrent,military_conflict,8,-0.0466841936182,12,1999,20260931,0.0397502293569,2.56228694073,2.76574764214,-0.148535687191,0.0551672999542,-0.156623296737,0.0632549095003
single,lbrent,military_conflict,9,-0.0278732517607,12,1999,20260931,0.0380673979165,2.56228694073,2.76574764214,-0.12541284831,0.0696663447885,-0.133158067791,0.0774115642694
single,lbrent,military_conflict,10,-0.0106148400075,12,1999,20260931,0.0385864122502,2.56228694073,2.76574764214,-0.109484300206,0.0882546201911,-0.117335118707,0.0961054386923
single,lbrent,military_conflict,11,0.0077442164234,12,1999,20260931,0.044781586863,2.56228694073,2.76574764214,-0.106999058781,0.122487491628,-0.116110351854,0.131598784701
single,lbrent,military_conflict,12,-0.00406498170357,12,1999,20260931,0.0440470940196,2.56228694073,2.76574764214,-0.116926275487,0.10879631208,-0.125888128131,0.117758164724
single,lbrent,military_conflict,13,-0.00643887287249,12,1999,20260931,0.0493661597095,2.56228694073,2.76574764214,-0.13292913921,0.120051393465,-0.142973212691,0.130095466946
single,lbrent,military_conflict,14,0.0203129096269,12,1999,20260931,0.0551788205292,2.56228694073,2.76574764214,-0.12107106162,0.161696880874,-0.132297783148,0.172923602402
single,lbrent,military_conflict,15,0.0139633275773,12,1999,20260931,0.0531493898744,2.56228694073,2.76574764214,-0.122220660006,0.150147315161,-0.133034472149,0.160961127304
single,lbrent,military_conflict,16,-0.0137008341333,12,1999,20260931,0.0530396046445,2.56228694073,2.76574764214,-0.149603520456,0.122201852189,-0.160394995619,0.132993327352
single,lbrent,military_conflict,17,0.00790022547002,12,1999,20260931,0.0578110007253,2.56228694073,2.76574764214,-0.140228146719,0.156028597659,-0.151990413476,0.167790864416
single,lbrent,military_conflict,18,0.00094269327963,12,1999,20260931,0.0587443993689,2.56228694073,2.76574764214,-0.149577314065,0.151462700624,-0.161529490764,0.163414877323
single,lbrent,military_conflict,19,0.0103307589381,12,1999,20260931,0.060391026781,2.56228694073,2.76574764214,-0.144408380321,0.165069898197,-0.156695580988,0.177357098864
single,lbrent,military_conflict,20,0.0343063548821,12,1999,20260931,0.0578372519627,2.56228694073,2.76574764214,-0.11388928051,0.182501990274,-0.125656888362,0.194269598126
single,lbrent,military_conflict,21,0.0191808568166,12,1999,20260931,0.0564109958624,2.56228694073,2.76574764214,-0.125360301196,0.163722014829,-0.136837721981,0.175199435614
single,lbrent,military_conflict,22,0.00910740610546,12,1999,20260931,0.0594471432762,2.56228694073,2.76574764214,-0.143213232775,0.161428044986,-0.155308390243,0.173523202454
single,lbrent,military_conflict,23,0.00555834966897,12,1999,20260931,0.0539942186908,2.56228694073,2.76574764214,-0.132790331758,0.143907031096,-0.143776033365,0.154892732702
single,lbrent,military_conflict,24,0.00449431800885,12,1999,20260931,0.0529569837062,2.56228694073,2.76574764214,-0.131196669762,0.14018530578,-0.141971334812,0.150959970829
single,lbrent,military_conflict,25,0.0267530883359,12,1999,20260931,0.0531390482095,2.56228694073,2.76574764214,-0.109404400935,0.162910577606,-0.120216108955,0.173722285627
single,lbrent,military_conflict,26,0.0114584854586,12,1999,20260931,0.0503469136092,2.56228694073,2.76574764214,-0.117544753789,0.140461724706,-0.127788372145,0.150705343062
single,lbrent,military_conflict,27,0.00100038621251,12,1999,20260931,0.0495170393177,2.56228694073,2.76574764214,-0.125876476975,0.1278772494,-0.135951248526,0.137952020951
single,lbrent,military_conflict,28,-0.0147861811795,12,1999,20260931,0.0501460431236,2.56228694073,2.76574764214,-0.143274732605,0.113702370246,-0.153477481711,0.123905119352
single,lbrent,military_conflict,29,0.00493220158083,12,1999,20260931,0.0479765453739,2.56228694073,2.76574764214,-0.117997474092,0.127861877254,-0.127758815665,0.137623218827
single,lbrent,military_conflict,30,0.0016543676767,12,1999,20260931,0.0461144009412,2.56228694073,2.76574764214,-0.116503959635,0.119812694988,-0.125886427995,0.129195163349
single,lbrent,military_conflict,31,0.00806261292548,12,1999,20260931,0.046702431713,2.56228694073,2.76574764214,-0.111602417953,0.127727643804,-0.121104527467,0.137229753318
single,lbrent,military_conflict,32,-0.0159488709859,12,1999,20260931,0.0453206432164,2.56228694073,2.76574764214,-0.132073363245,0.100175621273,-0.141294333102,0.10939659113
single,lbrent,military_conflict,33,-0.0137168871224,12,1999,20260931,0.0471334795454,2.56228694073,2.76574764214,-0.134486386233,0.107052611988,-0.144076197041,0.116642422796
single,lbrent,military_conflict,34,0.00283247582659,12,1999,20260931,0.0442207580771,2.56228694073,2.76574764214,-0.110473795104,0.116138746757,-0.119470981559,0.125135933212
single,lbrent,military_conflict,35,0.00340740180874,12,1999,20260931,0.0502119461304,2.56228694073,2.76574764214,-0.12525001203,0.132064815648,-0.135466169809,0.142280973426
single,lbrent,military_conflict,36,0.0012302529553,12,1999,20260931,0.0503522344776,2.56228694073,2.76574764214,-0.127786619884,0.130247125794,-0.138031320828,0.140491826738
single,lbrent,military_conflict,37,0.00645555706089,12,1999,20260931,0.0543891849835,2.56228694073,2.76574764214,-0.13290514134,0.145816255461,-0.143971203065,0.156882317187
single,lbrent,military_conflict,38,-0.0184746653841,12,1999,20260931,0.0521399718485,2.56228694073,2.76574764214,-0.152072234342,0.115122903574,-0.162680669585,0.125731338817
single,lbrent,military_conflict,39,0.0032044481909,12,1999,20260931,0.0499425678737,2.56228694073,2.76574764214,-0.124762741259,0.13117163764,-0.134924091148,0.14133298753
single,lbrent,military_conflict,40,0.00843320529393,12,1999,20260931,0.0525193858987,2.56228694073,2.76574764214,-0.12613653133,0.143002941918,-0.136822162422,0.15368857301
single,lbrent,military_conflict,41,0.0193732792984,12,1999,20260931,0.0544709708734,2.56228694073,2.76574764214,-0.12019697802,0.158943536617,-0.13127967996,0.170026238557
single,lbrent,military_conflict,42,0.0331925818986,12,1999,20260931,0.0531202593298,2.56228694073,2.76574764214,-0.102916764871,0.169301928668,-0.113724650093,0.18010981389
single,lbrent,military_conflict,43,0.0155279048961,12,1999,20260931,0.0491882819545,2.56228694073,2.76574764214,-0.110506587593,0.141562397385,-0.120514469941,0.151570279733
single,lbrent,military_conflict,44,0.0240493921156,12,1999,20260931,0.049777260302,2.56228694073,2.76574764214,-0.103494231902,0.151593016133,-0.113621948197,0.161720732428
single,lbrent,military_conflict,45,0.0590057821506,12,1999,20260931,0.0539069170004,2.56228694073,2.76574764214,-0.0791192072949,0.197130771596,-0.0900871464385,0.20809871074
single,lbrent,military_conflict,46,0.0687232492941,12,1999,20260931,0.049786835863,2.56228694073,2.76574764214,-0.0588449100581,0.196291408646,-0.0689745746037,0.206421073192
single,lbrent,military_conflict,47,0.0469909954024,12,1999,20260931,0.0561661877218,2.56228694073,2.76574764214,-0.0969228939081,0.190904884713,-0.108350505857,0.202332496662
single,lbrent,military_conflict,48,0.0470016758468,12,1999,20260931,0.0535161954007,2.56228694073,2.76574764214,-0.0901221727462,0.18412552444,-0.101010615399,0.195013967093
single,lbrent,diplomatic_tension,0,-0.0165870734068,1,1999,20260920,0.0316713081197,2.71161560517,2.92244892823,-0.10246748674,0.0692933399268,-0.109144853877,0.0759707070632
single,lbrent,diplomatic_tension,1,-0.0258780641773,1,1999,20260920,0.0515956070251,2.71161560517,2.92244892823,-0.165785517345,0.11402938899,-0.176663590629,0.124907462274
single,lbrent,diplomatic_tension,2,-0.0294041836722,1,1999,20260920,0.063361097085,2.71161560517,2.92244892823,-0.201215123289,0.142406755944,-0.21457375394,0.155765386595
single,lbrent,diplomatic_tension,3,-0.0206140761905,1,1999,20260920,0.0673654520322,2.71161560517,2.92244892823,-0.20328328717,0.162055134789,-0.217486169282,0.176258016901
single,lbrent,diplomatic_tension,4,0.0199653648158,1,1999,20260920,0.0646923208434,2.71161560517,2.92244892823,-0.155455341918,0.195386071549,-0.169094638898,0.209025368529
single,lbrent,diplomatic_tension,5,0.00347196727557,1,1999,20260920,0.0635232190485,2.71161560517,2.92244892823,-0.168778584787,0.175722519338,-0.18217139615,0.189115330701
single,lbrent,diplomatic_tension,6,-0.0183299422976,1,1999,20260920,0.0674292882318,2.71161560517,2.92244892823,-0.201172252512,0.164512367917,-0.215388593422,0.178728708827
single,lbrent,diplomatic_tension,7,-0.0136350703785,1,1999,20260920,0.0802890453447,2.71161560517,2.92244892823,-0.231348098659,0.204077957902,-0.248275704895,0.221005564138
single,lbrent,diplomatic_tension,8,-0.101423260559,1,1999,20260920,0.0927894701894,2.71161560517,2.92244892823,-0.35303263592,0.150186114803,-0.372595748265,0.169749227147
single,lbrent,diplomatic_tension,9,-0.12479984504,1,1999,20260920,0.0780244770838,2.71161560517,2.92244892823,-0.336372234685,0.086772544606,-0.352822394469,0.103222704389
single,lbrent,diplomatic_tension,10,-0.156623230827,1,1999,20260920,0.0787892817654,2.71161560517,2.92244892823,-0.370269476782,0.0570230151285,-0.386880882878,0.0736344212244
single,lbrent,diplomatic_tension,11,-0.165953299365,1,1999,20260920,0.0783074628189,2.71161560517,2.92244892823,-0.378293037546,0.0463864388158,-0.394802860153,0.0628962614221
single,lbrent,diplomatic_tension,12,-0.180809647546,1,1999,20260920,0.0797988817197,2.71161560517,2.92244892823,-0.397193540493,0.0355742454,-0.414017803902,0.0523985088092
single,lbrent,diplomatic_tension,13,-0.174896078129,1,1999,20260920,0.0847259675041,2.71161560517,2.92244892823,-0.404640333776,0.0548481775185,-0.422503391054,0.0727112347967
single,lbrent,diplomatic_tension,14,-0.149203310198,1,1999,20260920,0.0872370464443,2.71161560517,2.92244892823,-0.385756646685,0.0873500262896,-0.404149123081,0.105742502685
single,lbrent,diplomatic_tension,15,-0.178670226134,1,1999,20260920,0.0872629352597,2.71161560517,2.92244892823,-0.415293763137,0.0579533108686,-0.433691697758,0.0763512454892
single,lbrent,diplomatic_tension,16,-0.202947833978,1,1999,20260920,0.100355550335,2.71161560517,2.92244892823,-0.47507351033,0.0691778423753,-0.496231804495,0.0903361365395
single,lbrent,diplomatic_tension,17,-0.199692605139,1,1999,20260920,0.109341076128,2.71161560517,2.92244892823,-0.496183573455,0.0967983631765,-0.519236315881,0.119851105603
single,lbrent,diplomatic_tension,18,-0.231239257423,1,1999,20260920,0.113859539289,2.71161560517,2.92244892823,-0.539982560957,0.0775040461108,-0.563987945987,0.101509431141
single,lbrent,diplomatic_tension,19,-0.218020430456,1,1999,20260920,0.113305932003,2.71161560517,2.92244892823,-0.525262563833,0.0892217029211,-0.54915123,0.113110369087
single,lbrent,diplomatic_tension,20,-0.153981188627,1,1999,20260920,0.122765146531,2.71161560517,2.92244892823,-0.486873075731,0.178910698477,-0.512756059529,0.204793682276
single,lbrent,diplomatic_tension,21,-0.20035399896,1,1999,20260920,0.108146442095,2.71161560517,2.92244892823,-0.493605578989,0.0928975810686,-0.516406452752,0.115698454832
single,lbrent,diplomatic_tension,22,-0.258412640255,1,1999,20260920,0.100136644285,2.71161560517,2.92244892823,-0.529944727548,0.0131194470371,-0.551056869022,0.0342315885115
single,lbrent,diplomatic_tension,23,-0.304103917314,1,1999,20260920,0.108415622685,2.71161560517,2.92244892823,-0.59808541163,-0.0101224229974,-0.620943037632,0.0127352030046
single,lbrent,diplomatic_tension,24,-0.307917543159,1,1999,20260920,0.103404695403,2.71161560517,2.92244892823,-0.588311328862,-0.0275237574568,-0.610112484414,-0.00572260190522
single,lbrent,diplomatic_tension,25,-0.319845557531,1,1999,20260920,0.107271934468,2.71161560517,2.92244892823,-0.610725809032,-0.0289653060291,-0.633342307447,-0.00634880761437
single,lbrent,diplomatic_tension,26,-0.286328660834,1,1999,20260920,0.101677674511,2.71161560517,2.92244892823,-0.562039429735,-0.0106178919334,-0.583476471733,0.0108191500645
single,lbrent,diplomatic_tension,27,-0.262117756796,1,1999,20260920,0.0969921721175,2.71161560517,2.92244892823,-0.525123244289,0.000887730697031,-0.545572426248,0.0213369126551
single,lbrent,diplomatic_tension,28,-0.240261646866,1,1999,20260920,0.0969700939881,2.71161560517,2.92244892823,-0.503207266959,0.0226839732267,-0.523651794112,0.0431285003794
single,lbrent,diplomatic_tension,29,-0.21739596261,1,1999,20260920,0.0969125973756,2.71161560517,2.92244892823,-0.480185673992,0.0453937487707,-0.500618078942,0.0658261537215
single,lbrent,diplomatic_tension,30,-0.209085468779,1,1999,20260920,0.0985543853169,2.71161560517,2.92244892823,-0.476327077963,0.0581561404042,-0.497105626521,0.0789346889624
single,lbrent,diplomatic_tension,31,-0.160699092382,1,1999,20260920,0.10143838111,2.71161560517,2.92244892823,-0.435760989564,0.114362804799,-0.457147580539,0.135749395774
single,lbrent,diplomatic_tension,32,-0.151815417271,1,1999,20260920,0.102519852344,2.71161560517,2.92244892823,-0.429809848728,0.126179014186,-0.451424449877,0.147793615335
single,lbrent,diplomatic_tension,33,-0.151523645044,1,1999,20260920,0.101956048861,2.71161560517,2.92244892823,-0.427989258177,0.124941968088,-0.449484990764,0.146437700675
single,lbrent,diplomatic_tension,34,-0.179694426039,1,1999,20260920,0.104275861586,2.71161560517,2.92244892823,-0.462450479559,0.103061627481,-0.484435305972,0.125046453894
single,lbrent,diplomatic_tension,35,-0.237199503452,1,1999,20260920,0.107007495579,2.71161560517,2.92244892823,-0.527362698335,0.0529636914297,-0.54992344422,0.0755244373147
single,lbrent,diplomatic_tension,36,-0.186076364248,1,1999,20260920,0.100210415732,2.71161560517,2.92244892823,-0.457808491348,0.0856557628509,-0.478936186302,0.106783457805
single,lbrent,diplomatic_tension,37,-0.119606513831,1,1999,20260920,0.106527988667,2.71161560517,2.92244892823,-0.40846947029,0.169256442627,-0.430929120139,0.191716092476
single,lbrent,diplomatic_tension,38,-0.149478275376,1,1999,20260920,0.107606390892,2.71161560517,2.92244892823,-0.441265444135,0.142308893384,-0.463952457109,0.164995906358
single,lbrent,diplomatic_tension,39,-0.194903848836,1,1999,20260920,0.113864153025,2.71161560517,2.92244892823,-0.503659663047,0.113851965375,-0.527666020806,0.137858323134
single,lbrent,diplomatic_tension,40,-0.23743445791,1,1999,20260920,0.120217163694,2.71161560517,2.92244892823,-0.563417194991,0.0885482791708,-0.588762979101,0.113894063281
single,lbrent,diplomatic_tension,41,-0.199147338857,1,1999,20260920,0.120940002973,2.71161560517,2.92244892823,-0.527090138208,0.128795460494,-0.552588320925,0.154293643211
single,lbrent,diplomatic_tension,42,-0.180884552145,1,1999,20260920,0.115485119552,2.71161560517,2.92244892823,-0.494035804486,0.132266700196,-0.518383916004,0.156614811715
single,lbrent,diplomatic_tension,43,-0.187413329744,1,1999,20260920,0.119234668154,2.71161560517,2.92244892823,-0.510731916587,0.1359052571,-0.535870557897,0.16104389841
single,lbrent,diplomatic_tension,44,-0.164590126719,1,1999,20260920,0.119866229361,2.71161560517,2.92244892823,-0.489621264787,0.160441011348,-0.514893060245,0.185712806807
single,lbrent,diplomatic_tension,45,-0.191762375638,1,1999,20260920,0.114816737599,2.71161560517,2.92244892823,-0.503101233047,0.119576481771,-0.527308427377,0.143783676102
single,lbrent,diplomatic_tension,46,-0.18499200002,1,1999,20260920,0.117932615607,2.71161560517,2.92244892823,-0.504779920858,0.134795920819,-0.529644046104,0.159660046065
single,lbrent,diplomatic_tension,47,-0.243656983292,1,1999,20260920,0.113534810517,2.71161560517,2.92244892823,-0.551519747221,0.0642057806363,-0.575456668605,0.0881427020203
single,lbrent,diplomatic_tension,48,-0.254957104636,1,1999,20260920,0.107992510316,2.71161560517,2.92244892823,-0.547791280851,0.0378770715787,-0.570559700666,0.060645491394
single,lbrent,diplomatic_tension,0,-0.0165870734068,6,1999,20260925,0.0382459210463,2.6771435232,2.91599991332,-0.118976893225,0.0858027464112,-0.128112175863,0.0949380290492
single,lbrent,diplomatic_tension,1,-0.0258780641773,6,1999,20260925,0.0582394881679,2.6771435232,2.91599991332,-0.18179353272,0.130037404366,-0.195704406627,0.143948278272
single,lbrent,diplomatic_tension,2,-0.0294041836722,6,1999,20260925,0.0582996894633,2.6771435232,2.91599991332,-0.185480819723,0.126672452379,-0.199406073094,0.14059770575
single,lbrent,diplomatic_tension,3,-0.0206140761905,6,1999,20260925,0.0603683788259,2.6771435232,2.91599991332,-0.18222889057,0.141000738189,-0.196648263614,0.155420111233
single,lbrent,diplomatic_tension,4,0.0199653648158,6,1999,20260925,0.0610893663467,2.6771435232,2.91599991332,-0.143579636635,0.183510366267,-0.158171222156,0.198101951788
single,lbrent,diplomatic_tension,5,0.00347196727557,6,1999,20260925,0.0611416127428,2.6771435232,2.91599991332,-0.160212905277,0.167156839828,-0.174816970183,0.181760904734
single,lbrent,diplomatic_tension,6,-0.0183299422976,6,1999,20260925,0.0639211445093,2.6771435232,2.91599991332,-0.189456020316,0.152796135721,-0.204723994146,0.168064109551
single,lbrent,diplomatic_tension,7,-0.0136350703785,6,1999,20260925,0.0658081113289,2.6771435232,2.91599991332,-0.189812829397,0.16254268864,-0.205531517309,0.178261376552
single,lbrent,diplomatic_tension,8,-0.101423260559,6,1999,20260925,0.0759054282899,2.6771435232,2.91599991332,-0.304632986281,0.101786465163,-0.322763482873,0.119916961755
single,lbrent,diplomatic_tension,9,-0.12479984504,6,1999,20260925,0.0662719421435,2.6771435232,2.91599991332,-0.302219345719,0.0526196556396,-0.318048822586,0.0684491325064
single,lbrent,diplomatic_tension,10,-0.156623230827,6,1999,20260925,0.0724021587574,2.6771435232,2.91599991332,-0.35045420121,0.0372077395562,-0.367747919488,0.0545014578341
single,lbrent,diplomatic_tension,11,-0.165953299365,6,1999,20260925,0.0758572655009,2.6771435232,2.91599991332,-0.369034086389,0.0371274876581,-0.387153078991,0.0552464802602
single,lbrent,diplomatic_tension,12,-0.180809647546,6,1999,20260925,0.076338241622,2.6771435232,2.91599991332,-0.385178076677,0.0235587815845,-0.403411953499,0.0417926584067
single,lbrent,diplomatic_tension,13,-0.174896078129,6,1999,20260925,0.0727210239998,2.6771435232,2.91599991332,-0.36958069653,0.0197885402728,-0.386950577809,0.0371584215514
single,lbrent,diplomatic_tension,14,-0.149203310198,6,1999,20260925,0.0743043585721,2.6771435232,2.91599991332,-0.348126742495,0.0497201220989,-0.365874813353,0.0674681929578
single,lbrent,diplomatic_tension,15,-0.178670226134,6,1999,20260925,0.0804925593069,2.6771435232,2.91599991332,-0.394160359949,0.03681990768,-0.413386522097,0.0560460698277
single,lbrent,diplomatic_tension,16,-0.202947833978,6,1999,20260925,0.0856101479506,2.6771435232,2.91599991332,-0.432138487084,0.0262428191287,-0.452587017981,0.046691350026
single,lbrent,diplomatic_tension,17,-0.199692605139,6,1999,20260925,0.0794460797045,2.6771435232,2.91599991332,-0.412381162863,0.0129959525853,-0.431357366671,0.0319721563929
single,lbrent,diplomatic_tension,18,-0.231239257423,6,1999,20260925,0.0926856497491,2.6771435232,2.91599991332,-0.479372044342,0.0168935294965,-0.501510604058,0.0390320892118
single,lbrent,diplomatic_tension,19,-0.218020430456,6,1999,20260925,0.0821224076377,2.6771435232,2.91599991332,-0.437873902173,0.00183304126054,-0.457489364009,0.021448503097
single,lbrent,diplomatic_tension,20,-0.153981188627,6,1999,20260925,0.0825417750679,2.6771435232,2.91599991332,-0.374957367143,0.0669949898894,-0.39467299757,0.0867106203164
single,lbrent,diplomatic_tension,21,-0.20035399896,6,1999,20260925,0.0796197422287,2.6771435232,2.91599991332,-0.413507476187,0.0127994782664,-0.432525160398,0.0318171624776
single,lbrent,diplomatic_tension,22,-0.258412640255,6,1999,20260925,0.0837013302704,2.6771435232,2.91599991332,-0.482493114472,-0.0343321660388,-0.502485712069,-0.0143395684419
single,lbrent,diplomatic_tension,23,-0.304103917314,6,1999,20260925,0.0940731171991,2.6771435232,2.91599991332,-0.555951153731,-0.0522566808971,-0.578421118912,-0.0297867157154
single,lbrent,diplomatic_tension,24,-0.307917543159,6,1999,20260925,0.0868194700044,2.6771435232,2.91599991332,-0.540345724969,-0.0754893613494,-0.561083110167,-0.0547519761518
single,lbrent,diplomatic_tension,25,-0.319845557531,6,1999,20260925,0.0904374541623,2.6771435232,2.91599991332,-0.561959602196,-0.0777315128654,-0.583561166029,-0.0561299490323
single,lbrent,diplomatic_tension,26,-0.286328660834,6,1999,20260925,0.0879073572671,2.6771435232,2.91599991332,-0.521669272984,-0.0509880486851,-0.542666507006,-0.0299908146631
single,lbrent,diplomatic_tension,27,-0.262117756796,6,1999,20260925,0.0812602507337,2.6771435232,2.91599991332,-0.479663110742,-0.0445724028508,-0.499072640892,-0.0251628727001
single,lbrent,diplomatic_tension,28,-0.240261646866,6,1999,20260925,0.0821356224096,2.6771435232,2.91599991332,-0.460150496424,-0.0203727973085,-0.479769114693,-0.000754179039262
single,lbrent,diplomatic_tension,29,-0.21739596261,6,1999,20260925,0.0829666121832,2.6771435232,2.91599991332,-0.439509491058,0.00471756583749,-0.459326596545,0.0245346713243
single,lbrent,diplomatic_tension,30,-0.209085468779,6,1999,20260925,0.0840647115714,2.6771435232,2.91599991332,-0.434138766892,0.0159678293339,-0.454218160435,0.0360472228766
single,lbrent,diplomatic_tension,31,-0.160699092382,6,1999,20260925,0.0861479900714,2.6771435232,2.91599991332,-0.391329626038,0.0699314412743,-0.411906623963,0.0905084391991
single,lbrent,diplomatic_tension,32,-0.151815417271,6,1999,20260925,0.0862231123363,2.6771435232,2.91599991332,-0.382647064012,0.0790162294701,-0.40324200537,0.0996111708278
single,lbrent,diplomatic_tension,33,-0.151523645044,6,1999,20260925,0.0879493500357,2.6771435232,2.91599991332,-0.386976677862,0.0839293877735,-0.407983942125,0.104936652037
single,lbrent,diplomatic_tension,34,-0.179694426039,6,1999,20260925,0.08831551185,2.6771435232,2.91599991332,-0.416127726586,0.0567388745085,-0.437222450939,0.0778335988609
single,lbrent,diplomatic_tension,35,-0.237199503452,6,1999,20260925,0.0907479597783,2.6771435232,2.91599991332,-0.480144816216,0.00574580931153,-0.5018205463,0.0274215393952
single,lbrent,diplomatic_tension,36,-0.186076364248,6,1999,20260925,0.0861007240295,2.6771435232,2.91599991332,-0.416580359927,0.0444276314299,-0.437146068056,0.0649933395585
single,lbrent,diplomatic_tension,37,-0.119606513831,6,1999,20260925,0.0875603877005,2.6771435232,2.91599991332,-0.354018238653,0.11480521099,-0.374932596777,0.135719569114
single,lbrent,diplomatic_tension,38,-0.149478275376,6,1999,20260925,0.0864978437252,2.6771435232,2.91599991332,-0.381045417475,0.082088866724,-0.401705980181,0.10274942943
single,lbrent,diplomatic_tension,39,-0.194903848836,6,1999,20260925,0.103595844223,2.6771435232,2.91599991332,-0.472244792229,0.0824370945572,-0.496989321612,0.10718162394
single,lbrent,diplomatic_tension,40,-0.23743445791,6,1999,20260925,0.117612870487,2.6771435232,2.91599991332,-0.55230099238,0.0774320765605,-0.580393578057,0.105524662237
single,lbrent,diplomatic_tension,41,-0.199147338857,6,1999,20260925,0.114281041215,2.6771435232,2.91599991332,-0.505094088169,0.106799410456,-0.532390845133,0.13409616742
single,lbrent,diplomatic_tension,42,-0.180884552145,6,1999,20260925,0.100222972201,2.6771435232,2.91599991332,-0.449195833049,0.0874267287598,-0.473134730396,0.111365626107
single,lbrent,diplomatic_tension,43,-0.187413329744,6,1999,20260925,0.0949788193363,2.6771435232,2.91599991332,-0.441685260771,0.0668586012836,-0.464371558696,0.0895448992083
single,lbrent,diplomatic_tension,44,-0.164590126719,6,1999,20260925,0.102499259854,2.6771435232,2.91599991332,-0.438995356369,0.109815102931,-0.463477959568,0.13429770613
single,lbrent,diplomatic_tension,45,-0.191762375638,6,1999,20260925,0.103336462434,2.6771435232,2.91599991332,-0.468408916752,0.0848841654768,-0.493091491137,0.109566739862
single,lbrent,diplomatic_tension,46,-0.18499200002,6,1999,20260925,0.105203078402,2.6771435232,2.91599991332,-0.466635739983,0.0966517399441,-0.49176416752,0.121780167481
single,lbrent,diplomatic_tension,47,-0.243656983292,6,1999,20260925,0.0987817971519,2.6771435232,2.91599991332,-0.508110031748,0.0207960651629,-0.531704695225,0.0443907286404
single,lbrent,diplomatic_tension,48,-0.254957104636,6,1999,20260925,0.097051932129,2.6771435232,2.91599991332,-0.514779056149,0.00486484687737,-0.537960530312,0.0280463210401
single,lbrent,diplomatic_tension,0,-0.0165870734068,12,1999,20260931,0.0337411702977,2.64840585867,2.8531576594,-0.105947386501,0.0727732396879,-0.112855951879,0.0796818050652
single,lbrent,diplomatic_tension,1,-0.0258780641773,12,1999,20260931,0.0549521298974,2.64840585867,2.8531576594,-0.171413606944,0.119657478589,-0.182665154494,0.13090902614
single,lbrent,diplomatic_tension,2,-0.0294041836722,12,1999,20260931,0.0523837040171,2.64840585867,2.8531576594,-0.16813749229,0.109329124945,-0.178863150016,0.120054782672
single,lbrent,diplomatic_tension,3,-0.0206140761905,12,1999,20260931,0.0561625420593,2.64840585867,2.8531576594,-0.169355281618,0.128127129237,-0.180854663238,0.139626510857
single,lbrent,diplomatic_tension,4,0.0199653648158,12,1999,20260931,0.0562803779773,2.64840585867,2.8531576594,-0.129087917947,0.169018647579,-0.140611426684,0.180542156316
single,lbrent,diplomatic_tension,5,0.00347196727557,12,1999,20260931,0.0559129746588,2.64840585867,2.8531576594,-0.144608282386,0.151552216937,-0.156056564632,0.163000499183
single,lbrent,diplomatic_tension,6,-0.0183299422976,12,1999,20260931,0.0574193439107,2.64840585867,2.8531576594,-0.170399669111,0.133739784516,-0.182156383174,0.145496498579
single,lbrent,diplomatic_tension,7,-0.0136350703785,12,1999,20260931,0.0593732008482,2.64840585867,2.8531576594,-0.170879403353,0.143609262596,-0.183036173141,0.155766032384
single,lbrent,diplomatic_tension,8,-0.101423260559,12,1999,20260931,0.0665760367456,2.64840585867,2.8531576594,-0.277743626322,0.074897105205,-0.291375189732,0.0885286686143
single,lbrent,diplomatic_tension,9,-0.12479984504,12,1999,20260931,0.061236135128,2.64840585867,2.8531576594,-0.286977984075,0.0373782939955,-0.299516193012,0.0499165029328
single,lbrent,diplomatic_tension,10,-0.156623230827,12,1999,20260931,0.0682702042253,2.64840585867,2.8531576594,-0.337430439669,0.0241839780159,-0.351408886921,0.0381624252674
single,lbrent,diplomatic_tension,11,-0.165953299365,12,1999,20260931,0.0720169165299,2.64840585867,2.8531576594,-0.356683323026,0.0247767242955,-0.371428916369,0.0395223176382
single,lbrent,diplomatic_tension,12,-0.180809647546,12,1999,20260931,0.0738155165722,2.64840585867,2.8531576594,-0.376303094097,0.0146837990039,-0.391416954037,0.0297976589441
single,lbrent,diplomatic_tension,13,-0.174896078129,12,1999,20260931,0.0685138550432,2.64840585867,2.8531576594,-0.356348573225,0.00655641696744,-0.37037690842,0.0205847521627
single,lbrent,diplomatic_tension,14,-0.149203310198,12,1999,20260931,0.0738012495717,2.64840585867,2.8531576594,-0.34465897194,0.0462523515447,-0.359769910686,0.0613632902908
single,lbrent,diplomatic_tension,15,-0.178670226134,12,1999,20260931,0.0840852626572,2.64840585867,2.8531576594,-0.401362128383,0.0440216761142,-0.418578737327,0.0612382850583
single,lbrent,diplomatic_tension,16,-0.202947833978,12,1999,20260931,0.0858008873871,2.64840585867,2.8531576594,-0.430183406812,0.0242877388571,-0.447751293009,0.0418556250541
single,lbrent,diplomatic_tension,17,-0.199692605139,12,1999,20260931,0.076459041929,2.64840585867,2.8531576594,-0.402187179732,0.00280196945364,-0.417842306249,0.0184570959709
single,lbrent,diplomatic_tension,18,-0.231239257423,12,1999,20260931,0.0856666861705,2.64840585867,2.8531576594,-0.458119410969,-0.00435910387648,-0.475659819226,0.0131813043797
single,lbrent,diplomatic_tension,19,-0.218020430456,12,1999,20260931,0.0720919201104,2.64840585867,2.8531576594,-0.408949094039,-0.0270917668734,-0.4237100445,-0.0123308164126
single,lbrent,diplomatic_tension,20,-0.153981188627,12,1999,20260931,0.0739686671833,2.64840585867,2.8531576594,-0.349880240153,0.041917862899,-0.365025457956,0.0570630807026
single,lbrent,diplomatic_tension,21,-0.20035399896,12,1999,20260931,0.0733751507011,2.64840585867,2.8531576594,-0.394681177957,-0.00602681996275,-0.409704872192,0.00899687427232
single,lbrent,diplomatic_tension,22,-0.258412640255,12,1999,20260931,0.0796180547016,2.64840585867,2.8531576594,-0.469273562783,-0.0475517177283,-0.485575502854,-0.0312497776573
single,lbrent,diplomatic_tension,23,-0.304103917314,12,1999,20260931,0.0884247044753,2.64840585867,2.8531576594,-0.538288422697,-0.0699194119306,-0.556393540168,-0.0518142944601
single,lbrent,diplomatic_tension,24,-0.307917543159,12,1999,20260931,0.0817510647871,2.64840585867,2.8531576594,-0.524427542094,-0.0914075442252,-0.541166219821,-0.0746688664983
single,lbrent,diplomatic_tension,25,-0.319845557531,12,1999,20260931,0.085850854348,2.64840585867,2.8531576594,-0.547213463157,-0.0924776519038,-0.564791580179,-0.0748995348816
single,lbrent,diplomatic_tension,26,-0.286328660834,12,1999,20260931,0.0828080833216,2.64840585867,2.8531576594,-0.505638073848,-0.0670192478206,-0.522593178023,-0.0500641436453
single,lbrent,diplomatic_tension,27,-0.262117756796,12,1999,20260931,0.076172554413,2.64840585867,2.8531576594,-0.463853596173,-0.0603819174192,-0.479450063856,-0.0447854497368
single,lbrent,diplomatic_tension,28,-0.240261646866,12,1999,20260931,0.0769493884337,2.64840585867,2.8531576594,-0.444054858015,-0.0364684357178,-0.459810383862,-0.0207129098707
single,lbrent,diplomatic_tension,29,-0.21739596261,12,1999,20260931,0.0803427603278,2.64840585867,2.8531576594,-0.430176199764,-0.00461572545699,-0.446626524617,0.0118345993959
single,lbrent,diplomatic_tension,30,-0.209085468779,12,1999,20260931,0.0841752852854,2.64840585867,2.8531576594,-0.432015787484,0.0138448499256,-0.449250828723,0.0310798911649
single,lbrent,diplomatic_tension,31,-0.160699092382,12,1999,20260931,0.0823917592027,2.64840585867,2.8531576594,-0.37890591016,0.0575077253963,-0.395775771223,0.0743775864585
single,lbrent,diplomatic_tension,32,-0.151815417271,12,1999,20260931,0.0785993840587,2.64840585867,2.8531576594,-0.3599784865,0.0563476519574,-0.376071851922,0.0724410173799
single,lbrent,diplomatic_tension,33,-0.151523645044,12,1999,20260931,0.087949991456,2.64840585867,2.8531576594,-0.384450917686,0.0814036275973,-0.402458836811,0.0994115467224
single,lbrent,diplomatic_tension,34,-0.179694426039,12,1999,20260931,0.0903026870226,2.64840585867,2.8531576594,-0.418852591403,0.059463739325,-0.437342229182,0.0779533771039
single,lbrent,diplomatic_tension,35,-0.237199503452,12,1999,20260931,0.0932933975646,2.64840585867,2.8531576594,-0.484278284137,0.00987927723229,-0.503380275285,0.0289812683801
single,lbrent,diplomatic_tension,36,-0.186076364248,12,1999,20260931,0.0911059881918,2.64840585867,2.8531576594,-0.427361997135,0.0552092686381,-0.446016112275,0.0738633837779
single,lbrent,diplomatic_tension,37,-0.119606513831,12,1999,20260931,0.0920956810425,2.64840585867,2.8531576594,-0.363513255062,0.124300227399,-0.382370011595,0.143156983933
single,lbrent,diplomatic_tension,38,-0.149478275376,12,1999,20260931,0.0870190977191,2.64840585867,2.8531576594,-0.379940163591,0.0809836128395,-0.397757480547,0.0988009297956
single,lbrent,diplomatic_tension,39,-0.194903848836,12,1999,20260931,0.104935498257,2.64840585867,2.8531576594,-0.472815637203,0.0830079395308,-0.494301369432,0.10449367176
single,lbrent,diplomatic_tension,40,-0.23743445791,12,1999,20260931,0.119357335059,2.64840585867,2.8531576594,-0.553541123355,0.0786722075351,-0.577979752639,0.103110836819
single,lbrent,diplomatic_tension,41,-0.199147338857,12,1999,20260931,0.1176677441,2.64840585867,2.8531576594,-0.510779281706,0.112484603992,-0.534871964199,0.136577286485
single,lbrent,diplomatic_tension,42,-0.180884552145,12,1999,20260931,0.102665279268,2.64840585867,2.8531576594,-0.452783879239,0.0910147749501,-0.473804780042,0.112035675753
single,lbrent,diplomatic_tension,43,-0.187413329744,12,1999,20260931,0.0931460440868,2.64840585867,2.8531576594,-0.434101858615,0.0592751991273,-0.453173678872,0.0783470193851
single,lbrent,diplomatic_tension,44,-0.164590126719,12,1999,20260931,0.107078875328,2.64840585867,2.8531576594,-0.448178447477,0.118998194038,-0.47010304002,0.140922786582
single,lbrent,diplomatic_tension,45,-0.191762375638,12,1999,20260931,0.106880399137,2.64840585867,2.8531576594,-0.474825050889,0.0913002996133,-0.496709005075,0.1131842538
single,lbrent,diplomatic_tension,46,-0.18499200002,12,1999,20260931,0.105735394056,2.64840585867,2.8531576594,-0.465022237105,0.0950382370656,-0.486671749439,0.1166877494
single,lbrent,diplomatic_tension,47,-0.243656983292,12,1999,20260931,0.0993296256891,2.64840585867,2.8531576594,-0.506722145906,0.0194081793218,-0.527060065632,0.0397460990477
single,lbrent,diplomatic_tension,48,-0.254957104636,12,1999,20260931,0.102363346852,2.64840585867,2.8531576594,-0.52605679215,0.0161425828786,-0.547015871747,0.0371016624755
single,lbrent,nuclear_threat,0,0.0247333491122,1,1999,20260920,0.0156798311054,2.61619619374,2.83617134246,-0.0162881653443,0.0657548635687,-0.0197373385236,0.069204036748
single,lbrent,nuclear_threat,1,0.0310999903364,1,1999,20260920,0.0256704146605,2.61619619374,2.83617134246,-0.0360588507902,0.098258831463,-0.0417057040727,0.103905684746
single,lbrent,nuclear_threat,2,0.0226080687318,1,1999,20260920,0.0284510361466,2.61619619374,2.83617134246,-0.051825423743,0.0970415612065,-0.0580839446505,0.103300082114
single,lbrent,nuclear_threat,3,0.0233738030294,1,1999,20260920,0.0302452175335,2.61619619374,2.83617134246,-0.0557536199607,0.10250122602,-0.0624068161857,0.109154422245
single,lbrent,nuclear_threat,4,0.0427203939104,1,1999,20260920,0.0308102506186,2.61619619374,2.83617134246,-0.0378852664864,0.123326054307,-0.0446627559482,0.130103543769
single,lbrent,nuclear_threat,5,0.0519877677961,1,1999,20260920,0.0366224653186,2.61619619374,2.83617134246,-0.0438237865759,0.147799322168,-0.0518798188307,0.155855354423
single,lbrent,nuclear_threat,6,0.0491789976286,1,1999,20260920,0.0443329948049,2.61619619374,2.83617134246,-0.0668048146372,0.165162809894,-0.0765569717625,0.17491496702
single,lbrent,nuclear_threat,7,0.0272751435755,1,1999,20260920,0.0468182223206,2.61619619374,2.83617134246,-0.0952105114575,0.149760798608,-0.105509356875,0.160059644026
single,lbrent,nuclear_threat,8,0.045884143631,1,1999,20260920,0.0470309350031,2.61619619374,2.83617134246,-0.0771580095122,0.168926296774,-0.0875036464338,0.179271933696
single,lbrent,nuclear_threat,9,0.0416150316391,1,1999,20260920,0.050136599324,2.61619619374,2.83617134246,-0.0895521486796,0.172782211958,-0.100580954572,0.18381101785
single,lbrent,nuclear_threat,10,0.042791144414,1,1999,20260920,0.0457435389406,2.61619619374,2.83617134246,-0.0768829280507,0.162465216879,-0.086945369832,0.17252765866
single,lbrent,nuclear_threat,11,0.0891810301393,1,1999,20260920,0.0459830107144,2.61619619374,2.83617134246,-0.0311195474688,0.209481607747,-0.0412346670892,0.219596727368
single,lbrent,nuclear_threat,12,0.0883900101636,1,1999,20260920,0.0465826282844,2.61619619374,2.83617134246,-0.0334792846486,0.210259304976,-0.0437263052331,0.22050632556
single,lbrent,nuclear_threat,13,0.0819649326975,1,1999,20260920,0.0447968721672,2.61619619374,2.83617134246,-0.0352324737579,0.199162339153,-0.045086672375,0.20901653777
single,lbrent,nuclear_threat,14,0.0805523209628,1,1999,20260920,0.0440590281302,2.61619619374,2.83617134246,-0.0347147407315,0.195819382657,-0.0444066319968,0.205511273922
single,lbrent,nuclear_threat,15,0.0838338785131,1,1999,20260920,0.043491456867,2.61619619374,2.83617134246,-0.0299483054028,0.197616062429,-0.0395153450951,0.207183102121
single,lbrent,nuclear_threat,16,0.0951878065102,1,1999,20260920,0.0461120861012,2.61619619374,2.83617134246,-0.0254504576334,0.215826070654,-0.0355939706312,0.225969583652
single,lbrent,nuclear_threat,17,0.100331570417,1,1999,20260920,0.0462549289947,2.61619619374,2.83617134246,-0.0206803987609,0.221343539595,-0.0308553336454,0.231518474479
single,lbrent,nuclear_threat,18,0.132217321907,1,1999,20260920,0.0471540692007,2.61619619374,2.83617134246,0.00885302554465,0.255581618269,-0.0015196978404,0.265954341654
single,lbrent,nuclear_threat,19,0.140531621227,1,1999,20260920,0.0480568786387,2.61619619374,2.83617134246,0.0148053982491,0.266257844204,0.00423407922369,0.27682916323
single,lbrent,nuclear_threat,20,0.130099168538,1,1999,20260920,0.0506497401532,2.61619619374,2.83617134246,-0.00241048886531,0.26260882594,-0.013552172988,0.273750510063
single,lbrent,nuclear_threat,21,0.117053680686,1,1999,20260920,0.0504485576052,2.61619619374,2.83617134246,-0.0149296437009,0.249037005072,-0.0260270726627,0.260134434034
single,lbrent,nuclear_threat,22,0.123994901394,1,1999,20260920,0.0498504079223,2.61619619374,2.83617134246,-0.00642354606861,0.254413348857,-0.0173893969649,0.265379199753
single,lbrent,nuclear_threat,23,0.106303388541,1,1999,20260920,0.049500580432,2.61619619374,2.83617134246,-0.0231998415732,0.235806618655,-0.0340887391153,0.246695516198
single,lbrent,nuclear_threat,24,0.0980116919863,1,1999,20260920,0.049186374308,2.61619619374,2.83617134246,-0.0306695132624,0.226692897235,-0.0414892932657,0.237512677238
single,lbrent,nuclear_threat,25,0.115190420471,1,1999,20260920,0.0532163302468,2.61619619374,2.83617134246,-0.0240339401658,0.254414781108,-0.035740210326,0.266121051268
single,lbrent,nuclear_threat,26,0.0926217020331,1,1999,20260920,0.0589095470411,2.61619619374,2.83617134246,-0.061497230711,0.246740634777,-0.0744558670822,0.259699271148
single,lbrent,nuclear_threat,27,0.0722475820611,1,1999,20260920,0.0607013368854,2.61619619374,2.83617134246,-0.0865590244536,0.231054188576,-0.0999118100623,0.244406974184
single,lbrent,nuclear_threat,28,0.0735101029759,1,1999,20260920,0.0575363678731,2.61619619374,2.83617134246,-0.0770163236556,0.224036529607,-0.0896728947351,0.236693100687
single,lbrent,nuclear_threat,29,0.0675016958971,1,1999,20260920,0.0576023661373,2.61619619374,2.83617134246,-0.083197395142,0.218200786936,-0.0958684841995,0.230871875994
single,lbrent,nuclear_threat,30,0.0865609790593,1,1999,20260920,0.0614817710129,2.61619619374,2.83617134246,-0.0742873962494,0.247409354368,-0.0878118579714,0.26093381609
single,lbrent,nuclear_threat,31,0.0660078194398,1,1999,20260920,0.0788599607194,2.61619619374,2.83617134246,-0.140305309633,0.272320948513,-0.15765254122,0.2896681801
single,lbrent,nuclear_threat,32,0.0112026538929,1,1999,20260920,0.0899112270111,2.61619619374,2.83617134246,-0.224022755989,0.246428063774,-0.243800991522,0.266206299307
single,lbrent,nuclear_threat,33,0.0198909519372,1,1999,20260920,0.0749604973964,2.61619619374,2.83617134246,-0.176220416032,0.216002319907,-0.192709862595,0.232491766469
single,lbrent,nuclear_threat,34,0.0328614145186,1,1999,20260920,0.0645540612517,2.61619619374,2.83617134246,-0.136024674819,0.201747503856,-0.150224964043,0.21594779308
single,lbrent,nuclear_threat,35,0.0228441337161,1,1999,20260920,0.067733116704,2.61619619374,2.83617134246,-0.154358988395,0.200047255828,-0.169258590815,0.214946858248
single,lbrent,nuclear_threat,36,0.0144453421516,1,1999,20260920,0.0692240196507,2.61619619374,2.83617134246,-0.166658274574,0.195548958877,-0.181885838592,0.210776522895
single,lbrent,nuclear_threat,37,0.0197572338035,1,1999,20260920,0.0675889682845,2.61619619374,2.83617134246,-0.157068767762,0.196583235369,-0.171936661112,0.211451128719
single,lbrent,nuclear_threat,38,0.0170190972321,1,1999,20260920,0.0659527516096,2.61619619374,2.83617134246,-0.155526240496,0.18956443496,-0.17003420684,0.204072401304
single,lbrent,nuclear_threat,39,0.0199405535988,1,1999,20260920,0.0629662024563,2.61619619374,2.83617134246,-0.144791385602,0.184672492799,-0.158642385351,0.198523492549
single,lbrent,nuclear_threat,40,0.0288731014863,1,1999,20260920,0.0626024199764,2.61619619374,2.83617134246,-0.134907111375,0.192653314348,-0.14867808802,0.206424290992
single,lbrent,nuclear_threat,41,0.0222473235871,1,1999,20260920,0.0631055543662,2.61619619374,2.83617134246,-0.14284918755,0.187343834724,-0.156730841256,0.201225488431
single,lbrent,nuclear_threat,42,0.0224293014757,1,1999,20260920,0.0635601673885,2.61619619374,2.83617134246,-0.14385656652,0.188715169471,-0.157838223794,0.202696826745
single,lbrent,nuclear_threat,43,0.0077453264964,1,1999,20260920,0.0628684473128,2.61619619374,2.83617134246,-0.15673086607,0.172221519063,-0.170560362117,0.18605101511
single,lbrent,nuclear_threat,44,0.0185026067618,1,1999,20260920,0.059074550255,2.61619619374,2.83617134246,-0.136048006763,0.173053220286,-0.14904293974,0.186048153264
single,lbrent,nuclear_threat,45,0.018677821081,1,1999,20260920,0.0581359625024,2.61619619374,2.83617134246,-0.133417262737,0.170772904899,-0.146205729735,0.183561371897
single,lbrent,nuclear_threat,46,0.0193609336178,1,1999,20260920,0.05658256476,2.61619619374,2.83617134246,-0.12867015694,0.167392024175,-0.141116915038,0.179838782273
single,lbrent,nuclear_threat,47,0.0236717995997,1,1999,20260920,0.0545401304708,2.61619619374,2.83617134246,-0.119015882144,0.166359481344,-0.131013355456,0.178356954655
single,lbrent,nuclear_threat,48,0.014845668432,1,1999,20260920,0.0540607248787,2.61619619374,2.83617134246,-0.126587794227,0.156279131091,-0.138479810222,0.168171147086
single,lbrent,nuclear_threat,0,0.0247333491122,6,1999,20260925,0.0144098807317,2.66944596878,2.88181790886,-0.0137330489176,0.063199747142,-0.0167933032448,0.0662600014692
single,lbrent,nuclear_threat,1,0.0310999903364,6,1999,20260925,0.0181673801839,2.66944596878,2.88181790886,-0.017396849459,0.0795968301318,-0.0212550912347,0.0834550719075
single,lbrent,nuclear_threat,2,0.0226080687318,6,1999,20260925,0.0206391015697,2.66944596878,2.88181790886,-0.0324868977529,0.0777030352164,-0.0368700637947,0.0820862012582
single,lbrent,nuclear_threat,3,0.0233738030294,6,1999,20260925,0.0228858713861,2.66944596878,2.88181790886,-0.0377187940843,0.0844664001432,-0.0425791109908,0.0893267170497
single,lbrent,nuclear_threat,4,0.0427203939104,6,1999,20260925,0.0227273216092,2.66944596878,2.88181790886,-0.0179489631405,0.103389750961,-0.0227756085234,0.108216396344
single,lbrent,nuclear_threat,5,0.0519877677961,6,1999,20260925,0.0267890526187,2.66944596878,2.88181790886,-0.0195241607244,0.123499696317,-0.0252134038017,0.129188939394
single,lbrent,nuclear_threat,6,0.0491789976286,6,1999,20260925,0.0314233741268,2.66944596878,2.88181790886,-0.0347040017598,0.133061997017,-0.0413774446868,0.139735439944
single,lbrent,nuclear_threat,7,0.0272751435755,6,1999,20260925,0.0337357787547,2.66944596878,2.88181790886,-0.0627806950251,0.117330982176,-0.0699452278092,0.12449551496
single,lbrent,nuclear_threat,8,0.045884143631,6,1999,20260925,0.0305818309953,2.66944596878,2.88181790886,-0.0357524018375,0.1275206891,-0.042247124617,0.134015411879
single,lbrent,nuclear_threat,9,0.0416150316391,6,1999,20260925,0.0391527363032,2.66944596878,2.88181790886,-0.0629010824525,0.146131145731,-0.0712160250204,0.154446088299
single,lbrent,nuclear_threat,10,0.042791144414,6,1999,20260925,0.0384341925101,2.66944596878,2.88181790886,-0.0598068558456,0.145389144674,-0.0679691998741,0.153551488702
single,lbrent,nuclear_threat,11,0.0891810301393,6,1999,20260925,0.0378653060502,2.66944596878,2.88181790886,-0.0118983584532,0.190260418732,-0.0199398869606,0.198301947239
single,lbrent,nuclear_threat,12,0.0883900101636,6,1999,20260925,0.0386310980236,2.66944596878,2.88181790886,-0.0147336187252,0.191513639053,-0.0229377799597,0.199717800287
single,lbrent,nuclear_threat,13,0.0819649326975,6,1999,20260925,0.0370442823339,2.66944596878,2.88181790886,-0.0169227774453,0.18085264284,-0.0247899435532,0.188719808948
single,lbrent,nuclear_threat,14,0.0805523209628,6,1999,20260925,0.0387219991056,2.66944596878,2.88181790886,-0.0228139634528,0.183918605379,-0.0310374295264,0.192142071452
single,lbrent,nuclear_threat,15,0.0838338785131,6,1999,20260925,0.0375334493277,2.66944596878,2.88181790886,-0.0163596364893,0.184027393515,-0.0243306879406,0.191998444967
single,lbrent,nuclear_threat,16,0.0951878065102,6,1999,20260925,0.0386853264067,2.66944596878,2.88181790886,-0.00808058211732,0.198456195138,-0.0162962599387,0.206671872959
single,lbrent,nuclear_threat,17,0.100331570417,6,1999,20260925,0.040212021201,2.66944596878,2.88181790886,-0.00701224747463,0.207675388309,-0.0155521524314,0.216215293265
single,lbrent,nuclear_threat,18,0.132217321907,6,1999,20260925,0.0409900254875,2.66944596878,2.88181790886,0.022796663609,0.241637980205,0.0140915323725,0.250343111441
single,lbrent,nuclear_threat,19,0.140531621227,6,1999,20260925,0.0431048155018,2.66944596878,2.88181790886,0.0254656452502,0.255597597203,0.0163113919556,0.264751850498
single,lbrent,nuclear_threat,20,0.130099168538,6,1999,20260925,0.0446751887132,2.66944596878,2.88181790886,0.0108411661225,0.249357170953,0.00135340962233,0.258844927453
single,lbrent,nuclear_threat,21,0.117053680686,6,1999,20260925,0.045546212427,2.66944596878,2.88181790886,-0.00452947247084,0.238636833842,-0.014202209967,0.248309571338
single,lbrent,nuclear_threat,22,0.123994901394,6,1999,20260925,0.0461018131588,2.66944596878,2.88181790886,0.000928602103779,0.247061200685,-0.00886212939766,0.256851932186
single,lbrent,nuclear_threat,23,0.106303388541,6,1999,20260925,0.0461827272159,2.66944596878,2.88181790886,-0.0169789064529,0.229585683535,-0.0267868218296,0.239393598912
single,lbrent,nuclear_threat,24,0.0980116919863,6,1999,20260925,0.0450230623432,2.66944596878,2.88181790886,-0.022174940288,0.218198324261,-0.0317365753859,0.227759959358
single,lbrent,nuclear_threat,25,0.115190420471,6,1999,20260925,0.0449842665157,2.66944596878,2.88181790886,-0.00489264843812,0.23527348938,-0.0144460443909,0.244826885333
single,lbrent,nuclear_threat,26,0.0926217020331,6,1999,20260925,0.0467794611958,2.66944596878,2.88181790886,-0.0322535420778,0.217496946144,-0.0421881870076,0.227431591074
single,lbrent,nuclear_threat,27,0.0722475820611,6,1999,20260925,0.0509276033033,2.66944596878,2.88181790886,-0.0637009032768,0.208196067399,-0.0745164971936,0.219011661316
single,lbrent,nuclear_threat,28,0.0735101029759,6,1999,20260925,0.050632379365,2.66944596878,2.88181790886,-0.0616502980099,0.208670503962,-0.0724031946462,0.219423400598
single,lbrent,nuclear_threat,29,0.0675016958971,6,1999,20260925,0.0482056660003,2.66944596878,2.88181790886,-0.06118072488,0.196184116674,-0.0714182556911,0.206421647485
single,lbrent,nuclear_threat,30,0.0865609790593,6,1999,20260925,0.044906255134,2.66944596878,2.88181790886,-0.0333138426815,0.2064358008,-0.0428506712057,0.215972629324
single,lbrent,nuclear_threat,31,0.0660078194398,6,1999,20260925,0.0468754904097,2.66944596878,2.88181790886,-0.0591237694691,0.191139408349,-0.0690788083093,0.201094447189
single,lbrent,nuclear_threat,32,0.0112026538929,6,1999,20260925,0.0686850291238,2.66944596878,2.88181790886,-0.172148320217,0.194553628003,-0.186735093106,0.209140400892
single,lbrent,nuclear_threat,33,0.0198909519372,6,1999,20260925,0.0623894004895,2.66944596878,2.88181790886,-0.146654181694,0.186436085569,-0.159903939716,0.199685843591
single,lbrent,nuclear_threat,34,0.0328614145186,6,1999,20260925,0.0472205957594,2.66944596878,2.88181790886,-0.0931914144749,0.158914243512,-0.103219744008,0.168942573045
single,lbrent,nuclear_threat,35,0.0228441337161,6,1999,20260925,0.0439445647971,2.66944596878,2.88181790886,-0.0944635076313,0.140151775064,-0.103796100113,0.149484367545
single,lbrent,nuclear_threat,36,0.0144453421516,6,1999,20260925,0.0485098227495,2.66944596878,2.88181790886,-0.115049008633,0.143939692937,-0.125351133803,0.154241818106
single,lbrent,nuclear_threat,37,0.0197572338035,6,1999,20260925,0.049544216986,2.66944596878,2.88181790886,-0.112498376506,0.152012844113,-0.123020177987,0.162534645594
single,lbrent,nuclear_threat,38,0.0170190972321,6,1999,20260925,0.046959620781,2.66944596878,2.88181790886,-0.108337073157,0.142375267622,-0.118309978928,0.152348173392
single,lbrent,nuclear_threat,39,0.0199405535988,6,1999,20260925,0.0465410548518,2.66944596878,2.88181790886,-0.104298277658,0.144179384856,-0.11418229177,0.154063398968
single,lbrent,nuclear_threat,40,0.0288731014863,6,1999,20260925,0.0434781563331,2.66944596878,2.88181790886,-0.0871894876673,0.14493569064,-0.0964230280785,0.154169231051
single,lbrent,nuclear_threat,41,0.0222473235871,6,1999,20260925,0.0422704532512,2.66944596878,2.88181790886,-0.090591367443,0.135086014617,-0.0995684256077,0.144063072782
single,lbrent,nuclear_threat,42,0.0224293014757,6,1999,20260925,0.0419145232865,2.66944596878,2.88181790886,-0.0894592537449,0.134317856696,-0.0983607223725,0.143219325324
single,lbrent,nuclear_threat,43,0.0077453264964,6,1999,20260925,0.0433661819031,2.66944596878,2.88181790886,-0.108018352966,0.123509005959,-0.117228113151,0.132718766144
single,lbrent,nuclear_threat,44,0.0185026067618,6,1999,20260925,0.0411065839095,2.66944596878,2.88181790886,-0.0912291979459,0.12823441147,-0.0999590829206,0.136964296444
single,lbrent,nuclear_threat,45,0.018677821081,6,1999,20260925,0.0427154168754,2.66944596878,2.88181790886,-0.0953486763019,0.132704318464,-0.104420232255,0.141775874417
single,lbrent,nuclear_threat,46,0.0193609336178,6,1999,20260925,0.0417510835779,2.66944596878,2.88181790886,-0.0920913281317,0.130813195367,-0.100958086751,0.139679953987
single,lbrent,nuclear_threat,47,0.0236717995997,6,1999,20260925,0.0406628245678,2.66944596878,2.88181790886,-0.084875413522,0.132219012722,-0.0935110564644,0.140854655664
single,lbrent,nuclear_threat,48,0.014845668432,6,1999,20260925,0.0398218002094,2.66944596878,2.88181790886,-0.0914564756067,0.121147812471,-0.0999135085744,0.129604845438
single,lbrent,nuclear_threat,0,0.0247333491122,12,1999,20260931,0.0148173218063,2.65106426037,2.88347904194,-0.0145483231629,0.0640150213873,-0.0179920877739,0.0674587859983
single,lbrent,nuclear_threat,1,0.0310999903364,12,1999,20260931,0.0163380174319,2.65106426037,2.88347904194,-0.0122131437627,0.0744131244355,-0.0160103405154,0.0782103211882
single,lbrent,nuclear_threat,2,0.0226080687318,12,1999,20260931,0.0189192407124,2.65106426037,2.88347904194,-0.0275480541542,0.0727641916177,-0.0319451653518,0.0771613028153
single,lbrent,nuclear_threat,3,0.0233738030294,12,1999,20260931,0.0206249301556,2.65106426037,2.88347904194,-0.0313042121789,0.0780518182378,-0.0360977508158,0.0828453568747
single,lbrent,nuclear_threat,4,0.0427203939104,12,1999,20260931,0.0211515626009,2.65106426037,2.88347904194,-0.0133537577519,0.0987945455728,-0.0182696935536,0.103710481374
single,lbrent,nuclear_threat,5,0.0519877677961,12,1999,20260931,0.0242669870397,2.65106426037,2.88347904194,-0.0123455742517,0.116321109844,-0.0179855807438,0.121961116336
single,lbrent,nuclear_threat,6,0.0491789976286,12,1999,20260931,0.0292808509371,2.65106426037,2.88347904194,-0.028446419804,0.126804415061,-0.0352517223787,0.133609717636
single,lbrent,nuclear_threat,7,0.0272751435755,12,1999,20260931,0.0305415581443,2.65106426037,2.88347904194,-0.0536924896768,0.108242776828,-0.0607907992417,0.115341086393
single,lbrent,nuclear_threat,8,0.045884143631,12,1999,20260931,0.0274778704757,2.65106426037,2.88347904194,-0.0269614567383,0.118729744,-0.0333477200028,0.125116007265
single,lbrent,nuclear_threat,9,0.0416150316391,12,1999,20260931,0.0370216404735,2.65106426037,2.88347904194,-0.0565317162805,0.139761779559,-0.0651360927644,0.148366156043
single,lbrent,nuclear_threat,10,0.042791144414,12,1999,20260931,0.0380789260278,2.65106426037,2.88347904194,-0.0581585354516,0.14374082428,-0.0670086407267,0.152590929555
single,lbrent,nuclear_threat,11,0.0891810301393,12,1999,20260931,0.0390085064861,2.65106426037,2.88347904194,-0.0142330272565,0.192595087535,-0.0232991807708,0.201661241049
single,lbrent,nuclear_threat,12,0.0883900101636,12,1999,20260931,0.041157900613,2.65106426037,2.88347904194,-0.0207222291834,0.197502249511,-0.0302879336641,0.207067953991
single,lbrent,nuclear_threat,13,0.0819649326975,12,1999,20260931,0.0377865819281,2.65106426037,2.88347904194,-0.0182097241737,0.182139589569,-0.0269918843587,0.190921749754
single,lbrent,nuclear_threat,14,0.0805523209628,12,1999,20260931,0.0396640409767,2.65106426037,2.88347904194,-0.0245996004925,0.185704242418,-0.0338181099121,0.194922751838
single,lbrent,nuclear_threat,15,0.0838338785131,12,1999,20260931,0.0399639843916,2.65106426037,2.88347904194,-0.0221132122095,0.189780969236,-0.0314014329125,0.199069189939
single,lbrent,nuclear_threat,16,0.0951878065102,12,1999,20260931,0.0421083462037,2.65106426037,2.88347904194,-0.0164441251739,0.206819738194,-0.026230727259,0.216606340279
single,lbrent,nuclear_threat,17,0.100331570417,12,1999,20260931,0.0443339989704,2.65106426037,2.88347904194,-0.0172007097728,0.217863850607,-0.0275045864595,0.228167727293
single,lbrent,nuclear_threat,18,0.132217321907,12,1999,20260931,0.0455987308601,2.65106426037,2.88347904194,0.0113321562054,0.253102487609,0.000734337132815,0.263700306681
single,lbrent,nuclear_threat,19,0.140531621227,12,1999,20260931,0.0468846715867,2.65106426037,2.88347904194,0.0162373440241,0.264825898429,0.00534065331842,0.275722589135
single,lbrent,nuclear_threat,20,0.130099168538,12,1999,20260931,0.0487862293415,2.65106426037,2.88347904194,0.000763739531921,0.259434597543,-0.010574901304,0.270773238379
single,lbrent,nuclear_threat,21,0.117053680686,12,1999,20260931,0.0495294114749,2.65106426037,2.88347904194,-0.0142519719126,0.248359333284,-0.0257633392617,0.259870700633
single,lbrent,nuclear_threat,22,0.123994901394,12,1999,20260931,0.0496036175896,2.65106426037,2.88347904194,-0.00750747638284,0.255497279171,-0.0190360903299,0.267025893118
single,lbrent,nuclear_threat,23,0.106303388541,12,1999,20260931,0.0497283700839,2.65106426037,2.88347904194,-0.0255297161148,0.238136493197,-0.0370873243855,0.249694101468
single,lbrent,nuclear_threat,24,0.0980116919863,12,1999,20260931,0.0487106427365,2.65106426037,2.88347904194,-0.0311233520723,0.227146736045,-0.0424444254639,0.238467809436
single,lbrent,nuclear_threat,25,0.115190420471,12,1999,20260931,0.0476943080176,2.65106426037,2.88347904194,-0.0112502549378,0.24163109588,-0.0223351171177,0.25271595806
single,lbrent,nuclear_threat,26,0.0926217020331,12,1999,20260931,0.0484177706218,2.65106426037,2.88347904194,-0.0357369192292,0.220980323295,-0.0469899248122,0.232233328878
single,lbrent,nuclear_threat,27,0.0722475820611,12,1999,20260931,0.0514487994256,2.65106426037,2.88347904194,-0.0641464913353,0.208641655457,-0.0761039528157,0.220599116938
single,lbrent,nuclear_threat,28,0.0735101029759,12,1999,20260931,0.051385919521,2.65106426037,2.88347904194,-0.0627172717527,0.209737477704,-0.0746601190138,0.221680324965
single,lbrent,nuclear_threat,29,0.0675016958971,12,1999,20260931,0.0488212654719,2.65106426037,2.88347904194,-0.0619266161415,0.196930007936,-0.073273399892,0.208276791686
single,lbrent,nuclear_threat,30,0.0865609790593,12,1999,20260931,0.0442775171053,2.65106426037,2.88347904194,-0.0308215640767,0.203943522195,-0.0411123135431,0.214234271662
single,lbrent,nuclear_threat,31,0.0660078194398,12,1999,20260931,0.0459903638472,2.65106426037,2.88347904194,-0.0559155904772,0.187931229357,-0.0666044308449,0.198620069725
single,lbrent,nuclear_threat,32,0.0112026538929,12,1999,20260931,0.0706058055592,2.65106426037,2.88347904194,-0.1759778738,0.198383181586,-0.192387706676,0.214793014462
single,lbrent,nuclear_threat,33,0.0198909519372,12,1999,20260931,0.0662166197807,2.65106426037,2.88347904194,-0.155653562206,0.195435466081,-0.171043283429,0.210825187303
single,lbrent,nuclear_threat,34,0.0328614145186,12,1999,20260931,0.0503501187034,2.65106426037,2.88347904194,-0.100619985682,0.166342814719,-0.112322097522,0.178044926559
single,lbrent,nuclear_threat,35,0.0228441337161,12,1999,20260931,0.0455805225069,2.65106426037,2.88347904194,-0.0979927604709,0.143681027903,-0.108586347653,0.154274615085
single,lbrent,nuclear_threat,36,0.0144453421516,12,1999,20260931,0.0522876162193,2.65106426037,2.88347904194,-0.124172488467,0.153063172771,-0.13632490337,0.165215587673
single,lbrent,nuclear_threat,37,0.0197572338035,12,1999,20260931,0.0555214524542,2.65106426037,2.88347904194,-0.127433704482,0.166948172089,-0.140337710726,0.179852178333
single,lbrent,nuclear_threat,38,0.0170190972321,12,1999,20260931,0.0534745548723,2.65106426037,2.88347904194,-0.124745384029,0.158783578494,-0.137173661019,0.171211855484
single,lbrent,nuclear_threat,39,0.0199405535988,12,1999,20260931,0.0527699502601,2.65106426037,2.88347904194,-0.119955975557,0.159837082755,-0.13222049202,0.172101599218
single,lbrent,nuclear_threat,40,0.0288731014863,12,1999,20260931,0.0473388222005,2.65106426037,2.88347904194,-0.0966251581776,0.15437136115,-0.107627400199,0.165373603172
single,lbrent,nuclear_threat,41,0.0222473235871,12,1999,20260931,0.0428825972365,2.65106426037,2.88347904194,-0.0914371973385,0.135931844513,-0.101403746808,0.145898393983
single,lbrent,nuclear_threat,42,0.0224293014757,12,1999,20260931,0.0417145049687,2.65106426037,2.88347904194,-0.0881585317859,0.133017134737,-0.0978535993463,0.142712202298
single,lbrent,nuclear_threat,43,0.0077453264964,12,1999,20260931,0.0458585030323,2.65106426037,2.88347904194,-0.113828511927,0.129319164919,-0.124486705892,0.139977358885
single,lbrent,nuclear_threat,44,0.0185026067618,12,1999,20260931,0.0416751782951,2.65106426037,2.88347904194,-0.0919809689611,0.128986182485,-0.101666896421,0.138672109945
single,lbrent,nuclear_threat,45,0.018677821081,12,1999,20260931,0.0409060733166,2.65106426037,2.88347904194,-0.0897668079208,0.127122450083,-0.0992739840155,0.136629626178
single,lbrent,nuclear_threat,46,0.0193609336178,12,1999,20260931,0.0411945680021,2.65106426037,2.88347904194,-0.089848513334,0.12857038057,-0.099422739858,0.138144607094
single,lbrent,nuclear_threat,47,0.0236717995997,12,1999,20260931,0.0407612226598,2.65106426037,2.88347904194,-0.0843888210027,0.131732420202,-0.0938623316636,0.141205930863
single,lbrent,nuclear_threat,48,0.014845668432,12,1999,20260931,0.0400216942995,2.65106426037,2.88347904194,-0.0912544149651,0.120945751829,-0.100556048304,0.130247385168
joint,lbrent,military_conflict,0,0.0690836669071,1,1999,20260920,0.0322681222874,2.55579741749,2.7882956969,-0.0133871167025,0.151554450517,-0.020889399614,0.159056733428
joint,lbrent,military_conflict,1,0.0540856434895,1,1999,20260920,0.0508015815985,2.55579741749,2.7882956969,-0.0757529075646,0.183924194543,-0.0875641878774,0.195735474856
joint,lbrent,military_conflict,2,0.00832686292862,1,1999,20260920,0.0591986315749,2.55579741749,2.7882956969,-0.14297284677,0.159626572627,-0.156736426754,0.173390152611
joint,lbrent,military_conflict,3,-0.0105932194138,1,1999,20260920,0.0560392260897,2.55579741749,2.7882956969,-0.153818128732,0.132631689905,-0.166847152377,0.14566071355
joint,lbrent,military_conflict,4,-0.00395597069833,1,1999,20260920,0.0496204723102,2.55579741749,2.7882956969,-0.130775845684,0.122863904287,-0.142312520119,0.134400578722
joint,lbrent,military_conflict,5,0.00680817656822,1,1999,20260920,0.0466662167215,2.55579741749,2.7882956969,-0.112461219613,0.126077572749,-0.123311034707,0.136927387843
joint,lbrent,military_conflict,6,-0.0506001479704,1,1999,20260920,0.0419536692509,2.55579741749,2.7882956969,-0.157825227496,0.0566249315554,-0.167579383412,0.0663790874711
joint,lbrent,military_conflict,7,-0.047850669588,1,1999,20260920,0.0423299155597,2.55579741749,2.7882956969,-0.156037358458,0.0603360192823,-0.165878990993,0.0701776518174
joint,lbrent,military_conflict,8,-0.0567247353543,1,1999,20260920,0.0505736217835,2.55579741749,2.7882956969,-0.185980667302,0.0725311965934,-0.19773894735,0.0842894766415
joint,lbrent,military_conflict,9,-0.0411110573354,1,1999,20260920,0.0530506313598,2.55579741749,2.7882956969,-0.176697723961,0.0944756092904,-0.189031904474,0.106809789803
joint,lbrent,military_conflict,10,-0.0259057160828,1,1999,20260920,0.0525566044498,2.55579741749,2.7882956969,-0.160229750008,0.108418317842,-0.172449070114,0.120637637948
joint,lbrent,military_conflict,11,-0.00331921096468,1,1999,20260920,0.0542927950398,2.55579741749,2.7882956969,-0.142080596316,0.135442174387,-0.154703577747,0.148065155818
joint,lbrent,military_conflict,12,-0.0182704641694,1,1999,20260920,0.0521198634463,2.55579741749,2.7882956969,-0.151478276566,0.114937348227,-0.16359605514,0.127055126801
joint,lbrent,military_conflict,13,-0.0280427180577,1,1999,20260920,0.0585903463667,2.55579741749,2.7882956969,-0.177787773992,0.121702337876,-0.191409928712,0.135324492597
joint,lbrent,military_conflict,14,0.0142926236115,1,1999,20260920,0.0602592020544,2.55579741749,2.7882956969,-0.139717689379,0.168302936602,-0.153727850175,0.182313097398
joint,lbrent,military_conflict,15,-0.000657216733538,1,1999,20260920,0.0601204056072,2.55579741749,2.7882956969,-0.154312794123,0.152998360656,-0.168290684984,0.166976251517
joint,lbrent,military_conflict,16,-0.0385359245881,1,1999,20260920,0.0622583707023,2.55579741749,2.7882956969,-0.197655707646,0.12058385847,-0.212130671713,0.135058822537
joint,lbrent,military_conflict,17,-0.0100725292001,1,1999,20260920,0.059160689959,2.55579741749,2.7882956969,-0.161275267814,0.141130209414,-0.175030026438,0.154884968038
joint,lbrent,military_conflict,18,-0.0218700443972,1,1999,20260920,0.0608966579842,2.55579741749,2.7882956969,-0.177509565607,0.133769476813,-0.19166793381,0.147927845016
joint,lbrent,military_conflict,19,-0.0151317245299,1,1999,20260920,0.064672819346,2.55579741749,2.7882956969,-0.180422349196,0.150158900137,-0.195458668419,0.165195219359
joint,lbrent,military_conflict,20,0.0165641869757,1,1999,20260920,0.0667572918866,2.55579741749,2.7882956969,-0.154053927227,0.187182301178,-0.169574882728,0.20270325668
joint,lbrent,military_conflict,21,0.000847078636067,1,1999,20260920,0.0680000922356,2.55579741749,2.7882956969,-0.172947381489,0.174641538761,-0.188757285933,0.190451443205
joint,lbrent,military_conflict,22,-0.0105313489875,1,1999,20260920,0.0674224633497,2.55579741749,2.7882956969,-0.182849506698,0.161786808723,-0.19852511342,0.177462415445
joint,lbrent,military_conflict,23,-0.01851334269,1,1999,20260920,0.0662282235001,2.55579741749,2.7882956969,-0.187779265277,0.150752579897,-0.203177213289,0.166150527909
joint,lbrent,military_conflict,24,-0.0190115581299,1,1999,20260920,0.0666839324466,2.55579741749,2.7882956969,-0.189442180465,0.151419064205,-0.204946080023,0.166922963763
joint,lbrent,military_conflict,25,0.00124448165147,1,1999,20260920,0.07004009212,2.55579741749,2.7882956969,-0.17776380491,0.180252768213,-0.194048005817,0.19653696912
joint,lbrent,military_conflict,26,-0.0120232945838,1,1999,20260920,0.0680206767296,2.55579741749,2.7882956969,-0.185870364505,0.161823775338,-0.201685054809,0.177638465642
joint,lbrent,military_conflict,27,-0.0230178147,1,1999,20260920,0.0673227899126,2.55579741749,2.7882956969,-0.195081227297,0.149045597897,-0.210733660117,0.164698030717
joint,lbrent,military_conflict,28,-0.0365177468149,1,1999,20260920,0.0708004761646,2.55579741749,2.7882956969,-0.217469420954,0.144433927324,-0.233930409843,0.160894916213
joint,lbrent,military_conflict,29,-0.0176667861837,1,1999,20260920,0.0749840917735,2.55579741749,2.7882956969,-0.209310934292,0.173977361924,-0.226744606612,0.191411034244
joint,lbrent,military_conflict,30,-0.0216124992372,1,1999,20260920,0.0718108041356,2.55579741749,2.7882956969,-0.205146366995,0.161921368521,-0.221842255399,0.178617256925
joint,lbrent,military_conflict,31,-0.0127776445038,1,1999,20260920,0.0692950664476,2.55579741749,2.7882956969,-0.189881796376,0.164326507368,-0.205992780096,0.180437491089
joint,lbrent,military_conflict,32,-0.0437084083216,1,1999,20260920,0.0705354979013,2.55579741749,2.7882956969,-0.223982851699,0.136566035056,-0.240382233599,0.152965416956
joint,lbrent,military_conflict,33,-0.0383354545618,1,1999,20260920,0.0712186634389,2.55579741749,2.7882956969,-0.220355930656,0.143685021533,-0.236914147368,0.160243238244
joint,lbrent,military_conflict,34,-0.0135184354119,1,1999,20260920,0.0759697681971,2.55579741749,2.7882956969,-0.207681772778,0.180644901954,-0.22534461317,0.198307742347
joint,lbrent,military_conflict,35,-0.0246292592054,1,1999,20260920,0.0868384170356,2.55579741749,2.7882956969,-0.246570661204,0.197312142794,-0.266760443752,0.217501925341
joint,lbrent,military_conflict,36,-0.0289316520313,1,1999,20260920,0.0926939826958,2.55579741749,2.7882956969,-0.265838693622,0.20797538956,-0.287389885111,0.229526581048
joint,lbrent,military_conflict,37,-0.0131754690912,1,1999,20260920,0.0958397843017,2.55579741749,2.7882956969,-0.258122542303,0.23177160412,-0.280405127252,0.254054189069
joint,lbrent,military_conflict,38,-0.0444498589749,1,1999,20260920,0.0914738101537,2.55579741749,2.7882956969,-0.278238386734,0.189338668784,-0.299505890206,0.210606172256
joint,lbrent,military_conflict,39,-0.0197440519643,1,1999,20260920,0.092342111876,2.55579741749,2.7882956969,-0.255751783023,0.216263679094,-0.277221165151,0.237733061222
joint,lbrent,military_conflict,40,-0.0249849786567,1,1999,20260920,0.095011856492,2.55579741749,2.7882956969,-0.26781603611,0.217846078797,-0.289906129268,0.239936171955
joint,lbrent,military_conflict,41,-0.00790836149691,1,1999,20260920,0.0949358477061,2.55579741749,2.7882956969,-0.250545155892,0.234728432898,-0.272617577138,0.256800854144
joint,lbrent,military_conflict,42,0.00938978970983,1,1999,20260920,0.097601353336,2.55579741749,2.7882956969,-0.24005949709,0.25883907651,-0.262751643809,0.281531223228
joint,lbrent,military_conflict,43,-0.0147013187099,1,1999,20260920,0.102142032422,2.55579741749,2.7882956969,-0.275755661392,0.246353023972,-0.299503508185,0.270100870766
joint,lbrent,military_conflict,44,0.00112271307058,1,1999,20260920,0.10720648748,2.55579741749,2.7882956969,-0.272875350771,0.275120776912,-0.297800674651,0.300046100792
joint,lbrent,military_conflict,45,0.0308362857828,1,1999,20260920,0.103817561441,2.55579741749,2.7882956969,-0.234500369639,0.296172941204,-0.258637774046,0.320310345612
joint,lbrent,military_conflict,46,0.0481374723262,1,1999,20260920,0.101424857775,2.55579741749,2.7882956969,-0.211083917245,0.307358861897,-0.234665022167,0.330939966819
joint,lbrent,military_conflict,47,0.022498432211,1,1999,20260920,0.0829552846932,2.55579741749,2.7882956969,-0.189518470175,0.234515334597,-0.208805431134,0.253802295556
joint,lbrent,military_conflict,48,0.0153016938346,1,1999,20260920,0.0746382111027,2.55579741749,2.7882956969,-0.175458453348,0.206061841017,-0.192811709007,0.223415096677
joint,lbrent,diplomatic_tension,0,0.030069170599,1,1999,20260920,0.0338853416994,2.67614031598,2.91159741664,-0.0606127584437,0.120751099642,-0.068591302755,0.128729643953
joint,lbrent,diplomatic_tension,1,0.0098798720267,1,1999,20260920,0.0559195012762,2.67614031598,2.91159741664,-0.139768559788,0.159528303842,-0.152935203429,0.172694947482
joint,lbrent,diplomatic_tension,2,-0.0238570946761,1,1999,20260920,0.0717217005759,2.67614031598,2.91159741664,-0.215794429118,0.168080239766,-0.23268181279,0.184967623438
joint,lbrent,diplomatic_tension,3,-0.0212310680428,1,1999,20260920,0.0766206563111,2.67614031598,2.91159741664,-0.226278695434,0.183816559348,-0.244319573019,0.201857436934
joint,lbrent,diplomatic_tension,4,0.0284513845749,1,1999,20260920,0.0729414893878,2.67614031598,2.91159741664,-0.166750275884,0.223653045033,-0.183924867492,0.240827636642
joint,lbrent,diplomatic_tension,5,0.0164212708879,1,1999,20260920,0.068361031453,2.67614031598,2.91159741664,-0.166522441426,0.199364983202,-0.18261853169,0.215461073465
joint,lbrent,diplomatic_tension,6,-0.0373268839414,1,1999,20260920,0.0725159037639,2.67614031598,2.91159741664,-0.231389617554,0.156735849671,-0.248464002006,0.173810234123
joint,lbrent,diplomatic_tension,7,-0.0304183037764,1,1999,20260920,0.0877370512887,2.67614031598,2.91159741664,-0.265214963936,0.204378356383,-0.285873275652,0.2250366681
joint,lbrent,diplomatic_tension,8,-0.125884668737,1,1999,20260920,0.099165275048,2.67614031598,2.91159741664,-0.391264859239,0.139495521764,-0.414614027387,0.162844689913
joint,lbrent,diplomatic_tension,9,-0.139739983885,1,1999,20260920,0.0839140053887,2.67614031598,2.91159741664,-0.364305636781,0.0848256690116,-0.384063785194,0.104583817425
joint,lbrent,diplomatic_tension,10,-0.1569827218,1,1999,20260920,0.0856572426398,2.67614031598,2.91159741664,-0.386213522184,0.0722480785844,-0.406382128186,0.0924166845867
joint,lbrent,diplomatic_tension,11,-0.148987938735,1,1999,20260920,0.0867989648227,2.67614031598,2.91159741664,-0.381274147882,0.0832982704132,-0.401711580479,0.10373570301
joint,lbrent,diplomatic_tension,12,-0.172793478851,1,1999,20260920,0.0885426716045,2.67614031598,2.91159741664,-0.409746092016,0.064159134315,-0.430594092757,0.0850071350554
joint,lbrent,diplomatic_tension,13,-0.172300003442,1,1999,20260920,0.0965670558234,2.67614031598,2.91159741664,-0.430726994727,0.0861269878429,-0.45346439371,0.108864386826
joint,lbrent,diplomatic_tension,14,-0.121192233928,1,1999,20260920,0.0995508514322,2.67614031598,2.91159741664,-0.387604280936,0.14521981308,-0.411044235782,0.168659767926
joint,lbrent,diplomatic_tension,15,-0.157971704269,1,1999,20260920,0.0984629726938,2.67614031598,2.91159741664,-0.421472435126,0.105529026589,-0.444656241199,0.128712832661
joint,lbrent,diplomatic_tension,16,-0.204408341706,1,1999,20260920,0.1095156848,2.67614031598,2.91159741664,-0.497487681031,0.0886709976187,-0.523273926651,0.114457243238
joint,lbrent,diplomatic_tension,17,-0.177376832468,1,1999,20260920,0.114836406458,2.67614031598,2.91159741664,-0.484695169533,0.129941504598,-0.511734216848,0.156980551913
joint,lbrent,diplomatic_tension,18,-0.208972595049,1,1999,20260920,0.113526434093,2.67614031598,2.91159741664,-0.512785262255,0.0948400721559,-0.539515867274,0.121570677175
joint,lbrent,diplomatic_tension,19,-0.206351185723,1,1999,20260920,0.112520227436,2.67614031598,2.91159741664,-0.507471102727,0.0947687312816,-0.533964789245,0.121262417799
joint,lbrent,diplomatic_tension,20,-0.128154641712,1,1999,20260920,0.128079811759,2.67614031598,2.91159741664,-0.470914189622,0.214604906199,-0.501071490752,0.244762207328
joint,lbrent,diplomatic_tension,21,-0.18764753851,1,1999,20260920,0.110711821731,2.67614031598,2.91159741664,-0.4839279081,0.108632831081,-0.509995792653,0.134700715634
joint,lbrent,diplomatic_tension,22,-0.259642904179,1,1999,20260920,0.102551762616,2.67614031598,2.91159741664,-0.53408581059,0.0148000022328,-0.558232351283,0.0389465429256
joint,lbrent,diplomatic_tension,23,-0.308483056494,1,1999,20260920,0.112216015911,2.67614031598,2.91159741664,-0.608788860773,-0.0081772522158,-0.635210918527,0.0182448055379
joint,lbrent,diplomatic_tension,24,-0.309148286957,1,1999,20260920,0.106927618216,2.67614031598,2.91159741664,-0.595301596956,-0.0229949769584,-0.620478463921,0.00218189000683
joint,lbrent,diplomatic_tension,25,-0.315925659701,1,1999,20260920,0.114252031455,2.67614031598,2.91159741664,-0.621680127261,-0.0101711921408,-0.648581579332,0.0167302599298
joint,lbrent,diplomatic_tension,26,-0.291555821539,1,1999,20260920,0.108542633901,2.67614031598,2.91159741664,-0.582031140125,-0.00108050295296,-0.607588274001,0.0244766309231
joint,lbrent,diplomatic_tension,27,-0.270286273824,1,1999,20260920,0.105000849938,2.67614031598,2.91159741664,-0.551283281555,0.0107107339067,-0.576006477248,0.0354339295996
joint,lbrent,diplomatic_tension,28,-0.257047601944,1,1999,20260920,0.106020090454,2.67614031598,2.91159741664,-0.540772240312,0.0266770364237,-0.565735423422,0.0516402195333
joint,lbrent,diplomatic_tension,29,-0.226306123195,1,1999,20260920,0.10832475234,2.67614031598,2.91159741664,-0.516198360152,0.0635861137615,-0.541704192267,0.089091945877
joint,lbrent,diplomatic_tension,30,-0.225192350863,1,1999,20260920,0.108410983651,2.67614031598,2.91159741664,-0.515315354905,0.0649306531798,-0.540841490795,0.0904567890695
joint,lbrent,diplomatic_tension,31,-0.175843909029,1,1999,20260920,0.11432742208,2.67614031598,2.91159741664,-0.48180013248,0.130112314423,-0.508719335808,0.157031517751
joint,lbrent,diplomatic_tension,32,-0.181610748314,1,1999,20260920,0.116482271231,2.67614031598,2.91159741664,-0.493333650453,0.130112153825,-0.520760228315,0.157538731687
joint,lbrent,diplomatic_tension,33,-0.179453952578,1,1999,20260920,0.114120629587,2.67614031598,2.91159741664,-0.484856770303,0.125948865146,-0.51172728287,0.152819377714
joint,lbrent,diplomatic_tension,34,-0.196217299701,1,1999,20260920,0.11802344741,2.67614031598,2.91159741664,-0.512064605546,0.119630006144,-0.539854064283,0.147419464881
joint,lbrent,diplomatic_tension,35,-0.257891532257,1,1999,20260920,0.12099932978,2.67614031598,2.91159741664,-0.581702716889,0.0659196523751,-0.610192868261,0.0944098037466
joint,lbrent,diplomatic_tension,36,-0.20953165568,1,1999,20260920,0.118152601338,2.67614031598,2.91159741664,-0.525724595558,0.106661284198,-0.553544464504,0.134481153144
joint,lbrent,diplomatic_tension,37,-0.131022266188,1,1999,20260920,0.124984516279,2.67614031598,2.91159741664,-0.465498369076,0.2034538367,-0.494926860906,0.23288232853
joint,lbrent,diplomatic_tension,38,-0.177565234507,1,1999,20260920,0.124467473099,2.67614031598,2.91159741664,-0.510657657297,0.155527188282,-0.539964407639,0.184833938624
joint,lbrent,diplomatic_tension,39,-0.208881067831,1,1999,20260920,0.133414566316,2.67614031598,2.91159741664,-0.565917167488,0.148155031826,-0.597330574458,0.179568438796
joint,lbrent,diplomatic_tension,40,-0.253097531277,1,1999,20260920,0.140706349561,2.67614031598,2.91159741664,-0.629647466053,0.123452403498,-0.662777775164,0.15658271261
joint,lbrent,diplomatic_tension,41,-0.2037003824,1,1999,20260920,0.141378364415,2.67614031598,2.91159741664,-0.58204872322,0.17464795842,-0.615337263001,0.207936498201
joint,lbrent,diplomatic_tension,42,-0.175948000274,1,1999,20260920,0.141084199857,2.67614031598,2.91159741664,-0.553509115459,0.201613114911,-0.586728392105,0.234832391558
joint,lbrent,diplomatic_tension,43,-0.194963701254,1,1999,20260920,0.148013771676,2.67614031598,2.91159741664,-0.591069322957,0.201141920449,-0.625920216493,0.235992813985
joint,lbrent,diplomatic_tension,44,-0.160041818249,1,1999,20260920,0.148905890118,2.67614031598,2.91159741664,-0.558534874082,0.238451237583,-0.59359582324,0.273512186741
joint,lbrent,diplomatic_tension,45,-0.165602503396,1,1999,20260920,0.140883304792,2.67614031598,2.91159741664,-0.542625995198,0.211420988406,-0.575797969675,0.244592962883
joint,lbrent,diplomatic_tension,46,-0.147219653506,1,1999,20260920,0.145757661154,2.67614031598,2.91159741664,-0.537287606883,0.242848299872,-0.571607283177,0.277167976166
joint,lbrent,diplomatic_tension,47,-0.223026613796,1,1999,20260920,0.129929396128,2.67614031598,2.91159741664,-0.570735909004,0.124682681413,-0.601328707907,0.155275480315
joint,lbrent,diplomatic_tension,48,-0.238385797094,1,1999,20260920,0.121405188403,2.67614031598,2.91159741664,-0.563283116349,0.0865115221606,-0.591868830015,0.115097235827
joint,lbrent,nuclear_threat,0,0.0353208633536,1,1999,20260920,0.0169088179779,2.63039867577,2.86250341727,-0.00915606906417,0.0797977957713,-0.0130806858901,0.0837224125972
joint,lbrent,nuclear_threat,1,0.0421502216347,1,1999,20260920,0.0272899971208,2.63039867577,2.86250341727,-0.0296333506537,0.113933793923,-0.0359674883811,0.12026793165
joint,lbrent,nuclear_threat,2,0.0299755008485,1,1999,20260920,0.0297229450544,2.63039867577,2.86250341727,-0.0482076944626,0.108158696159,-0.0551065309412,0.115057532638
joint,lbrent,nuclear_threat,3,0.0289595514684,1,1999,20260920,0.032034919206,2.63039867577,2.86250341727,-0.0553050575894,0.113224160526,-0.0627405142309,0.120659617168
joint,lbrent,nuclear_threat,4,0.0526265612068,1,1999,20260920,0.0335236294764,2.63039867577,2.86250341727,-0.035553949375,0.140807071789,-0.0433349427289,0.148588065142
joint,lbrent,nuclear_threat,5,0.0648388148285,1,1999,20260920,0.0401609461541,2.63039867577,2.86250341727,-0.0408004847528,0.17047811441,-0.0501220307785,0.179799660436
joint,lbrent,nuclear_threat,6,0.0560129398319,1,1999,20260920,0.0470750700471,2.63039867577,2.86250341727,-0.0678132620816,0.179839141745,-0.0787396090462,0.19076548871
joint,lbrent,nuclear_threat,7,0.0357569342413,1,1999,20260920,0.0497888150816,2.63039867577,2.86250341727,-0.0952074990174,0.1667213675,-0.106763719072,0.178277587554
joint,lbrent,nuclear_threat,8,0.0527188535661,1,1999,20260920,0.0490858147216,2.63039867577,2.86250341727,-0.0763964084767,0.181834115609,-0.0877894588142,0.193227165946
joint,lbrent,nuclear_threat,9,0.0498938298108,1,1999,20260920,0.0519514168367,2.63039867577,2.86250341727,-0.0867591082407,0.186546767862,-0.0988172784164,0.198604938038
joint,lbrent,nuclear_threat,10,0.0512833668018,1,1999,20260920,0.0474549903953,2.63039867577,2.86250341727,-0.0735421770926,0.176108910696,-0.0845567053714,0.187123438975
joint,lbrent,nuclear_threat,11,0.101405020564,1,1999,20260920,0.0467266238417,2.63039867577,2.86250341727,-0.0215046289123,0.22431467004,-0.0323500998605,0.235160140988
joint,lbrent,nuclear_threat,12,0.0975898741734,1,1999,20260920,0.0466888250107,2.63039867577,2.86250341727,-0.0252203493078,0.220400097655,-0.0360570469681,0.231236795315
joint,lbrent,nuclear_threat,13,0.0904047387042,1,1999,20260920,0.0453687359651,2.63039867577,2.86250341727,-0.0289331242996,0.209742601708,-0.0394634230332,0.220272900442
joint,lbrent,nuclear_threat,14,0.0995378321421,1,1999,20260920,0.0439354817391,2.63039867577,2.86250341727,-0.0160300008437,0.215105665128,-0.0262276344757,0.22530329876
joint,lbrent,nuclear_threat,15,0.0987155191196,1,1999,20260920,0.0419829395223,2.63039867577,2.86250341727,-0.0117163494046,0.209147387644,-0.02146078873,0.218891826969
joint,lbrent,nuclear_threat,16,0.107354460821,1,1999,20260920,0.0435297197595,2.63039867577,2.86250341727,-0.00714605639061,0.221854978033,-0.0172495107432,0.231958432386
joint,lbrent,nuclear_threat,17,0.118023282947,1,1999,20260920,0.0433182468986,2.63039867577,2.86250341727,0.00407902366818,0.231967542226,-0.00597534683069,0.242021912725
joint,lbrent,nuclear_threat,18,0.150394184704,1,1999,20260920,0.0421968091208,2.63039867577,2.86250341727,0.0393997538711,0.261388615537,0.0296056743978,0.27118269501
joint,lbrent,nuclear_threat,19,0.158853668138,1,1999,20260920,0.0425529171596,2.63039867577,2.86250341727,0.0469225311914,0.270784805085,0.0370457973538,0.280661538923
joint,lbrent,nuclear_threat,20,0.156890938681,1,1999,20260920,0.0468374775016,2.63039867577,2.86250341727,0.0336896998848,0.280092177478,0.0228184992765,0.290963378086
joint,lbrent,nuclear_threat,21,0.146124121658,1,1999,20260920,0.046144996397,2.63039867577,2.86250341727,0.0247443842423,0.267503859074,0.0140339117818,0.278214331535
joint,lbrent,nuclear_threat,22,0.153173966544,1,1999,20260920,0.0459442855731,2.63039867577,2.86250341727,0.0323221786135,0.274025754475,0.0216582920869,0.284689641001
joint,lbrent,nuclear_threat,23,0.132395256356,1,1999,20260920,0.047399590841,2.63039867577,2.86250341727,0.00771543537629,0.257075077336,-0.0032862344033,0.268076747116
joint,lbrent,nuclear_threat,24,0.1235374338,1,1999,20260920,0.0472367688189,2.63039867577,2.86250341727,-0.000714100348404,0.247788967949,-0.0116779783647,0.258752845965
joint,lbrent,nuclear_threat,25,0.141365958008,1,1999,20260920,0.0512706261454,2.63039867577,2.86250341727,0.00650377088954,0.276228145127,-0.00539638453874,0.288128300555
joint,lbrent,nuclear_threat,26,0.118276727414,1,1999,20260920,0.0560923538299,2.63039867577,2.86250341727,-0.0292685258206,0.265821980649,-0.0422878271067,0.278841281935
joint,lbrent,nuclear_threat,27,0.0935834890739,1,1999,20260920,0.0577771385771,2.63039867577,2.86250341727,-0.0583934197288,0.245560397877,-0.0718037675432,0.258970745691
joint,lbrent,nuclear_threat,28,0.0942104973103,1,1999,20260920,0.055763806044,2.63039867577,2.86250341727,-0.0524705442636,0.240891538884,-0.0654135880508,0.253834582671
joint,lbrent,nuclear_threat,29,0.0896115722081,1,1999,20260920,0.0554314564226,2.63039867577,2.86250341727,-0.0561952573618,0.235418401778,-0.069061161226,0.248284305642
joint,lbrent,nuclear_threat,30,0.105346216345,1,1999,20260920,0.0586512482696,2.63039867577,2.86250341727,-0.0489299494359,0.259622382125,-0.0625431822545,0.273235614944
joint,lbrent,nuclear_threat,31,0.0835001066046,1,1999,20260920,0.0739120397558,2.63039867577,2.86250341727,-0.110918024892,0.277918238101,-0.128073359774,0.295073572983
joint,lbrent,nuclear_threat,32,0.0251938632479,1,1999,20260920,0.0843573896172,2.63039867577,2.86250341727,-0.196699702692,0.247087429188,-0.216279452803,0.266667179299
joint,lbrent,nuclear_threat,33,0.0376699268364,1,1999,20260920,0.0704376148429,2.63039867577,2.86250341727,-0.147609081971,0.222948935643,-0.163957986356,0.239297840029
joint,lbrent,nuclear_threat,34,0.0531547726541,1,1999,20260920,0.0611910231408,2.63039867577,2.86250341727,-0.107802013584,0.214111558892,-0.122004740193,0.228314285501
joint,lbrent,nuclear_threat,35,0.0385393610787,1,1999,20260920,0.0644530883068,2.63039867577,2.86250341727,-0.130997957053,0.20807667921,-0.145957824453,0.223036546611
joint,lbrent,nuclear_threat,36,0.0275949104094,1,1999,20260920,0.065753995452,2.63039867577,2.86250341727,-0.145364312154,0.200554132973,-0.160626126271,0.21581594709
joint,lbrent,nuclear_threat,37,0.0341621155077,1,1999,20260920,0.0619671038048,2.63039867577,2.86250341727,-0.128836072282,0.197160303297,-0.143218930892,0.211543161908
joint,lbrent,nuclear_threat,38,0.0294750745106,1,1999,20260920,0.0609385896251,2.63039867577,2.86250341727,-0.130817710942,0.189767859964,-0.144961846535,0.203911995556
joint,lbrent,nuclear_threat,39,0.0347548980348,1,1999,20260920,0.0587659343912,2.63039867577,2.86250341727,-0.119822937968,0.189332734038,-0.133462789979,0.202972586049
joint,lbrent,nuclear_threat,40,0.0375020848386,1,1999,20260920,0.0593246063567,2.63039867577,2.86250341727,-0.118545281163,0.19354945084,-0.132314803586,0.207318973263
joint,lbrent,nuclear_threat,41,0.031162460891,1,1999,20260920,0.0608001279865,2.63039867577,2.86250341727,-0.128766115251,0.191091037033,-0.142878113241,0.205203035023
joint,lbrent,nuclear_threat,42,0.0292883699387,1,1999,20260920,0.0629851090598,2.63039867577,2.86250341727,-0.136387577525,0.194964317403,-0.151006719982,0.20958345986
joint,lbrent,nuclear_threat,43,0.00868910984098,1,1999,20260920,0.0646179915834,2.63039867577,2.86250341727,-0.161281969651,0.178660189333,-0.176280111884,0.193658331566
joint,lbrent,nuclear_threat,44,0.0216935690649,1,1999,20260920,0.0592014790591,2.63039867577,2.86250341727,-0.134029923056,0.177417061185,-0.147770867049,0.191158005179
joint,lbrent,nuclear_threat,45,0.0192886736672,1,1999,20260920,0.0581188005769,2.63039867577,2.86250341727,-0.133586942408,0.172164289742,-0.147076591592,0.185653938926
joint,lbrent,nuclear_threat,46,0.0218533604296,1,1999,20260920,0.0575272716584,2.63039867577,2.86250341727,-0.129466298761,0.173173019621,-0.142818651279,0.186525372138
joint,lbrent,nuclear_threat,47,0.0228323727571,1,1999,20260920,0.0541019707905,2.63039867577,2.86250341727,-0.119477379567,0.165142125081,-0.132034703512,0.177699449026
joint,lbrent,nuclear_threat,48,0.00870157054723,1,1999,20260920,0.0530357828253,2.63039867577,2.86250341727,-0.130803682365,0.148206823459,-0.143113539028,0.160516680122
joint,lbrent,military_conflict,0,0.0690836669071,6,1999,20260925,0.0287909669712,2.68597015579,2.91601966969,-0.00824801113377,0.146415344948,-0.0148713590901,0.153038692904
joint,lbrent,military_conflict,1,0.0540856434895,6,1999,20260925,0.040056286552,2.68597015579,2.91601966969,-0.0535043467409,0.16167563372,-0.0627192759907,0.17089056297
joint,lbrent,military_conflict,2,0.00832686292862,6,1999,20260925,0.0410857787783,2.68597015579,2.91601966969,-0.102028312697,0.118682038554,-0.111480076133,0.12813380199
joint,lbrent,military_conflict,3,-0.0105932194138,6,1999,20260925,0.0386114617713,2.68597015579,2.91601966969,-0.114302453403,0.0931160145754,-0.123185001414,0.101998562587
joint,lbrent,military_conflict,4,-0.00395597069833,6,1999,20260925,0.0373284102791,2.68597015579,2.91601966969,-0.104218966671,0.0963070252743,-0.11280634931,0.104894407914
joint,lbrent,military_conflict,5,0.00680817656822,6,1999,20260925,0.0396242072648,2.68597015579,2.91601966969,-0.0996212615917,0.113237614728,-0.108736791212,0.122353144348
joint,lbrent,military_conflict,6,-0.0506001479704,6,1999,20260925,0.0311317876304,2.68597015579,2.91601966969,-0.134219200442,0.0330189045013,-0.141381053053,0.0401807571124
joint,lbrent,military_conflict,7,-0.047850669588,6,1999,20260925,0.0336050941158,2.68597015579,2.91601966969,-0.138112949465,0.0424116102895,-0.145843785031,0.0501424458553
joint,lbrent,military_conflict,8,-0.0567247353543,6,1999,20260925,0.0393026859036,2.68597015579,2.91601966969,-0.162290576734,0.0488411060252,-0.171332140521,0.0578826698122
joint,lbrent,military_conflict,9,-0.0411110573354,6,1999,20260925,0.0373760596671,2.68597015579,2.91601966969,-0.141502038142,0.0592799234715,-0.1501003825,0.0678782678294
joint,lbrent,military_conflict,10,-0.0259057160828,6,1999,20260925,0.0358105642694,2.68597015579,2.91601966969,-0.122091822972,0.0702803908067,-0.130330025875,0.0785185937093
joint,lbrent,military_conflict,11,-0.00331921096468,6,1999,20260925,0.0393812575717,2.68597015579,2.91601966969,-0.1090960935,0.10245767157,-0.118155732661,0.111517310731
joint,lbrent,military_conflict,12,-0.0182704641694,6,1999,20260925,0.037561200793,2.68597015579,2.91601966969,-0.119158728515,0.0826178001761,-0.127799664499,0.0912587361599
joint,lbrent,military_conflict,13,-0.0280427180577,6,1999,20260925,0.0416787523303,2.68597015579,2.91601966969,-0.139990602947,0.083905166832,-0.149578779661,0.0934933435454
joint,lbrent,military_conflict,14,0.0142926236115,6,1999,20260925,0.0469226030912,2.68597015579,2.91601966969,-0.111740087923,0.140325335147,-0.122534609955,0.151119857178
joint,lbrent,military_conflict,15,-0.000657216733538,6,1999,20260925,0.0469441745409,2.68597015579,2.91601966969,-0.126747868539,0.125433435071,-0.137547353072,0.136232919605
joint,lbrent,military_conflict,16,-0.0385359245881,6,1999,20260925,0.045417124669,2.68597015579,2.91601966969,-0.160524966011,0.0834531168345,-0.170973153463,0.0939013042872
joint,lbrent,military_conflict,17,-0.0100725292001,6,1999,20260925,0.0484213138864,2.68597015579,2.91601966969,-0.140130733203,0.119985674803,-0.151270032925,0.131124974525
joint,lbrent,military_conflict,18,-0.0218700443972,6,1999,20260925,0.0488516711327,2.68597015579,2.91601966969,-0.15308417512,0.109344086326,-0.164322478317,0.120582389523
joint,lbrent,military_conflict,19,-0.0151317245299,6,1999,20260925,0.05215633448,2.68597015579,2.91601966969,-0.155222082379,0.124958633319,-0.167220621772,0.136957172713
joint,lbrent,military_conflict,20,0.0165641869757,6,1999,20260925,0.0515310246982,2.68597015579,2.91601966969,-0.121846607461,0.154974981412,-0.133701294643,0.166829668595
joint,lbrent,military_conflict,21,0.000847078636067,6,1999,20260925,0.0479811524383,2.68597015579,2.91601966969,-0.128028864854,0.129723022126,-0.139066905648,0.14076106292
joint,lbrent,military_conflict,22,-0.0105313489875,6,1999,20260925,0.0503104782909,2.68597015579,2.91601966969,-0.1456637922,0.124601094225,-0.157237693275,0.1361749953
joint,lbrent,military_conflict,23,-0.01851334269,6,1999,20260925,0.0471142320457,2.68597015579,2.91601966969,-0.145060763878,0.108034078498,-0.155899370057,0.118872684677
joint,lbrent,military_conflict,24,-0.0190115581299,6,1999,20260925,0.045317130685,2.68597015579,2.91601966969,-0.140732018696,0.102708902436,-0.151157202581,0.113134086321
joint,lbrent,military_conflict,25,0.00124448165147,6,1999,20260925,0.0485718804965,2.68597015579,2.91601966969,-0.129218139773,0.131707103076,-0.14039207727,0.142881040573
joint,lbrent,military_conflict,26,-0.0120232945838,6,1999,20260925,0.0467814622084,2.68597015579,2.91601966969,-0.13767690592,0.113630316752,-0.14843895856,0.124392369393
joint,lbrent,military_conflict,27,-0.0230178147,6,1999,20260925,0.0457962059127,2.68597015579,2.91601966969,-0.14602505703,0.0999894276298,-0.156560451938,0.110524822538
joint,lbrent,military_conflict,28,-0.0365177468149,6,1999,20260925,0.0471177005588,2.68597015579,2.91601966969,-0.163074484325,0.0900389906954,-0.173913888435,0.100878394805
joint,lbrent,military_conflict,29,-0.0176667861837,6,1999,20260925,0.0462460136312,2.68597015579,2.91601966969,-0.141882198621,0.106548626254,-0.152521071577,0.117187499209
joint,lbrent,military_conflict,30,-0.0216124992372,6,1999,20260925,0.0442310976448,2.68597015579,2.91601966969,-0.140415907469,0.0971909089946,-0.150591249981,0.107366251507
joint,lbrent,military_conflict,31,-0.0127776445038,6,1999,20260925,0.0445368052548,2.68597015579,2.91601966969,-0.132402174252,0.106846885245,-0.142647844652,0.117092555644
joint,lbrent,military_conflict,32,-0.0437084083216,6,1999,20260925,0.0438901115166,2.68597015579,2.91601966969,-0.16159593799,0.0741791213464,-0.171692836809,0.0842760201657
joint,lbrent,military_conflict,33,-0.0383354545618,6,1999,20260925,0.0454665091294,2.68597015579,2.91601966969,-0.160457141171,0.0837862320476,-0.170916689495,0.0942457803714
joint,lbrent,military_conflict,34,-0.0135184354119,6,1999,20260925,0.0442192693793,2.68597015579,2.91601966969,-0.132290073276,0.105253202452,-0.142462694701,0.115425823877
joint,lbrent,military_conflict,35,-0.0246292592054,6,1999,20260925,0.051216106485,2.68597015579,2.91601966969,-0.16219419272,0.112935674309,-0.17397643312,0.12471791471
joint,lbrent,military_conflict,36,-0.0289316520313,6,1999,20260925,0.0546578914244,2.68597015579,2.91601966969,-0.175741117176,0.117877813113,-0.188315138529,0.130451834466
joint,lbrent,military_conflict,37,-0.0131754690912,6,1999,20260925,0.0553047625745,2.68597015579,2.91601966969,-0.161722410839,0.135371472657,-0.174445244586,0.148094306403
joint,lbrent,military_conflict,38,-0.0444498589749,6,1999,20260925,0.0532374283855,2.68597015579,2.91601966969,-0.187444002789,0.0985442848395,-0.19969124731,0.110791529361
joint,lbrent,military_conflict,39,-0.0197440519643,6,1999,20260925,0.0531889271002,2.68597015579,2.91601966969,-0.162607922774,0.123119818845,-0.174844009598,0.135355905669
joint,lbrent,military_conflict,40,-0.0249849786567,6,1999,20260925,0.0555616301119,2.68597015579,2.91601966969,-0.174221858944,0.124251901631,-0.187003784943,0.137033827629
joint,lbrent,military_conflict,41,-0.00790836149691,6,1999,20260925,0.0558238844525,2.68597015579,2.91601966969,-0.157849649117,0.142032926123,-0.170691906599,0.154875183605
joint,lbrent,military_conflict,42,0.00938978970983,6,1999,20260925,0.0535111369341,2.68597015579,2.91601966969,-0.134339527098,0.153119106517,-0.146649738137,0.165429317557
joint,lbrent,military_conflict,43,-0.0147013187099,6,1999,20260925,0.0524083971643,2.68597015579,2.91601966969,-0.155468709406,0.126066071986,-0.167525235698,0.138122598278
joint,lbrent,military_conflict,44,0.00112271307058,6,1999,20260925,0.0528335307259,2.68597015579,2.91601966969,-0.140786573684,0.143031999825,-0.152940901745,0.155186327886
joint,lbrent,military_conflict,45,0.0308362857828,6,1999,20260925,0.0538741188204,2.68597015579,2.91601966969,-0.113867989538,0.175540561104,-0.126261704385,0.18793427595
joint,lbrent,military_conflict,46,0.0481374723262,6,1999,20260925,0.0515686960977,2.68597015579,2.91601966969,-0.0903745063652,0.186649451017,-0.102237859835,0.198512804487
joint,lbrent,military_conflict,47,0.022498432211,6,1999,20260925,0.0511794303385,2.68597015579,2.91601966969,-0.114967990268,0.159964854691,-0.126741793339,0.171738657761
joint,lbrent,military_conflict,48,0.0153016938346,6,1999,20260925,0.0494280872964,2.68597015579,2.91601966969,-0.117460673501,0.14806406117,-0.128831580957,0.159434968626
joint,lbrent,diplomatic_tension,0,0.030069170599,6,1999,20260925,0.0361552089378,2.70414336986,2.90194670354,-0.0676996979359,0.127838039134,-0.0748513187937,0.134989659992
joint,lbrent,diplomatic_tension,1,0.0098798720267,6,1999,20260925,0.0540524472845,2.70414336986,2.90194670354,-0.136285694922,0.156045438976,-0.146977449189,0.166737193242
joint,lbrent,diplomatic_tension,2,-0.0238570946761,6,1999,20260925,0.0591871814405,2.70414336986,2.90194670354,-0.183907718949,0.136193529597,-0.195615140749,0.147900951397
joint,lbrent,diplomatic_tension,3,-0.0212310680428,6,1999,20260925,0.0604913014302,2.70414336986,2.90194670354,-0.184808219739,0.142346083654,-0.196773600821,0.154311464735
joint,lbrent,diplomatic_tension,4,0.0284513845749,6,1999,20260925,0.062803721916,2.70414336986,2.90194670354,-0.141378883647,0.198281652797,-0.153801669209,0.210704438359
joint,lbrent,diplomatic_tension,5,0.0164212708879,6,1999,20260925,0.0589152129761,2.70414336986,2.90194670354,-0.142893911665,0.175736453441,-0.154547537196,0.187390078972
joint,lbrent,diplomatic_tension,6,-0.0373268839414,6,1999,20260925,0.0603244347044,2.70414336986,2.90194670354,-0.200452804088,0.125799036205,-0.212385178375,0.137731410492
joint,lbrent,diplomatic_tension,7,-0.0304183037764,6,1999,20260925,0.0667452382497,2.70414336986,2.90194670354,-0.210906997259,0.150070389706,-0.224109427892,0.163272820339
joint,lbrent,diplomatic_tension,8,-0.125884668737,6,1999,20260925,0.0761186487845,2.70414336986,2.90194670354,-0.33172040817,0.0799510706959,-0.346776930655,0.0950075931807
joint,lbrent,diplomatic_tension,9,-0.139739983885,6,1999,20260925,0.0664967680552,2.70414336986,2.90194670354,-0.319556778338,0.0400768105685,-0.332710060738,0.0532300929687
joint,lbrent,diplomatic_tension,10,-0.1569827218,6,1999,20260925,0.0722025320209,2.70414336986,2.90194670354,-0.352228720051,0.0382632764514,-0.366510621585,0.0525451779852
joint,lbrent,diplomatic_tension,11,-0.148987938735,6,1999,20260925,0.074628040249,2.70414336986,2.90194670354,-0.350792858979,0.0528169815103,-0.365554534127,0.0675786566575
joint,lbrent,diplomatic_tension,12,-0.172793478851,6,1999,20260925,0.0754754693612,2.70414336986,2.90194670354,-0.376889968911,0.0313030112092,-0.391819268361,0.0462323106599
joint,lbrent,diplomatic_tension,13,-0.172300003442,6,1999,20260925,0.0740355180477,2.70414336986,2.90194670354,-0.372502658705,0.0279026518208,-0.387147130985,0.0425471241013
joint,lbrent,diplomatic_tension,14,-0.121192233928,6,1999,20260925,0.0793723428359,2.70414336986,2.90194670354,-0.335826428558,0.0934419607016,-0.351526542572,0.109142074716
joint,lbrent,diplomatic_tension,15,-0.157971704269,6,1999,20260925,0.0845537567704,2.70414336986,2.90194670354,-0.386617185036,0.0706737764986,-0.4033422,0.0873987914629
joint,lbrent,diplomatic_tension,16,-0.204408341706,6,1999,20260925,0.0850297879095,2.70414336986,2.90194670354,-0.434341078922,0.0255243955094,-0.451160254433,0.0423435710199
joint,lbrent,diplomatic_tension,17,-0.177376832468,6,1999,20260925,0.0777973499755,2.70414336986,2.90194670354,-0.387752020596,0.032998355661,-0.403140595773,0.0483869308376
joint,lbrent,diplomatic_tension,18,-0.208972595049,6,1999,20260925,0.0921142237609,2.70414336986,2.90194670354,-0.458062662502,0.0401174724031,-0.476283163041,0.0583379729423
joint,lbrent,diplomatic_tension,19,-0.206351185723,6,1999,20260925,0.0781805717626,2.70414336986,2.90194670354,-0.417762660506,0.00506028906046,-0.43322703823,0.0205246667841
joint,lbrent,diplomatic_tension,20,-0.128154641712,6,1999,20260925,0.0880393657518,2.70414336986,2.90194670354,-0.366225708896,0.109916425472,-0.383640188937,0.127330905513
joint,lbrent,diplomatic_tension,21,-0.18764753851,6,1999,20260925,0.0759458464456,2.70414336986,2.90194670354,-0.393015995644,0.0177209186241,-0.40803833725,0.0327432602301
joint,lbrent,diplomatic_tension,22,-0.259642904179,6,1999,20260925,0.0793018197983,2.70414336986,2.90194670354,-0.474086394404,-0.0451994139535,-0.489772558727,-0.0295132496305
joint,lbrent,diplomatic_tension,23,-0.308483056494,6,1999,20260925,0.0930736262685,2.70414336986,2.90194670354,-0.560167485877,-0.0567986271118,-0.578577759431,-0.0383883535582
joint,lbrent,diplomatic_tension,24,-0.309148286957,6,1999,20260925,0.0841170356693,2.70414336986,2.90194670354,-0.536612811254,-0.0816837626602,-0.553251441329,-0.0650451325856
joint,lbrent,diplomatic_tension,25,-0.315925659701,6,1999,20260925,0.0939301821824,2.70414336986,2.90194670354,-0.569926339079,-0.0619249803231,-0.588506042248,-0.0433452771543
joint,lbrent,diplomatic_tension,26,-0.291555821539,6,1999,20260925,0.0900043937635,2.70414336986,2.90194670354,-0.534940606193,-0.0481710368856,-0.552743775325,-0.0303678677534
joint,lbrent,diplomatic_tension,27,-0.270286273824,6,1999,20260925,0.0842328448753,2.70414336986,2.90194670354,-0.498063962818,-0.0425085848305,-0.51472550034,-0.0258470473089
joint,lbrent,diplomatic_tension,28,-0.257047601944,6,1999,20260925,0.0848899624655,2.70414336986,2.90194670354,-0.486602231113,-0.0274929727759,-0.503393748684,-0.0107014552043
joint,lbrent,diplomatic_tension,29,-0.226306123195,6,1999,20260925,0.0863476131585,2.70414336986,2.90194670354,-0.459802448821,0.00719020243038,-0.476882294559,0.0242700481684
joint,lbrent,diplomatic_tension,30,-0.225192350863,6,1999,20260925,0.0870566404758,2.70414336986,2.90194670354,-0.460605988007,0.0102212862818,-0.477826081713,0.0274413799868
joint,lbrent,diplomatic_tension,31,-0.175843909029,6,1999,20260925,0.0911572183611,2.70414336986,2.90194670354,-0.422346096674,0.0706582786172,-0.440377298355,0.088689480298
joint,lbrent,diplomatic_tension,32,-0.181610748314,6,1999,20260925,0.0929714113502,2.70414336986,2.90194670354,-0.433018773903,0.0697972772746,-0.451408829005,0.0881873323765
joint,lbrent,diplomatic_tension,33,-0.179453952578,6,1999,20260925,0.0949976821582,2.70414336986,2.90194670354,-0.436341304938,0.0774333997815,-0.455132163161,0.0962242580042
joint,lbrent,diplomatic_tension,34,-0.196217299701,6,1999,20260925,0.0945253692528,2.70414336986,2.90194670354,-0.451827450249,0.0593928508474,-0.470524883405,0.0780902840029
joint,lbrent,diplomatic_tension,35,-0.257891532257,6,1999,20260925,0.0993235363325,2.70414336986,2.90194670354,-0.526476614501,0.0106935499873,-0.546123141101,0.0303400765867
joint,lbrent,diplomatic_tension,36,-0.20953165568,6,1999,20260925,0.0969603155928,2.70414336986,2.90194670354,-0.47172625023,0.0526629388694,-0.490905323889,0.0718420125283
joint,lbrent,diplomatic_tension,37,-0.131022266188,6,1999,20260925,0.0957611594016,2.70414336986,2.90194670354,-0.389974170473,0.127929638098,-0.40891604704,0.146871514665
joint,lbrent,diplomatic_tension,38,-0.177565234507,6,1999,20260925,0.0960459634103,2.70414336986,2.90194670354,-0.437287289665,0.0821568206504,-0.456285501414,0.101155032399
joint,lbrent,diplomatic_tension,39,-0.208881067831,6,1999,20260925,0.11381999684,2.70414336986,2.90194670354,-0.516666657644,0.0989045219814,-0.539180632458,0.121418496796
joint,lbrent,diplomatic_tension,40,-0.253097531277,6,1999,20260925,0.127211015433,2.70414336986,2.90194670354,-0.597094355233,0.0908992926788,-0.622257118167,0.116062055612
joint,lbrent,diplomatic_tension,41,-0.2037003824,6,1999,20260925,0.124761064068,2.70414336986,2.90194670354,-0.541072186616,0.133671421816,-0.565750341002,0.158349576202
joint,lbrent,diplomatic_tension,42,-0.175948000274,6,1999,20260925,0.113098425604,2.70414336986,2.90194670354,-0.481782358013,0.129886357465,-0.504153603631,0.152257603083
joint,lbrent,diplomatic_tension,43,-0.194963701254,6,1999,20260925,0.106878718785,2.70414336986,2.90194670354,-0.483979080034,0.094051677526,-0.505120046909,0.115192644401
joint,lbrent,diplomatic_tension,44,-0.160041818249,6,1999,20260925,0.112120328389,2.70414336986,2.90194670354,-0.463231260888,0.143147624389,-0.485409035617,0.165325399118
joint,lbrent,diplomatic_tension,45,-0.165602503396,6,1999,20260925,0.111498611266,2.70414336986,2.90194670354,-0.467110733799,0.135905727008,-0.489165530808,0.157960524017
joint,lbrent,diplomatic_tension,46,-0.147219653506,6,1999,20260925,0.114720570966,2.70414336986,2.90194670354,-0.457440524869,0.163001217858,-0.480132636248,0.185693329237
joint,lbrent,diplomatic_tension,47,-0.223026613796,6,1999,20260925,0.102746353375,2.70414336986,2.90194670354,-0.500867484053,0.0548142564612,-0.521191055274,0.0751378276823
joint,lbrent,diplomatic_tension,48,-0.238385797094,6,1999,20260925,0.101281729233,2.70414336986,2.90194670354,-0.512266113687,0.0354945194989,-0.53229997737,0.055528383182
joint,lbrent,nuclear_threat,0,0.0353208633536,6,1999,20260925,0.015052705355,2.69821059162,2.91828595051,-0.00529450566781,0.075936232375,-0.00860723520105,0.0792489619082
joint,lbrent,nuclear_threat,1,0.0421502216347,6,1999,20260925,0.018232623246,2.69821059162,2.91828595051,-0.00704523552074,0.09134567879,-0.0110577866251,0.0953582298944
joint,lbrent,nuclear_threat,2,0.0299755008485,6,1999,20260925,0.0199610166605,2.69821059162,2.91828595051,-0.0238835257243,0.0838345274213,-0.0282764536297,0.0882274553266
joint,lbrent,nuclear_threat,3,0.0289595514684,6,1999,20260925,0.0225297232888,2.69821059162,2.91828595051,-0.0318303865357,0.0897494894725,-0.0367886234741,0.094707726411
joint,lbrent,nuclear_threat,4,0.0526265612068,6,1999,20260925,0.0221526848976,2.69821059162,2.91828595051,-0.00714604781675,0.11239917023,-0.0120213078959,0.117274430309
joint,lbrent,nuclear_threat,5,0.0648388148285,6,1999,20260925,0.027269030467,2.69821059162,2.91828595051,-0.00873877200069,0.138416401658,-0.0147400136672,0.144417643324
joint,lbrent,nuclear_threat,6,0.0560129398319,6,1999,20260925,0.0322393154745,2.69821059162,2.91828595051,-0.0309755226479,0.143001402312,-0.0380706015713,0.150096481235
joint,lbrent,nuclear_threat,7,0.0357569342413,6,1999,20260925,0.0362950313293,2.69821059162,2.91828595051,-0.0621747037145,0.133688572197,-0.0701623457602,0.141676214243
joint,lbrent,nuclear_threat,8,0.0527188535661,6,1999,20260925,0.0321260035895,2.69821059162,2.91828595051,-0.0339638695853,0.139401576718,-0.0410340113549,0.146471718487
joint,lbrent,nuclear_threat,9,0.0498938298108,6,1999,20260925,0.0408407462546,2.69821059162,2.91828595051,-0.0603031043029,0.160090763924,-0.0692911461922,0.169078805814
joint,lbrent,nuclear_threat,10,0.0512833668018,6,1999,20260925,0.0390539195352,2.69821059162,2.91828595051,-0.0540923325323,0.156659066136,-0.06268713789,0.165253871493
joint,lbrent,nuclear_threat,11,0.101405020564,6,1999,20260925,0.0362566140356,2.69821059162,2.91828595051,0.00357704055689,0.199233000571,-0.00440214678905,0.207212187917
joint,lbrent,nuclear_threat,12,0.0975898741734,6,1999,20260925,0.0364718660864,2.69821059162,2.91828595051,-0.000818901196906,0.195998649544,-0.00884546021518,0.204025208562
joint,lbrent,nuclear_threat,13,0.0904047387042,6,1999,20260925,0.0361019177439,2.69821059162,2.91828595051,-0.00700583813015,0.187815315539,-0.0149509806342,0.195760458043
joint,lbrent,nuclear_threat,14,0.0995378321421,6,1999,20260925,0.0387541193085,2.69821059162,2.91828595051,-0.00502894304492,0.204104607329,-0.0135577697601,0.212633434044
joint,lbrent,nuclear_threat,15,0.0987155191196,6,1999,20260925,0.0374568287036,2.69821059162,2.91828595051,-0.00235089281679,0.199781931056,-0.0105942178365,0.208025256076
joint,lbrent,nuclear_threat,16,0.107354460821,6,1999,20260925,0.0367318196406,2.69821059162,2.91828595051,0.00824427601761,0.206464645625,0.000160507627593,0.214548414015
joint,lbrent,nuclear_threat,17,0.118023282947,6,1999,20260925,0.0378692479261,2.69821059162,2.91828595051,0.0158440770962,0.220202488798,0.00750998876801,0.228536577126
joint,lbrent,nuclear_threat,18,0.150394184704,6,1999,20260925,0.0381133052409,2.69821059162,2.91828595051,0.0475564608215,0.253231908587,0.0391686614922,0.261619707916
joint,lbrent,nuclear_threat,19,0.158853668138,6,1999,20260925,0.0402376682482,2.69821059162,2.91828595051,0.0502839654889,0.267423370787,0.0414286462084,0.276278690068
joint,lbrent,nuclear_threat,20,0.156890938681,6,1999,20260925,0.0436398123601,2.69821059162,2.91828595051,0.0391415347552,0.274640342607,0.0295374873883,0.284244389974
joint,lbrent,nuclear_threat,21,0.146124121658,6,1999,20260925,0.0434994762277,2.69821059162,2.91828595051,0.0287533741708,0.263494869146,0.0191802113286,0.273068031988
joint,lbrent,nuclear_threat,22,0.153173966544,6,1999,20260925,0.0423240049475,2.69821059162,2.91828595051,0.0389748881151,0.267373044973,0.0296604175367,0.276687515552
joint,lbrent,nuclear_threat,23,0.132395256356,6,1999,20260925,0.0441156595804,2.69821059162,2.91828595051,0.0133619164202,0.251428596293,0.00365314680546,0.261137365907
joint,lbrent,nuclear_threat,24,0.1235374338,6,1999,20260925,0.0430763834685,2.69821059162,2.91828595051,0.00730827967719,0.239766587923,-0.00217177087423,0.249246638475
joint,lbrent,nuclear_threat,25,0.141365958008,6,1999,20260925,0.0442956340928,2.69821059162,2.91828595051,0.0218470089366,0.26088490708,0.0120986313665,0.27063328465
joint,lbrent,nuclear_threat,26,0.118276727414,6,1999,20260925,0.0447176611678,2.69821059162,2.91828595051,-0.00238093958086,0.23893439441,-0.012222194911,0.24877564974
joint,lbrent,nuclear_threat,27,0.0935834890739,6,1999,20260925,0.0485277683748,2.69821059162,2.91828595051,-0.0373546495424,0.22452162769,-0.0480344155835,0.235201393731
joint,lbrent,nuclear_threat,28,0.0942104973103,6,1999,20260925,0.0488082040895,2.69821059162,2.91828595051,-0.0374843159218,0.225905310542,-0.0482257989535,0.236646793574
joint,lbrent,nuclear_threat,29,0.0896115722081,6,1999,20260925,0.0466213807742,2.69821059162,2.91828595051,-0.0361827311927,0.215405875609,-0.0464429482984,0.225666092715
joint,lbrent,nuclear_threat,30,0.105346216345,6,1999,20260925,0.0443408666942,2.69821059162,2.91828595051,-0.014294779811,0.2249872125,-0.0240531119621,0.234745544651
joint,lbrent,nuclear_threat,31,0.0835001066046,6,1999,20260925,0.0451544276925,2.69821059162,2.91828595051,-0.0383360484536,0.205336261663,-0.0482734253334,0.215273638543
joint,lbrent,nuclear_threat,32,0.0251938632479,6,1999,20260925,0.0636702494805,2.69821059162,2.91828595051,-0.146601878271,0.196989604767,-0.160614131276,0.211001857772
joint,lbrent,nuclear_threat,33,0.0376699268364,6,1999,20260925,0.0569351249322,2.69821059162,2.91828595051,-0.115953030291,0.191292883964,-0.128483048344,0.203822902016
joint,lbrent,nuclear_threat,34,0.0531547726541,6,1999,20260925,0.0450667647118,2.69821059162,2.91828595051,-0.0684448492213,0.174754394529,-0.0783629336392,0.184672478947
joint,lbrent,nuclear_threat,35,0.0385393610787,6,1999,20260925,0.0437557653345,2.69821059162,2.91828595051,-0.0795229083911,0.156601630548,-0.0891524741505,0.166231196308
joint,lbrent,nuclear_threat,36,0.0275949104094,6,1999,20260925,0.0456192035078,2.69821059162,2.91828595051,-0.0954953076765,0.150685128495,-0.105534970261,0.16072479108
joint,lbrent,nuclear_threat,37,0.0341621155077,6,1999,20260925,0.0432809604201,2.69821059162,2.91828595051,-0.0826190303131,0.150943261329,-0.0921441032106,0.160468334226
joint,lbrent,nuclear_threat,38,0.0294750745106,6,1999,20260925,0.0399604498661,2.69821059162,2.91828595051,-0.0783466345639,0.137296783585,-0.0871409449095,0.146091093931
joint,lbrent,nuclear_threat,39,0.0347548980348,6,1999,20260925,0.0397118381472,2.69821059162,2.91828595051,-0.0723960042665,0.141905800336,-0.0811356012989,0.150645397368
joint,lbrent,nuclear_threat,40,0.0375020848386,6,1999,20260925,0.03823717198,2.69821059162,2.91828595051,-0.0656698575914,0.140674027269,-0.0740849169378,0.149089086615
joint,lbrent,nuclear_threat,41,0.031162460891,6,1999,20260925,0.0396913951654,2.69821059162,2.91828595051,-0.0759332819403,0.138258203722,-0.0846683799761,0.146993301758
joint,lbrent,nuclear_threat,42,0.0292883699387,6,1999,20260925,0.0401976294262,2.69821059162,2.91828595051,-0.079173299537,0.137750039414,-0.0880198072594,0.146596547137
joint,lbrent,nuclear_threat,43,0.00868910984098,6,1999,20260925,0.045634099594,2.69821059162,2.91828595051,-0.114441301023,0.131819520705,-0.124484241868,0.14186246155
joint,lbrent,nuclear_threat,44,0.0216935690649,6,1999,20260925,0.0414361216847,2.69821059162,2.91828595051,-0.0901098133402,0.13349695147,-0.0992288826908,0.142616020821
joint,lbrent,nuclear_threat,45,0.0192886736672,6,1999,20260925,0.0429374431785,2.69821059162,2.91828595051,-0.0965655902941,0.135142937628,-0.106015063511,0.144592410846
joint,lbrent,nuclear_threat,46,0.0218533604296,6,1999,20260925,0.0430402820423,2.69821059162,2.91828595051,-0.094278384443,0.137985105302,-0.10375048996,0.147457210819
joint,lbrent,nuclear_threat,47,0.0228323727571,6,1999,20260925,0.0420026388988,2.69821059162,2.91828595051,-0.0904995923956,0.13616433791,-0.0997433382255,0.14540808374
joint,lbrent,nuclear_threat,48,0.00870157054723,6,1999,20260925,0.0397405723606,2.69821059162,2.91828595051,-0.0985268627131,0.115930003808,-0.107272783438,0.124675924532
joint,lbrent,military_conflict,0,0.0690836669071,12,1999,20260931,0.0278710145368,2.61023094551,2.87662640043,-0.0036661177198,0.141833451534,-0.0110908293162,0.14925816313
joint,lbrent,military_conflict,1,0.0540856434895,12,1999,20260931,0.0367943177209,2.61023094551,2.87662640043,-0.0419560232448,0.150127310224,-0.0517578622522,0.159929149231
joint,lbrent,military_conflict,2,0.00832686292862,12,1999,20260931,0.0365979287489,2.61023094551,2.87662640043,-0.0872021832334,0.103855909091,-0.0969517051113,0.113605430969
joint,lbrent,military_conflict,3,-0.0105932194138,12,1999,20260931,0.0353827112815,2.61023094551,2.87662640043,-0.102950267337,0.0817638285092,-0.112376060805,0.091189621977
joint,lbrent,military_conflict,4,-0.00395597069833,12,1999,20260931,0.0331459756049,2.61023094551,2.87662640043,-0.0904746219415,0.0825626805449,-0.0993045591913,0.0913926177947
joint,lbrent,military_conflict,5,0.00680817656822,12,1999,20260931,0.0363429208713,2.61023094551,2.87662640043,-0.0880552401404,0.101671593277,-0.0977368290787,0.111353182215
joint,lbrent,military_conflict,6,-0.0506001479704,12,1999,20260931,0.0296720998553,2.61023094551,2.87662640043,-0.128051181231,0.0268508852902,-0.13595569377,0.0347553978293
joint,lbrent,military_conflict,7,-0.047850669588,12,1999,20260931,0.0325743435906,2.61023094551,2.87662640043,-0.132877229258,0.0371758900821,-0.141554886337,0.0458535471613
joint,lbrent,military_conflict,8,-0.0567247353543,12,1999,20260931,0.0360220897734,2.61023094551,2.87662640043,-0.150750708803,0.0373012380942,-0.160346829795,0.0468973590863
joint,lbrent,military_conflict,9,-0.0411110573354,12,1999,20260931,0.0369884366261,2.61023094551,2.87662640043,-0.137659419243,0.0554373045721,-0.147512970644,0.0652908559736
joint,lbrent,military_conflict,10,-0.0259057160828,12,1999,20260931,0.0359637052283,2.61023094551,2.87662640043,-0.119779292385,0.0679678602194,-0.12935986,0.077548427834
joint,lbrent,military_conflict,11,-0.00331921096468,12,1999,20260931,0.0397691040877,2.61023094551,2.87662640043,-0.10712575713,0.1004873352,-0.117720065705,0.111081643775
joint,lbrent,military_conflict,12,-0.0182704641694,12,1999,20260931,0.0401519706518,2.61023094551,2.87662640043,-0.123076380488,0.0865354521492,-0.133772682975,0.0972317546366
joint,lbrent,military_conflict,13,-0.0280427180577,12,1999,20260931,0.0439982172695,2.61023094551,2.87662640043,-0.142888226322,0.0868027902067,-0.154609151427,0.0985237153115
joint,lbrent,military_conflict,14,0.0142926236115,12,1999,20260931,0.0499677419791,2.61023094551,2.87662640043,-0.11613472278,0.144719970003,-0.129445902135,0.158031149358
joint,lbrent,military_conflict,15,-0.000657216733538,12,1999,20260931,0.0494719019689,2.61023094551,2.87662640043,-0.129790306186,0.128475872719,-0.142969396017,0.14165496255
joint,lbrent,military_conflict,16,-0.0385359245881,12,1999,20260931,0.0466780248242,2.61023094551,2.87662640043,-0.16037634946,0.0833045002834,-0.172811163117,0.0957393139408
joint,lbrent,military_conflict,17,-0.0100725292001,12,1999,20260931,0.0530405202978,2.61023094551,2.87662640043,-0.148520536648,0.128375478247,-0.162650290181,0.142505231781
joint,lbrent,military_conflict,18,-0.0218700443972,12,1999,20260931,0.0520283984804,2.61023094551,2.87662640043,-0.157676180156,0.113936091362,-0.171536309038,0.127796220243
joint,lbrent,military_conflict,19,-0.0151317245299,12,1999,20260931,0.0528549296585,2.61023094551,2.87662640043,-0.153095297547,0.122831848488,-0.167175610578,0.136912161518
joint,lbrent,military_conflict,20,0.0165641869757,12,1999,20260931,0.0531723450115,2.61023094551,2.87662640043,-0.122227913419,0.15535628737,-0.136392784457,0.169521158408
joint,lbrent,military_conflict,21,0.000847078636067,12,1999,20260931,0.0508284804565,2.61023094551,2.87662640043,-0.131826993965,0.133521151237,-0.145367470139,0.147061627411
joint,lbrent,military_conflict,22,-0.0105313489875,12,1999,20260931,0.0547427513255,2.61023094551,2.87662640043,-0.15342257254,0.132359874565,-0.168005792682,0.146943094707
joint,lbrent,military_conflict,23,-0.01851334269,12,1999,20260931,0.049076688046,2.61023094551,2.87662640043,-0.146614832531,0.109588147151,-0.159688639169,0.122661953788
joint,lbrent,military_conflict,24,-0.0190115581299,12,1999,20260931,0.0453028085469,2.61023094551,2.87662640043,-0.137262350918,0.0992392346579,-0.149330813209,0.11130769695
joint,lbrent,military_conflict,25,0.00124448165147,12,1999,20260931,0.0475414067066,2.61023094551,2.87662640043,-0.122849569327,0.12533853263,-0.135514383994,0.138003347297
joint,lbrent,military_conflict,26,-0.0120232945838,12,1999,20260931,0.0452369804043,2.61023094551,2.87662640043,-0.130102260717,0.106055671549,-0.14215318669,0.118106597523
joint,lbrent,military_conflict,27,-0.0230178147,12,1999,20260931,0.0457603794392,2.61023094551,2.87662640043,-0.142462973191,0.0964273437905,-0.154653330288,0.108617700888
joint,lbrent,military_conflict,28,-0.0365177468149,12,1999,20260931,0.0461594984215,2.61023094551,2.87662640043,-0.157004698024,0.0839692043943,-0.169301378605,0.0962658849748
joint,lbrent,military_conflict,29,-0.0176667861837,12,1999,20260931,0.046148567929,2.61023094551,2.87662640043,-0.138125206283,0.102791633916,-0.15041897503,0.115085402663
joint,lbrent,military_conflict,30,-0.0216124992372,12,1999,20260931,0.0454739328951,2.61023094551,2.87662640043,-0.140309966094,0.0970849676197,-0.152424015134,0.10919901666
joint,lbrent,military_conflict,31,-0.0127776445038,12,1999,20260931,0.0476428485903,2.61023094551,2.87662640043,-0.137136482227,0.111581193219,-0.14982832055,0.124273031543
joint,lbrent,military_conflict,32,-0.0437084083216,12,1999,20260931,0.0448520133526,2.61023094551,2.87662640043,-0.160782521543,0.0733657048999,-0.172730894044,0.0853140774007
joint,lbrent,military_conflict,33,-0.0383354545618,12,1999,20260931,0.0483028570091,2.61023094551,2.87662640043,-0.164417066684,0.0877461575602,-0.17728472825,0.100613819127
joint,lbrent,military_conflict,34,-0.0135184354119,12,1999,20260931,0.0443708032332,2.61023094551,2.87662640043,-0.129336479089,0.102299608265,-0.141156659401,0.114119788577
joint,lbrent,military_conflict,35,-0.0246292592054,12,1999,20260931,0.0493721852537,2.61023094551,2.87662640043,-0.153502065002,0.104243546592,-0.166654590753,0.117396072342
joint,lbrent,military_conflict,36,-0.0289316520313,12,1999,20260931,0.0517045242989,2.61023094551,2.87662640043,-0.163892401379,0.106029097317,-0.177666251651,0.119802947588
joint,lbrent,military_conflict,37,-0.0131754690912,12,1999,20260931,0.052392239989,2.61023094551,2.87662640043,-0.149931315215,0.123580377033,-0.163888369821,0.137537431639
joint,lbrent,military_conflict,38,-0.0444498589749,12,1999,20260931,0.0503093434551,2.61023094551,2.87662640043,-0.17576886411,0.0868691461601,-0.189171044546,0.100271326596
joint,lbrent,military_conflict,39,-0.0197440519643,12,1999,20260931,0.0492178361131,2.61023094551,2.87662640043,-0.148213970858,0.108725866929,-0.161325378699,0.12183727477
joint,lbrent,military_conflict,40,-0.0249849786567,12,1999,20260931,0.0526859631149,2.61023094551,2.87662640043,-0.162507509974,0.11253755266,-0.176542811085,0.126572853772
joint,lbrent,military_conflict,41,-0.00790836149691,12,1999,20260931,0.0548408856558,2.61023094551,2.87662640043,-0.151055738315,0.135239015321,-0.165665100997,0.149848378003
joint,lbrent,military_conflict,42,0.00938978970983,12,1999,20260931,0.0522162335001,2.61023094551,2.87662640043,-0.12690663883,0.14568621825,-0.140816806107,0.159596385527
joint,lbrent,military_conflict,43,-0.0147013187099,12,1999,20260931,0.0494326493342,2.61023094551,2.87662640043,-0.143731949721,0.114329312301,-0.156900582828,0.127497945408
joint,lbrent,military_conflict,44,0.00112271307058,12,1999,20260931,0.0478057899655,2.61023094551,2.87662640043,-0.123661439272,0.125906865413,-0.136396684437,0.138642110578
joint,lbrent,military_conflict,45,0.0308362857828,12,1999,20260931,0.0506122060217,2.61023094551,2.87662640043,-0.101273260596,0.162945832161,-0.114756122243,0.176428693809
joint,lbrent,military_conflict,46,0.0481374723262,12,1999,20260931,0.0461526276796,2.61023094551,2.87662640043,-0.07233154466,0.168606489312,-0.0846263949061,0.180901339558
joint,lbrent,military_conflict,47,0.022498432211,12,1999,20260931,0.0516664570464,2.61023094551,2.87662640043,-0.112362952817,0.157359817239,-0.126126662145,0.171123526567
joint,lbrent,military_conflict,48,0.0153016938346,12,1999,20260931,0.0509657459177,2.61023094551,2.87662640043,-0.117730673321,0.14833406099,-0.13130771639,0.161911104059
joint,lbrent,diplomatic_tension,0,0.030069170599,12,1999,20260931,0.0305927756978,2.66452733331,2.89934612009,-0.0514461164498,0.111584457648,-0.0586298749232,0.118768216121
joint,lbrent,diplomatic_tension,1,0.0098798720267,12,1999,20260931,0.0471539905672,2.66452733331,2.89934612009,-0.115763224715,0.135522968768,-0.126835867571,0.146595611625
joint,lbrent,diplomatic_tension,2,-0.0238570946761,12,1999,20260931,0.050464457483,2.66452733331,2.89934612009,-0.158321021,0.110606831648,-0.170171023682,0.12245683433
joint,lbrent,diplomatic_tension,3,-0.0212310680428,12,1999,20260931,0.0554361486695,2.66452733331,2.89934612009,-0.168942201426,0.126480065341,-0.181959650601,0.139497514515
joint,lbrent,diplomatic_tension,4,0.0284513845749,12,1999,20260931,0.0576244816156,2.66452733331,2.89934612009,-0.125090621758,0.181993390908,-0.138621932619,0.195524701769
joint,lbrent,diplomatic_tension,5,0.0164212708879,12,1999,20260931,0.0550594748984,2.66452733331,2.89934612009,-0.130286204937,0.163128746713,-0.143215204033,0.176057745809
joint,lbrent,diplomatic_tension,6,-0.0373268839414,12,1999,20260931,0.053047404413,2.66452733331,2.89934612009,-0.178673142961,0.104019375078,-0.191129670107,0.116475902224
joint,lbrent,diplomatic_tension,7,-0.0304183037764,12,1999,20260931,0.0609567105599,2.66452733331,2.89934612009,-0.192839125212,0.132002517659,-0.207152906032,0.146316298479
joint,lbrent,diplomatic_tension,8,-0.125884668737,12,1999,20260931,0.0662681688469,2.66452733331,2.89934612009,-0.302458015958,0.0506886784842,-0.318019026969,0.0662496894947
joint,lbrent,diplomatic_tension,9,-0.139739983885,12,1999,20260931,0.0601140750614,2.66452733331,2.89934612009,-0.299915580003,0.0204356122333,-0.314031494177,0.0345515264073
joint,lbrent,diplomatic_tension,10,-0.1569827218,12,1999,20260931,0.0679184088321,2.66452733331,2.89934612009,-0.337953178568,0.0239877349684,-0.35390169693,0.0399362533301
joint,lbrent,diplomatic_tension,11,-0.148987938735,12,1999,20260931,0.0724559906321,2.66452733331,2.89934612009,-0.342048906236,0.0440730287669,-0.359062934051,0.0610870565818
joint,lbrent,diplomatic_tension,12,-0.172793478851,12,1999,20260931,0.0754941731005,2.66452733331,2.89934612009,-0.373949766583,0.0283628088814,-0.391677216719,0.0460902590175
joint,lbrent,diplomatic_tension,13,-0.172300003442,12,1999,20260931,0.0713473921614,2.66452733331,2.89934612009,-0.362407080016,0.0178070731327,-0.379160788083,0.0345607811996
joint,lbrent,diplomatic_tension,14,-0.121192233928,12,1999,20260931,0.0814307214841,2.66452733331,2.89934612009,-0.338166617094,0.0957821492377,-0.357288080319,0.114903612463
joint,lbrent,diplomatic_tension,15,-0.157971704269,12,1999,20260931,0.0912511389802,2.66452733331,2.89934612009,-0.401112858277,0.08516944974,-0.422540340025,0.106596931487
joint,lbrent,diplomatic_tension,16,-0.204408341706,12,1999,20260931,0.0862633743469,2.66452733331,2.89934612009,-0.434259460518,0.025442777105,-0.454515721425,0.0456990380123
joint,lbrent,diplomatic_tension,17,-0.177376832468,12,1999,20260931,0.0791819786988,2.66452733331,2.89934612009,-0.388359379016,0.0336057140812,-0.406952795189,0.0521991302538
joint,lbrent,diplomatic_tension,18,-0.208972595049,12,1999,20260931,0.0900921080062,2.66452733331,2.89934612009,-0.449025479348,0.0310802892489,-0.470180798848,0.052235608749
joint,lbrent,diplomatic_tension,19,-0.206351185723,12,1999,20260931,0.0753614784506,2.66452733331,2.89934612009,-0.407153904934,-0.0055484665123,-0.424850195873,0.0121478244271
joint,lbrent,diplomatic_tension,20,-0.128154641712,12,1999,20260931,0.0858117924693,2.66452733331,2.89934612009,-0.356802508267,0.100493224843,-0.376952729266,0.120643445842
joint,lbrent,diplomatic_tension,21,-0.18764753851,12,1999,20260931,0.0724238116376,2.66452733331,2.89934612009,-0.380622764201,0.00532768718144,-0.397629235783,0.0223341587639
joint,lbrent,diplomatic_tension,22,-0.259642904179,12,1999,20260931,0.076883780536,2.66452733331,2.89934612009,-0.464501838905,-0.054783969452,-0.482555594973,-0.0367302133839
joint,lbrent,diplomatic_tension,23,-0.308483056494,12,1999,20260931,0.0885236366066,2.66452733331,2.89934612009,-0.544356705877,-0.0726094071117,-0.565143718826,-0.0518223941628
joint,lbrent,diplomatic_tension,24,-0.309148286957,12,1999,20260931,0.080658730122,2.66452733331,2.89934612009,-0.524065678038,-0.0942308958767,-0.543005863188,-0.0752907107266
joint,lbrent,diplomatic_tension,25,-0.315925659701,12,1999,20260931,0.0920204228496,2.66452733331,2.89934612009,-0.561116591607,-0.0707347277951,-0.582724715659,-0.049126603743
joint,lbrent,diplomatic_tension,26,-0.291555821539,12,1999,20260931,0.0862384373218,2.66452733331,2.89934612009,-0.521340494965,-0.0617711481128,-0.541590900191,-0.0415207428874
joint,lbrent,diplomatic_tension,27,-0.270286273824,12,1999,20260931,0.0808415361401,2.66452733331,2.89934612009,-0.485690756537,-0.0548817911118,-0.504673867974,-0.0358986796743
joint,lbrent,diplomatic_tension,28,-0.257047601944,12,1999,20260931,0.0800037270513,2.66452733331,2.89934612009,-0.47021971944,-0.043875484449,-0.489006097563,-0.0250891063253
joint,lbrent,diplomatic_tension,29,-0.226306123195,12,1999,20260931,0.0847296839048,2.66452733331,2.89934612009,-0.452070681902,-0.000541564487795,-0.471966803481,0.0193545570906
joint,lbrent,diplomatic_tension,30,-0.225192350863,12,1999,20260931,0.0896217487985,2.66452733331,2.89934612009,-0.463991950196,0.0136072484703,-0.485036820518,0.0346521187918
joint,lbrent,diplomatic_tension,31,-0.175843909029,12,1999,20260931,0.0887107833812,2.66452733331,2.89934612009,-0.412216216107,0.0605283980502,-0.433047174635,0.0813593565776
joint,lbrent,diplomatic_tension,32,-0.181610748314,12,1999,20260931,0.0864351133488,2.66452733331,2.89934612009,-0.41191947039,0.0486979737618,-0.432216058842,0.0689945622131
joint,lbrent,diplomatic_tension,33,-0.179453952578,12,1999,20260931,0.0974600926784,2.66452733331,2.89934612009,-0.439139033427,0.0802311282706,-0.462024494149,0.103116588992
joint,lbrent,diplomatic_tension,34,-0.196217299701,12,1999,20260931,0.0975154123775,2.66452733331,2.89934612009,-0.4560497814,0.0636151819984,-0.478948232227,0.0865136328248
joint,lbrent,diplomatic_tension,35,-0.257891532257,12,1999,20260931,0.102413835667,2.66452733331,2.89934612009,-0.530775996702,0.0149929321876,-0.554824689342,0.039041624828
joint,lbrent,diplomatic_tension,36,-0.20953165568,12,1999,20260931,0.100950816792,2.66452733331,2.89934612009,-0.478517866344,0.0594545549833,-0.502223014667,0.0831597033064
joint,lbrent,diplomatic_tension,37,-0.131022266188,12,1999,20260931,0.0983630778283,2.66452733331,2.89934612009,-0.39311337565,0.131068843274,-0.416210874249,0.154166341874
joint,lbrent,diplomatic_tension,38,-0.177565234507,12,1999,20260931,0.0957575792437,2.66452733331,2.89934612009,-0.432713921774,0.0775834527598,-0.455199600357,0.100069131342
joint,lbrent,diplomatic_tension,39,-0.208881067831,12,1999,20260931,0.115356703913,2.66452733331,2.89934612009,-0.516252158489,0.0984900228268,-0.543340079749,0.125577944086
joint,lbrent,diplomatic_tension,40,-0.253097531277,12,1999,20260931,0.129225188682,2.66452733331,2.89934612009,-0.597421578672,0.0912265161175,-0.627766080699,0.121571018145
joint,lbrent,diplomatic_tension,41,-0.2037003824,12,1999,20260931,0.128910487826,2.66452733331,2.89934612009,-0.547185900763,0.139785135963,-0.577456505117,0.170055740317
joint,lbrent,diplomatic_tension,42,-0.175948000274,12,1999,20260931,0.115246638659,2.66452733331,2.89934612009,-0.483025819053,0.131129818505,-0.510087894923,0.158191894375
joint,lbrent,diplomatic_tension,43,-0.194963701254,12,1999,20260931,0.103208537296,2.66452733331,2.89934612009,-0.469965669912,0.0800382674038,-0.494200973425,0.104273570917
joint,lbrent,diplomatic_tension,44,-0.160041818249,12,1999,20260931,0.110923844822,2.66452733331,2.89934612009,-0.455601434693,0.135517798194,-0.481648437359,0.16156480086
joint,lbrent,diplomatic_tension,45,-0.165602503396,12,1999,20260931,0.109534957527,2.66452733331,2.89934612009,-0.457461391681,0.126256384889,-0.483182257517,0.151977250725
joint,lbrent,diplomatic_tension,46,-0.147219653506,12,1999,20260931,0.109782659257,2.66452733331,2.89934612009,-0.43973854982,0.145299242808,-0.465517580675,0.171078273664
joint,lbrent,diplomatic_tension,47,-0.223026613796,12,1999,20260931,0.101020810286,2.66452733331,2.89934612009,-0.492199324036,0.046146096444,-0.515920908146,0.0698676805544
joint,lbrent,diplomatic_tension,48,-0.238385797094,12,1999,20260931,0.104796966156,2.66452733331,2.89934612009,-0.517620177864,0.0408485836762,-0.542228474315,0.0654568801266
joint,lbrent,nuclear_threat,0,0.0353208633536,12,1999,20260931,0.0155806334232,2.68755390968,2.93401603699,-0.00655292891817,0.0771946556253,-0.0103929649766,0.0810346916837
joint,lbrent,nuclear_threat,1,0.0421502216347,12,1999,20260931,0.0167938227225,2.68755390968,2.93401603699,-0.00298408228171,0.087284525551,-0.00712312355568,0.091423566825
joint,lbrent,nuclear_threat,2,0.0299755008485,12,1999,20260931,0.0184000855494,2.68755390968,2.93401603699,-0.0194757210081,0.079426722705,-0.0240106452354,0.0839616469323
joint,lbrent,nuclear_threat,3,0.0289595514684,12,1999,20260931,0.0205935719113,2.68755390968,2.93401603699,-0.0263867832359,0.0843058861728,-0.0314623187782,0.0893814217151
joint,lbrent,nuclear_threat,4,0.0526265612068,12,1999,20260931,0.019680208838,2.68755390968,2.93401603699,-0.000265060999119,0.105518183413,-0.00511548713537,0.110368609549
joint,lbrent,nuclear_threat,5,0.0648388148285,12,1999,20260931,0.0249872042631,2.68755390968,2.93401603699,-0.00231564368051,0.131993273338,-0.00847404319887,0.138151672856
joint,lbrent,nuclear_threat,6,0.0560129398319,12,1999,20260931,0.0298578698956,2.68755390968,2.93401603699,-0.0242316951407,0.136257574804,-0.0315905292723,0.143616408936
joint,lbrent,nuclear_threat,7,0.0357569342413,12,1999,20260931,0.0329713153212,2.68755390968,2.93401603699,-0.0528552531573,0.12436912164,-0.0609814336717,0.132495302154
joint,lbrent,nuclear_threat,8,0.0527188535661,12,1999,20260931,0.0292818466976,2.68755390968,2.93401603699,-0.0259776880086,0.131415395141,-0.0331945542375,0.13863226137
joint,lbrent,nuclear_threat,9,0.0498938298108,12,1999,20260931,0.038661451624,2.68755390968,2.93401603699,-0.0540109056551,0.153798565277,-0.0635394892675,0.163327148889
joint,lbrent,nuclear_threat,10,0.0512833668018,12,1999,20260931,0.0382882875181,2.68755390968,2.93401603699,-0.0516184700123,0.154185203616,-0.0610550828053,0.163621816409
joint,lbrent,nuclear_threat,11,0.101405020564,12,1999,20260931,0.0355749142144,2.68755390968,2.93401603699,0.00579552078062,0.197014520347,-0.00297234825574,0.205782389383
joint,lbrent,nuclear_threat,12,0.0975898741734,12,1999,20260931,0.0374209678192,2.68755390968,2.93401603699,-0.00298099419301,0.19816074254,-0.012203845528,0.207383593875
joint,lbrent,nuclear_threat,13,0.0904047387042,12,1999,20260931,0.0363659270482,2.68755390968,2.93401603699,-0.00733065071309,0.188140128121,-0.0162934744552,0.197102951864
joint,lbrent,nuclear_threat,14,0.0995378321421,12,1999,20260931,0.0406182509612,2.68755390968,2.93401603699,-0.0096259070328,0.208701571317,-0.0196367675725,0.218712431857
joint,lbrent,nuclear_threat,15,0.0987155191196,12,1999,20260931,0.0399051944195,2.68755390968,2.93401603699,-0.00853184215889,0.205962880398,-0.0183669612665,0.215797999506
joint,lbrent,nuclear_threat,16,0.107354460821,12,1999,20260931,0.0389935041428,2.68755390968,2.93401603699,0.00255731631041,0.212151605332,-0.00705310567213,0.221762027315
joint,lbrent,nuclear_threat,17,0.118023282947,12,1999,20260931,0.0404096747093,2.68755390968,2.93401603699,0.00942010369324,0.226626462201,-0.000539350699768,0.236585916594
joint,lbrent,nuclear_threat,18,0.150394184704,12,1999,20260931,0.041591921384,2.68755390968,2.93401603699,0.0386136537775,0.262174715631,0.0283628203541,0.272425549054
joint,lbrent,nuclear_threat,19,0.158853668138,12,1999,20260931,0.0429440635968,2.68755390968,2.93401603699,0.0434391821212,0.274268154155,0.0328550968515,0.284852239425
joint,lbrent,nuclear_threat,20,0.156890938681,12,1999,20260931,0.0473218674803,2.68755390968,2.93401603699,0.0297108687216,0.284071008641,0.0180478205938,0.295734056769
joint,lbrent,nuclear_threat,21,0.146124121658,12,1999,20260931,0.0478010905878,2.68755390968,2.93401603699,0.0176561137622,0.274592129554,0.00587495528794,0.286373288029
joint,lbrent,nuclear_threat,22,0.153173966544,12,1999,20260931,0.0459870431052,2.68755390968,2.93401603699,0.0295813090523,0.276766624036,0.0182472445796,0.288100688509
joint,lbrent,nuclear_threat,23,0.132395256356,12,1999,20260931,0.0480727911429,2.68755390968,2.93401603699,0.00319703857115,0.261593474142,-0.00865108379996,0.273441596513
joint,lbrent,nuclear_threat,24,0.1235374338,12,1999,20260931,0.0472973936471,2.68755390968,2.93401603699,-0.00357686141348,0.250651729014,-0.0152338776683,0.262308745269
joint,lbrent,nuclear_threat,25,0.141365958008,12,1999,20260931,0.0476622571179,2.68755390968,2.93401603699,0.0132710725469,0.269460843469,0.00152413126496,0.281207784751
joint,lbrent,nuclear_threat,26,0.118276727414,12,1999,20260931,0.0462266184723,2.68755390968,2.93401603699,-0.00595980179191,0.242513256621,-0.0173529125192,0.253906367348
joint,lbrent,nuclear_threat,27,0.0935834890739,12,1999,20260931,0.0480019730251,2.68755390968,2.93401603699,-0.0354244012017,0.22259137935,-0.0472550695888,0.234422047737
joint,lbrent,nuclear_threat,28,0.0942104973103,12,1999,20260931,0.0484354744601,2.68755390968,2.93401603699,-0.035962451442,0.224383446063,-0.047899961515,0.236320956136
joint,lbrent,nuclear_threat,29,0.0896115722081,12,1999,20260931,0.0463155902714,2.68755390968,2.93401603699,-0.0348640735047,0.214087217921,-0.0462791124109,0.225502256827
joint,lbrent,nuclear_threat,30,0.105346216345,12,1999,20260931,0.0441239195492,2.68755390968,2.93401603699,-0.0132391961499,0.223931628839,-0.0241140712275,0.234806503917
joint,lbrent,nuclear_threat,31,0.0835001066046,12,1999,20260931,0.0447829877818,2.68755390968,2.93401603699,-0.0368565872954,0.203856800505,-0.0478938977316,0.214894110941
joint,lbrent,nuclear_threat,32,0.0251938632479,12,1999,20260931,0.0627398275272,2.68755390968,2.93401603699,-0.143422805515,0.193810532011,-0.158885796875,0.209273523371
joint,lbrent,nuclear_threat,33,0.0376699268364,12,1999,20260931,0.0578899829444,2.68755390968,2.93401603699,-0.117912523157,0.19325237683,-0.132180211504,0.207520065176
joint,lbrent,nuclear_threat,34,0.0531547726541,12,1999,20260931,0.046770487229,2.68755390968,2.93401603699,-0.0725434331557,0.178852978464,-0.0840705869338,0.190380132242
joint,lbrent,nuclear_threat,35,0.0385393610787,12,1999,20260931,0.0447043111317,2.68755390968,2.93401603699,-0.0816058850828,0.15868460724,-0.0926238047045,0.169702526862
joint,lbrent,nuclear_threat,36,0.0275949104094,12,1999,20260931,0.0475322717511,2.68755390968,2.93401603699,-0.100150632371,0.15534045319,-0.111865537183,0.167055358002
joint,lbrent,nuclear_threat,37,0.0341621155077,12,1999,20260931,0.0464962743483,2.68755390968,2.93401603699,-0.0907991284025,0.159123359418,-0.102258699091,0.170582930106
joint,lbrent,nuclear_threat,38,0.0294750745106,12,1999,20260931,0.0430454443559,2.68755390968,2.93401603699,-0.0862118777617,0.145162026783,-0.0968209495489,0.15577109857
joint,lbrent,nuclear_threat,39,0.0347548980348,12,1999,20260931,0.0420472671947,2.68755390968,2.93401603699,-0.0782493993056,0.147759195375,-0.0886124582262,0.158122254296
joint,lbrent,nuclear_threat,40,0.0375020848386,12,1999,20260931,0.0391105783454,2.68755390968,2.93401603699,-0.0676097029032,0.14261387258,-0.0772489792427,0.15225314892
joint,lbrent,nuclear_threat,41,0.031162460891,12,1999,20260931,0.0399097821584,2.68755390968,2.93401603699,-0.076097230183,0.138422151965,-0.0859334799945,0.148258401777
joint,lbrent,nuclear_threat,42,0.0292883699387,12,1999,20260931,0.0392890244378,2.68755390968,2.93401603699,-0.0763030012965,0.134879741174,-0.0859862578396,0.144562997717
joint,lbrent,nuclear_threat,43,0.00868910984098,12,1999,20260931,0.0461695683123,2.68755390968,2.93401603699,-0.115394093985,0.132772313667,-0.126773144008,0.14415136369
joint,lbrent,nuclear_threat,44,0.0216935690649,12,1999,20260931,0.0406492418858,2.68755390968,2.93401603699,-0.0875534598906,0.13094059802,-0.0975719585195,0.140959096649
joint,lbrent,nuclear_threat,45,0.0192886736672,12,1999,20260931,0.0408098539882,2.68755390968,2.93401603699,-0.090390008972,0.128967356306,-0.100448092401,0.139025439736
joint,lbrent,nuclear_threat,46,0.0218533604296,12,1999,20260931,0.0412893590923,2.68755390968,2.93401603699,-0.0891140180269,0.132820738886,-0.0992902813043,0.142997002164
joint,lbrent,nuclear_threat,47,0.0228323727571,12,1999,20260931,0.0415826530113,2.68755390968,2.93401603699,-0.0889232489182,0.134587994432,-0.0991717980388,0.144836543553
joint,lbrent,nuclear_threat,48,0.00870157054723,12,1999,20260931,0.0384366368709,2.68755390968,2.93401603699,-0.09459896315,0.112002104245,-0.10407213844,0.121475279535
